0 0 19 1691 60 10
1 0 11 592 60 10
2 0 24 2817 60 10
3 0 6 1824 60 10
4 0 21 2726 60 10
5 0 8 3539 60 10
6 1 18 4561 40 20
7 1 25 3264 60 10
8 1 16 3291 60 10
9 1 7 9 60 10
10 1 16 2279 60 10
11 4 7 1009 60 10
12 4 2 3829 60 10
13 4 3 4057 60 10
14 4 11 4814 60 10
15 4 27 1848 60 10
16 4 1 24 60 10
17 4 23 2974 60 10
18 4 24 524 40 20
19 4 24 3188 60 10
20 4 27 2512 60 10
21 4 9 2104 60 10
22 4 10 3504 60 10
23 4 22 372 60 10
24 4 13 4030 60 10
25 4 8 559 50 5
26 12 29 3410 60 10
27 12 20 3582 40 20
28 12 9 1122 60 10
29 12 26 202 50 5
30 12 22 1775 60 10
31 13 14 2542 60 10
32 13 2 1143 50 5
33 13 21 2000 50 5
34 13 20 613 60 10
35 13 26 3927 60 10
36 13 23 1421 50 5
37 13 6 4368 60 10
38 13 0 2495 60 10
39 13 29 4092 40 20
40 13 26 1938 50 5
41 21 12 4834 60 10
42 21 3 1005 60 10
43 21 7 2526 60 10
44 21 22 403 50 5
45 21 5 905 60 10
46 21 4 1844 60 10
47 21 16 3403 50 5
48 21 0 2705 60 10
49 21 15 2960 60 10
50 21 24 1267 60 10
51 28 6 4268 50 5
52 28 23 1672 50 5
53 28 22 3958 60 10
54 28 20 4304 60 10
55 28 26 4603 60 10
56 30 5 2468 60 10
57 30 22 4248 50 5
58 30 9 1633 60 10
59 30 8 1048 60 10
60 30 3 490 60 10
61 30 24 4445 60 10
62 30 6 4984 60 10
63 30 12 2352 50 5
64 30 9 1588 40 20
65 30 14 63 60 10
66 37 9 4935 50 5
67 37 22 4254 40 20
68 37 13 2046 60 10
69 37 0 2123 60 10
70 37 24 1726 60 10
71 37 11 2276 60 10
72 37 1 3806 50 5
73 37 16 1652 50 5
74 37 25 1056 40 20
75 37 5 2557 50 5
76 42 0 4196 60 10
77 42 27 4566 60 10
78 42 17 4602 60 10
79 42 23 552 60 10
80 42 15 4559 60 10
81 46 3 217 60 10
82 46 23 2026 40 20
83 46 27 1457 50 5
84 46 11 410 60 10
85 46 17 444 60 10
86 50 11 211 60 10
87 50 2 4583 60 10
88 50 16 4539 60 10
89 50 17 1841 60 10
90 50 5 2733 60 10
91 56 28 1268 60 10
92 56 4 2323 60 10
93 56 15 953 60 10
94 56 23 4651 60 10
95 56 2 84 60 10
96 59 26 1789 60 10
97 59 27 1962 60 10
98 59 22 4986 60 10
99 59 8 1021 60 10
100 59 14 1921 60 10
101 59 22 2278 60 10
102 59 6 98 60 10
103 59 23 1674 60 10
104 59 26 4379 60 10
105 59 22 1997 40 20
106 67 15 3281 50 5
107 67 2 919 60 10
108 67 4 3655 60 10
109 67 20 956 50 5
110 67 5 258 50 5
111 71 16 2871 60 10
112 71 1 2846 60 10
113 71 1 3045 60 10
114 71 21 2491 40 20
115 71 24 1399 60 10
116 73 11 1816 60 10
117 73 16 1157 50 5
118 73 14 1682 60 10
119 73 4 3414 60 10
120 73 20 2272 60 10
121 74 0 445 40 20
122 74 29 784 60 10
123 74 19 4609 60 10
124 74 24 3553 60 10
125 74 3 4899 50 5
126 75 1 1136 60 10
127 75 25 1173 60 10
128 75 26 4787 60 10
129 75 25 1923 60 10
130 75 0 1651 60 10
131 84 10 1250 50 5
132 84 5 152 40 20
133 84 17 1032 60 10
134 84 14 1127 50 5
135 84 26 3801 60 10
136 87 26 4459 60 10
137 87 15 486 60 10
138 87 22 1041 60 10
139 87 25 3379 60 10
140 87 18 2852 60 10
141 91 10 2077 50 5
142 91 10 1517 50 5
143 91 1 1560 60 10
144 91 4 2676 60 10
145 91 29 1871 60 10
146 94 13 4384 50 5
147 94 25 2409 50 5
148 94 2 1405 50 5
149 94 25 278 40 20
150 94 0 650 60 10
151 95 11 262 60 10
152 95 14 399 60 10
153 95 5 3866 60 10
154 95 16 191 60 10
155 95 3 1503 60 10
156 96 20 3520 40 20
157 96 9 2973 60 10
158 96 4 4727 60 10
159 96 24 2412 40 20
160 96 11 590 50 5
161 96 7 1454 50 5
162 96 25 3879 60 10
163 96 25 2438 60 10
164 96 3 2338 60 10
165 96 21 2552 60 10
166 104 1 2786 60 10
167 104 7 2539 60 10
168 104 4 1671 60 10
169 104 26 3478 40 20
170 104 23 4071 60 10
171 110 6 2380 60 10
172 110 6 61 50 5
173 110 9 4652 50 5
174 110 0 4004 40 20
175 110 14 4035 60 10
176 118 3 1414 60 10
177 118 4 1954 50 5
178 118 29 3557 50 5
179 118 0 1162 60 10
180 118 5 3261 50 5
181 125 0 2009 60 10
182 125 7 3072 40 20
183 125 17 3004 50 5
184 125 11 1749 60 10
185 125 17 2431 60 10
186 130 18 1949 60 10
187 130 0 859 60 10
188 130 5 1288 60 10
189 130 22 4825 60 10
190 130 27 3416 40 20
191 131 4 923 60 10
192 131 8 3065 60 10
193 131 10 109 40 20
194 131 2 2197 50 5
195 131 16 612 60 10
196 139 23 2478 60 10
197 139 25 4918 40 20
198 139 1 4194 60 10
199 139 9 1124 60 10
200 139 12 25 60 10
201 146 10 2484 60 10
202 146 8 679 60 10
203 146 20 936 60 10
204 146 14 2036 60 10
205 146 0 1146 60 10
206 153 5 1633 60 10
207 153 14 3050 60 10
208 153 24 3417 60 10
209 153 12 1777 60 10
210 153 9 2735 60 10
211 158 21 3364 60 10
212 158 21 3651 60 10
213 158 21 573 60 10
214 158 18 3554 60 10
215 158 29 3530 60 10
216 166 1 4126 50 5
217 166 8 736 60 10
218 166 18 2990 50 5
219 166 29 2410 60 10
220 166 10 3659 60 10
221 174 7 777 60 10
222 174 9 4669 60 10
223 174 19 1996 60 10
224 174 17 4639 60 10
225 174 29 4187 50 5
226 174 6 2446 60 10
227 174 19 3407 60 10
228 174 3 4297 60 10
229 174 5 406 60 10
230 174 1 1299 60 10
231 176 29 3021 60 10
232 176 3 212 60 10
233 176 22 2765 60 10
234 176 18 1011 60 10
235 176 5 4237 60 10
236 181 14 160 60 10
237 181 1 1360 60 10
238 181 10 3841 50 5
239 181 19 1516 60 10
240 181 7 1089 60 10
241 184 14 3935 60 10
242 184 14 1089 60 10
243 184 19 3327 60 10
244 184 21 686 50 5
245 184 26 1193 60 10
246 185 10 3612 60 10
247 185 20 4842 60 10
248 185 0 1015 60 10
249 185 21 2630 60 10
250 185 16 925 50 5
251 185 23 136 60 10
252 185 1 291 60 10
253 185 19 2019 50 5
254 185 10 2817 60 10
255 185 9 30 50 5
256 194 4 763 50 5
257 194 23 3430 50 5
258 194 11 332 40 20
259 194 15 1859 50 5
260 194 13 2325 60 10
261 201 29 4855 60 10
262 201 27 139 60 10
263 201 26 3993 60 10
264 201 22 4386 60 10
265 201 7 420 50 5
266 208 0 4044 60 10
267 208 22 4420 50 5
268 208 2 3118 60 10
269 208 10 4523 60 10
270 208 17 2579 60 10
271 217 11 796 60 10
272 217 3 1744 60 10
273 217 23 57 60 10
274 217 2 1906 50 5
275 217 14 2892 60 10
276 225 19 4736 40 20
277 225 25 1667 50 5
278 225 5 4125 60 10
279 225 15 2166 60 10
280 225 15 4295 60 10
281 227 24 2280 60 10
282 227 10 3939 50 5
283 227 24 603 60 10
284 227 22 3562 60 10
285 227 6 973 50 5
286 229 8 197 50 5
287 229 7 2284 60 10
288 229 6 459 60 10
289 229 1 772 60 10
290 229 10 3615 40 20
291 233 4 1937 50 5
292 233 11 4347 60 10
293 233 25 2215 60 10
294 233 27 2065 50 5
295 233 2 2351 50 5
296 234 18 29 40 20
297 234 18 2174 60 10
298 234 5 3806 60 10
299 234 19 3085 50 5
300 234 27 4773 40 20
301 242 28 2410 60 10
302 242 1 2153 60 10
303 242 28 4988 60 10
304 242 4 726 60 10
305 242 24 3875 40 20
306 246 18 448 60 10
307 246 19 498 60 10
308 246 14 4280 40 20
309 246 17 2449 60 10
310 246 3 0 50 5
311 252 17 2416 60 10
312 252 6 1493 60 10
313 252 19 2443 40 20
314 252 23 691 40 20
315 252 15 2088 50 5
316 259 2 444 50 5
317 259 11 2439 40 20
318 259 7 3807 60 10
319 259 7 3344 60 10
320 259 23 2921 60 10
321 265 26 1221 60 10
322 265 0 1366 60 10
323 265 12 3756 60 10
324 265 5 3703 50 5
325 265 28 3230 60 10
326 272 18 4555 60 10
327 272 3 1974 60 10
328 272 16 2204 60 10
329 272 26 2011 60 10
330 272 3 4087 60 10
331 278 0 1936 60 10
332 278 19 2957 60 10
333 278 28 4383 60 10
334 278 17 4337 60 10
335 278 28 2701 60 10
336 278 19 3396 60 10
337 278 11 1334 50 5
338 278 11 4406 40 20
339 278 25 824 50 5
340 278 26 1514 60 10
341 283 2 4913 50 5
342 283 24 1777 60 10
343 283 1 3203 60 10
344 283 15 4467 60 10
345 283 2 62 60 10
346 283 23 3128 60 10
347 283 1 3777 50 5
348 283 7 471 60 10
349 283 8 4992 60 10
350 283 24 1842 60 10
351 289 21 1585 40 20
352 289 16 4363 40 20
353 289 0 1450 60 10
354 289 13 2636 60 10
355 289 22 104 60 10
356 295 19 454 50 5
357 295 25 3580 60 10
358 295 14 573 40 20
359 295 24 2556 60 10
360 295 1 1944 60 10
361 298 25 4463 60 10
362 298 19 2738 60 10
363 298 12 474 60 10
364 298 12 1380 60 10
365 298 13 1244 60 10
366 302 12 3158 60 10
367 302 20 3817 50 5
368 302 14 2241 60 10
369 302 22 1618 60 10
370 302 7 2851 40 20
371 302 25 3835 50 5
372 302 29 487 60 10
373 302 3 1748 60 10
374 302 9 2139 60 10
375 302 9 4360 60 10
376 310 21 1800 60 10
377 310 7 3048 60 10
378 310 7 355 40 20
379 310 4 884 60 10
380 310 0 2524 60 10
381 311 25 3302 40 20
382 311 4 1681 60 10
383 311 17 1864 60 10
384 311 25 881 60 10
385 311 13 2262 60 10
386 312 29 3021 40 20
387 312 11 1392 60 10
388 312 9 3219 60 10
389 312 9 2425 60 10
390 312 3 849 60 10
391 321 16 2007 40 20
392 321 1 1954 60 10
393 321 24 4765 60 10
394 321 18 247 60 10
395 321 23 1918 40 20
396 330 26 1236 60 10
397 330 26 4458 60 10
398 330 16 3184 50 5
399 330 14 2840 50 5
400 330 11 2412 60 10
401 339 4 174 50 5
402 339 6 191 40 20
403 339 12 2285 60 10
404 339 1 1867 60 10
405 339 24 2758 60 10
406 343 17 1942 60 10
407 343 9 4414 40 20
408 343 4 3796 60 10
409 343 19 2099 60 10
410 343 3 3189 50 5
411 350 17 1340 40 20
412 350 17 3538 50 5
413 350 2 3070 60 10
414 350 13 742 60 10
415 350 9 2840 60 10
416 351 0 3945 40 20
417 351 4 3915 60 10
418 351 4 2645 60 10
419 351 9 3537 50 5
420 351 5 1618 50 5
421 358 13 1279 60 10
422 358 13 699 40 20
423 358 14 4729 50 5
424 358 20 3009 60 10
425 358 2 3220 50 5
426 366 27 1063 60 10
427 366 7 2177 60 10
428 366 2 212 60 10
429 366 3 2250 60 10
430 366 2 301 60 10
431 371 9 2386 40 20
432 371 3 3633 50 5
433 371 13 1150 60 10
434 371 23 1562 60 10
435 371 8 3576 60 10
436 371 5 3728 60 10
437 371 3 1673 50 5
438 371 12 2633 60 10
439 371 7 4470 60 10
440 371 29 4302 40 20
441 377 9 2594 60 10
442 377 1 325 40 20
443 377 3 1877 60 10
444 377 0 435 60 10
445 377 1 3286 50 5
446 378 17 2378 60 10
447 378 0 3131 40 20
448 378 8 91 60 10
449 378 17 2029 60 10
450 378 27 75 60 10
451 384 19 385 60 10
452 384 23 2015 60 10
453 384 13 1573 50 5
454 384 28 954 60 10
455 384 10 1422 60 10
456 393 22 767 60 10
457 393 22 1070 40 20
458 393 16 1732 60 10
459 393 8 1287 60 10
460 393 1 3774 60 10
461 394 10 2550 60 10
462 394 2 3734 50 5
463 394 19 2256 60 10
464 394 22 3353 60 10
465 394 1 3446 60 10
466 403 15 3727 60 10
467 403 11 1035 60 10
468 403 0 210 60 10
469 403 5 2508 60 10
470 403 4 710 50 5
471 403 26 3658 50 5
472 403 20 1538 50 5
473 403 4 1060 60 10
474 403 12 1854 60 10
475 403 11 56 60 10
476 412 16 3864 60 10
477 412 8 4593 60 10
478 412 20 1606 50 5
479 412 25 484 60 10
480 412 13 3660 60 10
481 421 28 4891 50 5
482 421 17 276 40 20
483 421 14 3010 50 5
484 421 10 2355 60 10
485 421 21 1107 60 10
486 427 17 2636 40 20
487 427 4 4337 60 10
488 427 14 4888 60 10
489 427 16 3376 60 10
490 427 0 4559 50 5
491 430 17 2443 60 10
492 430 25 2516 40 20
493 430 6 2713 40 20
494 430 15 3047 60 10
495 430 16 80 60 10
496 438 19 970 60 10
497 438 27 1115 60 10
498 438 16 3608 60 10
499 438 18 4942 60 10
500 438 14 4503 60 10
501 440 1 3050 40 20
502 440 1 2385 60 10
503 440 24 2667 60 10
504 440 9 2186 60 10
505 440 1 1221 60 10
506 441 22 1947 40 20
507 441 3 2334 60 10
508 441 15 3669 50 5
509 441 1 3471 60 10
510 441 22 4820 50 5
511 445 1 2294 60 10
512 445 18 36 50 5
513 445 15 486 60 10
514 445 8 4164 60 10
515 445 13 2405 60 10
516 449 11 886 40 20
517 449 22 3122 60 10
518 449 9 1632 40 20
519 449 23 1156 40 20
520 449 29 463 50 5
521 455 3 769 50 5
522 455 14 1645 40 20
523 455 3 3908 60 10
524 455 2 3437 60 10
525 455 14 1197 60 10
526 462 25 1419 60 10
527 462 3 168 60 10
528 462 22 3641 60 10
529 462 24 4715 60 10
530 462 16 1615 60 10
531 470 16 683 60 10
532 470 17 4411 60 10
533 470 0 251 60 10
534 470 22 4525 60 10
535 470 17 4863 60 10
536 476 19 3258 60 10
537 476 3 3952 60 10
538 476 12 1496 60 10
539 476 2 2006 50 5
540 476 12 2085 60 10
541 483 12 1482 50 5
542 483 21 1022 50 5
543 483 26 4723 40 20
544 483 3 316 60 10
545 483 6 4290 60 10
546 485 2 4428 60 10
547 485 27 2673 60 10
548 485 7 1581 60 10
549 485 13 3180 60 10
550 485 28 911 60 10
551 488 20 1464 50 5
552 488 3 3495 60 10
553 488 15 422 40 20
554 488 19 3762 60 10
555 488 21 3366 60 10
556 491 6 192 60 10
557 491 26 3860 60 10
558 491 7 400 60 10
559 491 25 3988 60 10
560 491 20 759 40 20
561 497 21 1701 40 20
562 497 5 4334 60 10
563 497 7 2795 60 10
564 497 4 1183 60 10
565 497 21 2372 60 10
566 498 2 199 60 10
567 498 17 2761 50 5
568 498 28 2344 40 20
569 498 4 3552 40 20
570 498 5 4525 60 10
571 505 0 4343 60 10
572 505 7 4834 50 5
573 505 22 4641 60 10
574 505 10 3428 60 10
575 505 9 747 60 10
576 508 28 1335 40 20
577 508 7 1183 60 10
578 508 1 1390 60 10
579 508 26 519 60 10
580 508 13 2031 60 10
581 512 28 4320 50 5
582 512 14 1780 60 10
583 512 23 3881 60 10
584 512 19 247 60 10
585 512 28 931 40 20
586 513 22 2106 60 10
587 513 19 1958 60 10
588 513 12 4938 40 20
589 513 27 1905 50 5
590 513 13 1727 60 10
591 521 16 2639 60 10
592 521 9 1283 60 10
593 521 24 4091 60 10
594 521 15 3690 50 5
595 521 29 3453 60 10
596 527 5 1024 60 10
597 527 20 1175 60 10
598 527 27 1668 50 5
599 527 8 2558 60 10
600 527 27 2293 40 20
601 536 5 853 50 5
602 536 16 4944 60 10
603 536 9 2895 50 5
604 536 26 867 60 10
605 536 18 1840 60 10
606 544 28 2143 50 5
607 544 6 946 60 10
608 544 24 4220 60 10
609 544 22 158 40 20
610 544 23 1567 60 10
611 545 5 1593 50 5
612 545 27 386 40 20
613 545 12 1876 60 10
614 545 16 2796 60 10
615 545 12 3780 60 10
616 552 16 3905 60 10
617 552 5 2174 60 10
618 552 25 4281 40 20
619 552 23 753 60 10
620 552 15 4319 50 5
621 553 3 4731 60 10
622 553 29 4026 50 5
623 553 27 1131 50 5
624 553 13 19 60 10
625 553 20 1122 60 10
626 561 4 1454 40 20
627 561 22 4020 60 10
628 561 20 4196 60 10
629 561 20 2151 60 10
630 561 4 2780 60 10
631 566 18 1755 60 10
632 566 26 536 60 10
633 566 10 1948 60 10
634 566 27 3682 60 10
635 566 13 3176 60 10
636 575 24 1548 50 5
637 575 7 4435 60 10
638 575 13 3661 40 20
639 575 24 1600 60 10
640 575 4 2807 60 10
641 578 23 4698 60 10
642 578 0 611 40 20
643 578 13 2967 50 5
644 578 28 3296 60 10
645 578 8 649 60 10
646 583 12 1493 60 10
647 583 12 1860 60 10
648 583 6 2492 60 10
649 583 27 2573 40 20
650 583 29 2719 50 5
651 590 29 1135 60 10
652 590 9 972 50 5
653 590 10 180 60 10
654 590 12 132 60 10
655 590 8 1706 60 10
656 596 25 4136 60 10
657 596 10 4063 40 20
658 596 29 625 60 10
659 596 2 2980 60 10
660 596 22 2764 60 10
661 596 25 1418 50 5
662 596 28 2130 60 10
663 596 14 4699 40 20
664 596 0 4904 60 10
665 596 6 909 60 10
666 604 15 638 60 10
667 604 27 3763 60 10
668 604 29 347 50 5
669 604 29 2494 50 5
670 604 19 2350 50 5
671 607 8 284 40 20
672 607 22 2854 40 20
673 607 1 2755 60 10
674 607 1 2315 60 10
675 607 29 3049 60 10
676 609 7 3238 50 5
677 609 22 776 40 20
678 609 24 4604 40 20
679 609 29 4156 60 10
680 609 21 582 60 10
681 613 20 4172 60 10
682 613 8 167 60 10
683 613 3 3469 60 10
684 613 28 3205 60 10
685 613 18 1542 40 20
686 613 14 1416 60 10
687 613 25 2639 60 10
688 613 26 3154 50 5
689 613 11 3836 60 10
690 613 7 1259 50 5
691 616 12 1674 60 10
692 616 23 422 60 10
693 616 2 545 60 10
694 616 19 1246 60 10
695 616 23 2269 60 10
696 616 25 3500 50 5
697 616 4 3448 60 10
698 616 27 1414 60 10
699 616 29 240 60 10
700 616 9 4574 60 10
701 620 26 855 50 5
702 620 22 459 50 5
703 620 26 2807 60 10
704 620 10 175 60 10
705 620 15 3037 60 10
706 621 1 3899 60 10
707 621 6 2787 60 10
708 621 21 4383 40 20
709 621 18 2671 60 10
710 621 26 3181 50 5
711 623 1 1394 50 5
712 623 2 2605 50 5
713 623 9 4735 60 10
714 623 28 2094 60 10
715 623 7 815 40 20
716 624 14 2028 60 10
717 624 3 4566 40 20
718 624 12 2719 60 10
719 624 15 496 50 5
720 624 2 3898 60 10
721 626 17 747 60 10
722 626 12 1284 50 5
723 626 13 2624 60 10
724 626 16 1404 40 20
725 626 8 33 50 5
726 630 17 616 60 10
727 630 5 2652 60 10
728 630 20 4428 40 20
729 630 4 1453 60 10
730 630 12 2701 50 5
731 638 11 1915 60 10
732 638 9 3642 40 20
733 638 21 3428 60 10
734 638 1 873 50 5
735 638 17 1517 50 5
736 641 22 701 50 5
737 641 23 2467 50 5
738 641 24 4871 60 10
739 641 7 2805 50 5
740 641 16 796 60 10
741 645 12 3977 50 5
742 645 9 3380 60 10
743 645 16 1449 60 10
744 645 5 3870 50 5
745 645 13 3019 40 20
746 651 6 4405 50 5
747 651 27 3227 60 10
748 651 2 4528 60 10
749 651 23 720 40 20
750 651 21 3553 60 10
751 659 4 1557 60 10
752 659 6 4693 60 10
753 659 2 1112 60 10
754 659 10 3289 60 10
755 659 25 2521 60 10
756 665 13 1624 60 10
757 665 7 2405 60 10
758 665 6 1767 50 5
759 665 11 3662 60 10
760 665 2 2732 60 10
761 670 14 2591 60 10
762 670 11 563 50 5
763 670 26 4192 50 5
764 670 2 3164 60 10
765 670 27 1633 60 10
766 673 18 2796 60 10
767 673 16 3497 60 10
768 673 9 2308 40 20
769 673 14 695 60 10
770 673 4 2555 60 10
771 674 4 2792 60 10
772 674 7 4998 60 10
773 674 20 355 60 10
774 674 23 2589 50 5
775 674 24 4426 60 10
776 681 14 4443 50 5
777 681 3 486 60 10
778 681 10 4222 60 10
779 681 5 947 60 10
780 681 26 1944 60 10
781 681 19 1719 50 5
782 681 15 3031 50 5
783 681 20 1615 60 10
784 681 1 3494 60 10
785 681 13 4133 60 10
786 682 7 3629 60 10
787 682 2 4453 60 10
788 682 22 4006 60 10
789 682 16 4682 60 10
790 682 1 1210 60 10
791 683 21 1709 60 10
792 683 11 2950 60 10
793 683 16 109 50 5
794 683 24 3941 60 10
795 683 7 913 50 5
796 690 4 2960 60 10
797 690 15 4197 40 20
798 690 24 2205 60 10
799 690 5 3924 50 5
800 690 2 362 60 10
801 692 23 3408 40 20
802 692 25 4602 60 10
803 692 11 3629 60 10
804 692 6 988 50 5
805 692 27 4622 60 10
806 696 19 3894 60 10
807 696 4 2311 60 10
808 696 22 2248 60 10
809 696 19 2370 50 5
810 696 17 1335 60 10
811 702 12 3011 60 10
812 702 1 1091 60 10
813 702 5 1247 60 10
814 702 21 1130 50 5
815 702 26 2045 60 10
816 702 23 2894 60 10
817 702 3 4643 60 10
818 702 4 3226 60 10
819 702 13 2706 60 10
820 702 21 761 60 10
821 709 2 555 40 20
822 709 15 1011 60 10
823 709 13 3763 60 10
824 709 20 4855 60 10
825 709 17 4124 60 10
826 710 24 4737 50 5
827 710 12 832 60 10
828 710 19 1042 60 10
829 710 25 2061 60 10
830 710 9 1664 60 10
831 719 0 554 60 10
832 719 21 2279 60 10
833 719 4 488 60 10
834 719 0 1555 60 10
835 719 23 1501 60 10
836 727 21 278 60 10
837 727 19 1542 60 10
838 727 21 2255 50 5
839 727 10 1556 50 5
840 727 24 2301 60 10
841 736 0 4671 60 10
842 736 7 3306 50 5
843 736 2 4159 50 5
844 736 8 686 50 5
845 736 11 1744 60 10
846 743 9 381 50 5
847 743 24 3463 40 20
848 743 17 3010 60 10
849 743 11 1214 60 10
850 743 11 4551 60 10
851 752 25 4042 60 10
852 752 10 1290 60 10
853 752 18 2632 60 10
854 752 16 4536 60 10
855 752 5 4348 60 10
856 760 17 2526 60 10
857 760 3 1536 60 10
858 760 6 2339 60 10
859 760 18 3354 60 10
860 760 27 2759 60 10
861 764 17 3652 60 10
862 764 23 4455 60 10
863 764 15 1115 40 20
864 764 10 457 50 5
865 764 24 737 60 10
866 764 18 4202 40 20
867 764 18 1732 60 10
868 764 13 1626 60 10
869 764 22 898 60 10
870 764 17 3195 40 20
871 772 21 1796 60 10
872 772 26 4282 60 10
873 772 22 4936 60 10
874 772 7 4705 60 10
875 772 11 2031 60 10
876 773 28 3976 50 5
877 773 8 1576 40 20
878 773 23 2910 60 10
879 773 12 4596 60 10
880 773 10 4061 60 10
881 780 2 4546 60 10
882 780 27 1043 60 10
883 780 12 4542 50 5
884 780 14 2528 60 10
885 780 15 3511 60 10
886 783 2 3193 60 10
887 783 24 1319 60 10
888 783 24 48 60 10
889 783 20 802 50 5
890 783 3 2717 60 10
891 783 13 4054 40 20
892 783 1 497 60 10
893 783 5 2734 60 10
894 783 7 847 50 5
895 783 17 4616 50 5
896 786 18 2043 60 10
897 786 24 535 60 10
898 786 13 4785 40 20
899 786 13 3163 60 10
900 786 4 1217 60 10
901 787 5 249 60 10
902 787 20 2733 60 10
903 787 24 200 60 10
904 787 1 1108 40 20
905 787 0 18 60 10
906 790 11 729 60 10
907 790 22 1520 40 20
908 790 24 1751 60 10
909 790 22 4231 60 10
910 790 24 3547 60 10
911 797 1 4138 50 5
912 797 8 1094 60 10
913 797 9 4980 60 10
914 797 15 361 60 10
915 797 11 3550 60 10
916 799 13 528 60 10
917 799 23 899 60 10
918 799 22 162 50 5
919 799 3 3318 60 10
920 799 4 3387 60 10
921 801 12 2274 60 10
922 801 16 1645 60 10
923 801 10 234 50 5
924 801 17 1788 60 10
925 801 28 435 50 5
926 805 19 1034 60 10
927 805 7 3016 60 10
928 805 9 4356 60 10
929 805 24 872 50 5
930 805 1 3575 60 10
931 809 4 1752 60 10
932 809 2 314 60 10
933 809 9 2010 50 5
934 809 26 2567 50 5
935 809 0 1129 60 10
936 818 24 2381 60 10
937 818 18 3774 60 10
938 818 14 4323 60 10
939 818 4 173 50 5
940 818 24 3881 60 10
941 822 16 3516 60 10
942 822 26 2980 60 10
943 822 8 939 60 10
944 822 15 1544 60 10
945 822 9 2480 60 10
946 830 10 252 60 10
947 830 2 2334 60 10
948 830 28 1873 60 10
949 830 8 4565 50 5
950 830 19 1000 50 5
951 838 29 750 60 10
952 838 17 4315 50 5
953 838 15 3310 50 5
954 838 24 2097 60 10
955 838 23 1033 60 10
956 839 8 3636 60 10
957 839 18 1648 60 10
958 839 23 4468 50 5
959 839 21 225 40 20
960 839 9 1325 50 5
961 843 16 3255 60 10
962 843 25 2784 60 10
963 843 22 2227 60 10
964 843 18 969 60 10
965 843 1 3027 60 10
966 846 22 2607 60 10
967 846 1 154 50 5
968 846 24 1925 50 5
969 846 23 2231 50 5
970 846 22 407 60 10
971 852 12 3606 60 10
972 852 9 107 50 5
973 852 11 1450 40 20
974 852 20 2736 60 10
975 852 18 3863 60 10
976 858 27 2245 40 20
977 858 13 623 60 10
978 858 9 1411 60 10
979 858 14 1888 60 10
980 858 1 1262 40 20
981 863 4 2155 50 5
982 863 23 1795 60 10
983 863 9 4858 50 5
984 863 8 4805 60 10
985 863 12 3100 50 5
986 865 19 1476 50 5
987 865 20 3541 60 10
988 865 14 2984 60 10
989 865 20 2173 50 5
990 865 20 530 60 10
991 869 5 871 60 10
992 869 13 1081 60 10
993 869 8 917 40 20
994 869 5 2418 60 10
995 869 3 2762 60 10
996 875 9 4238 50 5
997 875 20 3189 60 10
998 875 0 1818 50 5
999 875 27 3892 60 10
1000 875 6 2852 60 10
1001 884 18 1729 60 10
1002 884 4 1060 50 5
1003 884 1 3745 50 5
1004 884 1 3646 60 10
1005 884 22 1801 60 10
1006 892 2 1082 50 5
1007 892 10 2638 60 10
1008 892 27 3210 40 20
1009 892 25 2383 60 10
1010 892 18 3723 50 5
1011 894 13 2786 40 20
1012 894 14 2013 40 20
1013 894 11 2047 40 20
1014 894 27 4393 60 10
1015 894 7 1098 60 10
1016 898 25 337 60 10
1017 898 13 448 60 10
1018 898 17 2040 50 5
1019 898 0 1348 40 20
1020 898 7 3871 60 10
1021 905 13 2640 60 10
1022 905 8 3548 50 5
1023 905 24 2415 60 10
1024 905 10 3932 50 5
1025 905 11 156 50 5
1026 912 23 337 50 5
1027 912 15 1741 40 20
1028 912 4 1076 50 5
1029 912 4 2861 40 20
1030 912 10 953 50 5
1031 921 18 2669 60 10
1032 921 16 3528 60 10
1033 921 0 1560 60 10
1034 921 24 1597 40 20
1035 921 25 2016 50 5
1036 924 2 3804 60 10
1037 924 10 4891 60 10
1038 924 26 3205 60 10
1039 924 9 1289 60 10
1040 924 1 1248 60 10
1041 933 4 3632 60 10
1042 933 12 3074 50 5
1043 933 22 780 60 10
1044 933 20 4557 60 10
1045 933 20 36 60 10
1046 939 3 698 60 10
1047 939 24 4298 60 10
1048 939 26 4205 40 20
1049 939 22 1599 60 10
1050 939 9 4037 60 10
1051 944 12 762 60 10
1052 944 27 2633 60 10
1053 944 27 2025 60 10
1054 944 0 2812 60 10
1055 944 25 578 60 10
1056 953 2 2594 50 5
1057 953 9 2619 60 10
1058 953 6 1666 50 5
1059 953 12 1593 60 10
1060 953 16 4990 60 10
1061 956 19 3138 60 10
1062 956 25 374 60 10
1063 956 23 4600 60 10
1064 956 13 1963 60 10
1065 956 19 1930 60 10
1066 956 6 3308 60 10
1067 956 22 4069 60 10
1068 956 25 1605 60 10
1069 956 14 1902 40 20
1070 956 24 4477 60 10
1071 961 1 2616 60 10
1072 961 0 488 60 10
1073 961 5 2929 60 10
1074 961 22 2672 40 20
1075 961 17 1002 60 10
1076 965 13 504 60 10
1077 965 10 1122 60 10
1078 965 25 1854 60 10
1079 965 26 990 50 5
1080 965 12 2025 60 10
1081 965 1 4900 60 10
1082 965 23 3728 50 5
1083 965 27 3788 50 5
1084 965 13 1741 40 20
1085 965 28 2708 60 10
1086 970 14 2391 40 20
1087 970 11 2271 50 5
1088 970 1 3132 60 10
1089 970 23 689 60 10
1090 970 29 1859 60 10
1091 972 25 3471 60 10
1092 972 10 4101 60 10
1093 972 7 4608 60 10
1094 972 17 496 60 10
1095 972 8 3351 60 10
1096 973 24 2720 50 5
1097 973 27 4270 40 20
1098 973 25 1817 50 5
1099 973 29 127 60 10
1100 973 10 2362 40 20
1101 982 6 2352 40 20
1102 982 25 1640 60 10
1103 982 3 4639 60 10
1104 982 3 3635 60 10
1105 982 18 3396 60 10
1106 991 27 1323 60 10
1107 991 29 2663 60 10
1108 991 15 563 60 10
1109 991 4 1800 40 20
1110 991 4 2150 40 20
1111 997 18 1648 60 10
1112 997 23 1865 60 10
1113 997 5 1015 40 20
1114 997 29 917 50 5
1115 997 14 3538 60 10
1116 1002 14 808 50 5
1117 1002 23 4018 60 10
1118 1002 2 987 50 5
1119 1002 10 501 60 10
1120 1002 15 2928 60 10
1121 1003 0 2006 60 10
1122 1003 28 2391 60 10
1123 1003 23 1529 50 5
1124 1003 20 3237 60 10
1125 1003 0 865 60 10
1126 1007 7 2096 60 10
1127 1007 5 926 60 10
1128 1007 20 3753 60 10
1129 1007 18 2156 60 10
1130 1007 29 4935 60 10
1131 1016 5 4618 50 5
1132 1016 3 787 60 10
1133 1016 22 3020 60 10
1134 1016 17 3253 60 10
1135 1016 6 4393 40 20
1136 1024 15 2187 60 10
1137 1024 4 2003 60 10
1138 1024 14 181 60 10
1139 1024 14 2758 60 10
1140 1024 2 4267 60 10
1141 1026 11 1756 60 10
1142 1026 28 3948 50 5
1143 1026 14 754 60 10
1144 1026 24 4756 60 10
1145 1026 12 603 60 10
1146 1027 8 3087 60 10
1147 1027 28 4122 60 10
1148 1027 16 3942 60 10
1149 1027 20 596 60 10
1150 1027 9 3948 40 20
1151 1033 16 3469 50 5
1152 1033 7 2027 60 10
1153 1033 28 4577 40 20
1154 1033 15 4370 60 10
1155 1033 21 2366 40 20
1156 1035 23 654 60 10
1157 1035 24 2947 50 5
1158 1035 21 3829 50 5
1159 1035 29 2860 50 5
1160 1035 12 3 60 10
1161 1043 1 884 60 10
1162 1043 15 663 60 10
1163 1043 9 4459 60 10
1164 1043 9 1551 60 10
1165 1043 29 2251 50 5
1166 1044 9 1287 60 10
1167 1044 4 2397 60 10
1168 1044 3 3754 50 5
1169 1044 24 4040 40 20
1170 1044 15 1543 50 5
1171 1052 10 2905 50 5
1172 1052 28 4825 60 10
1173 1052 9 1022 50 5
1174 1052 21 3587 60 10
1175 1052 23 4753 60 10
1176 1058 11 4163 60 10
1177 1058 6 2953 50 5
1178 1058 22 2749 60 10
1179 1058 3 4222 40 20
1180 1058 2 680 50 5
1181 1061 8 2285 60 10
1182 1061 15 2200 60 10
1183 1061 16 3939 50 5
1184 1061 2 598 60 10
1185 1061 6 1296 40 20
1186 1065 24 2304 50 5
1187 1065 7 2814 40 20
1188 1065 4 2198 60 10
1189 1065 17 1328 60 10
1190 1065 28 919 60 10
1191 1070 2 1783 60 10
1192 1070 2 2574 60 10
1193 1070 12 1305 60 10
1194 1070 19 536 60 10
1195 1070 26 232 50 5
1196 1079 4 3744 60 10
1197 1079 19 4509 60 10
1198 1079 13 1373 60 10
1199 1079 1 3341 60 10
1200 1079 25 3227 50 5
1201 1081 17 239 60 10
1202 1081 5 680 60 10
1203 1081 25 1338 60 10
1204 1081 12 4722 50 5
1205 1081 15 4610 60 10
1206 1086 4 3131 50 5
1207 1086 12 1053 60 10
1208 1086 18 1897 50 5
1209 1086 11 1612 60 10
1210 1086 28 2197 60 10
1211 1089 2 2037 60 10
1212 1089 13 48 40 20
1213 1089 6 1300 60 10
1214 1089 17 4538 60 10
1215 1089 2 4405 60 10
1216 1094 26 2352 60 10
1217 1094 15 1487 60 10
1218 1094 25 515 60 10
1219 1094 5 327 40 20
1220 1094 15 2651 60 10
1221 1094 12 2642 50 5
1222 1094 16 766 60 10
1223 1094 15 2416 60 10
1224 1094 27 1433 60 10
1225 1094 26 3217 50 5
1226 1095 21 2143 60 10
1227 1095 9 3643 60 10
1228 1095 7 1323 60 10
1229 1095 16 1501 60 10
1230 1095 19 3575 60 10
1231 1096 18 2526 60 10
1232 1096 28 641 60 10
1233 1096 0 2726 60 10
1234 1096 9 224 60 10
1235 1096 5 415 40 20
1236 1104 13 3784 60 10
1237 1104 27 3608 50 5
1238 1104 6 1841 50 5
1239 1104 29 2214 60 10
1240 1104 27 880 60 10
1241 1113 1 1007 50 5
1242 1113 2 1810 40 20
1243 1113 18 4854 40 20
1244 1113 27 789 60 10
1245 1113 21 3990 50 5
1246 1117 27 4100 60 10
1247 1117 19 3494 50 5
1248 1117 23 3637 60 10
1249 1117 1 146 60 10
1250 1117 20 2407 50 5
1251 1122 17 2951 60 10
1252 1122 2 1361 60 10
1253 1122 15 383 60 10
1254 1122 26 1378 60 10
1255 1122 17 3862 60 10
1256 1127 6 3226 60 10
1257 1127 13 1975 60 10
1258 1127 4 3934 60 10
1259 1127 13 1345 40 20
1260 1127 23 2923 60 10
1261 1136 29 997 60 10
1262 1136 12 1245 60 10
1263 1136 23 2178 60 10
1264 1136 9 2533 50 5
1265 1136 1 2415 60 10
1266 1140 6 1842 60 10
1267 1140 17 440 40 20
1268 1140 7 2309 60 10
1269 1140 27 4155 60 10
1270 1140 25 1892 60 10
1271 1143 12 4401 60 10
1272 1143 29 598 50 5
1273 1143 26 3760 50 5
1274 1143 8 3168 60 10
1275 1143 20 3426 50 5
1276 1146 14 4477 60 10
1277 1146 7 4076 50 5
1278 1146 28 1226 60 10
1279 1146 11 4753 50 5
1280 1146 21 707 50 5
1281 1155 21 4660 40 20
1282 1155 13 653 60 10
1283 1155 9 1534 60 10
1284 1155 4 2258 60 10
1285 1155 23 3134 60 10
1286 1160 26 2897 60 10
1287 1160 22 4625 50 5
1288 1160 10 2733 60 10
1289 1160 2 2681 60 10
1290 1160 25 4918 60 10
1291 1161 23 4349 60 10
1292 1161 5 3130 60 10
1293 1161 14 959 60 10
1294 1161 25 4379 60 10
1295 1161 27 4172 60 10
1296 1163 17 2721 60 10
1297 1163 20 3783 40 20
1298 1163 19 1766 50 5
1299 1163 3 2548 60 10
1300 1163 0 2008 60 10
1301 1163 13 4357 60 10
1302 1163 15 772 40 20
1303 1163 15 1450 60 10
1304 1163 8 1939 50 5
1305 1163 19 1635 60 10
1306 1167 21 2338 60 10
1307 1167 27 343 60 10
1308 1167 2 3380 50 5
1309 1167 18 4563 50 5
1310 1167 13 1918 40 20
1311 1176 4 1114 50 5
1312 1176 3 4580 60 10
1313 1176 21 934 60 10
1314 1176 2 177 60 10
1315 1176 3 4779 60 10
1316 1176 3 1758 50 5
1317 1176 3 817 60 10
1318 1176 2 2753 60 10
1319 1176 14 3996 40 20
1320 1176 29 986 60 10
1321 1178 29 4366 60 10
1322 1178 2 4882 60 10
1323 1178 16 4068 60 10
1324 1178 23 2167 60 10
1325 1178 2 2556 50 5
1326 1186 22 2692 60 10
1327 1186 27 3276 60 10
1328 1186 5 4643 50 5
1329 1186 14 4489 40 20
1330 1186 25 3011 60 10
1331 1187 11 2169 60 10
1332 1187 22 4725 60 10
1333 1187 0 1788 60 10
1334 1187 16 4349 60 10
1335 1187 28 311 50 5
1336 1191 13 1773 60 10
1337 1191 27 4049 60 10
1338 1191 29 2235 60 10
1339 1191 6 1976 60 10
1340 1191 18 417 60 10
1341 1193 0 3121 60 10
1342 1193 15 949 60 10
1343 1193 5 686 60 10
1344 1193 2 2689 60 10
1345 1193 17 1387 60 10
1346 1194 13 2335 60 10
1347 1194 23 2719 60 10
1348 1194 20 2760 60 10
1349 1194 21 763 60 10
1350 1194 9 1397 60 10
1351 1200 15 3600 60 10
1352 1200 22 4187 60 10
1353 1200 13 2474 60 10
1354 1200 21 1524 60 10
1355 1200 16 2216 60 10
1356 1205 4 1565 60 10
1357 1205 26 3199 60 10
1358 1205 14 4644 50 5
1359 1205 22 2985 60 10
1360 1205 23 2230 60 10
1361 1207 25 4365 60 10
1362 1207 28 559 60 10
1363 1207 9 1215 50 5
1364 1207 11 3558 50 5
1365 1207 29 4999 60 10
1366 1207 5 2724 60 10
1367 1207 1 4352 60 10
1368 1207 0 357 60 10
1369 1207 15 841 60 10
1370 1207 1 4428 60 10
1371 1209 19 2881 50 5
1372 1209 11 2744 60 10
1373 1209 14 1095 60 10
1374 1209 28 1023 60 10
1375 1209 10 559 50 5
1376 1210 8 4086 40 20
1377 1210 6 4371 50 5
1378 1210 9 796 50 5
1379 1210 23 2133 50 5
1380 1210 29 1432 60 10
1381 1210 4 995 60 10
1382 1210 1 1679 50 5
1383 1210 20 1416 60 10
1384 1210 13 4520 50 5
1385 1210 5 4416 60 10
1386 1212 26 2 40 20
1387 1212 15 4704 60 10
1388 1212 21 1441 60 10
1389 1212 13 3028 60 10
1390 1212 10 841 50 5
1391 1218 8 3331 50 5
1392 1218 16 1555 60 10
1393 1218 22 1603 60 10
1394 1218 28 2479 60 10
1395 1218 5 4019 40 20
1396 1218 13 3136 60 10
1397 1218 21 2822 60 10
1398 1218 11 2892 50 5
1399 1218 13 1454 60 10
1400 1218 9 2183 60 10
1401 1218 22 58 60 10
1402 1218 22 357 50 5
1403 1218 14 3431 60 10
1404 1218 21 3934 60 10
1405 1218 28 1511 60 10
1406 1219 4 1161 40 20
1407 1219 8 4453 60 10
1408 1219 29 869 60 10
1409 1219 27 2011 60 10
1410 1219 19 2451 60 10
1411 1222 22 2422 60 10
1412 1222 0 2092 40 20
1413 1222 4 4334 60 10
1414 1222 1 2443 60 10
1415 1222 29 428 60 10
1416 1231 0 1132 60 10
1417 1231 24 1887 50 5
1418 1231 11 1211 60 10
1419 1231 22 3827 50 5
1420 1231 15 2796 60 10
1421 1239 23 4450 60 10
1422 1239 17 4561 60 10
1423 1239 28 1326 50 5
1424 1239 19 3240 60 10
1425 1239 26 1771 60 10
1426 1242 29 4577 60 10
1427 1242 3 2897 60 10
1428 1242 3 4879 50 5
1429 1242 23 3862 60 10
1430 1242 7 762 60 10
1431 1245 25 1243 60 10
1432 1245 5 3284 40 20
1433 1245 8 1544 40 20
1434 1245 29 1084 60 10
1435 1245 18 699 60 10
1436 1246 8 4641 50 5
1437 1246 16 1822 60 10
1438 1246 5 2954 50 5
1439 1246 25 2981 60 10
1440 1246 6 1894 60 10
1441 1250 3 3451 60 10
1442 1250 24 3108 60 10
1443 1250 22 4476 50 5
1444 1250 21 3566 60 10
1445 1250 2 2068 60 10
1446 1256 19 4475 60 10
1447 1256 16 716 60 10
1448 1256 16 1633 60 10
1449 1256 28 1038 50 5
1450 1256 0 2590 60 10
1451 1256 4 4497 60 10
1452 1256 24 2138 40 20
1453 1256 18 266 60 10
1454 1256 2 4416 40 20
1455 1256 15 2662 60 10
1456 1264 3 1079 60 10
1457 1264 25 963 60 10
1458 1264 16 1703 60 10
1459 1264 20 1794 60 10
1460 1264 10 2253 40 20
1461 1273 19 2189 40 20
1462 1273 22 3965 60 10
1463 1273 27 4178 60 10
1464 1273 19 4121 50 5
1465 1273 2 3426 60 10
1466 1278 20 1997 60 10
1467 1278 19 2204 60 10
1468 1278 16 1835 50 5
1469 1278 23 1842 60 10
1470 1278 24 1672 60 10
1471 1285 27 1040 60 10
1472 1285 23 1510 60 10
1473 1285 7 523 60 10
1474 1285 25 4841 60 10
1475 1285 1 2767 60 10
1476 1291 17 4782 60 10
1477 1291 8 4567 60 10
1478 1291 25 1356 60 10
1479 1291 27 2300 50 5
1480 1291 17 3569 50 5
1481 1294 6 4945 60 10
1482 1294 25 948 40 20
1483 1294 24 4806 50 5
1484 1294 21 3264 60 10
1485 1294 1 2718 40 20
1486 1301 3 3601 60 10
1487 1301 7 2507 50 5
1488 1301 25 3643 60 10
1489 1301 18 3194 50 5
1490 1301 16 359 40 20
1491 1306 1 2808 60 10
1492 1306 4 1712 60 10
1493 1306 26 2115 60 10
1494 1306 25 1678 60 10
1495 1306 10 541 60 10
1496 1314 1 399 40 20
1497 1314 21 969 60 10
1498 1314 8 2728 60 10
1499 1314 2 4610 50 5
1500 1314 26 850 60 10
1501 1316 29 2382 60 10
1502 1316 6 2026 60 10
1503 1316 7 426 60 10
1504 1316 23 203 60 10
1505 1316 27 431 60 10
1506 1322 20 431 40 20
1507 1322 2 1456 60 10
1508 1322 28 531 60 10
1509 1322 3 3934 50 5
1510 1322 22 1851 60 10
1511 1328 15 3658 60 10
1512 1328 8 3369 60 10
1513 1328 9 2299 60 10
1514 1328 24 4559 60 10
1515 1328 24 2969 60 10
1516 1333 2 2265 50 5
1517 1333 8 425 50 5
1518 1333 29 3019 60 10
1519 1333 21 221 60 10
1520 1333 26 1025 40 20
1521 1336 14 1012 60 10
1522 1336 7 1013 60 10
1523 1336 24 413 40 20
1524 1336 27 531 50 5
1525 1336 12 3437 60 10
1526 1337 22 2245 60 10
1527 1337 1 4195 50 5
1528 1337 10 122 60 10
1529 1337 5 1518 60 10
1530 1337 11 3500 40 20
1531 1339 27 3293 60 10
1532 1339 14 3488 60 10
1533 1339 9 873 60 10
1534 1339 25 2269 50 5
1535 1339 10 4578 60 10
1536 1342 22 2796 50 5
1537 1342 18 4039 60 10
1538 1342 28 3046 50 5
1539 1342 4 2011 60 10
1540 1342 7 1333 40 20
1541 1351 27 3731 60 10
1542 1351 2 3111 60 10
1543 1351 18 1063 60 10
1544 1351 22 3990 60 10
1545 1351 24 2760 60 10
1546 1356 13 1885 60 10
1547 1356 25 2789 60 10
1548 1356 7 1424 60 10
1549 1356 19 3715 50 5
1550 1356 6 1275 60 10
1551 1364 15 569 60 10
1552 1364 10 461 60 10
1553 1364 4 4559 60 10
1554 1364 18 4975 60 10
1555 1364 25 4583 50 5
1556 1368 5 792 60 10
1557 1368 8 1532 60 10
1558 1368 24 4471 60 10
1559 1368 6 4246 60 10
1560 1368 5 1470 40 20
1561 1370 2 2588 60 10
1562 1370 21 2136 60 10
1563 1370 13 4521 50 5
1564 1370 25 3406 50 5
1565 1370 5 272 60 10
1566 1374 21 1342 50 5
1567 1374 10 149 60 10
1568 1374 27 2061 50 5
1569 1374 12 3516 50 5
1570 1374 27 2527 40 20
1571 1378 28 2422 50 5
1572 1378 20 1296 60 10
1573 1378 2 4229 60 10
1574 1378 23 4229 50 5
1575 1378 13 2515 60 10
1576 1383 6 1438 60 10
1577 1383 13 1775 60 10
1578 1383 16 881 50 5
1579 1383 27 2037 60 10
1580 1383 4 4213 60 10
1581 1385 20 2710 40 20
1582 1385 18 3822 60 10
1583 1385 27 2082 60 10
1584 1385 24 754 60 10
1585 1385 3 1462 50 5
1586 1393 22 1760 40 20
1587 1393 8 571 50 5
1588 1393 3 3274 60 10
1589 1393 23 3689 50 5
1590 1393 16 992 60 10
1591 1395 5 4941 60 10
1592 1395 3 2154 60 10
1593 1395 20 3833 50 5
1594 1395 16 4663 60 10
1595 1395 0 355 60 10
1596 1400 4 1301 60 10
1597 1400 27 4488 60 10
1598 1400 22 3937 40 20
1599 1400 20 2417 60 10
1600 1400 28 3721 60 10
1601 1402 8 3377 60 10
1602 1402 17 1987 50 5
1603 1402 12 3122 60 10
1604 1402 29 2163 50 5
1605 1402 13 3201 50 5
1606 1409 24 2364 60 10
1607 1409 24 4735 60 10
1608 1409 16 2686 60 10
1609 1409 15 2227 40 20
1610 1409 15 3486 50 5
1611 1415 10 3364 60 10
1612 1415 28 41 60 10
1613 1415 5 3709 60 10
1614 1415 21 62 60 10
1615 1415 7 2633 60 10
1616 1415 3 2797 60 10
1617 1415 10 3543 60 10
1618 1415 21 4456 60 10
1619 1415 28 2728 60 10
1620 1415 11 2 60 10
1621 1422 0 254 60 10
1622 1422 27 4062 50 5
1623 1422 26 3937 60 10
1624 1422 29 1304 60 10
1625 1422 29 1514 60 10
1626 1426 5 1528 60 10
1627 1426 11 1937 60 10
1628 1426 14 1537 50 5
1629 1426 25 1897 60 10
1630 1426 27 978 40 20
1631 1432 5 3245 60 10
1632 1432 15 583 50 5
1633 1432 26 576 50 5
1634 1432 16 3361 60 10
1635 1432 14 3564 50 5
1636 1434 19 2494 60 10
1637 1434 16 1429 50 5
1638 1434 0 1871 60 10
1639 1434 25 4 60 10
1640 1434 16 2752 60 10
1641 1443 6 4851 60 10
1642 1443 16 4399 60 10
1643 1443 9 4440 60 10
1644 1443 11 2073 40 20
1645 1443 17 503 60 10
1646 1451 20 1246 60 10
1647 1451 25 90 60 10
1648 1451 3 219 60 10
1649 1451 15 2923 40 20
1650 1451 11 3587 60 10
1651 1459 16 4824 50 5
1652 1459 26 3556 60 10
1653 1459 29 4770 60 10
1654 1459 26 576 60 10
1655 1459 20 444 60 10
1656 1467 27 577 50 5
1657 1467 14 4249 60 10
1658 1467 11 1997 50 5
1659 1467 19 4356 60 10
1660 1467 19 1979 60 10
1661 1474 25 66 60 10
1662 1474 11 430 60 10
1663 1474 20 390 60 10
1664 1474 7 3142 40 20
1665 1474 16 1194 50 5
1666 1475 15 2126 40 20
1667 1475 6 3489 50 5
1668 1475 22 4973 60 10
1669 1475 24 3609 60 10
1670 1475 0 2281 50 5
1671 1484 22 4187 60 10
1672 1484 20 118 60 10
1673 1484 2 3011 60 10
1674 1484 27 1875 60 10
1675 1484 12 4721 50 5
1676 1491 20 3077 60 10
1677 1491 19 1723 50 5
1678 1491 28 4266 40 20
1679 1491 29 49 60 10
1680 1491 2 1844 50 5
1681 1492 20 179 50 5
1682 1492 17 3740 60 10
1683 1492 11 1699 60 10
1684 1492 21 3407 60 10
1685 1492 15 2690 60 10
1686 1498 9 3926 60 10
1687 1498 11 2814 60 10
1688 1498 9 654 40 20
1689 1498 12 3643 60 10
1690 1498 4 1644 60 10
1691 1503 2 3272 60 10
1692 1503 14 1743 60 10
1693 1503 11 636 60 10
1694 1503 7 3274 50 5
1695 1503 18 3692 50 5
1696 1508 2 714 60 10
1697 1508 15 2723 60 10
1698 1508 13 4495 60 10
1699 1508 9 2193 60 10
1700 1508 2 122 50 5
1701 1517 19 3084 60 10
1702 1517 28 2296 60 10
1703 1517 29 1895 60 10
1704 1517 26 4309 60 10
1705 1517 22 1015 60 10
1706 1517 28 2256 50 5
1707 1517 22 2362 60 10
1708 1517 3 4038 50 5
1709 1517 19 4098 60 10
1710 1517 19 2645 60 10
1711 1526 25 3702 60 10
1712 1526 24 2358 50 5
1713 1526 15 2132 50 5
1714 1526 11 2710 60 10
1715 1526 4 1572 40 20
1716 1530 27 1752 60 10
1717 1530 3 4738 60 10
1718 1530 23 2115 50 5
1719 1530 9 54 60 10
1720 1530 0 3741 60 10
1721 1537 25 3063 60 10
1722 1537 14 4914 40 20
1723 1537 9 3123 60 10
1724 1537 17 1975 60 10
1725 1537 4 274 60 10
1726 1544 18 1875 60 10
1727 1544 15 2812 50 5
1728 1544 17 4981 60 10
1729 1544 14 1893 60 10
1730 1544 20 2635 60 10
1731 1544 25 2414 60 10
1732 1544 16 3972 50 5
1733 1544 19 2299 60 10
1734 1544 4 1198 60 10
1735 1544 21 657 60 10
1736 1545 24 4144 60 10
1737 1545 25 1103 50 5
1738 1545 19 2942 60 10
1739 1545 29 1511 60 10
1740 1545 10 2710 60 10
1741 1552 18 3011 50 5
1742 1552 7 1795 50 5
1743 1552 5 1678 60 10
1744 1552 26 77 50 5
1745 1552 14 3722 60 10
1746 1557 29 3391 60 10
1747 1557 12 692 60 10
1748 1557 15 4724 60 10
1749 1557 20 3636 60 10
1750 1557 15 4814 40 20
1751 1559 4 494 60 10
1752 1559 1 2207 60 10
1753 1559 25 1162 60 10
1754 1559 14 3907 60 10
1755 1559 26 2396 60 10
1756 1566 2 4457 60 10
1757 1566 9 4842 40 20
1758 1566 5 3640 50 5
1759 1566 19 829 60 10
1760 1566 20 3955 60 10
1761 1571 18 2208 50 5
1762 1571 14 4521 60 10
1763 1571 29 2472 60 10
1764 1571 19 2511 40 20
1765 1571 18 999 60 10
1766 1571 25 1029 50 5
1767 1571 7 3914 40 20
1768 1571 9 890 60 10
1769 1571 13 3480 50 5
1770 1571 11 2070 60 10
1771 1580 9 2648 50 5
1772 1580 10 1841 60 10
1773 1580 25 752 60 10
1774 1580 0 4619 60 10
1775 1580 3 4083 50 5
1776 1584 9 107 60 10
1777 1584 12 1523 60 10
1778 1584 26 2794 60 10
1779 1584 25 350 60 10
1780 1584 1 254 60 10
1781 1590 14 1318 60 10
1782 1590 14 3294 60 10
1783 1590 22 3497 50 5
1784 1590 7 3486 40 20
1785 1590 24 361 60 10
1786 1597 14 3699 60 10
1787 1597 24 2310 50 5
1788 1597 10 255 60 10
1789 1597 25 264 60 10
1790 1597 1 4836 60 10
1791 1597 18 499 60 10
1792 1597 1 1265 60 10
1793 1597 0 3324 60 10
1794 1597 21 736 60 10
1795 1597 6 4936 50 5
1796 1605 25 4894 60 10
1797 1605 29 1403 60 10
1798 1605 16 2066 60 10
1799 1605 28 4876 60 10
1800 1605 8 767 60 10
1801 1607 23 4086 60 10
1802 1607 21 4697 40 20
1803 1607 24 202 60 10
1804 1607 6 825 60 10
1805 1607 22 913 60 10
1806 1610 13 2859 60 10
1807 1610 28 1025 50 5
1808 1610 7 4907 60 10
1809 1610 25 908 60 10
1810 1610 27 3231 60 10
1811 1610 28 983 60 10
1812 1610 6 255 60 10
1813 1610 15 4217 50 5
1814 1610 19 3809 60 10
1815 1610 28 2250 60 10
1816 1614 1 1771 60 10
1817 1614 19 3353 40 20
1818 1614 15 42 50 5
1819 1614 28 3982 50 5
1820 1614 3 1036 60 10
1821 1615 28 1175 60 10
1822 1615 16 1163 50 5
1823 1615 1 578 60 10
1824 1615 29 2040 60 10
1825 1615 21 909 60 10
1826 1619 6 1885 60 10
1827 1619 12 4354 50 5
1828 1619 24 3855 60 10
1829 1619 6 4252 50 5
1830 1619 1 455 40 20
1831 1628 0 189 60 10
1832 1628 6 1668 60 10
1833 1628 20 2380 50 5
1834 1628 8 3470 60 10
1835 1628 18 2474 60 10
1836 1629 14 1769 60 10
1837 1629 5 4325 60 10
1838 1629 11 3386 40 20
1839 1629 22 2469 60 10
1840 1629 12 4687 60 10
1841 1637 14 1865 40 20
1842 1637 26 2043 50 5
1843 1637 1 4537 60 10
1844 1637 1 2188 50 5
1845 1637 16 4991 60 10
1846 1644 26 535 60 10
1847 1644 0 745 60 10
1848 1644 21 2490 60 10
1849 1644 4 2216 40 20
1850 1644 4 3860 60 10
1851 1645 28 588 60 10
1852 1645 18 3047 60 10
1853 1645 0 3151 60 10
1854 1645 14 4040 60 10
1855 1645 26 670 60 10
1856 1650 14 2840 60 10
1857 1650 26 3191 40 20
1858 1650 2 2912 40 20
1859 1650 9 447 60 10
1860 1650 20 31 60 10
1861 1658 20 1285 60 10
1862 1658 17 4769 60 10
1863 1658 24 3375 60 10
1864 1658 2 1011 60 10
1865 1658 23 3647 60 10
1866 1665 3 4419 40 20
1867 1665 16 3959 50 5
1868 1665 9 4284 40 20
1869 1665 21 3641 40 20
1870 1665 6 4415 60 10
1871 1672 14 500 60 10
1872 1672 6 16 60 10
1873 1672 23 1017 60 10
1874 1672 14 2918 60 10
1875 1672 18 520 40 20
1876 1672 11 3784 50 5
1877 1672 5 2440 60 10
1878 1672 8 3054 60 10
1879 1672 15 4414 50 5
1880 1672 0 3460 50 5
1881 1673 29 4249 60 10
1882 1673 17 925 40 20
1883 1673 16 4237 40 20
1884 1673 18 1871 60 10
1885 1673 25 1515 50 5
1886 1679 9 2760 60 10
1887 1679 3 2443 50 5
1888 1679 7 1862 40 20
1889 1679 26 2678 50 5
1890 1679 21 2239 60 10
1891 1680 15 2397 60 10
1892 1680 4 119 60 10
1893 1680 7 1314 60 10
1894 1680 3 1120 60 10
1895 1680 1 2088 60 10
1896 1689 24 2018 60 10
1897 1689 24 407 60 10
1898 1689 28 2395 60 10
1899 1689 26 2249 50 5
1900 1689 4 519 50 5
1901 1696 19 3119 60 10
1902 1696 15 3479 40 20
1903 1696 6 649 60 10
1904 1696 24 1208 60 10
1905 1696 28 4085 50 5
1906 1704 28 4470 60 10
1907 1704 13 493 60 10
1908 1704 1 4230 40 20
1909 1704 20 936 50 5
1910 1704 21 2764 60 10
1911 1707 7 136 60 10
1912 1707 0 1213 60 10
1913 1707 29 2995 60 10
1914 1707 9 3814 60 10
1915 1707 14 1820 60 10
1916 1712 24 4109 60 10
1917 1712 24 116 60 10
1918 1712 20 4831 60 10
1919 1712 23 449 50 5
1920 1712 21 2598 50 5
1921 1721 21 4942 60 10
1922 1721 15 1248 60 10
1923 1721 22 4758 50 5
1924 1721 21 148 60 10
1925 1721 8 996 60 10
1926 1722 8 1006 60 10
1927 1722 27 1021 60 10
1928 1722 27 4014 60 10
1929 1722 1 333 40 20
1930 1722 24 1110 50 5
1931 1731 3 652 40 20
1932 1731 8 3073 60 10
1933 1731 6 1930 60 10
1934 1731 7 4785 60 10
1935 1731 25 2014 60 10
1936 1733 29 3009 60 10
1937 1733 3 4904 60 10
1938 1733 23 1715 60 10
1939 1733 20 2428 60 10
1940 1733 11 3011 60 10
1941 1737 25 2615 40 20
1942 1737 21 4431 50 5
1943 1737 27 2857 50 5
1944 1737 5 2901 50 5
1945 1737 3 2736 40 20
1946 1745 17 3510 60 10
1947 1745 0 556 50 5
1948 1745 20 2453 60 10
1949 1745 2 4175 60 10
1950 1745 26 478 60 10
1951 1750 16 33 60 10
1952 1750 12 4091 60 10
1953 1750 6 4305 50 5
1954 1750 23 1968 60 10
1955 1750 22 1885 60 10
1956 1754 27 1982 60 10
1957 1754 7 2257 60 10
1958 1754 23 1942 50 5
1959 1754 15 4148 60 10
1960 1754 10 382 60 10
1961 1754 25 2649 40 20
1962 1754 25 1844 60 10
1963 1754 18 2091 60 10
1964 1754 8 58 50 5
1965 1754 1 1178 60 10
1966 1756 20 1208 40 20
1967 1756 2 312 60 10
1968 1756 29 4940 60 10
1969 1756 11 2685 60 10
1970 1756 16 987 60 10
1971 1757 5 3519 60 10
1972 1757 26 1275 60 10
1973 1757 7 455 60 10
1974 1757 25 843 60 10
1975 1757 12 3729 60 10
1976 1763 29 1749 40 20
1977 1763 5 3281 60 10
1978 1763 22 4096 60 10
1979 1763 0 1256 50 5
1980 1763 9 3021 60 10
1981 1765 28 708 40 20
1982 1765 5 4223 60 10
1983 1765 25 989 60 10
1984 1765 13 3595 60 10
1985 1765 26 2345 40 20
1986 1772 15 2476 60 10
1987 1772 3 4051 60 10
1988 1772 26 4945 60 10
1989 1772 18 1399 60 10
1990 1772 4 3605 40 20
1991 1776 23 1663 50 5
1992 1776 19 786 60 10
1993 1776 5 2637 60 10
1994 1776 27 4882 60 10
1995 1776 4 3994 40 20
1996 1783 6 3341 60 10
1997 1783 20 463 60 10
1998 1783 8 2609 60 10
1999 1783 15 249 60 10
2000 1783 27 2322 40 20
2001 1787 27 1072 50 5
2002 1787 21 2617 60 10
2003 1787 0 4462 60 10
2004 1787 27 1872 40 20
2005 1787 7 341 60 10
2006 1789 29 4304 60 10
2007 1789 0 2453 60 10
2008 1789 1 94 50 5
2009 1789 12 6 60 10
2010 1789 25 148 60 10
2011 1797 21 4703 50 5
2012 1797 4 4630 60 10
2013 1797 26 3418 60 10
2014 1797 15 4566 60 10
2015 1797 4 2745 60 10
2016 1800 14 1942 60 10
2017 1800 20 2676 40 20
2018 1800 17 529 50 5
2019 1800 24 4005 60 10
2020 1800 24 1060 60 10
2021 1808 12 3869 60 10
2022 1808 22 4993 60 10
2023 1808 12 1039 60 10
2024 1808 2 1330 60 10
2025 1808 12 1190 40 20
2026 1812 6 70 60 10
2027 1812 6 2580 60 10
2028 1812 17 4394 40 20
2029 1812 26 112 50 5
2030 1812 12 2121 60 10
2031 1816 14 961 60 10
2032 1816 25 3433 60 10
2033 1816 22 1750 60 10
2034 1816 27 597 50 5
2035 1816 0 893 60 10
2036 1824 25 4120 60 10
2037 1824 0 1870 50 5
2038 1824 1 57 60 10
2039 1824 8 1790 60 10
2040 1824 6 3395 50 5
2041 1832 24 1148 50 5
2042 1832 0 167 60 10
2043 1832 20 2862 60 10
2044 1832 0 864 60 10
2045 1832 16 3997 40 20
2046 1837 18 1765 60 10
2047 1837 3 4578 60 10
2048 1837 11 470 40 20
2049 1837 26 871 60 10
2050 1837 9 4107 60 10
2051 1844 4 2909 60 10
2052 1844 29 1971 60 10
2053 1844 6 3505 60 10
2054 1844 20 1225 40 20
2055 1844 13 4038 60 10
2056 1851 6 2292 40 20
2057 1851 8 4687 40 20
2058 1851 27 4240 40 20
2059 1851 11 3715 40 20
2060 1851 17 2640 60 10
2061 1857 21 3036 60 10
2062 1857 18 1108 40 20
2063 1857 24 3461 50 5
2064 1857 26 4146 60 10
2065 1857 25 4785 60 10
2066 1860 19 4997 60 10
2067 1860 5 2742 60 10
2068 1860 21 4561 60 10
2069 1860 24 3355 60 10
2070 1860 16 2074 50 5
2071 1865 15 1633 60 10
2072 1865 20 3634 60 10
2073 1865 26 2635 40 20
2074 1865 16 4386 50 5
2075 1865 8 860 60 10
2076 1866 10 3025 60 10
2077 1866 10 3078 60 10
2078 1866 23 279 60 10
2079 1866 8 1813 60 10
2080 1866 21 2417 60 10
2081 1866 7 1581 60 10
2082 1866 20 1630 60 10
2083 1866 14 2747 60 10
2084 1866 5 2305 40 20
2085 1866 23 2658 60 10
2086 1870 17 4527 60 10
2087 1870 1 520 60 10
2088 1870 1 2058 60 10
2089 1870 2 2250 60 10
2090 1870 18 606 50 5
2091 1876 28 1839 60 10
2092 1876 14 3200 50 5
2093 1876 20 1709 60 10
2094 1876 26 3862 60 10
2095 1876 21 1424 60 10
2096 1880 3 3735 60 10
2097 1880 12 3684 50 5
2098 1880 20 3452 60 10
2099 1880 14 3426 60 10
2100 1880 12 504 60 10
2101 1883 9 1911 60 10
2102 1883 26 1935 60 10
2103 1883 28 4249 60 10
2104 1883 9 2315 60 10
2105 1883 26 872 50 5
2106 1890 6 962 60 10
2107 1890 27 2209 60 10
2108 1890 28 3668 60 10
2109 1890 6 1398 60 10
2110 1890 21 3440 60 10
2111 1897 19 4614 50 5
2112 1897 24 3524 60 10
2113 1897 29 2982 60 10
2114 1897 2 4287 60 10
2115 1897 24 1641 60 10
2116 1897 25 3758 60 10
2117 1897 20 1223 40 20
2118 1897 12 1497 60 10
2119 1897 9 2820 60 10
2120 1897 23 1597 60 10
2121 1904 14 3307 60 10
2122 1904 12 1375 60 10
2123 1904 11 2877 60 10
2124 1904 2 2002 60 10
2125 1904 28 4067 50 5
2126 1907 25 1294 50 5
2127 1907 22 2951 60 10
2128 1907 17 316 50 5
2129 1907 28 2718 60 10
2130 1907 25 159 60 10
2131 1910 1 2431 60 10
2132 1910 27 2151 60 10
2133 1910 14 4022 50 5
2134 1910 2 4980 60 10
2135 1910 24 2111 60 10
2136 1912 27 2743 50 5
2137 1912 12 4569 40 20
2138 1912 23 1925 60 10
2139 1912 1 642 60 10
2140 1912 0 702 60 10
2141 1914 27 1432 60 10
2142 1914 16 4612 60 10
2143 1914 8 4393 60 10
2144 1914 19 3341 60 10
2145 1914 9 2732 60 10
2146 1914 12 1131 60 10
2147 1914 19 4812 60 10
2148 1914 6 2708 40 20
2149 1914 9 4514 60 10
2150 1914 2 4499 50 5
2151 1920 25 3608 40 20
2152 1920 27 2471 60 10
2153 1920 15 1550 60 10
2154 1920 23 574 60 10
2155 1920 7 1515 60 10
2156 1925 25 25 60 10
2157 1925 11 673 60 10
2158 1925 19 1936 40 20
2159 1925 24 621 60 10
2160 1925 15 1981 40 20
2161 1934 19 2798 60 10
2162 1934 16 1000 60 10
2163 1934 24 3708 40 20
2164 1934 1 4693 60 10
2165 1934 18 1506 60 10
2166 1939 2 3001 50 5
2167 1939 1 704 60 10
2168 1939 9 1235 60 10
2169 1939 7 2011 60 10
2170 1939 22 3276 60 10
2171 1945 5 3387 50 5
2172 1945 2 1494 60 10
2173 1945 0 3668 50 5
2174 1945 2 2619 60 10
2175 1945 12 4915 60 10
2176 1946 24 252 60 10
2177 1946 7 1176 60 10
2178 1946 28 2347 60 10
2179 1946 11 635 60 10
2180 1946 23 3209 40 20
2181 1953 13 3070 40 20
2182 1953 21 738 50 5
2183 1953 21 2118 50 5
2184 1953 4 3032 50 5
2185 1953 3 878 50 5
2186 1956 21 4745 60 10
2187 1956 21 2689 40 20
2188 1956 5 2137 60 10
2189 1956 2 743 60 10
2190 1956 21 2995 60 10
2191 1956 23 87 40 20
2192 1956 3 4843 50 5
2193 1956 18 4330 60 10
2194 1956 12 749 60 10
2195 1956 16 3225 60 10
2196 1958 17 2760 60 10
2197 1958 2 3564 40 20
2198 1958 10 2589 60 10
2199 1958 3 4950 40 20
2200 1958 11 1314 60 10
2201 1964 8 990 60 10
2202 1964 15 410 60 10
2203 1964 27 1232 60 10
2204 1964 0 1184 60 10
2205 1964 20 2718 40 20
2206 1966 21 1122 60 10
2207 1966 6 913 60 10
2208 1966 7 806 40 20
2209 1966 15 936 60 10
2210 1966 4 3239 40 20
2211 1972 16 3412 50 5
2212 1972 7 62 60 10
2213 1972 22 3872 40 20
2214 1972 3 2051 60 10
2215 1972 27 2044 60 10
2216 1979 0 4966 40 20
2217 1979 9 3407 60 10
2218 1979 2 3478 60 10
2219 1979 23 1445 50 5
2220 1979 17 1305 60 10
2221 1981 26 4992 40 20
2222 1981 9 2448 60 10
2223 1981 5 2881 60 10
2224 1981 16 3893 60 10
2225 1981 26 3052 40 20
2226 1985 24 2740 60 10
2227 1985 17 207 60 10
2228 1985 23 715 60 10
2229 1985 25 3126 60 10
2230 1985 17 4976 40 20
2231 1993 12 2219 50 5
2232 1993 10 8 50 5
2233 1993 14 1780 60 10
2234 1993 27 3389 40 20
2235 1993 23 53 60 10
2236 1998 27 669 60 10
2237 1998 29 3728 40 20
2238 1998 14 4446 60 10
2239 1998 5 4385 40 20
2240 1998 21 108 50 5
2241 2000 16 1588 60 10
2242 2000 8 1205 50 5
2243 2000 11 1441 60 10
2244 2000 0 1749 60 10
2245 2000 2 3751 60 10
2246 2007 8 1592 50 5
2247 2007 18 715 60 10
2248 2007 29 4487 50 5
2249 2007 22 1999 60 10
2250 2007 21 2790 50 5
2251 2007 9 1211 60 10
2252 2007 14 2224 50 5
2253 2007 17 624 60 10
2254 2007 4 3548 40 20
2255 2007 13 4547 60 10
2256 2007 21 2821 60 10
2257 2007 0 2864 60 10
2258 2007 24 3541 40 20
2259 2007 19 1112 60 10
2260 2007 2 501 40 20
2261 2008 20 1440 60 10
2262 2008 22 4112 50 5
2263 2008 10 440 40 20
2264 2008 11 3962 50 5
2265 2008 16 2535 50 5
2266 2008 19 1053 60 10
2267 2008 25 1734 60 10
2268 2008 20 3898 60 10
2269 2008 8 1397 40 20
2270 2008 9 418 60 10
2271 2008 29 1476 50 5
2272 2008 8 102 40 20
2273 2008 23 4891 60 10
2274 2008 17 463 50 5
2275 2008 4 4741 60 10
2276 2014 27 222 60 10
2277 2014 7 1069 50 5
2278 2014 13 2964 60 10
2279 2014 8 3660 60 10
2280 2014 29 1644 40 20
2281 2023 18 3294 50 5
2282 2023 27 2753 60 10
2283 2023 5 4791 50 5
2284 2023 2 1659 60 10
2285 2023 13 1813 60 10
2286 2029 6 347 60 10
2287 2029 11 3943 60 10
2288 2029 23 1036 60 10
2289 2029 20 1007 50 5
2290 2029 17 211 60 10
2291 2033 22 2718 60 10
2292 2033 7 2882 60 10
2293 2033 4 2149 40 20
2294 2033 15 2918 50 5
2295 2033 11 166 60 10
2296 2039 19 289 50 5
2297 2039 8 1681 60 10
2298 2039 26 762 60 10
2299 2039 24 2140 60 10
2300 2039 12 1311 50 5
2301 2046 1 581 40 20
2302 2046 11 2329 60 10
2303 2046 4 3021 50 5
2304 2046 3 1280 60 10
2305 2046 8 4840 60 10
2306 2047 5 3386 50 5
2307 2047 7 1638 60 10
2308 2047 24 4910 50 5
2309 2047 29 4133 60 10
2310 2047 23 369 60 10
2311 2048 12 3794 50 5
2312 2048 1 1725 60 10
2313 2048 13 1886 50 5
2314 2048 20 545 60 10
2315 2048 29 2803 60 10
2316 2053 13 1821 50 5
2317 2053 29 4955 50 5
2318 2053 13 4135 60 10
2319 2053 4 3585 60 10
2320 2053 8 3664 60 10
2321 2056 0 2045 60 10
2322 2056 11 2190 60 10
2323 2056 27 2274 60 10
2324 2056 12 1185 40 20
2325 2056 27 720 60 10
2326 2058 4 1626 40 20
2327 2058 21 499 60 10
2328 2058 29 911 60 10
2329 2058 25 464 40 20
2330 2058 26 3244 60 10
2331 2065 16 1638 60 10
2332 2065 20 3638 60 10
2333 2065 13 1671 40 20
2334 2065 5 2665 50 5
2335 2065 27 2182 50 5
2336 2072 22 538 50 5
2337 2072 8 4228 60 10
2338 2072 13 1132 40 20
2339 2072 23 337 60 10
2340 2072 29 4246 60 10
2341 2081 13 1118 60 10
2342 2081 6 2002 60 10
2343 2081 15 3846 50 5
2344 2081 29 583 50 5
2345 2081 4 2709 60 10
2346 2087 26 3444 60 10
2347 2087 25 2054 60 10
2348 2087 3 2511 60 10
2349 2087 10 1070 60 10
2350 2087 26 4805 50 5
2351 2090 5 109 50 5
2352 2090 17 2013 60 10
2353 2090 12 991 60 10
2354 2090 29 1140 60 10
2355 2090 22 4750 60 10
2356 2092 23 2472 60 10
2357 2092 27 1986 60 10
2358 2092 13 1184 60 10
2359 2092 9 1662 60 10
2360 2092 29 4449 40 20
2361 2097 5 4313 60 10
2362 2097 2 1117 40 20
2363 2097 8 4882 60 10
2364 2097 2 601 60 10
2365 2097 25 448 60 10
2366 2102 4 831 60 10
2367 2102 22 4752 40 20
2368 2102 25 102 60 10
2369 2102 21 641 60 10
2370 2102 15 2403 60 10
2371 2102 19 1676 60 10
2372 2102 29 3858 60 10
2373 2102 10 182 50 5
2374 2102 3 3061 60 10
2375 2102 12 3339 40 20
2376 2111 6 40 50 5
2377 2111 26 2103 60 10
2378 2111 5 107 60 10
2379 2111 22 439 40 20
2380 2111 5 2050 40 20
2381 2118 2 1757 40 20
2382 2118 18 4733 40 20
2383 2118 24 3909 60 10
2384 2118 9 447 60 10
2385 2118 9 4423 40 20
2386 2127 28 2163 50 5
2387 2127 26 2352 60 10
2388 2127 29 4925 40 20
2389 2127 29 249 60 10
2390 2127 9 2006 60 10
2391 2129 6 4660 60 10
2392 2129 0 2566 60 10
2393 2129 3 3197 40 20
2394 2129 12 289 50 5
2395 2129 23 3861 60 10
2396 2134 17 2577 50 5
2397 2134 20 4298 40 20
2398 2134 15 101 60 10
2399 2134 14 933 40 20
2400 2134 8 3975 60 10
2401 2135 0 3266 60 10
2402 2135 21 4436 60 10
2403 2135 15 3071 40 20
2404 2135 8 714 60 10
2405 2135 13 1509 60 10
2406 2137 3 2201 60 10
2407 2137 4 3302 60 10
2408 2137 21 1835 50 5
2409 2137 24 2348 50 5
2410 2137 4 3198 50 5
2411 2146 15 1534 60 10
2412 2146 14 679 60 10
2413 2146 17 907 60 10
2414 2146 11 2145 60 10
2415 2146 8 4149 60 10
2416 2154 23 2499 60 10
2417 2154 15 2444 60 10
2418 2154 21 1447 40 20
2419 2154 0 3254 40 20
2420 2154 12 3002 40 20
2421 2154 4 1201 60 10
2422 2154 29 2657 60 10
2423 2154 9 1432 60 10
2424 2154 2 608 60 10
2425 2154 21 2727 60 10
2426 2155 18 1016 40 20
2427 2155 15 1899 60 10
2428 2155 18 2608 60 10
2429 2155 17 2476 50 5
2430 2155 26 4716 50 5
2431 2161 22 617 60 10
2432 2161 16 3287 60 10
2433 2161 20 4496 40 20
2434 2161 8 3262 60 10
2435 2161 0 2882 60 10
2436 2161 25 3607 60 10
2437 2161 27 4027 60 10
2438 2161 4 4111 50 5
2439 2161 21 1668 60 10
2440 2161 15 3290 40 20
2441 2169 9 376 60 10
2442 2169 18 3748 60 10
2443 2169 28 601 50 5
2444 2169 16 1259 50 5
2445 2169 24 4950 60 10
2446 2172 15 3904 60 10
2447 2172 17 3286 60 10
2448 2172 25 2101 60 10
2449 2172 4 320 40 20
2450 2172 12 1143 50 5
2451 2176 10 2150 40 20
2452 2176 5 702 50 5
2453 2176 1 2068 60 10
2454 2176 28 191 60 10
2455 2176 19 2892 60 10
2456 2184 19 3851 60 10
2457 2184 17 2385 60 10
2458 2184 1 3375 60 10
2459 2184 10 1286 60 10
2460 2184 16 2616 50 5
2461 2187 11 3153 60 10
2462 2187 6 141 50 5
2463 2187 19 1873 40 20
2464 2187 8 1874 60 10
2465 2187 6 899 40 20
2466 2189 16 937 60 10
2467 2189 10 2295 60 10
2468 2189 20 4320 60 10
2469 2189 11 4720 50 5
2470 2189 16 1215 50 5
2471 2194 0 1683 60 10
2472 2194 1 778 60 10
2473 2194 16 343 60 10
2474 2194 25 333 60 10
2475 2194 9 92 40 20
2476 2203 29 4265 60 10
2477 2203 24 2773 60 10
2478 2203 0 1439 40 20
2479 2203 29 4141 40 20
2480 2203 4 139 50 5
2481 2209 28 1579 60 10
2482 2209 22 3421 60 10
2483 2209 24 2928 60 10
2484 2209 18 814 50 5
2485 2209 25 2981 50 5
2486 2214 23 2411 50 5
2487 2214 13 1838 60 10
2488 2214 17 4123 60 10
2489 2214 21 365 50 5
2490 2214 21 4516 40 20
2491 2215 18 4458 60 10
2492 2215 20 1061 50 5
2493 2215 11 2426 60 10
2494 2215 2 2470 50 5
2495 2215 5 2312 50 5
2496 2216 0 32 60 10
2497 2216 0 3528 60 10
2498 2216 24 4117 60 10
2499 2216 28 344 60 10
2500 2216 8 1403 60 10
2501 2222 14 3551 40 20
2502 2222 15 3787 60 10
2503 2222 22 1758 60 10
2504 2222 27 4518 60 10
2505 2222 7 4453 50 5
2506 2231 21 631 60 10
2507 2231 3 3443 60 10
2508 2231 3 517 60 10
2509 2231 21 557 60 10
2510 2231 28 2015 60 10
2511 2236 4 1562 50 5
2512 2236 21 2174 60 10
2513 2236 27 4500 50 5
2514 2236 17 1772 60 10
2515 2236 18 3234 60 10
2516 2242 7 489 60 10
2517 2242 0 4904 60 10
2518 2242 16 3075 60 10
2519 2242 24 1390 60 10
2520 2242 15 2800 50 5
2521 2247 21 580 60 10
2522 2247 0 2823 60 10
2523 2247 24 1044 60 10
2524 2247 0 4114 60 10
2525 2247 14 1649 60 10
2526 2253 27 892 50 5
2527 2253 20 2791 60 10
2528 2253 5 1127 40 20
2529 2253 15 2754 50 5
2530 2253 5 1063 60 10
2531 2262 15 2699 60 10
2532 2262 27 1126 50 5
2533 2262 17 4669 60 10
2534 2262 22 2022 60 10
2535 2262 22 2921 40 20
2536 2263 2 282 60 10
2537 2263 28 3007 60 10
2538 2263 6 1896 60 10
2539 2263 25 2930 60 10
2540 2263 20 2106 60 10
2541 2263 11 3330 50 5
2542 2263 23 730 60 10
2543 2263 8 1544 60 10
2544 2263 29 3810 50 5
2545 2263 4 1131 60 10
2546 2271 17 3802 60 10
2547 2271 26 1945 60 10
2548 2271 17 2191 60 10
2549 2271 29 260 50 5
2550 2271 28 2628 50 5
2551 2276 19 3958 60 10
2552 2276 20 4075 60 10
2553 2276 13 4654 60 10
2554 2276 1 620 60 10
2555 2276 7 2822 60 10
2556 2279 1 981 60 10
2557 2279 12 2557 60 10
2558 2279 4 2244 50 5
2559 2279 20 3689 60 10
2560 2279 16 1250 60 10
2561 2280 15 1081 60 10
2562 2280 16 4090 60 10
2563 2280 16 405 60 10
2564 2280 28 4198 60 10
2565 2280 2 1466 60 10
2566 2286 10 3586 60 10
2567 2286 4 3817 60 10
2568 2286 29 4103 60 10
2569 2286 17 2761 40 20
2570 2286 28 1294 60 10
2571 2293 14 42 60 10
2572 2293 8 263 50 5
2573 2293 7 2557 60 10
2574 2293 0 1351 60 10
2575 2293 0 231 40 20
2576 2295 9 1 60 10
2577 2295 10 2424 60 10
2578 2295 18 2704 60 10
2579 2295 2 4317 60 10
2580 2295 5 3007 60 10
2581 2303 23 1729 60 10
2582 2303 4 3105 50 5
2583 2303 5 1688 60 10
2584 2303 22 2255 50 5
2585 2303 2 1446 50 5
2586 2303 11 1387 60 10
2587 2303 26 4936 60 10
2588 2303 22 334 60 10
2589 2303 1 1331 40 20
2590 2303 13 798 60 10
2591 2308 22 4807 60 10
2592 2308 18 3617 60 10
2593 2308 2 2332 60 10
2594 2308 5 2150 50 5
2595 2308 20 4366 40 20
2596 2314 19 1679 60 10
2597 2314 14 98 60 10
2598 2314 7 2171 50 5
2599 2314 3 1308 40 20
2600 2314 4 1537 60 10
2601 2316 15 1787 50 5
2602 2316 23 1590 60 10
2603 2316 29 2538 60 10
2604 2316 14 1340 60 10
2605 2316 1 176 50 5
2606 2318 8 1429 50 5
2607 2318 0 981 60 10
2608 2318 14 1277 60 10
2609 2318 3 657 60 10
2610 2318 27 3491 60 10
2611 2321 23 189 50 5
2612 2321 21 609 60 10
2613 2321 11 4314 60 10
2614 2321 3 1265 60 10
2615 2321 3 2523 40 20
2616 2325 5 3429 50 5
2617 2325 16 1681 60 10
2618 2325 0 1997 60 10
2619 2325 17 313 60 10
2620 2325 5 4617 60 10
2621 2327 12 4150 60 10
2622 2327 16 2514 50 5
2623 2327 25 3716 60 10
2624 2327 14 3429 60 10
2625 2327 13 3679 50 5
2626 2329 15 2088 50 5
2627 2329 8 4016 60 10
2628 2329 24 402 40 20
2629 2329 10 1811 60 10
2630 2329 4 4805 60 10
2631 2331 25 2813 60 10
2632 2331 5 168 40 20
2633 2331 14 224 60 10
2634 2331 0 1632 60 10
2635 2331 29 3380 60 10
2636 2336 5 1821 60 10
2637 2336 17 1896 60 10
2638 2336 23 1614 60 10
2639 2336 2 2289 60 10
2640 2336 4 1406 60 10
2641 2344 15 866 60 10
2642 2344 3 4692 50 5
2643 2344 2 133 60 10
2644 2344 24 1346 60 10
2645 2344 22 1059 50 5
2646 2348 12 357 60 10
2647 2348 22 1953 50 5
2648 2348 25 871 40 20
2649 2348 4 4482 60 10
2650 2348 22 2628 50 5
2651 2355 17 4614 60 10
2652 2355 24 3765 60 10
2653 2355 18 3165 60 10
2654 2355 22 2036 60 10
2655 2355 13 2539 60 10
2656 2360 18 1502 60 10
2657 2360 7 4612 60 10
2658 2360 9 1302 50 5
2659 2360 19 654 50 5
2660 2360 24 4680 40 20
2661 2360 22 4831 60 10
2662 2360 10 1092 50 5
2663 2360 21 3086 40 20
2664 2360 19 2068 40 20
2665 2360 20 572 60 10
2666 2364 6 4610 40 20
2667 2364 28 4088 60 10
2668 2364 5 1155 60 10
2669 2364 25 1972 60 10
2670 2364 25 161 60 10
2671 2368 5 1680 50 5
2672 2368 23 328 60 10
2673 2368 9 2089 50 5
2674 2368 16 4876 60 10
2675 2368 25 3143 60 10
2676 2372 13 1809 40 20
2677 2372 10 2319 60 10
2678 2372 12 3262 40 20
2679 2372 19 1902 60 10
2680 2372 0 1367 60 10
2681 2380 19 2558 50 5
2682 2380 7 2762 60 10
2683 2380 13 1949 40 20
2684 2380 29 3954 60 10
2685 2380 3 1859 50 5
2686 2387 14 4073 60 10
2687 2387 21 3334 60 10
2688 2387 6 3879 60 10
2689 2387 20 4507 60 10
2690 2387 2 4754 60 10
2691 2390 10 1483 60 10
2692 2390 17 1865 60 10
2693 2390 25 2332 60 10
2694 2390 7 1168 60 10
2695 2390 12 792 50 5
2696 2393 2 156 50 5
2697 2393 25 1119 60 10
2698 2393 4 3309 60 10
2699 2393 17 3916 40 20
2700 2393 22 1475 50 5
2701 2401 13 4710 60 10
2702 2401 8 438 60 10
2703 2401 7 3020 40 20
2704 2401 23 1212 60 10
2705 2401 3 406 60 10
2706 2402 28 4890 50 5
2707 2402 24 3986 60 10
2708 2402 1 282 60 10
2709 2402 12 2623 60 10
2710 2402 15 4610 60 10
2711 2403 7 2344 60 10
2712 2403 10 1769 60 10
2713 2403 23 3382 40 20
2714 2403 1 1616 40 20
2715 2403 5 1398 60 10
2716 2412 9 881 60 10
2717 2412 7 3503 60 10
2718 2412 3 876 60 10
2719 2412 15 421 60 10
2720 2412 10 1933 60 10
2721 2418 5 2799 60 10
2722 2418 15 169 60 10
2723 2418 24 3442 40 20
2724 2418 0 2203 60 10
2725 2418 23 855 60 10
2726 2419 13 1283 60 10
2727 2419 17 4493 60 10
2728 2419 1 3523 60 10
2729 2419 29 1006 60 10
2730 2419 9 2614 50 5
2731 2421 8 4501 40 20
2732 2421 3 4279 60 10
2733 2421 2 576 60 10
2734 2421 17 4469 60 10
2735 2421 26 2794 60 10
2736 2429 9 863 60 10
2737 2429 22 2804 60 10
2738 2429 15 1777 50 5
2739 2429 23 4835 50 5
2740 2429 25 516 60 10
2741 2436 15 4722 60 10
2742 2436 29 2690 60 10
2743 2436 10 4512 50 5
2744 2436 18 3901 60 10
2745 2436 19 926 40 20
2746 2441 20 4398 60 10
2747 2441 8 3613 50 5
2748 2441 2 4309 40 20
2749 2441 5 730 50 5
2750 2441 23 1432 60 10
2751 2450 5 1276 60 10
2752 2450 22 555 60 10
2753 2450 8 2865 60 10
2754 2450 8 4893 60 10
2755 2450 17 3659 60 10
2756 2450 9 2207 60 10
2757 2450 5 2048 60 10
2758 2450 22 2678 60 10
2759 2450 6 884 60 10
2760 2450 24 3616 50 5
2761 2455 16 2525 60 10
2762 2455 26 4049 60 10
2763 2455 9 604 40 20
2764 2455 25 1900 60 10
2765 2455 3 793 60 10
2766 2460 7 690 50 5
2767 2460 22 4796 60 10
2768 2460 22 3029 40 20
2769 2460 23 2018 50 5
2770 2460 17 3950 60 10
2771 2463 25 2373 60 10
2772 2463 9 373 40 20
2773 2463 27 3353 60 10
2774 2463 22 4442 50 5
2775 2463 23 4057 50 5
2776 2469 29 4559 60 10
2777 2469 4 1802 60 10
2778 2469 1 2162 60 10
2779 2469 24 1451 60 10
2780 2469 15 4546 40 20
2781 2473 26 1338 50 5
2782 2473 17 2214 60 10
2783 2473 20 784 60 10
2784 2473 12 408 60 10
2785 2473 6 410 60 10
2786 2474 2 1303 60 10
2787 2474 7 4569 50 5
2788 2474 28 3693 60 10
2789 2474 0 2638 60 10
2790 2474 15 1139 60 10
2791 2480 7 4414 60 10
2792 2480 5 4358 60 10
2793 2480 1 993 60 10
2794 2480 13 2748 60 10
2795 2480 7 436 40 20
2796 2481 17 4489 60 10
2797 2481 7 90 50 5
2798 2481 0 1893 50 5
2799 2481 14 797 60 10
2800 2481 9 1929 60 10
2801 2490 19 441 60 10
2802 2490 15 3770 60 10
2803 2490 11 4427 40 20
2804 2490 24 15 60 10
2805 2490 9 2184 60 10
2806 2497 1 3230 60 10
2807 2497 4 3612 60 10
2808 2497 23 3388 60 10
2809 2497 2 47 60 10
2810 2497 8 4812 60 10
2811 2499 7 1569 60 10
2812 2499 19 4516 50 5
2813 2499 2 3887 60 10
2814 2499 29 1361 40 20
2815 2499 29 2861 50 5
2816 2504 16 2180 60 10
2817 2504 27 2480 40 20
2818 2504 20 2688 60 10
2819 2504 13 1804 50 5
2820 2504 4 1845 60 10
2821 2511 23 2728 40 20
2822 2511 0 1148 60 10
2823 2511 13 2830 60 10
2824 2511 5 3235 60 10
2825 2511 12 1603 60 10
2826 2512 11 2077 50 5
2827 2512 12 3990 60 10
2828 2512 24 1658 40 20
2829 2512 9 315 60 10
2830 2512 18 1475 60 10
2831 2516 25 2693 40 20
2832 2516 1 2009 60 10
2833 2516 20 3757 40 20
2834 2516 17 451 50 5
2835 2516 15 11 60 10
2836 2524 19 4201 60 10
2837 2524 13 4229 60 10
2838 2524 17 1746 60 10
2839 2524 17 966 60 10
2840 2524 28 150 50 5
2841 2524 8 249 60 10
2842 2524 8 932 50 5
2843 2524 29 367 60 10
2844 2524 17 2891 50 5
2845 2524 14 3308 60 10
2846 2528 11 2606 50 5
2847 2528 5 845 60 10
2848 2528 22 591 60 10
2849 2528 12 900 60 10
2850 2528 15 2942 50 5
2851 2528 20 259 60 10
2852 2528 13 1077 60 10
2853 2528 22 939 60 10
2854 2528 2 1033 60 10
2855 2528 26 1950 60 10
2856 2535 22 198 50 5
2857 2535 0 4208 40 20
2858 2535 1 4883 60 10
2859 2535 26 3398 60 10
2860 2535 12 156 60 10
2861 2540 26 3131 60 10
2862 2540 27 1091 60 10
2863 2540 23 1104 60 10
2864 2540 5 3191 60 10
2865 2540 6 2786 50 5
2866 2548 23 425 60 10
2867 2548 19 3475 60 10
2868 2548 26 4196 60 10
2869 2548 20 2338 60 10
2870 2548 23 720 60 10
2871 2554 6 2585 50 5
2872 2554 22 646 60 10
2873 2554 26 2151 60 10
2874 2554 28 3275 60 10
2875 2554 25 2359 60 10
2876 2555 19 2277 60 10
2877 2555 4 4369 60 10
2878 2555 20 995 40 20
2879 2555 14 1129 60 10
2880 2555 5 3256 50 5
2881 2559 18 654 50 5
2882 2559 18 439 50 5
2883 2559 7 2184 60 10
2884 2559 14 2495 50 5
2885 2559 8 1909 60 10
2886 2565 20 2524 60 10
2887 2565 7 328 60 10
2888 2565 27 96 60 10
2889 2565 15 2083 40 20
2890 2565 0 1622 60 10
2891 2569 25 2145 60 10
2892 2569 21 2190 50 5
2893 2569 8 4963 60 10
2894 2569 16 962 40 20
2895 2569 26 1836 50 5
2896 2575 15 2317 60 10
2897 2575 23 3584 40 20
2898 2575 4 3666 50 5
2899 2575 12 2041 40 20
2900 2575 27 2761 60 10
2901 2582 4 714 60 10
2902 2582 14 4178 40 20
2903 2582 4 4367 60 10
2904 2582 4 2780 50 5
2905 2582 20 1701 60 10
2906 2588 23 2281 60 10
2907 2588 4 2930 40 20
2908 2588 17 4531 60 10
2909 2588 24 3441 60 10
2910 2588 2 1618 60 10
2911 2592 25 26 60 10
2912 2592 28 4636 60 10
2913 2592 17 3862 60 10
2914 2592 8 1493 60 10
2915 2592 1 3527 60 10
2916 2598 25 4655 60 10
2917 2598 29 2110 50 5
2918 2598 19 97 60 10
2919 2598 7 4860 40 20
2920 2598 24 2295 60 10
2921 2599 24 2592 60 10
2922 2599 5 1124 60 10
2923 2599 10 2566 60 10
2924 2599 21 2405 60 10
2925 2599 24 1267 60 10
2926 2599 4 1687 60 10
2927 2599 0 4195 60 10
2928 2599 26 2893 50 5
2929 2599 19 1635 60 10
2930 2599 26 826 60 10
2931 2601 22 3700 60 10
2932 2601 15 2225 60 10
2933 2601 28 1952 60 10
2934 2601 2 1420 60 10
2935 2601 3 263 60 10
2936 2605 1 1705 60 10
2937 2605 5 514 60 10
2938 2605 26 567 60 10
2939 2605 16 2469 40 20
2940 2605 18 2403 60 10
2941 2614 1 4183 50 5
2942 2614 10 2011 60 10
2943 2614 5 3076 50 5
2944 2614 10 2810 60 10
2945 2614 29 3862 40 20
2946 2614 15 1350 50 5
2947 2614 23 1186 60 10
2948 2614 17 3655 60 10
2949 2614 20 4433 60 10
2950 2614 28 2449 60 10
2951 2619 18 1488 60 10
2952 2619 1 3347 60 10
2953 2619 13 417 60 10
2954 2619 4 3143 50 5
2955 2619 3 1261 60 10
2956 2620 27 37 40 20
2957 2620 4 1820 50 5
2958 2620 21 2276 60 10
2959 2620 3 1897 60 10
2960 2620 25 12 60 10
2961 2629 12 2535 60 10
2962 2629 12 2889 60 10
2963 2629 23 3041 50 5
2964 2629 2 2355 60 10
2965 2629 16 4126 60 10
2966 2635 28 1031 60 10
2967 2635 26 1815 40 20
2968 2635 11 2208 60 10
2969 2635 24 4828 60 10
2970 2635 7 3836 60 10
2971 2637 24 3093 40 20
2972 2637 25 548 60 10
2973 2637 2 130 60 10
2974 2637 22 447 60 10
2975 2637 7 1048 60 10
2976 2644 2 4834 60 10
2977 2644 2 4364 40 20
2978 2644 27 1041 60 10
2979 2644 0 3258 60 10
2980 2644 9 2362 60 10
2981 2653 1 9 60 10
2982 2653 13 1725 50 5
2983 2653 10 989 60 10
2984 2653 23 3017 60 10
2985 2653 15 2547 60 10
2986 2661 6 1336 40 20
2987 2661 29 3147 60 10
2988 2661 8 4792 60 10
2989 2661 26 587 60 10
2990 2661 16 957 60 10
2991 2670 16 2371 50 5
2992 2670 29 3915 50 5
2993 2670 20 2274 50 5
2994 2670 28 3499 60 10
2995 2670 25 1071 60 10
2996 2678 17 4897 60 10
2997 2678 24 635 60 10
2998 2678 8 1293 50 5
2999 2678 2 3046 40 20
3000 2678 3 4149 60 10
3001 2683 8 3651 60 10
3002 2683 19 103 60 10
3003 2683 26 4065 60 10
3004 2683 15 3155 50 5
3005 2683 17 997 40 20
3006 2684 18 4259 40 20
3007 2684 23 324 60 10
3008 2684 8 4031 60 10
3009 2684 22 1934 60 10
3010 2684 15 1162 60 10
3011 2686 29 1794 40 20
3012 2686 1 3760 60 10
3013 2686 28 2721 60 10
3014 2686 23 1083 50 5
3015 2686 12 1397 50 5
3016 2687 24 408 50 5
3017 2687 20 1736 60 10
3018 2687 26 1080 60 10
3019 2687 9 4144 60 10
3020 2687 21 3149 60 10
3021 2696 2 1359 60 10
3022 2696 26 455 60 10
3023 2696 2 796 40 20
3024 2696 21 1977 60 10
3025 2696 20 2733 50 5
3026 2705 18 408 60 10
3027 2705 5 412 50 5
3028 2705 4 1166 60 10
3029 2705 24 2173 40 20
3030 2705 6 422 60 10
3031 2707 10 4683 60 10
3032 2707 4 708 60 10
3033 2707 20 424 60 10
3034 2707 7 599 60 10
3035 2707 21 703 60 10
3036 2708 23 169 60 10
3037 2708 2 2923 60 10
3038 2708 17 2602 60 10
3039 2708 26 813 60 10
3040 2708 29 755 50 5
3041 2715 14 2412 60 10
3042 2715 3 4366 60 10
3043 2715 18 3862 50 5
3044 2715 18 2308 60 10
3045 2715 8 2394 60 10
3046 2718 9 2309 60 10
3047 2718 2 1323 60 10
3048 2718 17 1588 40 20
3049 2718 29 992 60 10
3050 2718 2 3318 60 10
3051 2721 7 741 60 10
3052 2721 17 1766 50 5
3053 2721 27 718 40 20
3054 2721 4 832 50 5
3055 2721 22 4591 50 5
3056 2721 5 1595 60 10
3057 2721 11 4764 60 10
3058 2721 1 3908 40 20
3059 2721 22 935 60 10
3060 2721 20 2510 60 10
3061 2727 26 1939 60 10
3062 2727 11 2035 60 10
3063 2727 23 1255 60 10
3064 2727 18 1658 40 20
3065 2727 27 3237 40 20
3066 2730 12 572 50 5
3067 2730 29 119 60 10
3068 2730 9 3769 60 10
3069 2730 2 4464 50 5
3070 2730 3 3587 60 10
3071 2734 20 3824 50 5
3072 2734 28 326 60 10
3073 2734 19 3091 60 10
3074 2734 23 1948 60 10
3075 2734 9 1204 40 20
3076 2734 15 1791 50 5
3077 2734 20 284 50 5
3078 2734 6 2196 60 10
3079 2734 23 3237 50 5
3080 2734 27 2574 50 5
3081 2740 19 4755 50 5
3082 2740 21 2814 60 10
3083 2740 20 3424 50 5
3084 2740 23 621 60 10
3085 2740 11 1596 50 5
3086 2749 15 1652 60 10
3087 2749 7 1946 60 10
3088 2749 18 3102 40 20
3089 2749 8 2276 60 10
3090 2749 9 3582 60 10
3091 2749 16 3636 60 10
3092 2749 9 1164 60 10
3093 2749 4 111 60 10
3094 2749 5 2733 60 10
3095 2749 19 1142 50 5
3096 2757 27 2635 60 10
3097 2757 18 2818 60 10
3098 2757 23 2748 60 10
3099 2757 7 1135 50 5
3100 2757 4 956 60 10
3101 2762 19 3220 60 10
3102 2762 25 4136 60 10
3103 2762 3 3360 60 10
3104 2762 8 637 60 10
3105 2762 0 1265 60 10
3106 2769 16 2229 60 10
3107 2769 11 1635 60 10
3108 2769 7 825 40 20
3109 2769 18 2732 40 20
3110 2769 6 3734 60 10
3111 2770 16 4033 60 10
3112 2770 2 2673 50 5
3113 2770 29 3498 60 10
3114 2770 24 587 50 5
3115 2770 9 317 60 10
3116 2775 27 3465 60 10
3117 2775 7 2622 60 10
3118 2775 26 532 60 10
3119 2775 0 589 60 10
3120 2775 7 2351 60 10
3121 2783 14 4382 60 10
3122 2783 9 4815 60 10
3123 2783 6 975 60 10
3124 2783 17 600 60 10
3125 2783 13 1347 60 10
3126 2784 3 992 60 10
3127 2784 27 1562 60 10
3128 2784 27 1796 60 10
3129 2784 25 1057 60 10
3130 2784 12 1932 60 10
3131 2787 2 4184 60 10
3132 2787 13 4092 60 10
3133 2787 11 1357 60 10
3134 2787 9 2060 60 10
3135 2787 15 1562 60 10
3136 2792 6 1696 60 10
3137 2792 29 3032 60 10
3138 2792 7 1362 60 10
3139 2792 3 16 60 10
3140 2792 29 1766 60 10
3141 2800 9 1137 60 10
3142 2800 12 2821 60 10
3143 2800 8 2565 60 10
3144 2800 13 4184 60 10
3145 2800 28 2866 50 5
3146 2809 21 4084 60 10
3147 2809 5 1560 60 10
3148 2809 10 558 60 10
3149 2809 6 18 60 10
3150 2809 1 1374 60 10
3151 2814 18 3480 50 5
3152 2814 4 4349 60 10
3153 2814 19 2639 60 10
3154 2814 11 1786 60 10
3155 2814 17 1324 60 10
3156 2814 23 1665 60 10
3157 2814 4 1537 50 5
3158 2814 15 4136 60 10
3159 2814 19 911 40 20
3160 2814 5 1132 60 10
3161 2815 29 4998 40 20
3162 2815 10 4738 50 5
3163 2815 19 2507 40 20
3164 2815 1 2516 40 20
3165 2815 12 4927 60 10
3166 2819 27 3497 60 10
3167 2819 22 4540 60 10
3168 2819 16 1432 60 10
3169 2819 21 2607 60 10
3170 2819 22 1646 60 10
3171 2828 8 1090 60 10
3172 2828 25 4916 60 10
3173 2828 6 448 60 10
3174 2828 2 4084 50 5
3175 2828 22 4131 60 10
3176 2837 0 250 60 10
3177 2837 5 4240 60 10
3178 2837 27 2437 60 10
3179 2837 11 3386 40 20
3180 2837 17 454 60 10
3181 2839 19 1628 60 10
3182 2839 22 764 50 5
3183 2839 28 2095 50 5
3184 2839 25 4804 60 10
3185 2839 17 785 40 20
3186 2845 27 2607 60 10
3187 2845 18 4798 60 10
3188 2845 16 3960 60 10
3189 2845 3 4360 40 20
3190 2845 9 1483 40 20
3191 2854 25 868 60 10
3192 2854 17 4722 60 10
3193 2854 15 3737 50 5
3194 2854 12 3587 60 10
3195 2854 9 4200 60 10
3196 2863 29 4557 60 10
3197 2863 3 1397 50 5
3198 2863 1 697 60 10
3199 2863 11 1705 50 5
3200 2863 1 3894 40 20
3201 2868 25 307 60 10
3202 2868 14 4717 60 10
3203 2868 28 1244 40 20
3204 2868 25 4408 40 20
3205 2868 11 80 60 10
3206 2876 2 638 60 10
3207 2876 4 246 40 20
3208 2876 23 232 60 10
3209 2876 26 2733 40 20
3210 2876 21 3238 60 10
3211 2885 12 288 60 10
3212 2885 29 3005 60 10
3213 2885 27 608 60 10
3214 2885 21 1845 60 10
3215 2885 14 3825 50 5
3216 2891 9 4234 60 10
3217 2891 18 1344 60 10
3218 2891 28 4733 60 10
3219 2891 29 1517 40 20
3220 2891 10 4763 60 10
3221 2895 23 1163 60 10
3222 2895 6 4564 60 10
3223 2895 22 711 60 10
3224 2895 7 537 40 20
3225 2895 10 532 60 10
3226 2903 25 3735 60 10
3227 2903 25 2948 60 10
3228 2903 15 4255 60 10
3229 2903 16 3263 50 5
3230 2903 13 109 60 10
3231 2910 22 2669 50 5
3232 2910 23 3159 50 5
3233 2910 16 15 60 10
3234 2910 6 1260 60 10
3235 2910 25 2224 60 10
3236 2914 23 847 60 10
3237 2914 15 4338 60 10
3238 2914 5 1208 60 10
3239 2914 22 3781 60 10
3240 2914 1 1685 60 10
3241 2920 29 1245 40 20
3242 2920 12 1353 60 10
3243 2920 7 410 40 20
3244 2920 9 1550 50 5
3245 2920 16 2318 40 20
3246 2920 24 1121 60 10
3247 2920 1 817 50 5
3248 2920 6 3654 60 10
3249 2920 10 1173 60 10
3250 2920 5 2218 60 10
3251 2927 27 2715 60 10
3252 2927 13 4960 50 5
3253 2927 25 62 40 20
3254 2927 22 615 40 20
3255 2927 3 3924 60 10
3256 2935 1 2350 60 10
3257 2935 20 3714 60 10
3258 2935 22 3706 60 10
3259 2935 20 1913 50 5
3260 2935 12 205 60 10
3261 2941 28 680 60 10
3262 2941 24 820 50 5
3263 2941 20 3867 50 5
3264 2941 27 4423 60 10
3265 2941 17 388 60 10
3266 2945 5 1172 40 20
3267 2945 14 3148 40 20
3268 2945 5 4667 60 10
3269 2945 9 4767 50 5
3270 2945 7 2764 50 5
3271 2947 21 2051 60 10
3272 2947 28 1798 60 10
3273 2947 4 2467 50 5
3274 2947 23 2310 60 10
3275 2947 2 910 50 5
3276 2956 3 2005 50 5
3277 2956 7 4728 60 10
3278 2956 15 1659 60 10
3279 2956 6 4641 40 20
3280 2956 24 4481 60 10
3281 2960 5 1516 60 10
3282 2960 14 1782 60 10
3283 2960 22 3228 50 5
3284 2960 19 1981 50 5
3285 2960 8 2152 60 10
3286 2960 16 881 60 10
3287 2960 9 2853 50 5
3288 2960 25 2688 60 10
3289 2960 11 3734 60 10
3290 2960 2 4100 60 10
3291 2967 29 2612 60 10
3292 2967 13 683 50 5
3293 2967 27 2568 60 10
3294 2967 20 666 60 10
3295 2967 1 2708 60 10
3296 2968 12 535 60 10
3297 2968 9 716 50 5
3298 2968 14 3116 40 20
3299 2968 9 2614 50 5
3300 2968 5 59 60 10
3301 2970 18 3882 60 10
3302 2970 27 4438 60 10
3303 2970 19 2557 40 20
3304 2970 18 3966 40 20
3305 2970 13 3098 60 10
3306 2970 4 855 60 10
3307 2970 7 1997 60 10
3308 2970 14 1189 40 20
3309 2970 18 4145 60 10
3310 2970 12 2192 60 10
3311 2976 29 486 50 5
3312 2976 28 6 40 20
3313 2976 15 2084 50 5
3314 2976 25 2546 60 10
3315 2976 29 768 60 10
3316 2984 21 3969 60 10
3317 2984 15 4167 40 20
3318 2984 8 275 60 10
3319 2984 17 4559 60 10
3320 2984 13 563 60 10
3321 2992 9 4824 60 10
3322 2992 3 372 60 10
3323 2992 17 3460 60 10
3324 2992 19 3204 60 10
3325 2992 6 96 60 10
3326 2997 8 854 60 10
3327 2997 4 3491 40 20
3328 2997 16 560 50 5
3329 2997 29 688 50 5
3330 2997 16 4394 60 10
3331 2998 2 377 40 20
3332 2998 4 4544 60 10
3333 2998 3 3583 40 20
3334 2998 6 2270 60 10
3335 2998 12 154 60 10
3336 3003 26 261 50 5
3337 3003 6 3952 50 5
3338 3003 26 1186 60 10
3339 3003 8 3892 60 10
3340 3003 1 2071 60 10
3341 3005 29 4472 60 10
3342 3005 5 4785 50 5
3343 3005 9 3 60 10
3344 3005 2 2206 60 10
3345 3005 18 4172 60 10
3346 3010 28 4254 50 5
3347 3010 22 1631 40 20
3348 3010 2 4811 60 10
3349 3010 15 1667 50 5
3350 3010 11 1673 50 5
3351 3017 23 3910 60 10
3352 3017 21 2151 60 10
3353 3017 9 4321 60 10
3354 3017 29 2238 40 20
3355 3017 10 2312 60 10
3356 3020 29 441 40 20
3357 3020 27 2559 60 10
3358 3020 26 281 60 10
3359 3020 8 4341 60 10
3360 3020 4 441 60 10
3361 3026 27 2106 60 10
3362 3026 7 1491 60 10
3363 3026 21 1561 60 10
3364 3026 15 1029 50 5
3365 3026 0 4429 60 10
3366 3031 29 2511 60 10
3367 3031 20 2097 40 20
3368 3031 23 1028 60 10
3369 3031 4 4538 60 10
3370 3031 12 3614 60 10
3371 3033 12 252 50 5
3372 3033 19 3141 60 10
3373 3033 1 4099 50 5
3374 3033 20 1235 60 10
3375 3033 17 4540 40 20
3376 3039 27 2464 60 10
3377 3039 5 3324 60 10
3378 3039 17 3374 60 10
3379 3039 26 3787 40 20
3380 3039 12 1752 60 10
3381 3044 15 3388 50 5
3382 3044 22 3460 50 5
3383 3044 10 4431 60 10
3384 3044 17 4416 50 5
3385 3044 28 4123 50 5
3386 3053 2 4538 60 10
3387 3053 5 1417 50 5
3388 3053 19 990 60 10
3389 3053 29 374 60 10
3390 3053 6 1183 60 10
3391 3056 7 1027 50 5
3392 3056 19 369 60 10
3393 3056 6 172 60 10
3394 3056 25 1659 60 10
3395 3056 27 1053 60 10
3396 3064 5 2359 60 10
3397 3064 13 1504 60 10
3398 3064 16 4899 60 10
3399 3064 19 3725 60 10
3400 3064 15 2396 60 10
3401 3067 4 2064 60 10
3402 3067 9 4507 60 10
3403 3067 17 3523 60 10
3404 3067 9 190 50 5
3405 3067 17 127 60 10
3406 3072 9 4558 60 10
3407 3072 25 272 50 5
3408 3072 20 4550 60 10
3409 3072 4 1094 50 5
3410 3072 20 4502 50 5
3411 3077 5 3171 50 5
3412 3077 28 3611 60 10
3413 3077 21 2340 40 20
3414 3077 1 65 60 10
3415 3077 22 1379 40 20
3416 3081 13 3080 40 20
3417 3081 13 434 50 5
3418 3081 15 3439 60 10
3419 3081 4 4803 60 10
3420 3081 13 2382 60 10
3421 3089 12 4333 50 5
3422 3089 23 2601 50 5
3423 3089 28 4599 60 10
3424 3089 25 866 60 10
3425 3089 4 3464 50 5
3426 3098 12 947 40 20
3427 3098 20 725 60 10
3428 3098 11 718 60 10
3429 3098 7 538 60 10
3430 3098 10 1770 60 10
3431 3098 5 541 40 20
3432 3098 20 3492 60 10
3433 3098 4 2860 40 20
3434 3098 22 1082 60 10
3435 3098 14 4734 50 5
3436 3103 29 3425 50 5
3437 3103 6 370 50 5
3438 3103 18 2890 60 10
3439 3103 27 3517 60 10
3440 3103 14 3636 60 10
3441 3104 13 1171 60 10
3442 3104 19 1557 40 20
3443 3104 9 2570 40 20
3444 3104 7 4265 60 10
3445 3104 1 3238 40 20
3446 3109 29 2930 50 5
3447 3109 1 2920 60 10
3448 3109 21 4349 60 10
3449 3109 21 627 60 10
3450 3109 5 3108 60 10
3451 3109 3 2839 60 10
3452 3109 3 2555 50 5
3453 3109 0 1530 50 5
3454 3109 17 4031 60 10
3455 3109 16 1183 60 10
3456 3116 6 3581 60 10
3457 3116 12 2416 60 10
3458 3116 17 1837 60 10
3459 3116 0 2748 60 10
3460 3116 6 1704 60 10
3461 3117 26 3242 60 10
3462 3117 14 1575 60 10
3463 3117 14 965 40 20
3464 3117 26 2365 50 5
3465 3117 8 473 60 10
3466 3120 29 3882 60 10
3467 3120 4 1690 60 10
3468 3120 20 2219 50 5
3469 3120 3 2432 60 10
3470 3120 28 3946 60 10
3471 3128 21 1156 60 10
3472 3128 20 4192 60 10
3473 3128 1 608 50 5
3474 3128 20 3545 60 10
3475 3128 23 4405 60 10
3476 3130 11 113 50 5
3477 3130 25 4061 60 10
3478 3130 9 4711 60 10
3479 3130 24 3991 60 10
3480 3130 28 2978 60 10
3481 3136 2 2595 60 10
3482 3136 6 4239 60 10
3483 3136 18 1926 60 10
3484 3136 25 2989 40 20
3485 3136 15 1506 60 10
3486 3140 29 3563 50 5
3487 3140 19 4410 60 10
3488 3140 0 1416 60 10
3489 3140 3 641 60 10
3490 3140 9 4406 60 10
3491 3146 25 193 60 10
3492 3146 26 4875 60 10
3493 3146 9 430 60 10
3494 3146 29 1175 60 10
3495 3146 25 4464 60 10
3496 3149 4 2671 60 10
3497 3149 14 3640 60 10
3498 3149 15 4560 60 10
3499 3149 23 2894 60 10
3500 3149 12 3000 60 10
3501 3158 20 4357 60 10
3502 3158 6 4749 60 10
3503 3158 6 1751 60 10
3504 3158 6 3649 60 10
3505 3158 23 128 60 10
3506 3158 21 2581 60 10
3507 3158 16 912 60 10
3508 3158 22 3717 60 10
3509 3158 1 1326 50 5
3510 3158 10 455 50 5
3511 3164 24 1039 60 10
3512 3164 25 1301 60 10
3513 3164 17 2178 50 5
3514 3164 19 4322 60 10
3515 3164 4 2808 60 10
3516 3169 23 2822 60 10
3517 3169 2 1409 60 10
3518 3169 9 1352 60 10
3519 3169 18 417 50 5
3520 3169 14 3164 60 10
3521 3169 13 40 40 20
3522 3169 5 4690 60 10
3523 3169 13 2583 60 10
3524 3169 25 2169 40 20
3525 3169 13 443 60 10
3526 3171 0 696 40 20
3527 3171 19 1340 60 10
3528 3171 16 1745 60 10
3529 3171 2 1943 50 5
3530 3171 22 1678 40 20
3531 3173 5 3935 60 10
3532 3173 25 4941 60 10
3533 3173 18 1726 50 5
3534 3173 9 1768 50 5
3535 3173 9 1734 60 10
3536 3173 29 3518 60 10
3537 3173 17 705 60 10
3538 3173 6 2599 50 5
3539 3173 13 2745 60 10
3540 3173 5 1245 60 10
3541 3176 12 3077 40 20
3542 3176 27 4261 60 10
3543 3176 15 2950 60 10
3544 3176 25 526 60 10
3545 3176 1 3475 60 10
3546 3182 17 2981 60 10
3547 3182 14 2759 40 20
3548 3182 29 3972 50 5
3549 3182 17 3029 60 10
3550 3182 29 1809 60 10
3551 3184 7 4432 50 5
3552 3184 17 4187 60 10
3553 3184 21 3025 50 5
3554 3184 20 3683 50 5
3555 3184 15 2689 50 5
3556 3186 21 3559 60 10
3557 3186 16 1782 60 10
3558 3186 9 3270 50 5
3559 3186 1 837 60 10
3560 3186 2 1939 60 10
3561 3191 16 4978 60 10
3562 3191 12 2278 60 10
3563 3191 4 2765 60 10
3564 3191 22 4311 60 10
3565 3191 14 3328 60 10
3566 3193 0 4731 50 5
3567 3193 4 847 60 10
3568 3193 14 790 60 10
3569 3193 13 2039 60 10
3570 3193 10 434 40 20
3571 3195 8 2771 50 5
3572 3195 22 1583 60 10
3573 3195 1 4179 60 10
3574 3195 2 1082 60 10
3575 3195 10 737 50 5
3576 3203 19 2594 60 10
3577 3203 25 3514 60 10
3578 3203 9 4180 60 10
3579 3203 1 341 50 5
3580 3203 27 255 60 10
3581 3206 25 3641 50 5
3582 3206 6 1709 60 10
3583 3206 17 555 60 10
3584 3206 15 500 60 10
3585 3206 28 3259 60 10
3586 3210 15 3786 60 10
3587 3210 12 2134 60 10
3588 3210 17 3440 60 10
3589 3210 5 45 60 10
3590 3210 8 3520 50 5
3591 3213 26 2270 60 10
3592 3213 8 2754 50 5
3593 3213 1 4141 40 20
3594 3213 29 1901 60 10
3595 3213 14 2327 60 10
3596 3218 1 2726 60 10
3597 3218 10 84 60 10
3598 3218 13 4226 60 10
3599 3218 18 2753 60 10
3600 3218 16 2583 60 10
3601 3223 10 3345 60 10
3602 3223 2 1371 50 5
3603 3223 6 3464 60 10
3604 3223 3 2454 60 10
3605 3223 5 139 40 20
3606 3229 20 4907 60 10
3607 3229 2 2300 50 5
3608 3229 6 4545 40 20
3609 3229 10 3968 50 5
3610 3229 22 1188 60 10
3611 3237 18 2635 60 10
3612 3237 27 2474 60 10
3613 3237 2 3245 60 10
3614 3237 29 2157 60 10
3615 3237 24 2521 60 10
3616 3238 10 3603 50 5
3617 3238 29 901 60 10
3618 3238 24 4758 40 20
3619 3238 23 3722 60 10
3620 3238 22 2237 60 10
3621 3241 13 1987 40 20
3622 3241 9 4231 50 5
3623 3241 2 2788 60 10
3624 3241 6 4379 60 10
3625 3241 13 4993 50 5
3626 3249 14 933 50 5
3627 3249 28 2871 60 10
3628 3249 6 3113 60 10
3629 3249 27 2647 60 10
3630 3249 9 3868 60 10
3631 3256 14 489 60 10
3632 3256 18 3601 50 5
3633 3256 16 981 60 10
3634 3256 17 2017 60 10
3635 3256 7 1 60 10
3636 3264 9 1793 50 5
3637 3264 14 683 50 5
3638 3264 26 2442 50 5
3639 3264 11 1975 60 10
3640 3264 10 609 60 10
3641 3271 14 1078 40 20
3642 3271 3 1337 40 20
3643 3271 24 2904 60 10
3644 3271 18 1869 40 20
3645 3271 24 1923 50 5
3646 3274 22 4392 60 10
3647 3274 25 65 50 5
3648 3274 14 4000 60 10
3649 3274 18 3002 60 10
3650 3274 26 1682 50 5
3651 3282 11 0 60 10
3652 3282 2 1447 50 5
3653 3282 26 2684 60 10
3654 3282 10 265 50 5
3655 3282 11 2062 60 10
3656 3285 24 2481 60 10
3657 3285 17 2768 40 20
3658 3285 10 3093 60 10
3659 3285 12 392 40 20
3660 3285 10 3241 60 10
3661 3290 4 1282 60 10
3662 3290 3 3426 60 10
3663 3290 20 107 60 10
3664 3290 14 1899 60 10
3665 3290 10 4187 60 10
3666 3297 28 3124 60 10
3667 3297 15 4873 60 10
3668 3297 24 1215 60 10
3669 3297 14 1105 50 5
3670 3297 8 597 60 10
3671 3303 8 2793 60 10
3672 3303 29 3866 60 10
3673 3303 4 2307 60 10
3674 3303 14 4301 50 5
3675 3303 4 689 50 5
3676 3306 19 4466 60 10
3677 3306 9 179 60 10
3678 3306 2 1143 50 5
3679 3306 1 3237 60 10
3680 3306 3 1527 60 10
3681 3313 14 4647 50 5
3682 3313 6 4312 60 10
3683 3313 2 4309 60 10
3684 3313 9 2830 50 5
3685 3313 20 3656 60 10
3686 3322 5 4657 60 10
3687 3322 25 3511 60 10
3688 3322 26 4613 40 20
3689 3322 21 4412 60 10
3690 3322 11 198 50 5
3691 3329 23 803 40 20
3692 3329 17 636 60 10
3693 3329 24 721 60 10
3694 3329 26 678 60 10
3695 3329 13 2641 60 10
3696 3337 7 2932 60 10
3697 3337 10 3485 60 10
3698 3337 25 2409 60 10
3699 3337 29 3391 60 10
3700 3337 17 1010 60 10
3701 3341 12 3533 60 10
3702 3341 0 4197 60 10
3703 3341 9 1270 60 10
3704 3341 1 1637 60 10
3705 3341 2 1354 60 10
3706 3342 4 1832 60 10
3707 3342 16 4740 60 10
3708 3342 23 970 60 10
3709 3342 3 1228 60 10
3710 3342 23 4219 40 20
3711 3346 4 2886 60 10
3712 3346 9 148 60 10
3713 3346 7 1342 60 10
3714 3346 20 1795 60 10
3715 3346 19 4901 40 20
3716 3352 25 1679 60 10
3717 3352 14 2940 40 20
3718 3352 21 1321 60 10
3719 3352 26 2349 60 10
3720 3352 20 3082 50 5
3721 3358 23 2221 60 10
3722 3358 13 4665 60 10
3723 3358 29 903 50 5
3724 3358 20 3376 50 5
3725 3358 29 1386 40 20
3726 3359 27 1640 60 10
3727 3359 22 2006 40 20
3728 3359 12 2375 60 10
3729 3359 5 1240 40 20
3730 3359 11 2246 60 10
3731 3367 8 978 60 10
3732 3367 4 4411 40 20
3733 3367 26 2810 60 10
3734 3367 24 1436 60 10
3735 3367 26 4768 60 10
3736 3373 25 892 40 20
3737 3373 20 2418 60 10
3738 3373 6 929 60 10
3739 3373 28 759 50 5
3740 3373 3 1056 50 5
3741 3374 13 4142 60 10
3742 3374 12 3146 50 5
3743 3374 26 4503 50 5
3744 3374 27 3327 60 10
3745 3374 9 2007 50 5
3746 3383 6 2458 50 5
3747 3383 5 4607 40 20
3748 3383 9 3370 60 10
3749 3383 4 520 60 10
3750 3383 29 246 40 20
3751 3384 3 1704 60 10
3752 3384 22 4583 60 10
3753 3384 23 1309 50 5
3754 3384 14 2001 60 10
3755 3384 24 3687 60 10
3756 3391 23 2138 60 10
3757 3391 13 3870 60 10
3758 3391 14 3433 60 10
3759 3391 26 4581 60 10
3760 3391 15 3554 50 5
3761 3391 16 3040 60 10
3762 3391 23 3994 50 5
3763 3391 28 1446 60 10
3764 3391 7 1546 60 10
3765 3391 16 89 50 5
3766 3394 11 4044 60 10
3767 3394 14 455 60 10
3768 3394 20 3277 60 10
3769 3394 22 1525 40 20
3770 3394 16 3340 60 10
3771 3401 2 4767 60 10
3772 3401 11 4906 60 10
3773 3401 20 2712 60 10
3774 3401 6 43 40 20
3775 3401 10 3956 50 5
3776 3406 2 2833 60 10
3777 3406 29 1169 60 10
3778 3406 27 4647 60 10
3779 3406 2 0 50 5
3780 3406 2 3890 50 5
3781 3408 29 4579 50 5
3782 3408 28 4640 60 10
3783 3408 3 3028 60 10
3784 3408 10 10 60 10
3785 3408 27 1656 60 10
3786 3413 27 4240 60 10
3787 3413 10 1076 60 10
3788 3413 2 1639 50 5
3789 3413 15 2022 50 5
3790 3413 9 1958 50 5
3791 3418 26 719 60 10
3792 3418 6 1539 60 10
3793 3418 28 3202 60 10
3794 3418 16 728 60 10
3795 3418 2 2022 60 10
3796 3420 29 4545 40 20
3797 3420 25 1801 40 20
3798 3420 29 1237 40 20
3799 3420 1 2975 60 10
3800 3420 6 3456 60 10
3801 3429 9 272 60 10
3802 3429 19 4436 60 10
3803 3429 3 1394 50 5
3804 3429 14 2078 60 10
3805 3429 17 813 50 5
3806 3437 25 573 50 5
3807 3437 27 2688 50 5
3808 3437 20 545 60 10
3809 3437 12 3 50 5
3810 3437 22 1222 60 10
3811 3438 18 2568 50 5
3812 3438 22 3722 60 10
3813 3438 22 883 60 10
3814 3438 9 2306 50 5
3815 3438 29 717 60 10
3816 3441 4 4691 50 5
3817 3441 5 1872 50 5
3818 3441 11 4018 50 5
3819 3441 20 1386 60 10
3820 3441 18 2794 40 20
3821 3449 21 782 60 10
3822 3449 18 814 60 10
3823 3449 27 71 60 10
3824 3449 10 4726 60 10
3825 3449 9 814 60 10
3826 3449 27 883 60 10
3827 3449 27 4050 60 10
3828 3449 0 4001 60 10
3829 3449 0 1004 50 5
3830 3449 3 2099 60 10
3831 3455 25 867 40 20
3832 3455 3 384 60 10
3833 3455 4 2476 40 20
3834 3455 13 2713 50 5
3835 3455 26 3185 40 20
3836 3456 17 2606 60 10
3837 3456 17 1637 60 10
3838 3456 13 190 60 10
3839 3456 18 2265 40 20
3840 3456 21 3298 60 10
3841 3465 6 2621 60 10
3842 3465 11 359 60 10
3843 3465 27 3971 60 10
3844 3465 13 778 50 5
3845 3465 21 1302 50 5
3846 3471 22 2163 50 5
3847 3471 7 842 40 20
3848 3471 0 2401 50 5
3849 3471 21 2481 60 10
3850 3471 10 4174 60 10
3851 3472 4 854 60 10
3852 3472 17 2996 60 10
3853 3472 27 3315 60 10
3854 3472 25 731 60 10
3855 3472 13 2795 60 10
3856 3480 7 170 60 10
3857 3480 21 1665 60 10
3858 3480 22 2802 60 10
3859 3480 12 725 60 10
3860 3480 20 2743 60 10
3861 3484 9 1454 60 10
3862 3484 15 1038 60 10
3863 3484 28 1622 60 10
3864 3484 5 4979 60 10
3865 3484 25 2762 60 10
3866 3486 7 555 60 10
3867 3486 17 2361 60 10
3868 3486 23 4216 60 10
3869 3486 26 2739 60 10
3870 3486 16 1181 60 10
3871 3495 16 851 60 10
3872 3495 25 486 40 20
3873 3495 9 2890 60 10
3874 3495 27 3762 60 10
3875 3495 8 2690 50 5
3876 3495 3 4487 60 10
3877 3495 17 2210 50 5
3878 3495 16 1285 60 10
3879 3495 19 1029 60 10
3880 3495 10 825 40 20
3881 3497 15 1559 50 5
3882 3497 28 3899 40 20
3883 3497 17 2937 50 5
3884 3497 24 2920 50 5
3885 3497 9 2067 60 10
3886 3501 0 2517 60 10
3887 3501 18 4286 60 10
3888 3501 20 2071 60 10
3889 3501 11 4233 60 10
3890 3501 2 2706 60 10
3891 3504 3 3330 40 20
3892 3504 26 2094 60 10
3893 3504 26 1001 40 20
3894 3504 1 3357 50 5
3895 3504 18 3470 60 10
3896 3504 25 2974 60 10
3897 3504 27 2146 50 5
3898 3504 27 1455 60 10
3899 3504 17 3289 60 10
3900 3504 24 4784 40 20
3901 3504 8 3066 60 10
3902 3504 9 1911 60 10
3903 3504 26 3674 40 20
3904 3504 9 1577 60 10
3905 3504 20 2474 60 10
3906 3506 23 1961 60 10
3907 3506 15 913 60 10
3908 3506 1 4972 60 10
3909 3506 2 2500 60 10
3910 3506 23 4716 50 5
3911 3512 11 4377 60 10
3912 3512 10 1213 40 20
3913 3512 11 4902 50 5
3914 3512 29 4148 60 10
3915 3512 22 1048 50 5
3916 3513 21 4430 60 10
3917 3513 22 1192 50 5
3918 3513 29 512 60 10
3919 3513 3 1769 50 5
3920 3513 25 4317 60 10
3921 3516 11 255 60 10
3922 3516 14 1656 60 10
3923 3516 29 3747 50 5
3924 3516 5 3775 40 20
3925 3516 9 854 50 5
3926 3520 10 3109 60 10
3927 3520 27 154 40 20
3928 3520 16 545 60 10
3929 3520 12 530 60 10
3930 3520 23 4564 50 5
3931 3529 13 3698 60 10
3932 3529 8 386 40 20
3933 3529 25 2163 50 5
3934 3529 7 456 40 20
3935 3529 26 486 40 20
3936 3536 4 4039 40 20
3937 3536 22 453 60 10
3938 3536 4 3737 60 10
3939 3536 14 1582 60 10
3940 3536 29 1663 60 10
3941 3542 8 3788 60 10
3942 3542 11 568 50 5
3943 3542 27 1684 60 10
3944 3542 16 4256 50 5
3945 3542 14 3232 60 10
3946 3544 22 1571 60 10
3947 3544 17 1305 60 10
3948 3544 0 30 50 5
3949 3544 28 1093 60 10
3950 3544 12 984 40 20
3951 3546 9 2380 60 10
3952 3546 22 2469 60 10
3953 3546 1 4503 50 5
3954 3546 25 4144 60 10
3955 3546 10 1002 60 10
3956 3554 19 601 60 10
3957 3554 13 2415 60 10
3958 3554 18 3328 40 20
3959 3554 8 4759 60 10
3960 3554 1 1518 60 10
3961 3556 23 179 50 5
3962 3556 6 767 60 10
3963 3556 9 2395 60 10
3964 3556 28 1382 60 10
3965 3556 10 3710 60 10
3966 3557 0 2106 50 5
3967 3557 18 47 60 10
3968 3557 10 3817 60 10
3969 3557 2 1644 60 10
3970 3557 25 3026 60 10
3971 3558 26 2896 60 10
3972 3558 18 2238 40 20
3973 3558 21 2258 60 10
3974 3558 26 2300 60 10
3975 3558 19 4891 40 20
3976 3563 18 2069 60 10
3977 3563 10 3184 60 10
3978 3563 2 2335 40 20
3979 3563 23 3644 50 5
3980 3563 1 1659 50 5
3981 3571 9 2323 40 20
3982 3571 21 4147 50 5
3983 3571 21 1642 60 10
3984 3571 10 1593 60 10
3985 3571 12 546 60 10
3986 3578 18 322 40 20
3987 3578 15 2907 60 10
3988 3578 10 2612 50 5
3989 3578 12 3255 50 5
3990 3578 26 4961 60 10
3991 3585 25 3564 60 10
3992 3585 29 318 60 10
3993 3585 5 4916 50 5
3994 3585 16 1788 60 10
3995 3585 24 834 50 5
3996 3590 9 4474 60 10
3997 3590 20 3015 60 10
3998 3590 4 726 60 10
3999 3590 26 269 60 10
4000 3590 9 709 60 10
4001 3596 5 2268 60 10
4002 3596 28 2830 60 10
4003 3596 29 2104 60 10
4004 3596 28 3247 50 5
4005 3596 16 611 60 10
4006 3601 5 3212 60 10
4007 3601 2 3333 60 10
4008 3601 28 2342 60 10
4009 3601 11 615 40 20
4010 3601 28 3606 60 10
4011 3603 10 1858 60 10
4012 3603 4 2019 40 20
4013 3603 19 46 60 10
4014 3603 13 4161 50 5
4015 3603 9 1661 40 20
4016 3607 13 768 60 10
4017 3607 19 245 60 10
4018 3607 11 3779 60 10
4019 3607 15 2515 60 10
4020 3607 12 4748 50 5
4021 3612 9 2374 60 10
4022 3612 20 4247 60 10
4023 3612 27 1774 50 5
4024 3612 29 3322 60 10
4025 3612 16 4929 40 20
4026 3613 25 1918 40 20
4027 3613 11 622 60 10
4028 3613 21 3711 60 10
4029 3613 16 4794 50 5
4030 3613 2 2695 40 20
4031 3622 11 1633 60 10
4032 3622 13 2431 50 5
4033 3622 14 2135 50 5
4034 3622 10 4586 60 10
4035 3622 6 1054 60 10
4036 3626 7 1983 60 10
4037 3626 16 2360 60 10
4038 3626 23 928 60 10
4039 3626 26 4109 60 10
4040 3626 11 2400 60 10
4041 3631 16 2458 60 10
4042 3631 19 2750 50 5
4043 3631 20 1098 40 20
4044 3631 20 177 60 10
4045 3631 8 2605 60 10
4046 3632 8 2898 60 10
4047 3632 29 4917 60 10
4048 3632 24 2111 60 10
4049 3632 1 2714 60 10
4050 3632 28 4046 60 10
4051 3641 17 4825 40 20
4052 3641 6 1866 60 10
4053 3641 3 3751 60 10
4054 3641 0 1847 60 10
4055 3641 8 4077 60 10
4056 3643 25 1072 60 10
4057 3643 23 466 60 10
4058 3643 20 756 60 10
4059 3643 29 699 40 20
4060 3643 14 1977 60 10
4061 3647 22 415 60 10
4062 3647 20 3003 60 10
4063 3647 15 3070 60 10
4064 3647 21 252 60 10
4065 3647 9 1894 50 5
4066 3650 20 2296 50 5
4067 3650 26 3282 50 5
4068 3650 1 3783 60 10
4069 3650 8 3215 60 10
4070 3650 10 4162 40 20
4071 3656 26 2523 60 10
4072 3656 24 410 60 10
4073 3656 26 4383 60 10
4074 3656 21 3344 60 10
4075 3656 0 4408 60 10
4076 3663 9 1834 60 10
4077 3663 28 4818 60 10
4078 3663 27 4927 50 5
4079 3663 26 3781 40 20
4080 3663 1 2104 50 5
4081 3668 1 4989 60 10
4082 3668 22 4359 50 5
4083 3668 25 369 50 5
4084 3668 2 1907 40 20
4085 3668 0 4668 40 20
4086 3669 17 4334 50 5
4087 3669 29 3629 60 10
4088 3669 10 1350 60 10
4089 3669 27 983 60 10
4090 3669 6 2628 40 20
4091 3669 14 2198 60 10
4092 3669 8 3377 60 10
4093 3669 29 1598 60 10
4094 3669 24 2862 40 20
4095 3669 12 4881 60 10
4096 3676 16 4453 40 20
4097 3676 29 3753 60 10
4098 3676 7 2026 60 10
4099 3676 11 1236 40 20
4100 3676 11 3324 60 10
4101 3681 24 4613 60 10
4102 3681 19 4785 60 10
4103 3681 4 3756 60 10
4104 3681 16 4887 60 10
4105 3681 11 1951 60 10
4106 3684 7 158 60 10
4107 3684 21 3022 60 10
4108 3684 8 3820 60 10
4109 3684 20 4324 60 10
4110 3684 11 410 60 10
4111 3690 3 2706 60 10
4112 3690 14 1390 60 10
4113 3690 1 4883 60 10
4114 3690 14 567 60 10
4115 3690 8 4175 60 10
4116 3690 1 2729 60 10
4117 3690 10 2526 40 20
4118 3690 15 3716 60 10
4119 3690 17 2327 50 5
4120 3690 1 2565 50 5
4121 3696 20 3029 50 5
4122 3696 25 2561 60 10
4123 3696 26 3141 60 10
4124 3696 0 2015 50 5
4125 3696 25 80 60 10
4126 3698 15 3991 60 10
4127 3698 14 4374 60 10
4128 3698 0 1049 60 10
4129 3698 3 2925 60 10
4130 3698 14 4862 60 10
4131 3702 25 3215 40 20
4132 3702 6 1458 60 10
4133 3702 7 4577 60 10
4134 3702 9 2477 40 20
4135 3702 11 2354 50 5
4136 3709 14 1847 40 20
4137 3709 1 4472 60 10
4138 3709 21 3045 60 10
4139 3709 14 2166 50 5
4140 3709 23 4836 40 20
4141 3714 29 3671 60 10
4142 3714 20 1192 60 10
4143 3714 0 4822 40 20
4144 3714 5 267 60 10
4145 3714 18 2845 60 10
4146 3722 1 4209 60 10
4147 3722 14 1980 60 10
4148 3722 2 2046 60 10
4149 3722 29 626 60 10
4150 3722 10 4183 60 10
4151 3731 6 350 50 5
4152 3731 25 1971 50 5
4153 3731 5 4629 60 10
4154 3731 1 1528 60 10
4155 3731 14 866 60 10
4156 3736 3 606 60 10
4157 3736 3 2082 40 20
4158 3736 13 4981 40 20
4159 3736 29 2249 60 10
4160 3736 6 4296 60 10
4161 3742 3 282 60 10
4162 3742 11 1724 60 10
4163 3742 6 406 50 5
4164 3742 18 236 60 10
4165 3742 4 2120 60 10
4166 3744 0 573 50 5
4167 3744 4 3752 60 10
4168 3744 12 4434 50 5
4169 3744 14 1580 50 5
4170 3744 17 3493 60 10
4171 3744 9 3814 60 10
4172 3744 6 4939 50 5
4173 3744 24 3145 60 10
4174 3744 0 3734 60 10
4175 3744 9 2008 50 5
4176 3746 3 4190 60 10
4177 3746 28 4225 60 10
4178 3746 21 2572 60 10
4179 3746 17 993 60 10
4180 3746 16 1489 60 10
4181 3749 14 1295 60 10
4182 3749 15 2127 40 20
4183 3749 15 1725 50 5
4184 3749 28 1664 60 10
4185 3749 13 625 60 10
4186 3755 8 3153 50 5
4187 3755 19 1755 40 20
4188 3755 3 4453 50 5
4189 3755 4 2393 40 20
4190 3755 9 993 60 10
4191 3755 13 1927 50 5
4192 3755 3 1521 60 10
4193 3755 12 1844 60 10
4194 3755 21 4265 60 10
4195 3755 28 2227 60 10
4196 3761 7 4167 60 10
4197 3761 26 623 60 10
4198 3761 12 251 60 10
4199 3761 18 4357 60 10
4200 3761 13 575 50 5
4201 3764 10 453 60 10
4202 3764 8 3448 50 5
4203 3764 16 388 60 10
4204 3764 22 2377 60 10
4205 3764 3 766 60 10
4206 3764 23 2247 60 10
4207 3764 11 1132 50 5
4208 3764 24 2495 50 5
4209 3764 14 4987 60 10
4210 3764 5 4034 60 10
4211 3768 26 4929 60 10
4212 3768 26 3725 60 10
4213 3768 23 1062 50 5
4214 3768 21 1904 60 10
4215 3768 26 1587 60 10
4216 3776 19 2954 60 10
4217 3776 10 146 60 10
4218 3776 15 1065 50 5
4219 3776 10 2989 60 10
4220 3776 10 4330 60 10
4221 3785 13 1188 60 10
4222 3785 1 1424 50 5
4223 3785 17 458 60 10
4224 3785 2 2118 60 10
4225 3785 14 265 50 5
4226 3791 13 695 60 10
4227 3791 2 1715 60 10
4228 3791 9 4265 50 5
4229 3791 15 2666 60 10
4230 3791 29 1352 60 10
4231 3792 28 1140 40 20
4232 3792 4 2176 50 5
4233 3792 6 2520 60 10
4234 3792 22 1820 60 10
4235 3792 26 1536 60 10
4236 3797 25 2118 60 10
4237 3797 11 2517 50 5
4238 3797 10 4983 60 10
4239 3797 28 1153 60 10
4240 3797 20 1915 60 10
4241 3803 2 2244 60 10
4242 3803 29 4870 50 5
4243 3803 0 1311 60 10
4244 3803 24 3712 40 20
4245 3803 11 4297 60 10
4246 3807 24 487 60 10
4247 3807 3 1416 60 10
4248 3807 24 690 60 10
4249 3807 19 652 60 10
4250 3807 12 2531 50 5
4251 3813 14 3033 60 10
4252 3813 28 4417 60 10
4253 3813 20 1552 60 10
4254 3813 27 27 60 10
4255 3813 28 4371 50 5
4256 3818 16 1843 60 10
4257 3818 19 3837 60 10
4258 3818 14 4515 60 10
4259 3818 2 3962 50 5
4260 3818 17 1105 50 5
4261 3825 19 2053 50 5
4262 3825 12 1754 40 20
4263 3825 4 2011 60 10
4264 3825 9 4134 50 5
4265 3825 18 2814 60 10
4266 3829 20 1 60 10
4267 3829 21 1764 60 10
4268 3829 18 2474 60 10
4269 3829 14 4483 50 5
4270 3829 7 772 60 10
4271 3838 6 3927 60 10
4272 3838 26 1072 50 5
4273 3838 29 2112 50 5
4274 3838 26 1695 50 5
4275 3838 26 1539 40 20
4276 3846 21 3161 60 10
4277 3846 29 2132 60 10
4278 3846 6 2399 40 20
4279 3846 6 679 60 10
4280 3846 7 1060 60 10
4281 3847 6 1592 50 5
4282 3847 16 356 50 5
4283 3847 9 4167 50 5
4284 3847 4 1743 40 20
4285 3847 2 457 60 10
4286 3848 24 3996 50 5
4287 3848 14 3437 60 10
4288 3848 4 9 40 20
4289 3848 21 1614 60 10
4290 3848 12 1194 50 5
4291 3852 17 1295 50 5
4292 3852 0 4149 60 10
4293 3852 3 71 60 10
4294 3852 9 607 60 10
4295 3852 27 872 60 10
4296 3853 0 4025 40 20
4297 3853 7 201 50 5
4298 3853 16 3914 50 5
4299 3853 2 1416 60 10
4300 3853 3 2325 60 10
4301 3854 22 2060 60 10
4302 3854 8 4180 60 10
4303 3854 25 1842 60 10
4304 3854 27 750 60 10
4305 3854 7 3249 50 5
4306 3857 6 312 60 10
4307 3857 20 733 40 20
4308 3857 28 4536 60 10
4309 3857 19 349 50 5
4310 3857 21 4765 60 10
4311 3857 22 3991 60 10
4312 3857 22 2041 60 10
4313 3857 20 4382 60 10
4314 3857 12 1931 60 10
4315 3857 25 515 40 20
4316 3860 21 3234 40 20
4317 3860 9 3836 50 5
4318 3860 10 3492 60 10
4319 3860 22 3205 50 5
4320 3860 10 1291 60 10
4321 3869 8 4969 60 10
4322 3869 6 2043 60 10
4323 3869 12 2180 50 5
4324 3869 28 4512 50 5
4325 3869 9 294 50 5
4326 3870 29 3710 50 5
4327 3870 11 4332 50 5
4328 3870 20 1446 60 10
4329 3870 28 3145 60 10
4330 3870 24 1069 60 10
4331 3875 3 3953 60 10
4332 3875 16 4523 40 20
4333 3875 2 380 60 10
4334 3875 29 4452 60 10
4335 3875 13 3834 60 10
4336 3879 7 972 60 10
4337 3879 2 3605 60 10
4338 3879 10 1950 60 10
4339 3879 0 3391 60 10
4340 3879 19 3502 60 10
4341 3883 14 447 60 10
4342 3883 8 1376 60 10
4343 3883 20 3709 60 10
4344 3883 26 7 60 10
4345 3883 23 4848 60 10
4346 3890 15 4797 60 10
4347 3890 4 760 60 10
4348 3890 21 4211 40 20
4349 3890 28 3304 60 10
4350 3890 24 3843 60 10
4351 3896 20 2268 60 10
4352 3896 18 4987 40 20
4353 3896 5 4785 50 5
4354 3896 8 2801 60 10
4355 3896 6 3975 60 10
4356 3896 3 1039 60 10
4357 3896 3 1997 60 10
4358 3896 21 1486 60 10
4359 3896 7 4005 60 10
4360 3896 17 350 60 10
4361 3904 20 543 60 10
4362 3904 4 1531 50 5
4363 3904 19 3574 50 5
4364 3904 0 58 60 10
4365 3904 24 3784 60 10
4366 3905 6 3333 60 10
4367 3905 8 3467 60 10
4368 3905 12 456 60 10
4369 3905 18 516 50 5
4370 3905 24 2670 50 5
4371 3913 2 4176 60 10
4372 3913 26 441 50 5
4373 3913 28 2933 60 10
4374 3913 4 1298 60 10
4375 3913 12 3769 60 10
4376 3913 21 3620 60 10
4377 3913 9 2883 40 20
4378 3913 4 151 60 10
4379 3913 13 159 60 10
4380 3913 7 2379 60 10
4381 3920 9 384 60 10
4382 3920 26 4941 60 10
4383 3920 8 3070 60 10
4384 3920 6 4409 60 10
4385 3920 19 3125 50 5
4386 3927 24 4926 50 5
4387 3927 24 3980 60 10
4388 3927 25 1955 60 10
4389 3927 13 853 50 5
4390 3927 13 3518 60 10
4391 3930 7 230 60 10
4392 3930 11 1510 40 20
4393 3930 13 1544 60 10
4394 3930 23 2343 40 20
4395 3930 9 4665 60 10
4396 3937 17 282 60 10
4397 3937 22 3751 60 10
4398 3937 15 2374 60 10
4399 3937 7 1117 40 20
4400 3937 4 1518 40 20
4401 3941 12 4786 50 5
4402 3941 6 3188 60 10
4403 3941 7 4341 40 20
4404 3941 24 3652 60 10
4405 3941 20 4207 60 10
4406 3942 17 1568 60 10
4407 3942 16 2979 60 10
4408 3942 28 798 60 10
4409 3942 5 1769 50 5
4410 3942 23 3739 50 5
4411 3945 3 669 50 5
4412 3945 0 736 60 10
4413 3945 26 3723 60 10
4414 3945 23 1953 40 20
4415 3945 14 1726 50 5
4416 3948 26 3441 60 10
4417 3948 24 705 60 10
4418 3948 17 3972 60 10
4419 3948 26 1992 50 5
4420 3948 10 6 60 10
4421 3956 5 3342 40 20
4422 3956 21 1474 60 10
4423 3956 17 915 40 20
4424 3956 5 1996 60 10
4425 3956 27 822 50 5
4426 3965 15 3868 60 10
4427 3965 16 1993 50 5
4428 3965 8 3760 60 10
4429 3965 11 1570 60 10
4430 3965 28 4302 50 5
4431 3974 20 3813 60 10
4432 3974 7 3745 60 10
4433 3974 26 1189 60 10
4434 3974 19 3062 60 10
4435 3974 18 864 60 10
4436 3974 3 1897 60 10
4437 3974 25 3466 50 5
4438 3974 5 4378 50 5
4439 3974 6 4815 60 10
4440 3974 12 2539 60 10
4441 3983 5 3634 50 5
4442 3983 17 4150 50 5
4443 3983 27 2705 60 10
4444 3983 26 2800 60 10
4445 3983 0 2074 50 5
4446 3991 21 4353 60 10
4447 3991 3 4468 60 10
4448 3991 0 698 60 10
4449 3991 27 2175 60 10
4450 3991 25 2558 60 10
4451 3996 0 2134 60 10
4452 3996 8 313 60 10
4453 3996 10 3742 60 10
4454 3996 28 1689 50 5
4455 3996 22 4911 50 5
4456 4001 20 3603 50 5
4457 4001 0 905 60 10
4458 4001 1 4407 60 10
4459 4001 15 1930 50 5
4460 4001 10 4126 60 10
4461 4005 16 256 60 10
4462 4005 13 881 60 10
4463 4005 15 470 60 10
4464 4005 15 3040 50 5
4465 4005 8 1220 40 20
4466 4007 25 863 60 10
4467 4007 8 1934 40 20
4468 4007 28 2850 50 5
4469 4007 13 192 60 10
4470 4007 0 1707 60 10
4471 4011 19 1721 40 20
4472 4011 18 1062 60 10
4473 4011 12 3639 60 10
4474 4011 4 2999 60 10
4475 4011 13 315 60 10
4476 4020 3 2358 60 10
4477 4020 26 510 50 5
4478 4020 17 723 40 20
4479 4020 20 369 50 5
4480 4020 14 3926 60 10
4481 4027 4 792 60 10
4482 4027 5 3786 60 10
4483 4027 15 1890 60 10
4484 4027 20 3309 40 20
4485 4027 16 2899 60 10
4486 4029 2 391 50 5
4487 4029 3 71 60 10
4488 4029 22 610 60 10
4489 4029 10 4774 60 10
4490 4029 20 1869 60 10
4491 4036 20 2277 60 10
4492 4036 12 770 60 10
4493 4036 22 1214 60 10
4494 4036 18 777 60 10
4495 4036 12 4373 60 10
4496 4044 25 578 60 10
4497 4044 17 617 60 10
4498 4044 29 4679 60 10
4499 4044 19 245 40 20
4500 4044 3 251 40 20
4501 4048 27 2600 60 10
4502 4048 13 2528 60 10
4503 4048 14 2725 40 20
4504 4048 22 581 60 10
4505 4048 10 2600 60 10
4506 4052 8 4080 60 10
4507 4052 4 3173 60 10
4508 4052 15 217 60 10
4509 4052 21 1991 50 5
4510 4052 24 1245 60 10
4511 4055 3 2658 60 10
4512 4055 26 2828 60 10
4513 4055 29 421 60 10
4514 4055 9 192 60 10
4515 4055 0 1300 50 5
4516 4057 25 2599 60 10
4517 4057 14 4251 60 10
4518 4057 12 2402 60 10
4519 4057 10 821 50 5
4520 4057 2 3957 40 20
4521 4065 17 4962 50 5
4522 4065 13 1462 60 10
4523 4065 22 2888 60 10
4524 4065 29 450 60 10
4525 4065 11 4425 60 10
4526 4071 3 1154 60 10
4527 4071 14 4154 60 10
4528 4071 17 4296 40 20
4529 4071 28 2069 60 10
4530 4071 4 2186 60 10
4531 4074 25 4800 60 10
4532 4074 15 4245 60 10
4533 4074 8 4364 60 10
4534 4074 9 2259 60 10
4535 4074 3 624 60 10
4536 4074 9 3070 60 10
4537 4074 27 1979 60 10
4538 4074 25 3012 50 5
4539 4074 1 2209 60 10
4540 4074 17 1124 60 10
4541 4082 4 773 60 10
4542 4082 13 3017 60 10
4543 4082 20 905 40 20
4544 4082 10 4891 60 10
4545 4082 10 2168 60 10
4546 4088 1 2221 40 20
4547 4088 17 77 60 10
4548 4088 19 4086 60 10
4549 4088 19 544 50 5
4550 4088 20 3428 60 10
4551 4088 25 2560 40 20
4552 4088 21 3411 60 10
4553 4088 7 1993 50 5
4554 4088 2 2147 50 5
4555 4088 11 1561 60 10
4556 4097 29 3558 60 10
4557 4097 8 4057 60 10
4558 4097 26 2637 40 20
4559 4097 24 3673 50 5
4560 4097 0 3145 50 5
4561 4100 19 2081 40 20
4562 4100 21 1547 60 10
4563 4100 17 3923 60 10
4564 4100 2 1729 60 10
4565 4100 19 2700 40 20
4566 4104 2 4809 40 20
4567 4104 10 1086 60 10
4568 4104 22 2210 60 10
4569 4104 0 2102 60 10
4570 4104 18 1787 60 10
4571 4107 21 2872 60 10
4572 4107 22 2336 60 10
4573 4107 3 1414 60 10
4574 4107 6 1406 60 10
4575 4107 29 1408 60 10
4576 4114 16 4247 60 10
4577 4114 20 1589 60 10
4578 4114 16 2630 60 10
4579 4114 5 3094 40 20
4580 4114 26 2795 50 5
4581 4116 0 4014 60 10
4582 4116 24 4483 40 20
4583 4116 22 3235 60 10
4584 4116 25 3475 40 20
4585 4116 24 3741 40 20
4586 4120 8 1759 50 5
4587 4120 0 4246 60 10
4588 4120 8 2679 40 20
4589 4120 1 2817 60 10
4590 4120 23 1000 60 10
4591 4128 13 2363 60 10
4592 4128 23 2179 50 5
4593 4128 12 1578 50 5
4594 4128 14 1902 60 10
4595 4128 8 1612 60 10
4596 4134 15 1705 60 10
4597 4134 14 2064 50 5
4598 4134 11 2421 60 10
4599 4134 15 4735 50 5
4600 4134 22 4234 60 10
4601 4140 23 3621 60 10
4602 4140 28 3409 60 10
4603 4140 18 986 40 20
4604 4140 27 2953 60 10
4605 4140 29 4932 60 10
4606 4143 12 62 50 5
4607 4143 27 235 60 10
4608 4143 25 346 60 10
4609 4143 22 144 60 10
4610 4143 24 3418 50 5
4611 4146 6 734 60 10
4612 4146 1 4948 60 10
4613 4146 4 3357 60 10
4614 4146 5 722 60 10
4615 4146 12 5 60 10
4616 4147 0 3349 60 10
4617 4147 17 3817 60 10
4618 4147 21 2292 60 10
4619 4147 24 3708 50 5
4620 4147 26 239 60 10
4621 4151 13 3261 60 10
4622 4151 6 1293 60 10
4623 4151 20 705 60 10
4624 4151 7 2139 60 10
4625 4151 13 2296 60 10
4626 4156 14 862 50 5
4627 4156 1 583 60 10
4628 4156 10 4221 60 10
4629 4156 4 2387 60 10
4630 4156 8 9 60 10
4631 4163 29 1306 60 10
4632 4163 6 1268 50 5
4633 4163 18 2935 60 10
4634 4163 1 2498 50 5
4635 4163 23 2500 60 10
4636 4166 17 2978 50 5
4637 4166 7 4872 60 10
4638 4166 4 2211 40 20
4639 4166 29 1509 60 10
4640 4166 27 2736 60 10
4641 4174 15 2750 50 5
4642 4174 9 4184 60 10
4643 4174 25 2303 60 10
4644 4174 24 4393 60 10
4645 4174 9 4937 60 10
4646 4175 9 3384 60 10
4647 4175 1 3738 60 10
4648 4175 18 4695 60 10
4649 4175 27 4235 60 10
4650 4175 17 357 60 10
4651 4179 10 1552 60 10
4652 4179 16 914 60 10
4653 4179 25 3417 60 10
4654 4179 5 1015 60 10
4655 4179 16 4159 40 20
4656 4185 19 3544 60 10
4657 4185 20 797 60 10
4658 4185 10 224 60 10
4659 4185 29 3787 40 20
4660 4185 15 1735 50 5
4661 4190 27 2217 50 5
4662 4190 9 2817 60 10
4663 4190 25 1541 60 10
4664 4190 8 1156 60 10
4665 4190 11 1111 50 5
4666 4199 25 1003 60 10
4667 4199 4 3458 60 10
4668 4199 15 2472 60 10
4669 4199 19 1758 60 10
4670 4199 1 431 40 20
4671 4206 1 2559 60 10
4672 4206 6 2278 60 10
4673 4206 9 1522 60 10
4674 4206 7 1440 60 10
4675 4206 2 1432 60 10
4676 4212 21 1080 50 5
4677 4212 20 4617 60 10
4678 4212 15 2997 60 10
4679 4212 28 2037 60 10
4680 4212 10 4164 60 10
4681 4219 29 3708 60 10
4682 4219 20 3240 40 20
4683 4219 4 1097 60 10
4684 4219 13 3555 40 20
4685 4219 16 2691 60 10
4686 4224 28 2943 60 10
4687 4224 28 3193 60 10
4688 4224 19 712 40 20
4689 4224 1 1878 50 5
4690 4224 17 350 60 10
4691 4229 23 1800 50 5
4692 4229 13 136 60 10
4693 4229 2 2586 40 20
4694 4229 27 4789 60 10
4695 4229 23 4382 60 10
4696 4233 5 3536 60 10
4697 4233 6 1899 60 10
4698 4233 10 1881 60 10
4699 4233 26 4139 60 10
4700 4233 19 2797 50 5
4701 4233 26 4585 40 20
4702 4233 22 3422 50 5
4703 4233 21 1733 60 10
4704 4233 14 798 60 10
4705 4233 0 2931 60 10
4706 4238 18 348 60 10
4707 4238 5 4470 60 10
4708 4238 12 2888 60 10
4709 4238 26 1203 40 20
4710 4238 21 3314 60 10
4711 4240 20 2593 60 10
4712 4240 27 113 60 10
4713 4240 6 3330 60 10
4714 4240 11 3998 60 10
4715 4240 23 4458 60 10
4716 4245 9 4714 50 5
4717 4245 23 667 60 10
4718 4245 21 772 60 10
4719 4245 20 1589 60 10
4720 4245 23 1796 60 10
4721 4246 5 1895 50 5
4722 4246 14 4945 50 5
4723 4246 28 592 60 10
4724 4246 26 3477 60 10
4725 4246 7 1473 60 10
4726 4249 3 210 60 10
4727 4249 22 737 60 10
4728 4249 14 4391 60 10
4729 4249 18 3883 60 10
4730 4249 28 3907 50 5
4731 4251 28 2412 60 10
4732 4251 18 4216 50 5
4733 4251 25 4089 50 5
4734 4251 13 2852 60 10
4735 4251 15 3954 50 5
4736 4252 24 2029 60 10
4737 4252 1 1489 60 10
4738 4252 11 3255 60 10
4739 4252 8 2268 60 10
4740 4252 28 3936 60 10
4741 4253 16 1303 60 10
4742 4253 21 243 60 10
4743 4253 12 1739 60 10
4744 4253 17 1337 60 10
4745 4253 23 3805 60 10
4746 4262 13 3138 60 10
4747 4262 9 755 50 5
4748 4262 9 1461 60 10
4749 4262 1 3760 40 20
4750 4262 7 3634 60 10
4751 4268 17 2344 40 20
4752 4268 29 3605 60 10
4753 4268 19 1583 50 5
4754 4268 19 982 60 10
4755 4268 2 4320 50 5
4756 4276 19 4818 60 10
4757 4276 11 2390 60 10
4758 4276 12 3761 50 5
4759 4276 4 439 60 10
4760 4276 8 1145 60 10
4761 4282 2 1552 60 10
4762 4282 11 3668 50 5
4763 4282 14 4548 60 10
4764 4282 17 2201 60 10
4765 4282 12 1797 50 5
4766 4288 13 3891 60 10
4767 4288 24 739 60 10
4768 4288 5 1722 60 10
4769 4288 4 2753 50 5
4770 4288 24 4310 40 20
4771 4292 11 2093 50 5
4772 4292 7 288 60 10
4773 4292 1 1148 50 5
4774 4292 8 2708 60 10
4775 4292 4 620 40 20
4776 4299 14 495 40 20
4777 4299 11 1705 40 20
4778 4299 10 338 50 5
4779 4299 22 1214 40 20
4780 4299 9 664 40 20
4781 4302 11 1074 60 10
4782 4302 25 2650 60 10
4783 4302 12 2549 50 5
4784 4302 17 3045 60 10
4785 4302 22 939 60 10
4786 4304 9 309 50 5
4787 4304 7 4449 60 10
4788 4304 25 1415 60 10
4789 4304 20 4702 60 10
4790 4304 13 4671 60 10
4791 4307 12 2748 60 10
4792 4307 24 2658 60 10
4793 4307 3 4504 60 10
4794 4307 2 4894 60 10
4795 4307 9 4300 60 10
4796 4310 25 94 60 10
4797 4310 27 4154 60 10
4798 4310 9 2418 50 5
4799 4310 12 1625 60 10
4800 4310 9 2187 40 20
4801 4314 9 3613 60 10
4802 4314 24 3775 40 20
4803 4314 10 653 60 10
4804 4314 10 2230 60 10
4805 4314 26 1406 60 10
4806 4316 20 2153 40 20
4807 4316 12 2565 40 20
4808 4316 0 931 40 20
4809 4316 11 1528 60 10
4810 4316 25 4301 60 10
4811 4316 15 1780 50 5
4812 4316 6 2721 60 10
4813 4316 1 4756 60 10
4814 4316 3 4629 60 10
4815 4316 16 2658 60 10
4816 4316 5 4334 60 10
4817 4316 10 1377 60 10
4818 4316 29 3585 40 20
4819 4316 28 4017 50 5
4820 4316 10 3492 60 10
4821 4321 9 2601 60 10
4822 4321 2 2242 50 5
4823 4321 2 156 40 20
4824 4321 0 1730 60 10
4825 4321 10 3150 50 5
4826 4321 28 2798 40 20
4827 4321 25 4383 60 10
4828 4321 20 3742 50 5
4829 4321 15 4301 50 5
4830 4321 0 1937 60 10
4831 4321 12 277 50 5
4832 4321 10 3871 60 10
4833 4321 22 3087 50 5
4834 4321 12 3775 60 10
4835 4321 27 2141 60 10
4836 4329 13 2016 50 5
4837 4329 9 3095 60 10
4838 4329 8 3272 50 5
4839 4329 21 2653 60 10
4840 4329 7 971 60 10
4841 4330 28 1783 50 5
4842 4330 3 2403 60 10
4843 4330 15 435 40 20
4844 4330 3 4371 60 10
4845 4330 9 812 50 5
4846 4334 7 4236 60 10
4847 4334 19 584 60 10
4848 4334 17 2472 60 10
4849 4334 17 2711 60 10
4850 4334 12 4394 50 5
4851 4342 8 175 60 10
4852 4342 29 884 60 10
4853 4342 3 369 60 10
4854 4342 8 1654 60 10
4855 4342 19 2813 50 5
4856 4348 17 2786 60 10
4857 4348 27 411 60 10
4858 4348 5 1758 60 10
4859 4348 5 3181 50 5
4860 4348 14 166 50 5
4861 4355 25 1822 60 10
4862 4355 15 3922 60 10
4863 4355 4 17 50 5
4864 4355 10 2129 60 10
4865 4355 29 415 60 10
4866 4359 1 4307 60 10
4867 4359 9 463 60 10
4868 4359 14 3898 40 20
4869 4359 2 598 60 10
4870 4359 25 3176 50 5
4871 4360 24 867 60 10
4872 4360 29 4382 50 5
4873 4360 22 3323 50 5
4874 4360 27 2898 60 10
4875 4360 23 3354 50 5
4876 4363 17 982 50 5
4877 4363 6 3581 60 10
4878 4363 8 4012 60 10
4879 4363 23 4329 60 10
4880 4363 27 239 60 10
4881 4369 18 1998 50 5
4882 4369 15 1152 40 20
4883 4369 12 1582 50 5
4884 4369 6 1130 60 10
4885 4369 24 1063 60 10
4886 4377 4 540 60 10
4887 4377 27 1932 60 10
4888 4377 18 107 60 10
4889 4377 22 2112 60 10
4890 4377 13 2867 60 10
4891 4383 4 3752 60 10
4892 4383 26 4143 50 5
4893 4383 25 4515 50 5
4894 4383 14 4057 60 10
4895 4383 1 1597 60 10
4896 4388 12 1787 60 10
4897 4388 4 3173 60 10
4898 4388 10 3080 60 10
4899 4388 6 1746 60 10
4900 4388 17 3965 40 20
4901 4393 11 207 60 10
4902 4393 4 4292 60 10
4903 4393 23 890 60 10
4904 4393 3 48 60 10
4905 4393 1 1012 60 10
4906 4401 16 1309 60 10
4907 4401 15 4288 50 5
4908 4401 21 2875 60 10
4909 4401 26 3863 60 10
4910 4401 16 1668 60 10
4911 4402 0 454 60 10
4912 4402 3 790 50 5
4913 4402 1 667 60 10
4914 4402 26 2533 60 10
4915 4402 23 1221 50 5
4916 4406 23 1234 60 10
4917 4406 15 2212 40 20
4918 4406 21 3396 50 5
4919 4406 26 1927 60 10
4920 4406 1 3272 60 10
4921 4413 22 2962 60 10
4922 4413 27 2158 60 10
4923 4413 13 2854 50 5
4924 4413 17 2778 50 5
4925 4413 25 2135 60 10
4926 4420 24 3072 40 20
4927 4420 12 3210 60 10
4928 4420 7 4827 50 5
4929 4420 26 2 60 10
4930 4420 17 2466 40 20
4931 4422 9 3445 60 10
4932 4422 27 1868 60 10
4933 4422 7 2114 60 10
4934 4422 29 4877 60 10
4935 4422 20 2290 50 5
4936 4427 18 41 60 10
4937 4427 0 4033 50 5
4938 4427 27 3007 50 5
4939 4427 15 4984 50 5
4940 4427 9 401 40 20
4941 4436 4 926 60 10
4942 4436 2 2719 60 10
4943 4436 19 1001 60 10
4944 4436 1 760 60 10
4945 4436 13 2687 40 20
4946 4439 4 4205 50 5
4947 4439 18 2994 50 5
4948 4439 15 1665 60 10
4949 4439 18 4369 50 5
4950 4439 16 693 40 20
4951 4447 8 3278 60 10
4952 4447 12 2999 50 5
4953 4447 1 1113 60 10
4954 4447 7 721 60 10
4955 4447 17 3484 60 10
4956 4448 5 1474 50 5
4957 4448 12 1124 60 10
4958 4448 24 1881 60 10
4959 4448 8 2949 40 20
4960 4448 29 46 60 10
4961 4451 26 3379 60 10
4962 4451 5 4789 60 10
4963 4451 1 2475 60 10
4964 4451 7 2354 60 10
4965 4451 15 4540 50 5
4966 4452 13 2234 40 20
4967 4452 0 1552 60 10
4968 4452 6 4319 50 5
4969 4452 29 1653 60 10
4970 4452 20 3701 60 10
4971 4455 15 191 60 10
4972 4455 12 1193 50 5
4973 4455 28 4695 60 10
4974 4455 22 1618 60 10
4975 4455 20 2636 60 10
4976 4461 27 3484 60 10
4977 4461 19 2357 60 10
4978 4461 10 299 60 10
4979 4461 25 935 60 10
4980 4461 24 4985 60 10
4981 4467 18 3218 60 10
4982 4467 7 3570 60 10
4983 4467 20 804 40 20
4984 4467 12 4537 50 5
4985 4467 23 3718 60 10
4986 4476 17 1 60 10
4987 4476 9 3180 60 10
4988 4476 2 3492 60 10
4989 4476 10 157 60 10
4990 4476 22 2459 40 20
4991 4476 22 2506 60 10
4992 4476 16 4841 50 5
4993 4476 28 2884 60 10
4994 4476 23 2735 60 10
4995 4476 1 3425 60 10
4996 4476 1 4872 60 10
4997 4476 23 2453 60 10
4998 4476 13 460 60 10
4999 4476 20 437 60 10
5000 4476 27 1610 40 20
5001 4478 12 1953 40 20
5002 4478 0 3413 60 10
5003 4478 27 901 60 10
5004 4478 7 2900 50 5
5005 4478 5 1557 50 5
5006 4487 14 4497 60 10
5007 4487 19 1327 60 10
5008 4487 3 2345 60 10
5009 4487 17 4569 50 5
5010 4487 20 2086 40 20
5011 4487 11 2695 60 10
5012 4487 25 3719 40 20
5013 4487 17 480 60 10
5014 4487 3 88 60 10
5015 4487 5 3147 60 10
5016 4489 7 820 60 10
5017 4489 29 2515 50 5
5018 4489 16 412 60 10
5019 4489 7 2103 60 10
5020 4489 22 463 60 10
5021 4494 29 2482 50 5
5022 4494 9 1751 50 5
5023 4494 8 1293 60 10
5024 4494 5 1651 50 5
5025 4494 14 1850 40 20
5026 4495 10 4098 60 10
5027 4495 14 4752 60 10
5028 4495 2 4348 60 10
5029 4495 16 3729 60 10
5030 4495 0 782 50 5
5031 4502 5 1844 40 20
5032 4502 27 1220 40 20
5033 4502 12 4203 60 10
5034 4502 22 1077 60 10
5035 4502 11 1019 50 5
5036 4505 23 130 60 10
5037 4505 24 2799 50 5
5038 4505 1 123 60 10
5039 4505 4 2429 60 10
5040 4505 5 706 60 10
5041 4505 10 4621 60 10
5042 4505 16 2399 40 20
5043 4505 5 1892 60 10
5044 4505 23 1919 40 20
5045 4505 1 3700 50 5
5046 4512 5 797 60 10
5047 4512 21 1904 50 5
5048 4512 20 2127 60 10
5049 4512 4 4557 60 10
5050 4512 13 899 60 10
5051 4513 29 2427 40 20
5052 4513 24 1583 60 10
5053 4513 12 4926 60 10
5054 4513 1 23 50 5
5055 4513 25 2103 50 5
5056 4520 10 753 60 10
5057 4520 20 1641 40 20
5058 4520 12 2105 60 10
5059 4520 5 4296 50 5
5060 4520 29 2882 60 10
5061 4526 5 2960 60 10
5062 4526 11 1093 60 10
5063 4526 19 1226 50 5
5064 4526 12 142 60 10
5065 4526 12 364 60 10
5066 4535 1 2968 60 10
5067 4535 9 4309 60 10
5068 4535 5 1921 60 10
5069 4535 22 894 60 10
5070 4535 29 638 60 10
5071 4540 16 4995 50 5
5072 4540 5 3736 60 10
5073 4540 3 3832 60 10
5074 4540 12 4325 60 10
5075 4540 19 2313 60 10
5076 4544 27 3722 50 5
5077 4544 12 1530 60 10
5078 4544 16 1327 60 10
5079 4544 5 4199 50 5
5080 4544 29 615 60 10
5081 4553 3 85 60 10
5082 4553 22 3881 40 20
5083 4553 8 3672 60 10
5084 4553 27 2450 60 10
5085 4553 22 3712 40 20
5086 4559 29 2605 50 5
5087 4559 4 2649 60 10
5088 4559 1 1891 60 10
5089 4559 7 1891 50 5
5090 4559 10 118 60 10
5091 4561 28 2557 60 10
5092 4561 1 1919 60 10
5093 4561 23 4025 60 10
5094 4561 7 4999 60 10
5095 4561 16 2248 60 10
5096 4564 4 1987 60 10
5097 4564 27 1337 60 10
5098 4564 12 836 60 10
5099 4564 4 18 60 10
5100 4564 27 2218 60 10
5101 4568 6 587 60 10
5102 4568 5 3731 60 10
5103 4568 20 3293 50 5
5104 4568 10 282 40 20
5105 4568 16 2002 60 10
5106 4568 21 316 60 10
5107 4568 20 3987 50 5
5108 4568 17 2739 60 10
5109 4568 12 4156 60 10
5110 4568 10 307 60 10
5111 4572 7 663 60 10
5112 4572 0 1757 50 5
5113 4572 0 2226 50 5
5114 4572 16 2213 60 10
5115 4572 9 53 60 10
5116 4577 9 1582 60 10
5117 4577 28 782 60 10
5118 4577 26 64 60 10
5119 4577 7 3250 60 10
5120 4577 20 1313 60 10
5121 4582 26 4282 40 20
5122 4582 28 4460 60 10
5123 4582 21 4465 60 10
5124 4582 17 4767 60 10
5125 4582 19 4873 60 10
5126 4586 10 3091 60 10
5127 4586 24 699 50 5
5128 4586 28 2627 60 10
5129 4586 16 1842 60 10
5130 4586 25 789 60 10
5131 4589 8 1787 60 10
5132 4589 27 3561 60 10
5133 4589 28 3769 50 5
5134 4589 9 4752 60 10
5135 4589 20 4095 50 5
5136 4593 3 458 50 5
5137 4593 16 3738 60 10
5138 4593 21 2596 60 10
5139 4593 13 4541 50 5
5140 4593 6 3982 60 10
5141 4601 0 4066 60 10
5142 4601 10 4035 60 10
5143 4601 25 1252 60 10
5144 4601 29 2343 60 10
5145 4601 12 45 40 20
5146 4605 8 2076 60 10
5147 4605 22 386 60 10
5148 4605 20 2258 40 20
5149 4605 10 1556 40 20
5150 4605 21 301 60 10
5151 4606 15 4784 60 10
5152 4606 24 187 60 10
5153 4606 29 376 60 10
5154 4606 10 2782 60 10
5155 4606 29 2518 60 10
5156 4608 23 2416 60 10
5157 4608 4 4923 60 10
5158 4608 0 2327 60 10
5159 4608 26 389 50 5
5160 4608 27 3849 60 10
5161 4616 13 1452 60 10
5162 4616 25 4040 40 20
5163 4616 16 263 60 10
5164 4616 25 4140 40 20
5165 4616 12 4927 60 10
5166 4622 27 1494 60 10
5167 4622 27 422 60 10
5168 4622 7 2561 40 20
5169 4622 2 2450 50 5
5170 4622 9 3426 60 10
5171 4625 19 1590 50 5
5172 4625 1 1411 60 10
5173 4625 16 2383 60 10
5174 4625 28 89 60 10
5175 4625 27 3154 50 5
5176 4631 13 4870 60 10
5177 4631 0 3211 60 10
5178 4631 7 2841 40 20
5179 4631 8 3673 60 10
5180 4631 22 1456 60 10
5181 4637 24 4335 60 10
5182 4637 16 4140 60 10
5183 4637 1 560 60 10
5184 4637 1 4366 60 10
5185 4637 29 6 60 10
5186 4645 29 1953 60 10
5187 4645 14 2873 60 10
5188 4645 20 1471 60 10
5189 4645 23 596 50 5
5190 4645 21 3364 60 10
5191 4651 25 1062 60 10
5192 4651 29 2858 60 10
5193 4651 21 1508 50 5
5194 4651 17 1305 60 10
5195 4651 9 2451 60 10
5196 4656 5 2158 60 10
5197 4656 19 3321 60 10
5198 4656 8 1338 60 10
5199 4656 24 3122 60 10
5200 4656 10 965 60 10
5201 4661 12 1995 60 10
5202 4661 26 1453 50 5
5203 4661 22 4290 60 10
5204 4661 27 3611 40 20
5205 4661 6 2154 60 10
5206 4663 22 3214 50 5
5207 4663 24 3419 60 10
5208 4663 12 4915 60 10
5209 4663 11 1218 40 20
5210 4663 26 3003 60 10
5211 4670 15 2903 60 10
5212 4670 27 2070 60 10
5213 4670 6 3089 60 10
5214 4670 4 3516 60 10
5215 4670 11 2706 60 10
5216 4677 26 1695 40 20
5217 4677 21 4126 40 20
5218 4677 11 331 60 10
5219 4677 20 2150 50 5
5220 4677 28 151 60 10
5221 4678 8 97 60 10
5222 4678 5 3413 60 10
5223 4678 6 2210 60 10
5224 4678 24 3853 60 10
5225 4678 11 4627 50 5
5226 4678 14 3651 50 5
5227 4678 6 1354 60 10
5228 4678 29 3600 50 5
5229 4678 20 2085 60 10
5230 4678 9 2776 50 5
5231 4684 11 3201 60 10
5232 4684 13 4673 60 10
5233 4684 4 3845 60 10
5234 4684 23 3588 60 10
5235 4684 5 366 40 20
5236 4684 1 4514 40 20
5237 4684 16 344 50 5
5238 4684 27 2554 50 5
5239 4684 16 2255 50 5
5240 4684 25 3174 60 10
5241 4688 25 151 50 5
5242 4688 19 3835 60 10
5243 4688 16 2001 60 10
5244 4688 17 3451 60 10
5245 4688 19 4298 50 5
5246 4691 22 2490 60 10
5247 4691 29 4592 60 10
5248 4691 25 683 60 10
5249 4691 5 1188 60 10
5250 4691 20 2802 60 10
5251 4698 18 4428 60 10
5252 4698 11 2675 50 5
5253 4698 28 4112 60 10
5254 4698 12 304 40 20
5255 4698 6 2727 60 10
5256 4701 2 1333 60 10
5257 4701 17 849 60 10
5258 4701 3 1057 50 5
5259 4701 12 780 60 10
5260 4701 12 579 60 10
5261 4705 11 55 50 5
5262 4705 26 3456 50 5
5263 4705 0 2192 60 10
5264 4705 16 1613 60 10
5265 4705 22 4421 40 20
5266 4714 22 875 40 20
5267 4714 12 2428 60 10
5268 4714 23 4638 60 10
5269 4714 11 1295 60 10
5270 4714 9 4049 60 10
5271 4715 18 4905 50 5
5272 4715 10 2234 60 10
5273 4715 20 3378 60 10
5274 4715 28 4369 60 10
5275 4715 23 1773 60 10
5276 4722 15 954 60 10
5277 4722 25 360 60 10
5278 4722 17 2504 60 10
5279 4722 18 2526 40 20
5280 4722 18 988 40 20
5281 4726 19 4088 50 5
5282 4726 25 3323 60 10
5283 4726 8 4926 60 10
5284 4726 9 3931 60 10
5285 4726 10 1871 60 10
5286 4731 3 260 60 10
5287 4731 1 2774 50 5
5288 4731 22 3088 50 5
5289 4731 14 2631 60 10
5290 4731 19 1101 60 10
5291 4731 26 2103 60 10
5292 4731 27 2592 60 10
5293 4731 10 4212 60 10
5294 4731 8 1261 60 10
5295 4731 2 4265 40 20
5296 4739 23 3024 60 10
5297 4739 0 518 60 10
5298 4739 10 2709 50 5
5299 4739 28 2603 60 10
5300 4739 1 483 60 10
5301 4748 9 2915 50 5
5302 4748 3 1403 60 10
5303 4748 19 3732 60 10
5304 4748 7 150 50 5
5305 4748 15 2669 50 5
5306 4753 7 1791 60 10
5307 4753 28 2695 50 5
5308 4753 14 41 60 10
5309 4753 8 3499 60 10
5310 4753 4 4927 60 10
5311 4760 23 4342 60 10
5312 4760 26 4908 60 10
5313 4760 23 3333 60 10
5314 4760 25 1686 60 10
5315 4760 5 2186 60 10
5316 4764 3 4648 50 5
5317 4764 27 505 60 10
5318 4764 29 3874 50 5
5319 4764 15 4741 60 10
5320 4764 0 2688 60 10
5321 4765 29 279 50 5
5322 4765 26 1515 60 10
5323 4765 6 752 50 5
5324 4765 27 3093 60 10
5325 4765 23 3152 60 10
5326 4770 16 2459 60 10
5327 4770 20 2869 60 10
5328 4770 7 353 60 10
5329 4770 8 3587 60 10
5330 4770 10 646 60 10
5331 4773 14 4630 60 10
5332 4773 17 1191 60 10
5333 4773 12 3845 60 10
5334 4773 7 1659 60 10
5335 4773 25 64 60 10
5336 4777 5 472 40 20
5337 4777 12 4731 60 10
5338 4777 22 4046 60 10
5339 4777 1 2355 60 10
5340 4777 7 3145 60 10
5341 4777 24 4612 60 10
5342 4777 15 1624 60 10
5343 4777 7 52 50 5
5344 4777 19 2504 60 10
5345 4777 22 2113 60 10
5346 4780 14 640 60 10
5347 4780 8 4826 60 10
5348 4780 8 801 50 5
5349 4780 7 3967 60 10
5350 4780 15 3690 50 5
5351 4782 0 751 60 10
5352 4782 27 4831 60 10
5353 4782 25 4701 40 20
5354 4782 20 3580 60 10
5355 4782 25 2116 60 10
5356 4791 7 4298 60 10
5357 4791 3 147 50 5
5358 4791 7 2657 60 10
5359 4791 29 4174 40 20
5360 4791 26 3248 60 10
5361 4798 11 4658 40 20
5362 4798 13 548 60 10
5363 4798 20 3239 60 10
5364 4798 9 1208 50 5
5365 4798 1 3655 60 10
5366 4801 9 559 50 5
5367 4801 8 1478 40 20
5368 4801 2 1240 60 10
5369 4801 3 1559 50 5
5370 4801 15 1947 60 10
5371 4807 6 714 60 10
5372 4807 19 2838 60 10
5373 4807 9 1236 60 10
5374 4807 0 4002 60 10
5375 4807 27 3404 50 5
5376 4812 22 1845 60 10
5377 4812 14 626 40 20
5378 4812 6 524 50 5
5379 4812 0 3076 60 10
5380 4812 20 1308 60 10
5381 4821 2 3849 60 10
5382 4821 22 3486 60 10
5383 4821 7 4378 40 20
5384 4821 8 1179 60 10
5385 4821 12 3267 60 10
5386 4824 9 590 60 10
5387 4824 22 2655 60 10
5388 4824 25 2910 60 10
5389 4824 21 2972 60 10
5390 4824 6 850 60 10
5391 4830 25 70 60 10
5392 4830 11 3603 60 10
5393 4830 24 2938 60 10
5394 4830 22 324 40 20
5395 4830 11 4842 50 5
5396 4830 27 1378 60 10
5397 4830 21 3654 60 10
5398 4830 24 4846 50 5
5399 4830 8 1095 60 10
5400 4830 6 3717 60 10
5401 4838 8 930 50 5
5402 4838 26 4790 40 20
5403 4838 19 611 50 5
5404 4838 24 3547 50 5
5405 4838 7 3355 40 20
5406 4846 9 495 60 10
5407 4846 7 735 60 10
5408 4846 3 3435 60 10
5409 4846 13 2357 40 20
5410 4846 15 2750 60 10
5411 4853 29 1292 60 10
5412 4853 13 1902 60 10
5413 4853 4 143 60 10
5414 4853 27 1330 60 10
5415 4853 28 4261 60 10
5416 4858 12 847 50 5
5417 4858 24 2569 60 10
5418 4858 14 903 40 20
5419 4858 23 574 50 5
5420 4858 6 3251 60 10
5421 4861 9 1564 60 10
5422 4861 5 4124 60 10
5423 4861 3 2700 60 10
5424 4861 26 4751 50 5
5425 4861 3 4409 60 10
5426 4865 15 3114 40 20
5427 4865 1 549 60 10
5428 4865 3 1824 60 10
5429 4865 5 3554 60 10
5430 4865 28 4151 60 10
5431 4874 12 3234 60 10
5432 4874 20 1128 50 5
5433 4874 10 1803 60 10
5434 4874 15 2188 60 10
5435 4874 12 3110 50 5
5436 4881 15 4054 50 5
5437 4881 16 2626 60 10
5438 4881 18 3663 50 5
5439 4881 12 778 60 10
5440 4881 24 4071 60 10
5441 4885 17 2799 60 10
5442 4885 26 841 40 20
5443 4885 2 3324 60 10
5444 4885 13 384 60 10
5445 4885 3 1068 60 10
5446 4891 8 973 50 5
5447 4891 23 9 60 10
5448 4891 1 700 60 10
5449 4891 24 1252 60 10
5450 4891 14 4101 60 10
5451 4895 7 2834 60 10
5452 4895 5 520 60 10
5453 4895 5 1023 60 10
5454 4895 27 3915 40 20
5455 4895 2 3683 60 10
5456 4899 27 3950 60 10
5457 4899 25 4930 60 10
5458 4899 21 3407 50 5
5459 4899 3 4585 60 10
5460 4899 15 1720 60 10
5461 4908 29 1995 60 10
5462 4908 8 2908 60 10
5463 4908 0 1012 60 10
5464 4908 13 189 60 10
5465 4908 15 1052 60 10
5466 4910 0 1914 60 10
5467 4910 26 3412 40 20
5468 4910 22 1303 60 10
5469 4910 13 986 60 10
5470 4910 26 4105 60 10
5471 4914 6 3947 60 10
5472 4914 22 4006 60 10
5473 4914 20 1754 60 10
5474 4914 24 4445 60 10
5475 4914 27 2430 50 5
5476 4920 17 1568 50 5
5477 4920 15 1967 40 20
5478 4920 17 2333 60 10
5479 4920 10 1261 60 10
5480 4920 4 358 50 5
5481 4921 2 1201 60 10
5482 4921 4 3605 50 5
5483 4921 25 138 40 20
5484 4921 4 4757 60 10
5485 4921 22 4002 50 5
5486 4929 11 2928 60 10
5487 4929 22 3669 60 10
5488 4929 25 1257 60 10
5489 4929 28 748 40 20
5490 4929 24 3746 40 20
5491 4933 6 1277 60 10
5492 4933 21 3058 60 10
5493 4933 0 4868 60 10
5494 4933 7 4797 50 5
5495 4933 12 1647 60 10
5496 4933 5 2091 60 10
5497 4933 7 4843 60 10
5498 4933 0 1259 60 10
5499 4933 17 917 60 10
5500 4933 13 2762 60 10
5501 4940 1 544 60 10
5502 4940 6 1437 60 10
5503 4940 10 4768 60 10
5504 4940 7 1067 60 10
5505 4940 1 3173 60 10
5506 4948 17 159 60 10
5507 4948 17 2844 60 10
5508 4948 12 4571 60 10
5509 4948 21 3306 50 5
5510 4948 2 1760 60 10
5511 4951 6 913 50 5
5512 4951 21 1605 60 10
5513 4951 26 1550 60 10
5514 4951 1 136 60 10
5515 4951 28 3316 60 10
5516 4958 7 4318 50 5
5517 4958 2 3277 60 10
5518 4958 12 1849 50 5
5519 4958 4 50 50 5
5520 4958 17 323 50 5
5521 4958 19 4840 60 10
5522 4958 0 2450 60 10
5523 4958 19 4277 60 10
5524 4958 7 4708 60 10
5525 4958 16 3205 60 10
5526 4958 26 64 50 5
5527 4958 24 1081 60 10
5528 4958 3 1100 60 10
5529 4958 3 3884 60 10
5530 4958 19 2195 60 10
5531 4966 10 326 60 10
5532 4966 23 3886 60 10
5533 4966 19 2134 60 10
5534 4966 21 4247 60 10
5535 4966 20 4199 50 5
5536 4967 28 1204 60 10
5537 4967 20 3910 60 10
5538 4967 27 2685 50 5
5539 4967 3 2074 50 5
5540 4967 28 3585 60 10
5541 4971 5 1450 60 10
5542 4971 25 1846 60 10
5543 4971 1 4961 60 10
5544 4971 16 4890 60 10
5545 4971 23 1818 60 10
5546 4979 2 1554 50 5
5547 4979 4 3212 60 10
5548 4979 1 2084 40 20
5549 4979 23 3019 60 10
5550 4979 7 4324 40 20
5551 4984 10 2836 50 5
5552 4984 8 3293 60 10
5553 4984 13 3878 60 10
5554 4984 15 2299 60 10
5555 4984 29 1279 60 10
5556 4990 22 1546 60 10
5557 4990 26 3692 50 5
5558 4990 29 433 60 10
5559 4990 9 2951 60 10
5560 4990 14 1708 60 10
5561 4995 2 2420 60 10
5562 4995 5 1209 50 5
5563 4995 27 3965 60 10
5564 4995 12 4972 60 10
5565 4995 18 1421 50 5
5566 4996 6 3853 60 10
5567 4996 27 4382 60 10
5568 4996 3 2916 60 10
5569 4996 18 934 60 10
5570 4996 18 2730 50 5
5571 4998 3 915 60 10
5572 4998 21 2370 60 10
5573 4998 21 4350 60 10
5574 4998 8 2539 60 10
5575 4998 21 4084 50 5
5576 5005 4 2762 60 10
5577 5005 16 4265 40 20
5578 5005 1 908 50 5
5579 5005 14 1096 50 5
5580 5005 26 236 50 5
5581 5014 18 648 60 10
5582 5014 3 3505 60 10
5583 5014 1 4816 40 20
5584 5014 24 1930 60 10
5585 5014 26 2500 50 5
5586 5017 0 2569 60 10
5587 5017 19 3886 50 5
5588 5017 25 2602 60 10
5589 5017 3 933 60 10
5590 5017 16 2845 60 10
5591 5023 9 3420 60 10
5592 5023 1 1206 60 10
5593 5023 1 2500 50 5
5594 5023 14 672 60 10
5595 5023 24 1830 60 10
5596 5028 17 1418 60 10
5597 5028 8 2580 60 10
5598 5028 29 1310 60 10
5599 5028 9 238 60 10
5600 5028 1 562 60 10
5601 5037 8 2646 50 5
5602 5037 1 2552 60 10
5603 5037 1 2426 50 5
5604 5037 29 1356 60 10
5605 5037 20 1929 60 10
5606 5046 17 2462 60 10
5607 5046 13 172 50 5
5608 5046 5 3232 50 5
5609 5046 25 4937 60 10
5610 5046 27 325 40 20
5611 5049 12 4518 40 20
5612 5049 29 111 50 5
5613 5049 3 4202 60 10
5614 5049 14 2712 60 10
5615 5049 5 1814 50 5
5616 5053 7 2701 60 10
5617 5053 8 2510 60 10
5618 5053 2 4688 60 10
5619 5053 7 3255 60 10
5620 5053 19 3229 60 10
5621 5053 16 1308 60 10
5622 5053 11 3549 60 10
5623 5053 0 323 60 10
5624 5053 17 227 40 20
5625 5053 0 196 60 10
5626 5060 17 1909 40 20
5627 5060 23 2001 50 5
5628 5060 28 1581 60 10
5629 5060 15 1785 60 10
5630 5060 9 2835 60 10
5631 5066 26 833 40 20
5632 5066 21 2479 50 5
5633 5066 2 639 60 10
5634 5066 20 1061 60 10
5635 5066 13 483 40 20
5636 5074 26 408 50 5
5637 5074 8 1541 60 10
5638 5074 18 473 60 10
5639 5074 12 2181 40 20
5640 5074 10 4629 60 10
5641 5082 20 1452 40 20
5642 5082 17 312 40 20
5643 5082 22 652 60 10
5644 5082 4 1902 50 5
5645 5082 17 2475 60 10
5646 5085 12 2365 60 10
5647 5085 23 2820 50 5
5648 5085 1 2506 60 10
5649 5085 11 1165 40 20
5650 5085 19 3261 60 10
5651 5089 23 2069 60 10
5652 5089 13 4782 60 10
5653 5089 25 2683 60 10
5654 5089 22 2270 60 10
5655 5089 6 2901 60 10
5656 5091 21 4725 50 5
5657 5091 22 3547 60 10
5658 5091 19 4481 60 10
5659 5091 2 1591 40 20
5660 5091 11 307 60 10
5661 5096 5 437 60 10
5662 5096 11 3577 60 10
5663 5096 25 4708 60 10
5664 5096 25 2821 60 10
5665 5096 9 952 50 5
5666 5099 8 2742 60 10
5667 5099 29 1925 50 5
5668 5099 16 13 50 5
5669 5099 6 1381 60 10
5670 5099 21 2038 50 5
5671 5100 27 4315 60 10
5672 5100 12 946 60 10
5673 5100 22 4286 60 10
5674 5100 12 3739 60 10
5675 5100 20 2748 40 20
5676 5105 5 2218 60 10
5677 5105 29 480 60 10
5678 5105 1 1144 60 10
5679 5105 26 1286 60 10
5680 5105 11 4422 60 10
5681 5105 24 2543 60 10
5682 5105 25 4393 60 10
5683 5105 13 4635 60 10
5684 5105 13 1345 40 20
5685 5105 28 3570 60 10
5686 5106 29 4497 50 5
5687 5106 27 2228 60 10
5688 5106 3 1728 60 10
5689 5106 28 4889 60 10
5690 5106 6 2051 60 10
5691 5107 11 2273 60 10
5692 5107 9 213 50 5
5693 5107 15 785 50 5
5694 5107 28 2021 60 10
5695 5107 6 2857 60 10
5696 5114 22 2538 60 10
5697 5114 11 1210 60 10
5698 5114 22 1278 60 10
5699 5114 0 1376 60 10
5700 5114 23 1982 50 5
5701 5118 7 3434 60 10
5702 5118 22 2959 40 20
5703 5118 8 1193 60 10
5704 5118 18 2216 50 5
5705 5118 6 281 60 10
5706 5123 15 1541 60 10
5707 5123 3 3025 40 20
5708 5123 17 3890 60 10
5709 5123 27 4994 60 10
5710 5123 5 3734 60 10
5711 5126 6 2034 60 10
5712 5126 10 3742 60 10
5713 5126 29 3899 60 10
5714 5126 18 1747 50 5
5715 5126 29 1907 60 10
5716 5132 18 18 50 5
5717 5132 0 995 60 10
5718 5132 20 4316 50 5
5719 5132 12 3359 60 10
5720 5132 20 2683 50 5
5721 5135 17 4623 60 10
5722 5135 16 3627 60 10
5723 5135 8 4831 60 10
5724 5135 18 492 50 5
5725 5135 21 726 50 5
5726 5137 13 2562 60 10
5727 5137 28 2229 60 10
5728 5137 25 4124 60 10
5729 5137 2 4151 60 10
5730 5137 8 2205 40 20
5731 5137 28 1067 60 10
5732 5137 14 3542 50 5
5733 5137 25 1732 50 5
5734 5137 7 1701 40 20
5735 5137 17 2194 50 5
5736 5146 8 2076 60 10
5737 5146 17 401 50 5
5738 5146 16 3305 60 10
5739 5146 10 2882 60 10
5740 5146 27 1533 60 10
5741 5150 20 4005 60 10
5742 5150 26 1598 40 20
5743 5150 6 772 40 20
5744 5150 26 3684 50 5
5745 5150 1 3160 60 10
5746 5154 7 4240 50 5
5747 5154 27 4671 40 20
5748 5154 13 1436 60 10
5749 5154 6 664 50 5
5750 5154 1 667 40 20
5751 5160 19 2693 60 10
5752 5160 11 235 60 10
5753 5160 5 3237 50 5
5754 5160 9 4819 50 5
5755 5160 20 2935 60 10
5756 5169 13 278 60 10
5757 5169 3 2455 60 10
5758 5169 28 445 60 10
5759 5169 18 3674 60 10
5760 5169 7 461 40 20
5761 5176 12 3628 60 10
5762 5176 18 2918 50 5
5763 5176 6 2232 60 10
5764 5176 5 4617 60 10
5765 5176 23 2223 50 5
5766 5178 7 263 60 10
5767 5178 16 2727 60 10
5768 5178 25 684 50 5
5769 5178 7 1454 60 10
5770 5178 21 4237 60 10
5771 5181 12 2153 50 5
5772 5181 9 1367 40 20
5773 5181 22 3748 60 10
5774 5181 12 4886 60 10
5775 5181 13 1424 60 10
5776 5189 9 2043 60 10
5777 5189 8 490 60 10
5778 5189 5 1553 60 10
5779 5189 0 1381 60 10
5780 5189 6 4474 60 10
5781 5191 28 1389 60 10
5782 5191 5 3325 60 10
5783 5191 17 4435 60 10
5784 5191 19 266 60 10
5785 5191 21 635 40 20
5786 5199 28 4544 60 10
5787 5199 5 1230 40 20
5788 5199 10 3108 60 10
5789 5199 23 3128 50 5
5790 5199 14 1117 50 5
5791 5208 21 2766 60 10
5792 5208 13 2561 60 10
5793 5208 16 2755 60 10
5794 5208 23 1533 60 10
5795 5208 7 4111 50 5
5796 5217 2 1704 60 10
5797 5217 27 1996 60 10
5798 5217 1 3292 60 10
5799 5217 27 2501 60 10
5800 5217 27 2732 60 10
5801 5217 3 1030 50 5
5802 5217 28 1634 60 10
5803 5217 20 62 60 10
5804 5217 10 3991 60 10
5805 5217 0 805 60 10
5806 5217 19 3538 60 10
5807 5217 11 323 60 10
5808 5217 11 1866 50 5
5809 5217 29 2606 60 10
5810 5217 26 889 60 10
5811 5222 29 4237 60 10
5812 5222 8 3593 40 20
5813 5222 3 2826 50 5
5814 5222 7 1312 60 10
5815 5222 6 1059 60 10
5816 5230 15 3911 60 10
5817 5230 26 3075 50 5
5818 5230 2 1478 60 10
5819 5230 1 4913 60 10
5820 5230 2 3548 60 10
5821 5238 15 985 60 10
5822 5238 16 3046 60 10
5823 5238 23 2639 60 10
5824 5238 13 0 40 20
5825 5238 4 452 60 10
5826 5244 24 1157 60 10
5827 5244 4 4838 60 10
5828 5244 6 2664 50 5
5829 5244 20 960 50 5
5830 5244 5 60 60 10
5831 5248 27 420 60 10
5832 5248 6 88 50 5
5833 5248 14 679 60 10
5834 5248 0 4391 60 10
5835 5248 22 949 50 5
5836 5255 1 231 60 10
5837 5255 23 1218 60 10
5838 5255 12 3311 60 10
5839 5255 25 114 60 10
5840 5255 9 545 40 20
5841 5264 8 2765 50 5
5842 5264 20 1376 60 10
5843 5264 16 4313 60 10
5844 5264 4 1653 60 10
5845 5264 1 1984 60 10
5846 5272 2 3858 60 10
5847 5272 3 2151 60 10
5848 5272 23 3660 60 10
5849 5272 8 110 60 10
5850 5272 7 3211 40 20
5851 5277 11 1021 50 5
5852 5277 7 1821 60 10
5853 5277 20 2188 60 10
5854 5277 21 1787 40 20
5855 5277 0 1612 60 10
5856 5278 26 3080 50 5
5857 5278 24 294 60 10
5858 5278 21 1840 60 10
5859 5278 22 3750 60 10
5860 5278 11 4267 60 10
5861 5279 10 4267 60 10
5862 5279 5 2360 60 10
5863 5279 8 3609 60 10
5864 5279 22 391 40 20
5865 5279 7 3121 40 20
5866 5283 10 16 40 20
5867 5283 7 2095 50 5
5868 5283 5 3329 50 5
5869 5283 4 3897 60 10
5870 5283 28 1312 60 10
5871 5289 11 2127 60 10
5872 5289 2 2184 60 10
5873 5289 6 768 60 10
5874 5289 23 3666 60 10
5875 5289 19 1728 40 20
5876 5292 6 1794 50 5
5877 5292 13 25 50 5
5878 5292 27 1495 60 10
5879 5292 4 4551 60 10
5880 5292 11 3874 60 10
5881 5294 13 4770 50 5
5882 5294 7 2046 60 10
5883 5294 23 441 50 5
5884 5294 26 109 40 20
5885 5294 24 1271 60 10
5886 5303 22 4391 60 10
5887 5303 4 2580 60 10
5888 5303 9 2060 40 20
5889 5303 4 2008 40 20
5890 5303 5 3945 60 10
5891 5306 16 3442 50 5
5892 5306 20 3185 50 5
5893 5306 1 59 60 10
5894 5306 2 3814 60 10
5895 5306 15 3593 60 10
5896 5309 2 1558 60 10
5897 5309 20 1514 60 10
5898 5309 29 3094 60 10
5899 5309 23 3164 60 10
5900 5309 23 4910 60 10
5901 5315 25 4938 60 10
5902 5315 7 634 60 10
5903 5315 6 1103 60 10
5904 5315 23 2247 50 5
5905 5315 10 1923 60 10
5906 5316 28 2591 60 10
5907 5316 24 136 60 10
5908 5316 21 3327 50 5
5909 5316 4 2747 60 10
5910 5316 14 4849 50 5
5911 5321 2 3823 50 5
5912 5321 13 449 50 5
5913 5321 10 1246 60 10
5914 5321 16 2399 60 10
5915 5321 0 1423 60 10
5916 5330 11 635 60 10
5917 5330 0 17 60 10
5918 5330 15 1069 60 10
5919 5330 2 1086 60 10
5920 5330 21 1000 40 20
5921 5330 9 3515 60 10
5922 5330 2 2477 60 10
5923 5330 10 4973 60 10
5924 5330 14 2397 50 5
5925 5330 28 1948 60 10
5926 5335 24 1608 50 5
5927 5335 4 3211 60 10
5928 5335 9 2521 40 20
5929 5335 9 3571 50 5
5930 5335 24 837 60 10
5931 5341 5 2973 50 5
5932 5341 27 4287 50 5
5933 5341 14 4663 60 10
5934 5341 1 435 60 10
5935 5341 17 2515 60 10
5936 5345 17 4745 60 10
5937 5345 27 3870 60 10
5938 5345 15 1234 60 10
5939 5345 21 1195 40 20
5940 5345 20 3223 60 10
5941 5348 15 3933 60 10
5942 5348 18 6 60 10
5943 5348 22 579 50 5
5944 5348 18 304 60 10
5945 5348 26 1835 40 20
5946 5355 17 4819 60 10
5947 5355 17 1099 60 10
5948 5355 6 3650 60 10
5949 5355 22 2783 60 10
5950 5355 28 1183 60 10
5951 5364 1 1980 60 10
5952 5364 7 4787 60 10
5953 5364 25 2568 40 20
5954 5364 2 860 50 5
5955 5364 16 3316 60 10
5956 5365 12 4920 60 10
5957 5365 19 562 60 10
5958 5365 26 3023 60 10
5959 5365 18 4989 60 10
5960 5365 15 203 50 5
5961 5374 23 2705 50 5
5962 5374 23 4805 60 10
5963 5374 17 599 60 10
5964 5374 0 1559 40 20
5965 5374 8 3990 50 5
5966 5375 24 1447 50 5
5967 5375 15 3946 60 10
5968 5375 1 3802 60 10
5969 5375 9 71 60 10
5970 5375 16 4933 60 10
5971 5378 0 2780 50 5
5972 5378 20 2261 50 5
5973 5378 18 4760 60 10
5974 5378 6 1921 60 10
5975 5378 26 3890 60 10
5976 5380 25 4113 60 10
5977 5380 13 1196 60 10
5978 5380 9 2251 40 20
5979 5380 1 347 60 10
5980 5380 6 4717 50 5
5981 5382 24 4958 50 5
5982 5382 5 4843 60 10
5983 5382 18 3027 50 5
5984 5382 22 370 60 10
5985 5382 29 3903 60 10
5986 5391 29 2637 50 5
5987 5391 4 3815 60 10
5988 5391 26 4754 60 10
5989 5391 4 1507 60 10
5990 5391 12 825 60 10
5991 5395 4 4766 60 10
5992 5395 26 4566 40 20
5993 5395 3 728 60 10
5994 5395 19 4322 60 10
5995 5395 12 2917 60 10
5996 5396 25 3355 60 10
5997 5396 24 1028 40 20
5998 5396 28 582 60 10
5999 5396 24 1534 60 10
6000 5396 12 1460 60 10
6001 5403 11 508 60 10
6002 5403 1 1166 50 5
6003 5403 22 3310 60 10
6004 5403 12 98 60 10
6005 5403 24 3445 40 20
6006 5412 5 379 60 10
6007 5412 27 1386 40 20
6008 5412 3 1361 50 5
6009 5412 4 4548 60 10
6010 5412 15 1211 60 10
6011 5414 0 2105 60 10
6012 5414 17 1476 40 20
6013 5414 2 807 60 10
6014 5414 8 1312 60 10
6015 5414 24 462 60 10
6016 5419 10 598 60 10
6017 5419 20 1162 60 10
6018 5419 8 1601 60 10
6019 5419 7 1428 60 10
6020 5419 15 2672 50 5
6021 5428 12 1715 60 10
6022 5428 20 4512 60 10
6023 5428 21 4441 60 10
6024 5428 19 4949 60 10
6025 5428 9 872 60 10
6026 5433 3 2515 60 10
6027 5433 28 3188 60 10
6028 5433 3 399 60 10
6029 5433 12 4728 60 10
6030 5433 17 2057 60 10
6031 5433 18 885 60 10
6032 5433 22 3617 60 10
6033 5433 10 1717 60 10
6034 5433 7 826 50 5
6035 5433 20 740 60 10
6036 5434 24 4642 50 5
6037 5434 18 3551 60 10
6038 5434 20 1971 50 5
6039 5434 27 1527 60 10
6040 5434 29 281 60 10
6041 5438 29 3396 50 5
6042 5438 8 928 60 10
6043 5438 13 1330 40 20
6044 5438 22 1053 60 10
6045 5438 11 3057 60 10
6046 5444 3 1572 60 10
6047 5444 22 4899 60 10
6048 5444 15 3956 60 10
6049 5444 16 4505 50 5
6050 5444 10 2949 60 10
6051 5445 3 1346 40 20
6052 5445 10 1301 60 10
6053 5445 26 1562 60 10
6054 5445 6 3880 50 5
6055 5445 7 3279 60 10
6056 5454 0 672 60 10
6057 5454 0 2602 60 10
6058 5454 10 276 60 10
6059 5454 2 1942 60 10
6060 5454 15 4831 60 10
6061 5459 9 2910 60 10
6062 5459 6 3383 40 20
6063 5459 21 275 60 10
6064 5459 17 4850 40 20
6065 5459 23 3255 60 10
6066 5461 11 390 60 10
6067 5461 20 817 60 10
6068 5461 25 1041 60 10
6069 5461 6 4951 50 5
6070 5461 18 2622 60 10
6071 5468 6 1809 60 10
6072 5468 15 4614 60 10
6073 5468 14 1526 40 20
6074 5468 27 2874 60 10
6075 5468 24 2296 60 10
6076 5477 3 2487 60 10
6077 5477 6 2499 60 10
6078 5477 12 3180 60 10
6079 5477 27 4706 60 10
6080 5477 14 2715 60 10
6081 5483 19 2305 60 10
6082 5483 27 692 50 5
6083 5483 19 3419 50 5
6084 5483 14 4698 60 10
6085 5483 19 3338 60 10
6086 5483 23 1498 60 10
6087 5483 27 1622 60 10
6088 5483 17 4277 60 10
6089 5483 2 752 60 10
6090 5483 7 661 60 10
6091 5491 23 4744 50 5
6092 5491 1 1102 60 10
6093 5491 19 4714 50 5
6094 5491 18 2129 60 10
6095 5491 25 2317 60 10
6096 5497 9 271 60 10
6097 5497 3 4882 60 10
6098 5497 26 4268 60 10
6099 5497 3 2697 40 20
6100 5497 24 1708 50 5
6101 5502 5 4478 60 10
6102 5502 21 822 50 5
6103 5502 16 1523 60 10
6104 5502 16 2575 50 5
6105 5502 29 1562 60 10
6106 5504 8 2734 60 10
6107 5504 28 3840 60 10
6108 5504 8 2672 60 10
6109 5504 4 214 60 10
6110 5504 25 800 50 5
6111 5512 16 3473 60 10
6112 5512 25 1388 60 10
6113 5512 27 2845 60 10
6114 5512 17 1276 60 10
6115 5512 12 328 60 10
6116 5513 10 2824 60 10
6117 5513 16 2240 60 10
6118 5513 11 2434 60 10
6119 5513 24 1877 60 10
6120 5513 13 3738 60 10
6121 5516 0 3707 60 10
6122 5516 24 2592 60 10
6123 5516 23 2265 60 10
6124 5516 4 4072 40 20
6125 5516 13 2568 60 10
6126 5522 13 1092 60 10
6127 5522 18 3153 50 5
6128 5522 17 3850 60 10
6129 5522 12 792 60 10
6130 5522 17 4857 60 10
6131 5524 28 468 60 10
6132 5524 20 3017 40 20
6133 5524 8 1255 60 10
6134 5524 27 1867 40 20
6135 5524 22 3624 60 10
6136 5526 21 3099 60 10
6137 5526 20 2908 60 10
6138 5526 26 4032 60 10
6139 5526 22 3429 40 20
6140 5526 3 1582 50 5
6141 5535 0 122 60 10
6142 5535 17 3967 60 10
6143 5535 26 4175 40 20
6144 5535 2 1165 60 10
6145 5535 2 4074 60 10
6146 5535 22 2716 50 5
6147 5535 28 1624 60 10
6148 5535 16 1284 60 10
6149 5535 27 3558 50 5
6150 5535 21 1567 60 10
6151 5542 20 1815 50 5
6152 5542 12 3843 60 10
6153 5542 17 4433 60 10
6154 5542 16 1302 50 5
6155 5542 12 886 60 10
6156 5549 17 2127 40 20
6157 5549 23 2142 60 10
6158 5549 7 726 50 5
6159 5549 9 3314 60 10
6160 5549 10 4398 60 10
6161 5553 23 771 60 10
6162 5553 12 3765 50 5
6163 5553 29 1628 60 10
6164 5553 28 4446 60 10
6165 5553 15 722 40 20
6166 5561 16 4060 60 10
6167 5561 22 4397 60 10
6168 5561 3 365 60 10
6169 5561 17 2665 60 10
6170 5561 6 3283 60 10
6171 5563 18 4988 50 5
6172 5563 17 3644 40 20
6173 5563 23 4945 60 10
6174 5563 10 598 60 10
6175 5563 18 2176 60 10
6176 5568 12 92 50 5
6177 5568 1 3278 60 10
6178 5568 7 562 60 10
6179 5568 16 2178 50 5
6180 5568 14 2196 60 10
6181 5574 23 3548 60 10
6182 5574 13 2185 60 10
6183 5574 19 3688 60 10
6184 5574 11 892 60 10
6185 5574 22 768 60 10
6186 5580 16 4038 60 10
6187 5580 16 769 60 10
6188 5580 3 2333 60 10
6189 5580 14 4719 60 10
6190 5580 3 971 40 20
6191 5581 14 3306 60 10
6192 5581 10 811 50 5
6193 5581 12 4513 50 5
6194 5581 24 457 60 10
6195 5581 12 3944 50 5
6196 5588 12 3562 60 10
6197 5588 0 1573 50 5
6198 5588 21 3510 60 10
6199 5588 8 4287 60 10
6200 5588 2 4672 60 10
6201 5593 6 4967 60 10
6202 5593 4 3043 40 20
6203 5593 6 4732 60 10
6204 5593 6 1094 60 10
6205 5593 28 1082 50 5
6206 5594 16 4105 60 10
6207 5594 13 4186 60 10
6208 5594 5 2581 40 20
6209 5594 25 4410 60 10
6210 5594 2 1985 50 5
6211 5598 13 4242 40 20
6212 5598 14 120 60 10
6213 5598 22 1241 60 10
6214 5598 7 4129 60 10
6215 5598 1 1254 60 10
6216 5603 10 4954 60 10
6217 5603 27 3130 60 10
6218 5603 19 4849 60 10
6219 5603 8 1984 60 10
6220 5603 18 4064 50 5
6221 5604 18 691 60 10
6222 5604 1 2075 50 5
6223 5604 22 1055 60 10
6224 5604 7 2028 50 5
6225 5604 17 2690 40 20
6226 5611 16 405 40 20
6227 5611 14 1179 40 20
6228 5611 11 1811 60 10
6229 5611 13 2274 60 10
6230 5611 27 4524 60 10
6231 5617 5 3882 60 10
6232 5617 17 4964 60 10
6233 5617 10 4079 50 5
6234 5617 11 1782 60 10
6235 5617 10 2784 50 5
6236 5622 19 835 60 10
6237 5622 7 2669 60 10
6238 5622 19 1779 60 10
6239 5622 4 70 50 5
6240 5622 6 70 40 20
6241 5629 14 2232 60 10
6242 5629 26 330 60 10
6243 5629 27 4801 60 10
6244 5629 18 4287 40 20
6245 5629 3 1927 60 10
6246 5632 18 4931 50 5
6247 5632 27 2425 60 10
6248 5632 19 953 60 10
6249 5632 6 765 60 10
6250 5632 9 941 40 20
6251 5639 4 4700 50 5
6252 5639 21 4582 40 20
6253 5639 5 3365 60 10
6254 5639 17 4966 40 20
6255 5639 7 1368 60 10
6256 5639 15 1389 60 10
6257 5639 20 4062 60 10
6258 5639 29 117 60 10
6259 5639 4 3119 50 5
6260 5639 11 465 60 10
6261 5647 0 254 60 10
6262 5647 14 3543 60 10
6263 5647 27 2266 40 20
6264 5647 12 4845 50 5
6265 5647 16 4817 60 10
6266 5650 15 521 50 5
6267 5650 24 2221 60 10
6268 5650 8 710 60 10
6269 5650 6 957 60 10
6270 5650 0 2202 60 10
6271 5654 16 2247 60 10
6272 5654 15 2366 60 10
6273 5654 24 3586 60 10
6274 5654 8 3315 60 10
6275 5654 24 2917 60 10
6276 5657 12 416 60 10
6277 5657 17 4798 60 10
6278 5657 8 1526 50 5
6279 5657 27 933 60 10
6280 5657 6 1641 60 10
6281 5663 0 4038 60 10
6282 5663 1 4994 60 10
6283 5663 28 2827 60 10
6284 5663 13 2064 60 10
6285 5663 6 3233 60 10
6286 5666 0 2473 60 10
6287 5666 0 712 60 10
6288 5666 29 1475 60 10
6289 5666 20 2537 60 10
6290 5666 1 661 50 5
6291 5666 21 4531 50 5
6292 5666 0 860 60 10
6293 5666 21 78 60 10
6294 5666 10 3380 60 10
6295 5666 24 263 60 10
6296 5674 25 3101 60 10
6297 5674 8 3212 60 10
6298 5674 7 4590 50 5
6299 5674 5 3623 60 10
6300 5674 13 4143 60 10
6301 5683 13 3711 60 10
6302 5683 20 420 60 10
6303 5683 23 2779 60 10
6304 5683 4 2383 60 10
6305 5683 21 3198 60 10
6306 5684 11 3091 60 10
6307 5684 15 497 50 5
6308 5684 22 2254 50 5
6309 5684 11 1577 60 10
6310 5684 25 53 40 20
6311 5693 13 2105 50 5
6312 5693 24 689 60 10
6313 5693 28 1793 60 10
6314 5693 21 2562 60 10
6315 5693 0 4854 60 10
6316 5700 7 3243 50 5
6317 5700 27 4560 50 5
6318 5700 22 973 40 20
6319 5700 3 2686 60 10
6320 5700 20 4361 50 5
6321 5700 2 3553 60 10
6322 5700 1 1403 50 5
6323 5700 16 2034 50 5
6324 5700 0 4699 60 10
6325 5700 26 1048 60 10
6326 5701 5 2669 50 5
6327 5701 28 1184 60 10
6328 5701 1 137 60 10
6329 5701 15 2766 60 10
6330 5701 11 2195 60 10
6331 5704 25 208 60 10
6332 5704 22 3860 60 10
6333 5704 29 4068 60 10
6334 5704 7 2411 60 10
6335 5704 4 3987 60 10
6336 5709 24 3794 50 5
6337 5709 25 4946 60 10
6338 5709 24 1491 60 10
6339 5709 20 1000 60 10
6340 5709 28 609 60 10
6341 5715 25 4229 50 5
6342 5715 0 2609 60 10
6343 5715 8 1352 60 10
6344 5715 5 2683 60 10
6345 5715 7 2807 60 10
6346 5716 11 1817 60 10
6347 5716 0 374 60 10
6348 5716 13 1899 60 10
6349 5716 26 4406 60 10
6350 5716 22 821 60 10
6351 5717 11 4392 50 5
6352 5717 4 3765 50 5
6353 5717 13 1390 60 10
6354 5717 21 2561 60 10
6355 5717 16 4109 60 10
6356 5724 0 3018 50 5
6357 5724 13 4091 60 10
6358 5724 8 3345 60 10
6359 5724 22 63 60 10
6360 5724 24 1511 50 5
6361 5733 24 2249 60 10
6362 5733 17 1158 60 10
6363 5733 26 646 50 5
6364 5733 21 2462 60 10
6365 5733 7 3116 60 10
6366 5735 9 4758 60 10
6367 5735 25 3210 40 20
6368 5735 24 165 60 10
6369 5735 13 1187 60 10
6370 5735 9 517 60 10
6371 5735 14 2665 40 20
6372 5735 24 180 50 5
6373 5735 7 1863 60 10
6374 5735 4 2331 40 20
6375 5735 27 2516 60 10
6376 5738 9 1636 60 10
6377 5738 10 3634 40 20
6378 5738 25 4582 60 10
6379 5738 9 522 60 10
6380 5738 8 377 50 5
6381 5744 28 3279 60 10
6382 5744 6 4480 60 10
6383 5744 10 3443 60 10
6384 5744 1 3247 60 10
6385 5744 24 4694 50 5
6386 5752 13 4868 60 10
6387 5752 27 1756 60 10
6388 5752 9 3405 50 5
6389 5752 15 1949 40 20
6390 5752 26 18 60 10
6391 5752 25 2812 60 10
6392 5752 19 1498 60 10
6393 5752 29 3904 50 5
6394 5752 0 1353 60 10
6395 5752 10 3424 60 10
6396 5761 7 3447 60 10
6397 5761 10 527 60 10
6398 5761 14 1867 50 5
6399 5761 15 1642 60 10
6400 5761 28 3601 50 5
6401 5762 0 1062 60 10
6402 5762 29 4161 60 10
6403 5762 10 1887 50 5
6404 5762 12 3395 60 10
6405 5762 12 2181 60 10
6406 5770 25 1908 60 10
6407 5770 3 1156 60 10
6408 5770 7 4781 60 10
6409 5770 22 3610 50 5
6410 5770 20 3909 60 10
6411 5773 10 2840 40 20
6412 5773 20 1957 60 10
6413 5773 25 1151 50 5
6414 5773 6 1180 60 10
6415 5773 7 4130 50 5
6416 5781 4 867 60 10
6417 5781 3 3642 60 10
6418 5781 2 1550 60 10
6419 5781 3 2997 50 5
6420 5781 25 3958 60 10
6421 5789 20 4031 60 10
6422 5789 27 2632 60 10
6423 5789 27 42 60 10
6424 5789 6 2116 40 20
6425 5789 9 1601 60 10
6426 5791 8 3716 50 5
6427 5791 20 3474 50 5
6428 5791 22 4997 60 10
6429 5791 15 12 60 10
6430 5791 28 3156 40 20
6431 5793 21 1069 60 10
6432 5793 7 2719 60 10
6433 5793 14 4790 40 20
6434 5793 4 1443 60 10
6435 5793 22 1081 60 10
6436 5796 10 2696 60 10
6437 5796 13 468 60 10
6438 5796 17 297 40 20
6439 5796 14 2157 60 10
6440 5796 8 3376 50 5
6441 5799 9 1465 60 10
6442 5799 6 2013 60 10
6443 5799 11 4517 40 20
6444 5799 15 1 60 10
6445 5799 25 4291 60 10
6446 5803 1 2822 50 5
6447 5803 28 4391 60 10
6448 5803 28 2211 60 10
6449 5803 20 306 60 10
6450 5803 18 2881 60 10
6451 5812 3 4971 60 10
6452 5812 20 3560 60 10
6453 5812 1 693 60 10
6454 5812 6 1462 40 20
6455 5812 16 4341 60 10
6456 5820 14 4655 60 10
6457 5820 17 4340 60 10
6458 5820 12 1155 40 20
6459 5820 19 3697 60 10
6460 5820 15 4632 60 10
6461 5820 23 724 60 10
6462 5820 15 1968 60 10
6463 5820 10 4375 60 10
6464 5820 6 1794 60 10
6465 5820 10 1273 60 10
6466 5822 10 2066 50 5
6467 5822 27 434 60 10
6468 5822 6 2665 60 10
6469 5822 3 1100 60 10
6470 5822 22 3515 50 5
6471 5826 23 2866 60 10
6472 5826 10 2334 60 10
6473 5826 4 42 60 10
6474 5826 26 869 40 20
6475 5826 5 2591 50 5
6476 5833 17 7 50 5
6477 5833 0 3282 60 10
6478 5833 21 4092 50 5
6479 5833 4 4650 60 10
6480 5833 5 4116 60 10
6481 5838 20 1624 50 5
6482 5838 21 4082 60 10
6483 5838 28 3992 40 20
6484 5838 10 3087 60 10
6485 5838 5 2189 40 20
6486 5838 2 1206 60 10
6487 5838 14 2283 60 10
6488 5838 19 3446 60 10
6489 5838 29 1547 50 5
6490 5838 1 179 60 10
6491 5843 23 2227 60 10
6492 5843 16 4355 40 20
6493 5843 14 943 60 10
6494 5843 28 1217 60 10
6495 5843 28 893 50 5
6496 5846 15 1704 60 10
6497 5846 12 630 60 10
6498 5846 15 1621 60 10
6499 5846 17 126 60 10
6500 5846 6 2374 60 10
6501 5847 5 1525 60 10
6502 5847 12 1322 50 5
6503 5847 19 2432 60 10
6504 5847 1 857 60 10
6505 5847 10 4759 60 10
6506 5853 4 852 60 10
6507 5853 9 4235 60 10
6508 5853 3 4098 60 10
6509 5853 3 3253 60 10
6510 5853 0 3839 50 5
6511 5861 27 4141 60 10
6512 5861 18 4710 60 10
6513 5861 3 115 60 10
6514 5861 12 4904 40 20
6515 5861 2 697 60 10
6516 5862 10 3546 60 10
6517 5862 3 1105 40 20
6518 5862 10 1476 60 10
6519 5862 15 4391 60 10
6520 5862 0 1334 60 10
6521 5866 3 244 60 10
6522 5866 24 2504 60 10
6523 5866 27 1304 60 10
6524 5866 25 2927 60 10
6525 5866 7 3621 60 10
6526 5869 12 763 50 5
6527 5869 2 1969 50 5
6528 5869 6 4477 50 5
6529 5869 19 372 60 10
6530 5869 25 4081 50 5
6531 5870 15 3313 60 10
6532 5870 26 3712 50 5
6533 5870 1 662 60 10
6534 5870 11 3485 60 10
6535 5870 25 2066 60 10
6536 5871 21 718 60 10
6537 5871 16 1346 40 20
6538 5871 8 3940 60 10
6539 5871 28 324 50 5
6540 5871 24 3234 60 10
6541 5879 11 2908 60 10
6542 5879 15 597 60 10
6543 5879 21 4670 40 20
6544 5879 13 1273 60 10
6545 5879 5 2033 50 5
6546 5880 24 3779 60 10
6547 5880 1 2013 40 20
6548 5880 2 824 40 20
6549 5880 21 1744 60 10
6550 5880 24 1872 60 10
6551 5881 18 3597 40 20
6552 5881 13 4215 50 5
6553 5881 17 3769 60 10
6554 5881 23 1589 50 5
6555 5881 15 1449 60 10
6556 5890 27 4787 60 10
6557 5890 14 3305 60 10
6558 5890 27 3442 50 5
6559 5890 1 4422 60 10
6560 5890 29 2772 60 10
6561 5898 23 3797 60 10
6562 5898 14 1647 60 10
6563 5898 21 4676 60 10
6564 5898 10 2024 60 10
6565 5898 15 4634 60 10
6566 5901 6 2429 60 10
6567 5901 0 47 60 10
6568 5901 19 762 60 10
6569 5901 29 4287 60 10
6570 5901 11 2333 60 10
6571 5907 1 4699 60 10
6572 5907 4 997 40 20
6573 5907 6 306 40 20
6574 5907 23 769 60 10
6575 5907 18 3373 60 10
6576 5907 8 3169 60 10
6577 5907 25 854 50 5
6578 5907 13 3567 60 10
6579 5907 1 2331 60 10
6580 5907 22 4955 60 10
6581 5908 15 807 60 10
6582 5908 0 1392 60 10
6583 5908 14 4850 60 10
6584 5908 28 1618 60 10
6585 5908 15 4144 40 20
6586 5915 25 4552 60 10
6587 5915 7 367 60 10
6588 5915 11 3299 60 10
6589 5915 29 1843 40 20
6590 5915 17 3662 60 10
6591 5916 3 4938 60 10
6592 5916 23 2449 60 10
6593 5916 6 1459 60 10
6594 5916 7 3426 50 5
6595 5916 6 2054 50 5
6596 5919 12 4664 40 20
6597 5919 14 4250 60 10
6598 5919 8 980 60 10
6599 5919 16 13 60 10
6600 5919 20 1711 60 10
6601 5926 11 451 60 10
6602 5926 25 879 60 10
6603 5926 25 102 60 10
6604 5926 23 3417 50 5
6605 5926 10 204 60 10
6606 5933 0 4908 60 10
6607 5933 3 3654 50 5
6608 5933 16 3291 60 10
6609 5933 5 4099 40 20
6610 5933 25 3213 60 10
6611 5938 18 1786 60 10
6612 5938 20 3347 60 10
6613 5938 3 3099 50 5
6614 5938 25 1111 50 5
6615 5938 13 324 60 10
6616 5944 12 2225 60 10
6617 5944 16 1828 60 10
6618 5944 19 1496 60 10
6619 5944 24 3652 60 10
6620 5944 10 3049 60 10
6621 5950 2 1160 40 20
6622 5950 24 3077 60 10
6623 5950 10 1194 60 10
6624 5950 8 4396 60 10
6625 5950 15 1069 60 10
6626 5951 5 4105 60 10
6627 5951 3 4203 60 10
6628 5951 19 4747 60 10
6629 5951 26 1591 50 5
6630 5951 22 1953 50 5
6631 5957 2 4100 60 10
6632 5957 22 4316 60 10
6633 5957 29 1947 60 10
6634 5957 8 1225 60 10
6635 5957 29 1327 60 10
6636 5958 3 1883 60 10
6637 5958 0 3308 60 10
6638 5958 12 2315 60 10
6639 5958 21 4206 60 10
6640 5958 23 895 60 10
6641 5967 27 4446 60 10
6642 5967 18 4569 60 10
6643 5967 11 3037 40 20
6644 5967 6 148 50 5
6645 5967 4 3611 60 10
6646 5970 29 1903 60 10
6647 5970 9 4927 60 10
6648 5970 27 290 60 10
6649 5970 0 4544 50 5
6650 5970 26 2235 50 5
6651 5970 18 1583 60 10
6652 5970 22 131 50 5
6653 5970 14 2802 60 10
6654 5970 5 2550 60 10
6655 5970 21 664 40 20
6656 5971 25 1590 60 10
6657 5971 21 331 40 20
6658 5971 2 3718 60 10
6659 5971 8 2325 40 20
6660 5971 1 3027 40 20
6661 5974 16 438 60 10
6662 5974 9 2787 60 10
6663 5974 15 1928 60 10
6664 5974 21 4880 60 10
6665 5974 15 1086 60 10
6666 5977 17 3911 60 10
6667 5977 7 2352 60 10
6668 5977 24 3928 50 5
6669 5977 11 1260 60 10
6670 5977 11 25 60 10
6671 5983 14 2555 50 5
6672 5983 0 1416 50 5
6673 5983 22 2920 60 10
6674 5983 21 2488 50 5
6675 5983 8 4246 40 20
6676 5992 20 146 40 20
6677 5992 16 2615 60 10
6678 5992 29 2904 40 20
6679 5992 10 4503 60 10
6680 5992 13 3605 60 10
6681 5992 23 3950 60 10
6682 5992 11 2083 50 5
6683 5992 25 2241 60 10
6684 5992 17 4720 60 10
6685 5992 0 3135 60 10
6686 5994 17 2120 60 10
6687 5994 0 2696 60 10
6688 5994 10 517 60 10
6689 5994 14 4197 60 10
6690 5994 18 2141 60 10
6691 6001 1 4488 60 10
6692 6001 4 2947 60 10
6693 6001 28 2637 60 10
6694 6001 14 4822 40 20
6695 6001 24 2673 60 10
6696 6002 15 4968 60 10
6697 6002 1 1266 40 20
6698 6002 11 689 60 10
6699 6002 14 3623 60 10
6700 6002 29 403 50 5
6701 6011 25 2344 60 10
6702 6011 5 2657 50 5
6703 6011 19 274 60 10
6704 6011 29 3876 40 20
6705 6011 20 2476 60 10
6706 6019 5 2138 50 5
6707 6019 10 4718 40 20
6708 6019 8 1298 60 10
6709 6019 24 3891 60 10
6710 6019 19 2854 60 10
6711 6024 16 3471 60 10
6712 6024 7 3117 60 10
6713 6024 28 905 60 10
6714 6024 28 2488 50 5
6715 6024 21 4089 50 5
6716 6031 11 391 60 10
6717 6031 21 3771 60 10
6718 6031 20 1505 60 10
6719 6031 6 3946 50 5
6720 6031 7 351 40 20
6721 6031 15 2668 60 10
6722 6031 25 558 60 10
6723 6031 9 3170 60 10
6724 6031 27 172 60 10
6725 6031 12 3752 60 10
6726 6039 21 1494 60 10
6727 6039 26 1866 60 10
6728 6039 25 1662 60 10
6729 6039 25 2796 60 10
6730 6039 13 1213 60 10
6731 6045 25 1975 60 10
6732 6045 26 1701 40 20
6733 6045 20 3061 50 5
6734 6045 21 1503 60 10
6735 6045 26 4095 60 10
6736 6049 18 1063 50 5
6737 6049 6 1235 60 10
6738 6049 16 1169 60 10
6739 6049 18 586 50 5
6740 6049 8 3456 60 10
6741 6052 13 48 60 10
6742 6052 23 1521 60 10
6743 6052 11 2226 60 10
6744 6052 18 1121 40 20
6745 6052 20 216 60 10
6746 6060 28 259 50 5
6747 6060 17 2901 60 10
6748 6060 7 81 60 10
6749 6060 11 1986 40 20
6750 6060 15 3720 60 10
6751 6067 28 1088 40 20
6752 6067 4 1555 60 10
6753 6067 23 3592 50 5
6754 6067 8 2034 60 10
6755 6067 6 1370 60 10
6756 6070 2 1320 60 10
6757 6070 18 3912 60 10
6758 6070 19 1343 60 10
6759 6070 23 2805 40 20
6760 6070 27 3878 60 10
6761 6078 0 4302 60 10
6762 6078 13 4362 60 10
6763 6078 8 1816 50 5
6764 6078 15 4546 60 10
6765 6078 13 3741 60 10
6766 6080 5 3729 60 10
6767 6080 17 4037 60 10
6768 6080 0 4715 50 5
6769 6080 3 1148 60 10
6770 6080 15 4961 40 20
6771 6082 22 2746 60 10
6772 6082 8 223 50 5
6773 6082 12 2834 60 10
6774 6082 6 97 60 10
6775 6082 9 3210 60 10
6776 6082 26 811 60 10
6777 6082 26 2372 60 10
6778 6082 28 613 40 20
6779 6082 21 718 60 10
6780 6082 26 2162 40 20
6781 6085 24 2789 60 10
6782 6085 25 4282 60 10
6783 6085 29 3238 60 10
6784 6085 10 2423 60 10
6785 6085 19 2584 60 10
6786 6085 26 1976 60 10
6787 6085 2 4036 40 20
6788 6085 11 4037 60 10
6789 6085 18 3586 50 5
6790 6085 15 3135 60 10
6791 6090 20 806 60 10
6792 6090 1 1098 60 10
6793 6090 27 4740 50 5
6794 6090 29 860 50 5
6795 6090 3 3832 60 10
6796 6095 17 1639 60 10
6797 6095 7 4638 60 10
6798 6095 9 643 60 10
6799 6095 9 1354 50 5
6800 6095 15 2466 60 10
6801 6097 21 4789 60 10
6802 6097 23 95 50 5
6803 6097 5 1403 60 10
6804 6097 9 344 60 10
6805 6097 22 3616 60 10
6806 6099 4 2528 60 10
6807 6099 7 1346 50 5
6808 6099 25 670 60 10
6809 6099 16 1757 50 5
6810 6099 5 1131 60 10
6811 6107 12 2738 60 10
6812 6107 2 1186 40 20
6813 6107 14 2412 60 10
6814 6107 28 876 60 10
6815 6107 15 530 60 10
6816 6114 15 684 50 5
6817 6114 5 1815 60 10
6818 6114 23 15 60 10
6819 6114 16 4827 50 5
6820 6114 11 2568 50 5
6821 6122 26 3734 60 10
6822 6122 0 2539 60 10
6823 6122 24 4839 60 10
6824 6122 4 286 60 10
6825 6122 0 2326 50 5
6826 6124 20 3226 60 10
6827 6124 1 2493 60 10
6828 6124 18 3622 60 10
6829 6124 21 3963 60 10
6830 6124 10 4379 60 10
6831 6133 12 1865 60 10
6832 6133 11 1113 60 10
6833 6133 0 2572 50 5
6834 6133 23 4776 40 20
6835 6133 4 1986 40 20
6836 6136 0 2282 50 5
6837 6136 7 853 60 10
6838 6136 26 395 60 10
6839 6136 24 2631 60 10
6840 6136 23 3859 60 10
6841 6143 4 601 60 10
6842 6143 8 2661 60 10
6843 6143 26 2923 60 10
6844 6143 11 608 50 5
6845 6143 15 1120 50 5
6846 6150 24 3829 60 10
6847 6150 2 3159 60 10
6848 6150 28 518 50 5
6849 6150 26 2662 60 10
6850 6150 27 233 60 10
6851 6158 16 656 60 10
6852 6158 26 655 60 10
6853 6158 12 556 60 10
6854 6158 26 1880 60 10
6855 6158 18 3799 50 5
6856 6159 13 1618 50 5
6857 6159 9 3394 60 10
6858 6159 20 2598 60 10
6859 6159 25 417 50 5
6860 6159 13 4652 60 10
6861 6164 12 1589 50 5
6862 6164 20 662 60 10
6863 6164 2 4718 60 10
6864 6164 10 518 50 5
6865 6164 17 488 60 10
6866 6165 0 2713 60 10
6867 6165 2 4871 60 10
6868 6165 18 4828 40 20
6869 6165 8 1158 60 10
6870 6165 13 2428 60 10
6871 6165 3 200 60 10
6872 6165 2 970 60 10
6873 6165 8 314 60 10
6874 6165 29 4052 40 20
6875 6165 3 1882 60 10
6876 6168 19 4723 60 10
6877 6168 29 4157 50 5
6878 6168 0 1056 60 10
6879 6168 15 4678 60 10
6880 6168 16 1338 40 20
6881 6175 13 2674 50 5
6882 6175 18 893 50 5
6883 6175 2 4600 60 10
6884 6175 27 609 40 20
6885 6175 25 2301 60 10
6886 6180 18 4103 60 10
6887 6180 6 1077 60 10
6888 6180 17 4714 60 10
6889 6180 3 4137 60 10
6890 6180 24 549 60 10
6891 6181 12 202 60 10
6892 6181 4 1300 60 10
6893 6181 17 4952 60 10
6894 6181 10 613 60 10
6895 6181 8 1297 50 5
6896 6183 20 4549 50 5
6897 6183 5 2015 60 10
6898 6183 19 1586 50 5
6899 6183 25 528 60 10
6900 6183 14 1693 60 10
6901 6189 8 57 60 10
6902 6189 14 3553 50 5
6903 6189 5 3865 60 10
6904 6189 5 623 60 10
6905 6189 9 2047 40 20
6906 6196 25 1374 60 10
6907 6196 26 1074 60 10
6908 6196 9 879 60 10
6909 6196 22 2673 60 10
6910 6196 26 562 60 10
6911 6200 0 4517 50 5
6912 6200 16 36 50 5
6913 6200 3 1189 60 10
6914 6200 15 1729 60 10
6915 6200 14 726 60 10
6916 6203 26 4897 60 10
6917 6203 27 1686 60 10
6918 6203 12 1387 50 5
6919 6203 6 2229 60 10
6920 6203 13 2645 40 20
6921 6207 26 4712 50 5
6922 6207 6 4693 50 5
6923 6207 0 2426 50 5
6924 6207 21 3386 60 10
6925 6207 12 2135 40 20
6926 6208 16 1518 60 10
6927 6208 9 4 60 10
6928 6208 2 1484 60 10
6929 6208 23 1453 40 20
6930 6208 16 2589 60 10
6931 6216 13 82 60 10
6932 6216 15 1955 60 10
6933 6216 26 2129 50 5
6934 6216 9 650 50 5
6935 6216 11 769 60 10
6936 6216 26 949 60 10
6937 6216 19 4276 50 5
6938 6216 9 739 60 10
6939 6216 11 432 50 5
6940 6216 26 1970 60 10
6941 6219 7 73 60 10
6942 6219 26 46 60 10
6943 6219 9 3274 60 10
6944 6219 3 874 50 5
6945 6219 10 3052 60 10
6946 6226 27 679 60 10
6947 6226 26 2701 60 10
6948 6226 11 2767 60 10
6949 6226 10 4317 60 10
6950 6226 2 2061 40 20
6951 6235 23 751 60 10
6952 6235 5 447 60 10
6953 6235 13 3956 60 10
6954 6235 20 2544 60 10
6955 6235 25 2336 60 10
6956 6238 29 1507 60 10
6957 6238 20 40 60 10
6958 6238 28 1842 50 5
6959 6238 4 3862 60 10
6960 6238 20 1061 60 10
6961 6240 4 419 60 10
6962 6240 28 3430 50 5
6963 6240 0 1857 50 5
6964 6240 29 1445 60 10
6965 6240 9 3902 60 10
6966 6247 9 313 50 5
6967 6247 22 4309 60 10
6968 6247 13 4586 50 5
6969 6247 18 418 50 5
6970 6247 29 4099 60 10
6971 6252 25 1230 40 20
6972 6252 2 2522 60 10
6973 6252 1 4775 60 10
6974 6252 15 3961 60 10
6975 6252 9 493 50 5
6976 6253 15 1754 50 5
6977 6253 12 2315 60 10
6978 6253 9 512 60 10
6979 6253 25 401 50 5
6980 6253 15 461 40 20
6981 6253 7 879 60 10
6982 6253 7 44 60 10
6983 6253 26 1167 40 20
6984 6253 20 2077 60 10
6985 6253 17 3477 60 10
6986 6254 13 1565 60 10
6987 6254 20 4122 60 10
6988 6254 22 3716 60 10
6989 6254 12 827 60 10
6990 6254 14 1901 60 10
6991 6257 19 2606 60 10
6992 6257 19 1571 60 10
6993 6257 6 1305 60 10
6994 6257 6 2303 60 10
6995 6257 3 1687 40 20
6996 6258 2 491 60 10
6997 6258 27 1355 50 5
6998 6258 9 3414 50 5
6999 6258 9 4311 60 10
7000 6267 0 17 60 10
7001 6267 0 18 60 10
7002 6267 0 30 50 5
7003 6267 0 32 60 10
7004 6267 0 47 60 10
7005 6267 0 58 60 10
7006 6267 0 122 60 10
7007 6267 0 167 60 10
7008 6267 0 189 60 10
7009 6267 0 196 60 10
7010 6270 0 210 60 10
7011 6270 0 231 40 20
7012 6270 0 250 60 10
7013 6270 0 251 60 10
7014 6270 0 254 60 10
7015 6277 0 254 60 10
7016 6277 0 323 60 10
7017 6277 0 355 60 10
7018 6277 0 357 60 10
7019 6277 0 374 60 10
7020 6283 0 435 60 10
7021 6283 0 445 40 20
7022 6283 0 454 60 10
7023 6283 0 488 60 10
7024 6283 0 518 60 10
7025 6285 0 554 60 10
7026 6285 0 556 50 5
7027 6285 0 573 50 5
7028 6285 0 589 60 10
7029 6285 0 611 40 20
7030 6286 0 650 60 10
7031 6286 0 672 60 10
7032 6286 0 696 40 20
7033 6286 0 698 60 10
7034 6286 0 702 60 10
7035 6293 0 712 60 10
7036 6293 0 736 60 10
7037 6293 0 745 60 10
7038 6293 0 751 60 10
7039 6293 0 782 50 5
7040 6297 0 805 60 10
7041 6297 0 859 60 10
7042 6297 0 860 60 10
7043 6297 0 864 60 10
7044 6297 0 865 60 10
7045 6303 0 893 60 10
7046 6303 0 905 60 10
7047 6303 0 931 40 20
7048 6303 0 981 60 10
7049 6303 0 995 60 10
7050 6304 0 1004 50 5
7051 6304 0 1012 60 10
7052 6304 0 1015 60 10
7053 6304 0 1049 60 10
7054 6304 0 1056 60 10
7055 6309 0 1062 60 10
7056 6309 0 1129 60 10
7057 6309 0 1132 60 10
7058 6309 0 1146 60 10
7059 6309 0 1148 60 10
7060 6317 0 1162 60 10
7061 6317 0 1184 60 10
7062 6317 0 1213 60 10
7063 6317 0 1256 50 5
7064 6317 0 1259 60 10
7065 6320 0 1265 60 10
7066 6320 0 1300 50 5
7067 6320 0 1311 60 10
7068 6320 0 1334 60 10
7069 6320 0 1348 40 20
7070 6323 0 1351 60 10
7071 6323 0 1353 60 10
7072 6323 0 1366 60 10
7073 6323 0 1367 60 10
7074 6323 0 1376 60 10
7075 6323 0 1381 60 10
7076 6323 0 1392 60 10
7077 6323 0 1416 50 5
7078 6323 0 1416 60 10
7079 6323 0 1423 60 10
7080 6325 0 1439 40 20
7081 6325 0 1450 60 10
7082 6325 0 1530 50 5
7083 6325 0 1552 60 10
7084 6325 0 1555 60 10
7085 6329 0 1559 40 20
7086 6329 0 1560 60 10
7087 6329 0 1573 50 5
7088 6329 0 1612 60 10
7089 6329 0 1622 60 10
7090 6335 0 1632 60 10
7091 6335 0 1651 60 10
7092 6335 0 1683 60 10
7093 6335 0 1707 60 10
7094 6335 0 1730 60 10
7095 6337 0 1749 60 10
7096 6337 0 1757 50 5
7097 6337 0 1788 60 10
7098 6337 0 1818 50 5
7099 6337 0 1847 60 10
7100 6338 0 1857 50 5
7101 6338 0 1870 50 5
7102 6338 0 1871 60 10
7103 6338 0 1893 50 5
7104 6338 0 1914 60 10
7105 6346 0 1936 60 10
7106 6346 0 1937 60 10
7107 6346 0 1997 60 10
7108 6346 0 2006 60 10
7109 6346 0 2008 60 10
7110 6347 0 2009 60 10
7111 6347 0 2015 50 5
7112 6347 0 2045 60 10
7113 6347 0 2074 50 5
7114 6347 0 2092 40 20
7115 6352 0 2102 60 10
7116 6352 0 2105 60 10
7117 6352 0 2106 50 5
7118 6352 0 2123 60 10
7119 6352 0 2134 60 10
7120 6352 0 2192 60 10
7121 6352 0 2202 60 10
7122 6352 0 2203 60 10
7123 6352 0 2226 50 5
7124 6352 0 2281 50 5
7125 6359 0 2282 50 5
7126 6359 0 2326 50 5
7127 6359 0 2327 60 10
7128 6359 0 2401 50 5
7129 6359 0 2426 50 5
7130 6365 0 2450 60 10
7131 6365 0 2453 60 10
7132 6365 0 2473 60 10
7133 6365 0 2495 60 10
7134 6365 0 2517 60 10
7135 6371 0 2524 60 10
7136 6371 0 2539 60 10
7137 6371 0 2566 60 10
7138 6371 0 2569 60 10
7139 6371 0 2572 50 5
7140 6372 0 2590 60 10
7141 6372 0 2602 60 10
7142 6372 0 2609 60 10
7143 6372 0 2638 60 10
7144 6372 0 2688 60 10
7145 6380 0 2696 60 10
7146 6380 0 2705 60 10
7147 6380 0 2713 60 10
7148 6380 0 2726 60 10
7149 6380 0 2748 60 10
7150 6388 0 2780 50 5
7151 6388 0 2812 60 10
7152 6388 0 2823 60 10
7153 6388 0 2864 60 10
7154 6388 0 2882 60 10
7155 6389 0 2931 60 10
7156 6389 0 3018 50 5
7157 6389 0 3076 60 10
7158 6389 0 3121 60 10
7159 6389 0 3131 40 20
7160 6394 0 3135 60 10
7161 6394 0 3145 50 5
7162 6394 0 3151 60 10
7163 6394 0 3211 60 10
7164 6394 0 3254 40 20
7165 6403 0 3258 60 10
7166 6403 0 3266 60 10
7167 6403 0 3282 60 10
7168 6403 0 3308 60 10
7169 6403 0 3324 60 10
7170 6409 0 3349 60 10
7171 6409 0 3391 60 10
7172 6409 0 3413 60 10
7173 6409 0 3460 50 5
7174 6409 0 3528 60 10
7175 6411 0 3668 50 5
7176 6411 0 3707 60 10
7177 6411 0 3734 60 10
7178 6411 0 3741 60 10
7179 6411 0 3839 50 5
7180 6415 0 3945 40 20
7181 6415 0 4001 60 10
7182 6415 0 4002 60 10
7183 6415 0 4004 40 20
7184 6415 0 4014 60 10
7185 6416 0 4025 40 20
7186 6416 0 4033 50 5
7187 6416 0 4038 60 10
7188 6416 0 4044 60 10
7189 6416 0 4066 60 10
7190 6418 0 4114 60 10
7191 6418 0 4149 60 10
7192 6418 0 4195 60 10
7193 6418 0 4196 60 10
7194 6418 0 4197 60 10
7195 6421 0 4208 40 20
7196 6421 0 4246 60 10
7197 6421 0 4302 60 10
7198 6421 0 4343 60 10
7199 6421 0 4391 60 10
7200 6423 0 4408 60 10
7201 6423 0 4429 60 10
7202 6423 0 4462 60 10
7203 6423 0 4517 50 5
7204 6423 0 4544 50 5
7205 6432 0 4559 50 5
7206 6432 0 4619 60 10
7207 6432 0 4668 40 20
7208 6432 0 4671 60 10
7209 6432 0 4699 60 10
7210 6438 0 4715 50 5
7211 6438 0 4731 50 5
7212 6438 0 4822 40 20
7213 6438 0 4854 60 10
7214 6438 0 4868 60 10
7215 6438 0 4904 60 10
7216 6438 0 4904 60 10
7217 6438 0 4908 60 10
7218 6438 0 4966 40 20
7219 6438 1 9 60 10
7220 6438 1 23 50 5
7221 6438 1 24 60 10
7222 6438 1 57 60 10
7223 6438 1 59 60 10
7224 6438 1 65 60 10
7225 6441 1 94 50 5
7226 6441 1 123 60 10
7227 6441 1 136 60 10
7228 6441 1 137 60 10
7229 6441 1 146 60 10
7230 6442 1 154 50 5
7231 6442 1 176 50 5
7232 6442 1 179 60 10
7233 6442 1 231 60 10
7234 6442 1 254 60 10
7235 6449 1 282 60 10
7236 6449 1 291 60 10
7237 6449 1 325 40 20
7238 6449 1 333 40 20
7239 6449 1 341 50 5
7240 6451 1 347 60 10
7241 6451 1 399 40 20
7242 6451 1 431 40 20
7243 6451 1 435 60 10
7244 6451 1 455 40 20
7245 6455 1 483 60 10
7246 6455 1 497 60 10
7247 6455 1 520 60 10
7248 6455 1 544 60 10
7249 6455 1 549 60 10
7250 6461 1 560 60 10
7251 6461 1 562 60 10
7252 6461 1 578 60 10
7253 6461 1 581 40 20
7254 6461 1 583 60 10
7255 6464 1 608 50 5
7256 6464 1 620 60 10
7257 6464 1 642 60 10
7258 6464 1 661 50 5
7259 6464 1 662 60 10
7260 6465 1 667 60 10
7261 6465 1 667 40 20
7262 6465 1 693 60 10
7263 6465 1 697 60 10
7264 6465 1 700 60 10
7265 6473 1 704 60 10
7266 6473 1 760 60 10
7267 6473 1 772 60 10
7268 6473 1 778 60 10
7269 6473 1 817 50 5
7270 6481 1 837 60 10
7271 6481 1 857 60 10
7272 6481 1 873 50 5
7273 6481 1 884 60 10
7274 6481 1 908 50 5
7275 6487 1 981 60 10
7276 6487 1 993 60 10
7277 6487 1 1007 50 5
7278 6487 1 1012 60 10
7279 6487 1 1091 60 10
7280 6495 1 1098 60 10
7281 6495 1 1102 60 10
7282 6495 1 1108 40 20
7283 6495 1 1113 60 10
7284 6495 1 1136 60 10
7285 6504 1 1144 60 10
7286 6504 1 1148 50 5
7287 6504 1 1166 50 5
7288 6504 1 1178 60 10
7289 6504 1 1206 60 10
7290 6511 1 1210 60 10
7291 6511 1 1221 60 10
7292 6511 1 1248 60 10
7293 6511 1 1254 60 10
7294 6511 1 1262 40 20
7295 6512 1 1265 60 10
7296 6512 1 1266 40 20
7297 6512 1 1299 60 10
7298 6512 1 1326 50 5
7299 6512 1 1331 40 20
7300 6521 1 1360 60 10
7301 6521 1 1374 60 10
7302 6521 1 1390 60 10
7303 6521 1 1394 50 5
7304 6521 1 1403 50 5
7305 6525 1 1411 60 10
7306 6525 1 1424 50 5
7307 6525 1 1489 60 10
7308 6525 1 1518 60 10
7309 6525 1 1528 60 10
7310 6530 1 1560 60 10
7311 6530 1 1597 60 10
7312 6530 1 1616 40 20
7313 6530 1 1637 60 10
7314 6530 1 1659 50 5
7315 6530 1 1679 50 5
7316 6530 1 1685 60 10
7317 6530 1 1705 60 10
7318 6530 1 1725 60 10
7319 6530 1 1771 60 10
7320 6531 1 1867 60 10
7321 6531 1 1878 50 5
7322 6531 1 1891 60 10
7323 6531 1 1919 60 10
7324 6531 1 1944 60 10
7325 6536 1 1954 60 10
7326 6536 1 1980 60 10
7327 6536 1 1984 60 10
7328 6536 1 2009 60 10
7329 6536 1 2013 40 20
7330 6539 1 2058 60 10
7331 6539 1 2068 60 10
7332 6539 1 2071 60 10
7333 6539 1 2075 50 5
7334 6539 1 2084 40 20
7335 6541 1 2088 60 10
7336 6541 1 2104 50 5
7337 6541 1 2153 60 10
7338 6541 1 2162 60 10
7339 6541 1 2188 50 5
7340 6541 1 2207 60 10
7341 6541 1 2209 60 10
7342 6541 1 2221 40 20
7343 6541 1 2294 60 10
7344 6541 1 2315 60 10
7345 6545 1 2331 60 10
7346 6545 1 2350 60 10
7347 6545 1 2355 60 10
7348 6545 1 2385 60 10
7349 6545 1 2415 60 10
7350 6551 1 2426 50 5
7351 6551 1 2431 60 10
7352 6551 1 2443 60 10
7353 6551 1 2475 60 10
7354 6551 1 2493 60 10
7355 6554 1 2498 50 5
7356 6554 1 2500 50 5
7357 6554 1 2506 60 10
7358 6554 1 2516 40 20
7359 6554 1 2552 60 10
7360 6560 1 2559 60 10
7361 6560 1 2565 50 5
7362 6560 1 2616 60 10
7363 6560 1 2708 60 10
7364 6560 1 2714 60 10
7365 6568 1 2718 40 20
7366 6568 1 2726 60 10
7367 6568 1 2729 60 10
7368 6568 1 2755 60 10
7369 6568 1 2767 60 10
7370 6569 1 2774 50 5
7371 6569 1 2786 60 10
7372 6569 1 2808 60 10
7373 6569 1 2817 60 10
7374 6569 1 2822 50 5
7375 6569 1 2846 60 10
7376 6569 1 2920 60 10
7377 6569 1 2968 60 10
7378 6569 1 2975 60 10
7379 6569 1 3027 60 10
7380 6569 1 3027 40 20
7381 6569 1 3045 60 10
7382 6569 1 3050 40 20
7383 6569 1 3132 60 10
7384 6569 1 3160 60 10
7385 6575 1 3173 60 10
7386 6575 1 3203 60 10
7387 6575 1 3230 60 10
7388 6575 1 3237 60 10
7389 6575 1 3238 40 20
7390 6584 1 3247 60 10
7391 6584 1 3272 60 10
7392 6584 1 3278 60 10
7393 6584 1 3286 50 5
7394 6584 1 3292 60 10
7395 6588 1 3341 60 10
7396 6588 1 3347 60 10
7397 6588 1 3357 50 5
7398 6588 1 3375 60 10
7399 6588 1 3425 60 10
7400 6594 1 3446 60 10
7401 6594 1 3471 60 10
7402 6594 1 3475 60 10
7403 6594 1 3494 60 10
7404 6594 1 3523 60 10
7405 6599 1 3527 60 10
7406 6599 1 3575 60 10
7407 6599 1 3646 60 10
7408 6599 1 3655 60 10
7409 6599 1 3700 50 5
7410 6604 1 3738 60 10
7411 6604 1 3745 50 5
7412 6604 1 3760 60 10
7413 6604 1 3760 40 20
7414 6604 1 3774 60 10
7415 6610 1 3777 50 5
7416 6610 1 3783 60 10
7417 6610 1 3802 60 10
7418 6610 1 3806 50 5
7419 6610 1 3894 40 20
7420 6617 1 3899 60 10
7421 6617 1 3908 40 20
7422 6617 1 4099 50 5
7423 6617 1 4126 50 5
7424 6617 1 4138 50 5
7425 6625 1 4141 40 20
7426 6625 1 4179 60 10
7427 6625 1 4183 50 5
7428 6625 1 4194 60 10
7429 6625 1 4195 50 5
7430 6630 1 4209 60 10
7431 6630 1 4230 40 20
7432 6630 1 4307 60 10
7433 6630 1 4352 60 10
7434 6630 1 4366 60 10
7435 6632 1 4407 60 10
7436 6632 1 4422 60 10
7437 6632 1 4428 60 10
7438 6632 1 4472 60 10
7439 6632 1 4488 60 10
7440 6634 1 4503 50 5
7441 6634 1 4514 40 20
7442 6634 1 4537 60 10
7443 6634 1 4693 60 10
7444 6634 1 4699 60 10
7445 6642 1 4756 60 10
7446 6642 1 4775 60 10
7447 6642 1 4816 40 20
7448 6642 1 4836 60 10
7449 6642 1 4872 60 10
7450 6642 1 4883 60 10
7451 6642 1 4883 60 10
7452 6642 1 4900 60 10
7453 6642 1 4913 60 10
7454 6642 1 4948 60 10
7455 6645 1 4961 60 10
7456 6645 1 4972 60 10
7457 6645 1 4989 60 10
7458 6645 1 4994 60 10
7459 6645 2 0 50 5
7460 6649 2 47 60 10
7461 6649 2 62 60 10
7462 6649 2 84 60 10
7463 6649 2 122 50 5
7464 6649 2 130 60 10
7465 6657 2 133 60 10
7466 6657 2 156 50 5
7467 6657 2 156 40 20
7468 6657 2 177 60 10
7469 6657 2 199 60 10
7470 6664 2 212 60 10
7471 6664 2 282 60 10
7472 6664 2 301 60 10
7473 6664 2 312 60 10
7474 6664 2 314 60 10
7475 6670 2 362 60 10
7476 6670 2 377 40 20
7477 6670 2 380 60 10
7478 6670 2 391 50 5
7479 6670 2 444 50 5
7480 6674 2 457 60 10
7481 6674 2 491 60 10
7482 6674 2 501 40 20
7483 6674 2 545 60 10
7484 6674 2 555 40 20
7485 6676 2 576 60 10
7486 6676 2 598 60 10
7487 6676 2 598 60 10
7488 6676 2 601 60 10
7489 6676 2 608 60 10
7490 6677 2 638 60 10
7491 6677 2 639 60 10
7492 6677 2 680 50 5
7493 6677 2 697 60 10
7494 6677 2 714 60 10
7495 6683 2 743 60 10
7496 6683 2 752 60 10
7497 6683 2 796 40 20
7498 6683 2 807 60 10
7499 6683 2 824 40 20
7500 6690 2 860 50 5
7501 6690 2 910 50 5
7502 6690 2 919 60 10
7503 6690 2 970 60 10
7504 6690 2 987 50 5
7505 6696 2 1011 60 10
7506 6696 2 1033 60 10
7507 6696 2 1082 50 5
7508 6696 2 1082 60 10
7509 6696 2 1086 60 10
7510 6699 2 1112 60 10
7511 6699 2 1117 40 20
7512 6699 2 1143 50 5
7513 6699 2 1143 50 5
7514 6699 2 1160 40 20
7515 6705 2 1165 60 10
7516 6705 2 1186 40 20
7517 6705 2 1201 60 10
7518 6705 2 1206 60 10
7519 6705 2 1240 60 10
7520 6713 2 1303 60 10
7521 6713 2 1320 60 10
7522 6713 2 1323 60 10
7523 6713 2 1330 60 10
7524 6713 2 1333 60 10
7525 6720 2 1354 60 10
7526 6720 2 1359 60 10
7527 6720 2 1361 60 10
7528 6720 2 1371 50 5
7529 6720 2 1405 50 5
7530 6721 2 1409 60 10
7531 6721 2 1416 60 10
7532 6721 2 1420 60 10
7533 6721 2 1432 60 10
7534 6721 2 1446 50 5
7535 6726 2 1447 50 5
7536 6726 2 1456 60 10
7537 6726 2 1466 60 10
7538 6726 2 1478 60 10
7539 6726 2 1484 60 10
7540 6727 2 1494 60 10
7541 6727 2 1550 60 10
7542 6727 2 1552 60 10
7543 6727 2 1554 50 5
7544 6727 2 1558 60 10
7545 6729 2 1591 40 20
7546 6729 2 1618 60 10
7547 6729 2 1639 50 5
7548 6729 2 1644 60 10
7549 6729 2 1659 60 10
7550 6736 2 1704 60 10
7551 6736 2 1715 60 10
7552 6736 2 1729 60 10
7553 6736 2 1757 40 20
7554 6736 2 1760 60 10
7555 6743 2 1783 60 10
7556 6743 2 1810 40 20
7557 6743 2 1844 50 5
7558 6743 2 1906 50 5
7559 6743 2 1907 40 20
7560 6752 2 1939 60 10
7561 6752 2 1942 60 10
7562 6752 2 1943 50 5
7563 6752 2 1969 50 5
7564 6752 2 1985 50 5
7565 6752 2 2002 60 10
7566 6752 2 2006 50 5
7567 6752 2 2022 60 10
7568 6752 2 2037 60 10
7569 6752 2 2046 60 10
7570 6755 2 2061 40 20
7571 6755 2 2068 60 10
7572 6755 2 2118 60 10
7573 6755 2 2147 50 5
7574 6755 2 2184 60 10
7575 6760 2 2197 50 5
7576 6760 2 2206 60 10
7577 6760 2 2242 50 5
7578 6760 2 2244 60 10
7579 6760 2 2250 60 10
7580 6769 2 2265 50 5
7581 6769 2 2289 60 10
7582 6769 2 2300 50 5
7583 6769 2 2332 60 10
7584 6769 2 2334 60 10
7585 6778 2 2335 40 20
7586 6778 2 2351 50 5
7587 6778 2 2355 60 10
7588 6778 2 2420 60 10
7589 6778 2 2450 50 5
7590 6782 2 2470 50 5
7591 6782 2 2477 60 10
7592 6782 2 2500 60 10
7593 6782 2 2522 60 10
7594 6782 2 2556 50 5
7595 6782 2 2574 60 10
7596 6782 2 2586 40 20
7597 6782 2 2588 60 10
7598 6782 2 2594 50 5
7599 6782 2 2595 60 10
7600 6783 2 2605 50 5
7601 6783 2 2619 60 10
7602 6783 2 2673 50 5
7603 6783 2 2681 60 10
7604 6783 2 2689 60 10
7605 6792 2 2695 40 20
7606 6792 2 2706 60 10
7607 6792 2 2719 60 10
7608 6792 2 2732 60 10
7609 6792 2 2753 60 10
7610 6793 2 2788 60 10
7611 6793 2 2833 60 10
7612 6793 2 2912 40 20
7613 6793 2 2923 60 10
7614 6793 2 2980 60 10
7615 6799 2 3001 50 5
7616 6799 2 3011 60 10
7617 6799 2 3046 40 20
7618 6799 2 3070 60 10
7619 6799 2 3111 60 10
7620 6804 2 3118 60 10
7621 6804 2 3159 60 10
7622 6804 2 3164 60 10
7623 6804 2 3193 60 10
7624 6804 2 3220 50 5
7625 6813 2 3245 60 10
7626 6813 2 3272 60 10
7627 6813 2 3277 60 10
7628 6813 2 3318 60 10
7629 6813 2 3324 60 10
7630 6819 2 3333 60 10
7631 6819 2 3380 50 5
7632 6819 2 3426 60 10
7633 6819 2 3437 60 10
7634 6819 2 3478 60 10
7635 6828 2 3492 60 10
7636 6828 2 3548 60 10
7637 6828 2 3553 60 10
7638 6828 2 3564 40 20
7639 6828 2 3605 60 10
7640 6830 2 3683 60 10
7641 6830 2 3718 60 10
7642 6830 2 3734 50 5
7643 6830 2 3751 60 10
7644 6830 2 3804 60 10
7645 6833 2 3814 60 10
7646 6833 2 3823 50 5
7647 6833 2 3829 60 10
7648 6833 2 3849 60 10
7649 6833 2 3858 60 10
7650 6839 2 3887 60 10
7651 6839 2 3890 50 5
7652 6839 2 3898 60 10
7653 6839 2 3957 40 20
7654 6839 2 3962 50 5
7655 6844 2 4036 40 20
7656 6844 2 4074 60 10
7657 6844 2 4084 50 5
7658 6844 2 4100 60 10
7659 6844 2 4100 60 10
7660 6848 2 4151 60 10
7661 6848 2 4159 50 5
7662 6848 2 4175 60 10
7663 6848 2 4176 60 10
7664 6848 2 4184 60 10
7665 6851 2 4229 60 10
7666 6851 2 4265 40 20
7667 6851 2 4267 60 10
7668 6851 2 4287 60 10
7669 6851 2 4309 60 10
7670 6858 2 4309 40 20
7671 6858 2 4317 60 10
7672 6858 2 4320 50 5
7673 6858 2 4348 60 10
7674 6858 2 4364 40 20
7675 6864 2 4405 60 10
7676 6864 2 4416 40 20
7677 6864 2 4428 60 10
7678 6864 2 4453 60 10
7679 6864 2 4457 60 10
7680 6865 2 4464 50 5
7681 6865 2 4499 50 5
7682 6865 2 4528 60 10
7683 6865 2 4538 60 10
7684 6865 2 4546 60 10
7685 6874 2 4583 60 10
7686 6874 2 4600 60 10
7687 6874 2 4610 50 5
7688 6874 2 4672 60 10
7689 6874 2 4688 60 10
7690 6878 2 4718 60 10
7691 6878 2 4754 60 10
7692 6878 2 4767 60 10
7693 6878 2 4809 40 20
7694 6878 2 4811 60 10
7695 6882 2 4834 60 10
7696 6882 2 4871 60 10
7697 6882 2 4882 60 10
7698 6882 2 4894 60 10
7699 6882 2 4913 50 5
7700 6887 2 4980 60 10
7701 6887 3 0 50 5
7702 6887 3 16 60 10
7703 6887 3 48 60 10
7704 6887 3 71 60 10
7705 6888 3 71 60 10
7706 6888 3 85 60 10
7707 6888 3 88 60 10
7708 6888 3 115 60 10
7709 6888 3 147 50 5
7710 6893 3 168 60 10
7711 6893 3 200 60 10
7712 6893 3 210 60 10
7713 6893 3 212 60 10
7714 6893 3 217 60 10
7715 6901 3 219 60 10
7716 6901 3 244 60 10
7717 6901 3 251 40 20
7718 6901 3 260 60 10
7719 6901 3 263 60 10
7720 6901 3 282 60 10
7721 6901 3 316 60 10
7722 6901 3 365 60 10
7723 6901 3 369 60 10
7724 6901 3 372 60 10
7725 6903 3 384 60 10
7726 6903 3 399 60 10
7727 6903 3 406 60 10
7728 6903 3 458 50 5
7729 6903 3 486 60 10
7730 6910 3 490 60 10
7731 6910 3 517 60 10
7732 6910 3 606 60 10
7733 6910 3 624 60 10
7734 6910 3 641 60 10
7735 6910 3 652 40 20
7736 6910 3 657 60 10
7737 6910 3 669 50 5
7738 6910 3 698 60 10
7739 6910 3 728 60 10
7740 6911 3 766 60 10
7741 6911 3 769 50 5
7742 6911 3 787 60 10
7743 6911 3 790 50 5
7744 6911 3 793 60 10
7745 6917 3 817 60 10
7746 6917 3 849 60 10
7747 6917 3 874 50 5
7748 6917 3 876 60 10
7749 6917 3 878 50 5
7750 6921 3 915 60 10
7751 6921 3 933 60 10
7752 6921 3 971 40 20
7753 6921 3 992 60 10
7754 6921 3 1005 60 10
7755 6922 3 1030 50 5
7756 6922 3 1036 60 10
7757 6922 3 1039 60 10
7758 6922 3 1056 50 5
7759 6922 3 1057 50 5
7760 6926 3 1068 60 10
7761 6926 3 1079 60 10
7762 6926 3 1100 60 10
7763 6926 3 1100 60 10
7764 6926 3 1105 40 20
7765 6926 3 1120 60 10
7766 6926 3 1148 60 10
7767 6926 3 1154 60 10
7768 6926 3 1156 60 10
7769 6926 3 1189 60 10
7770 6929 3 1228 60 10
7771 6929 3 1261 60 10
7772 6929 3 1265 60 10
7773 6929 3 1280 60 10
7774 6929 3 1308 40 20
7775 6937 3 1337 40 20
7776 6937 3 1346 40 20
7777 6937 3 1361 50 5
7778 6937 3 1394 50 5
7779 6937 3 1397 50 5
7780 6940 3 1403 60 10
7781 6940 3 1414 60 10
7782 6940 3 1414 60 10
7783 6940 3 1416 60 10
7784 6940 3 1462 50 5
7785 6941 3 1503 60 10
7786 6941 3 1521 60 10
7787 6941 3 1527 60 10
7788 6941 3 1536 60 10
7789 6941 3 1559 50 5
7790 6941 3 1572 60 10
7791 6941 3 1582 50 5
7792 6941 3 1673 50 5
7793 6941 3 1687 40 20
7794 6941 3 1704 60 10
7795 6945 3 1728 60 10
7796 6945 3 1744 60 10
7797 6945 3 1748 60 10
7798 6945 3 1758 50 5
7799 6945 3 1769 50 5
7800 6948 3 1824 60 10
7801 6948 3 1859 50 5
7802 6948 3 1877 60 10
7803 6948 3 1882 60 10
7804 6948 3 1883 60 10
7805 6949 3 1897 60 10
7806 6949 3 1897 60 10
7807 6949 3 1927 60 10
7808 6949 3 1974 60 10
7809 6949 3 1997 60 10
7810 6954 3 2005 50 5
7811 6954 3 2051 60 10
7812 6954 3 2074 50 5
7813 6954 3 2082 40 20
7814 6954 3 2099 60 10
7815 6959 3 2151 60 10
7816 6959 3 2154 60 10
7817 6959 3 2201 60 10
7818 6959 3 2250 60 10
7819 6959 3 2325 60 10
7820 6963 3 2333 60 10
7821 6963 3 2334 60 10
7822 6963 3 2338 60 10
7823 6963 3 2345 60 10
7824 6963 3 2358 60 10
7825 6965 3 2403 60 10
7826 6965 3 2432 60 10
7827 6965 3 2443 50 5
7828 6965 3 2454 60 10
7829 6965 3 2455 60 10
7830 6970 3 2487 60 10
7831 6970 3 2511 60 10
7832 6970 3 2515 60 10
7833 6970 3 2523 40 20
7834 6970 3 2548 60 10
7835 6978 3 2555 50 5
7836 6978 3 2658 60 10
7837 6978 3 2686 60 10
7838 6978 3 2697 40 20
7839 6978 3 2700 60 10
7840 6982 3 2706 60 10
7841 6982 3 2717 60 10
7842 6982 3 2736 40 20
7843 6982 3 2762 60 10
7844 6982 3 2797 60 10
7845 6983 3 2826 50 5
7846 6983 3 2839 60 10
7847 6983 3 2897 60 10
7848 6983 3 2916 60 10
7849 6983 3 2925 60 10
7850 6988 3 2997 50 5
7851 6988 3 3025 40 20
7852 6988 3 3028 60 10
7853 6988 3 3061 60 10
7854 6988 3 3099 50 5
7855 6989 3 3189 50 5
7856 6989 3 3197 40 20
7857 6989 3 3253 60 10
7858 6989 3 3274 60 10
7859 6989 3 3318 60 10
7860 6996 3 3330 40 20
7861 6996 3 3360 60 10
7862 6996 3 3426 60 10
7863 6996 3 3435 60 10
7864 6996 3 3443 60 10
7865 7003 3 3451 60 10
7866 7003 3 3469 60 10
7867 7003 3 3495 60 10
7868 7003 3 3505 60 10
7869 7003 3 3583 40 20
7870 7009 3 3587 60 10
7871 7009 3 3601 60 10
7872 7009 3 3633 50 5
7873 7009 3 3635 60 10
7874 7009 3 3642 60 10
7875 7013 3 3654 50 5
7876 7013 3 3735 60 10
7877 7013 3 3751 60 10
7878 7013 3 3754 50 5
7879 7013 3 3832 60 10
7880 7019 3 3832 60 10
7881 7019 3 3884 60 10
7882 7019 3 3908 60 10
7883 7019 3 3924 60 10
7884 7019 3 3934 50 5
7885 7021 3 3952 60 10
7886 7021 3 3953 60 10
7887 7021 3 4038 50 5
7888 7021 3 4051 60 10
7889 7021 3 4057 60 10
7890 7022 3 4083 50 5
7891 7022 3 4087 60 10
7892 7022 3 4098 60 10
7893 7022 3 4137 60 10
7894 7022 3 4149 60 10
7895 7026 3 4190 60 10
7896 7026 3 4202 60 10
7897 7026 3 4203 60 10
7898 7026 3 4222 40 20
7899 7026 3 4279 60 10
7900 7034 3 4297 60 10
7901 7034 3 4360 40 20
7902 7034 3 4366 60 10
7903 7034 3 4371 60 10
7904 7034 3 4409 60 10
7905 7041 3 4419 40 20
7906 7041 3 4453 50 5
7907 7041 3 4468 60 10
7908 7041 3 4487 60 10
7909 7041 3 4504 60 10
7910 7044 3 4566 40 20
7911 7044 3 4578 60 10
7912 7044 3 4580 60 10
7913 7044 3 4585 60 10
7914 7044 3 4629 60 10
7915 7045 3 4639 60 10
7916 7045 3 4643 60 10
7917 7045 3 4648 50 5
7918 7045 3 4692 50 5
7919 7045 3 4731 60 10
7920 7052 3 4738 60 10
7921 7052 3 4779 60 10
7922 7052 3 4843 50 5
7923 7052 3 4879 50 5
7924 7052 3 4882 60 10
7925 7053 3 4899 50 5
7926 7053 3 4904 60 10
7927 7053 3 4938 60 10
7928 7053 3 4950 40 20
7929 7053 3 4971 60 10
7930 7055 4 9 40 20
7931 7055 4 17 50 5
7932 7055 4 18 60 10
7933 7055 4 42 60 10
7934 7055 4 50 50 5
7935 7060 4 70 50 5
7936 7060 4 111 60 10
7937 7060 4 119 60 10
7938 7060 4 139 50 5
7939 7060 4 143 60 10
7940 7062 4 151 60 10
7941 7062 4 173 50 5
7942 7062 4 174 50 5
7943 7062 4 214 60 10
7944 7062 4 246 40 20
7945 7063 4 274 60 10
7946 7063 4 286 60 10
7947 7063 4 320 40 20
7948 7063 4 358 50 5
7949 7063 4 419 60 10
7950 7071 4 439 60 10
7951 7071 4 441 60 10
7952 7071 4 452 60 10
7953 7071 4 488 60 10
7954 7071 4 494 60 10
7955 7080 4 519 50 5
7956 7080 4 520 60 10
7957 7080 4 540 60 10
7958 7080 4 601 60 10
7959 7080 4 620 40 20
7960 7089 4 689 50 5
7961 7089 4 708 60 10
7962 7089 4 710 50 5
7963 7089 4 714 60 10
7964 7089 4 726 60 10
7965 7091 4 726 60 10
7966 7091 4 760 60 10
7967 7091 4 763 50 5
7968 7091 4 773 60 10
7969 7091 4 792 60 10
7970 7097 4 831 60 10
7971 7097 4 832 50 5
7972 7097 4 847 60 10
7973 7097 4 852 60 10
7974 7097 4 854 60 10
7975 7103 4 855 60 10
7976 7103 4 867 60 10
7977 7103 4 884 60 10
7978 7103 4 923 60 10
7979 7103 4 926 60 10
7980 7109 4 956 60 10
7981 7109 4 995 60 10
7982 7109 4 997 40 20
7983 7109 4 1060 60 10
7984 7109 4 1060 50 5
7985 7118 4 1076 50 5
7986 7118 4 1094 50 5
7987 7118 4 1097 60 10
7988 7118 4 1114 50 5
7989 7118 4 1131 60 10
7990 7127 4 1161 40 20
7991 7127 4 1166 60 10
7992 7127 4 1183 60 10
7993 7127 4 1198 60 10
7994 7127 4 1201 60 10
7995 7135 4 1217 60 10
7996 7135 4 1282 60 10
7997 7135 4 1298 60 10
7998 7135 4 1300 60 10
7999 7135 4 1301 60 10
8000 7137 4 1406 60 10
8001 7137 4 1443 60 10
8002 7137 4 1453 60 10
8003 7137 4 1454 40 20
8004 7137 4 1507 60 10
8005 7146 4 1518 40 20
8006 7146 4 1531 50 5
8007 7146 4 1537 50 5
8008 7146 4 1537 60 10
8009 7146 4 1555 60 10
8010 7152 4 1557 60 10
8011 7152 4 1562 50 5
8012 7152 4 1565 60 10
8013 7152 4 1572 40 20
8014 7152 4 1626 40 20
8015 7157 4 1644 60 10
8016 7157 4 1653 60 10
8017 7157 4 1671 60 10
8018 7157 4 1681 60 10
8019 7157 4 1687 60 10
8020 7165 4 1690 60 10
8021 7165 4 1712 60 10
8022 7165 4 1743 40 20
8023 7165 4 1752 60 10
8024 7165 4 1800 40 20
8025 7168 4 1802 60 10
8026 7168 4 1820 50 5
8027 7168 4 1832 60 10
8028 7168 4 1844 60 10
8029 7168 4 1845 60 10
8030 7176 4 1902 50 5
8031 7176 4 1937 50 5
8032 7176 4 1954 50 5
8033 7176 4 1986 40 20
8034 7176 4 1987 60 10
8035 7177 4 2003 60 10
8036 7177 4 2008 40 20
8037 7177 4 2011 60 10
8038 7177 4 2011 60 10
8039 7177 4 2019 40 20
8040 7181 4 2064 60 10
8041 7181 4 2120 60 10
8042 7181 4 2149 40 20
8043 7181 4 2150 40 20
8044 7181 4 2155 50 5
8045 7186 4 2176 50 5
8046 7186 4 2186 60 10
8047 7186 4 2198 60 10
8048 7186 4 2211 40 20
8049 7186 4 2216 40 20
8050 7187 4 2244 50 5
8051 7187 4 2258 60 10
8052 7187 4 2307 60 10
8053 7187 4 2311 60 10
8054 7187 4 2323 60 10
8055 7189 4 2331 40 20
8056 7189 4 2383 60 10
8057 7189 4 2387 60 10
8058 7189 4 2393 40 20
8059 7189 4 2397 60 10
8060 7195 4 2429 60 10
8061 7195 4 2467 50 5
8062 7195 4 2476 40 20
8063 7195 4 2528 60 10
8064 7195 4 2555 60 10
8065 7196 4 2580 60 10
8066 7196 4 2645 60 10
8067 7196 4 2649 60 10
8068 7196 4 2671 60 10
8069 7196 4 2676 60 10
8070 7198 4 2709 60 10
8071 7198 4 2745 60 10
8072 7198 4 2747 60 10
8073 7198 4 2753 50 5
8074 7198 4 2762 60 10
8075 7206 4 2765 60 10
8076 7206 4 2780 50 5
8077 7206 4 2780 60 10
8078 7206 4 2792 60 10
8079 7206 4 2807 60 10
8080 7215 4 2808 60 10
8081 7215 4 2860 40 20
8082 7215 4 2861 40 20
8083 7215 4 2886 60 10
8084 7215 4 2909 60 10
8085 7223 4 2930 40 20
8086 7223 4 2947 60 10
8087 7223 4 2960 60 10
8088 7223 4 2999 60 10
8089 7223 4 3021 50 5
8090 7230 4 3032 50 5
8091 7230 4 3043 40 20
8092 7230 4 3105 50 5
8093 7230 4 3119 50 5
8094 7230 4 3131 50 5
8095 7234 4 3143 50 5
8096 7234 4 3173 60 10
8097 7234 4 3173 60 10
8098 7234 4 3198 50 5
8099 7234 4 3211 60 10
8100 7241 4 3212 60 10
8101 7241 4 3226 60 10
8102 7241 4 3239 40 20
8103 7241 4 3302 60 10
8104 7241 4 3309 60 10
8105 7249 4 3357 60 10
8106 7249 4 3387 60 10
8107 7249 4 3414 60 10
8108 7249 4 3448 60 10
8109 7249 4 3458 60 10
8110 7251 4 3464 50 5
8111 7251 4 3491 40 20
8112 7251 4 3516 60 10
8113 7251 4 3548 40 20
8114 7251 4 3552 40 20
8115 7255 4 3585 60 10
8116 7255 4 3605 50 5
8117 7255 4 3605 40 20
8118 7255 4 3611 60 10
8119 7255 4 3612 60 10
8120 7260 4 3632 60 10
8121 7260 4 3655 60 10
8122 7260 4 3666 50 5
8123 7260 4 3737 60 10
8124 7260 4 3744 60 10
8125 7264 4 3752 60 10
8126 7264 4 3752 60 10
8127 7264 4 3756 60 10
8128 7264 4 3765 50 5
8129 7264 4 3796 60 10
8130 7265 4 3815 60 10
8131 7265 4 3817 60 10
8132 7265 4 3845 60 10
8133 7265 4 3860 60 10
8134 7265 4 3862 60 10
8135 7269 4 3897 60 10
8136 7269 4 3915 60 10
8137 7269 4 3934 60 10
8138 7269 4 3987 60 10
8139 7269 4 3994 40 20
8140 7274 4 4039 40 20
8141 7274 4 4072 40 20
8142 7274 4 4111 50 5
8143 7274 4 4205 50 5
8144 7274 4 4213 60 10
8145 7281 4 4292 60 10
8146 7281 4 4334 60 10
8147 7281 4 4337 60 10
8148 7281 4 4349 60 10
8149 7281 4 4367 60 10
8150 7281 4 4369 60 10
8151 7281 4 4411 40 20
8152 7281 4 4482 60 10
8153 7281 4 4497 60 10
8154 7281 4 4538 60 10
8155 7283 4 4544 60 10
8156 7283 4 4548 60 10
8157 7283 4 4551 60 10
8158 7283 4 4557 60 10
8159 7283 4 4559 60 10
8160 7287 4 4630 60 10
8161 7287 4 4650 60 10
8162 7287 4 4691 50 5
8163 7287 4 4700 50 5
8164 7287 4 4727 60 10
8165 7287 4 4741 60 10
8166 7287 4 4757 60 10
8167 7287 4 4766 60 10
8168 7287 4 4803 60 10
8169 7287 4 4805 60 10
8170 7295 4 4838 60 10
8171 7295 4 4923 60 10
8172 7295 4 4927 60 10
8173 7295 5 45 60 10
8174 7295 5 59 60 10
8175 7302 5 60 60 10
8176 7302 5 107 60 10
8177 7302 5 109 50 5
8178 7302 5 139 40 20
8179 7302 5 152 40 20
8180 7307 5 168 40 20
8181 7307 5 249 60 10
8182 7307 5 258 50 5
8183 7307 5 267 60 10
8184 7307 5 272 60 10
8185 7313 5 327 40 20
8186 7313 5 366 40 20
8187 7313 5 379 60 10
8188 7313 5 406 60 10
8189 7313 5 412 50 5
8190 7316 5 415 40 20
8191 7316 5 437 60 10
8192 7316 5 447 60 10
8193 7316 5 472 40 20
8194 7316 5 514 60 10
8195 7321 5 520 60 10
8196 7321 5 541 40 20
8197 7321 5 623 60 10
8198 7321 5 680 60 10
8199 7321 5 686 60 10
8200 7326 5 702 50 5
8201 7326 5 706 60 10
8202 7326 5 722 60 10
8203 7326 5 730 50 5
8204 7326 5 792 60 10
8205 7333 5 797 60 10
8206 7333 5 845 60 10
8207 7333 5 853 50 5
8208 7333 5 871 60 10
8209 7333 5 905 60 10
8210 7341 5 926 60 10
8211 7341 5 947 60 10
8212 7341 5 1015 40 20
8213 7341 5 1015 60 10
8214 7341 5 1023 60 10
8215 7344 5 1024 60 10
8216 7344 5 1063 60 10
8217 7344 5 1124 60 10
8218 7344 5 1127 40 20
8219 7344 5 1131 60 10
8220 7350 5 1132 60 10
8221 7350 5 1155 60 10
8222 7350 5 1172 40 20
8223 7350 5 1188 60 10
8224 7350 5 1208 60 10
8225 7359 5 1209 50 5
8226 7359 5 1230 40 20
8227 7359 5 1240 40 20
8228 7359 5 1245 60 10
8229 7359 5 1247 60 10
8230 7368 5 1276 60 10
8231 7368 5 1288 60 10
8232 7368 5 1398 60 10
8233 7368 5 1403 60 10
8234 7368 5 1417 50 5
8235 7370 5 1450 60 10
8236 7370 5 1470 40 20
8237 7370 5 1474 50 5
8238 7370 5 1516 60 10
8239 7370 5 1518 60 10
8240 7372 5 1525 60 10
8241 7372 5 1528 60 10
8242 7372 5 1553 60 10
8243 7372 5 1557 50 5
8244 7372 5 1560 60 10
8245 7374 5 1593 50 5
8246 7374 5 1595 60 10
8247 7374 5 1618 50 5
8248 7374 5 1633 60 10
8249 7374 5 1651 50 5
8250 7381 5 1678 60 10
8251 7381 5 1680 50 5
8252 7381 5 1688 60 10
8253 7381 5 1722 60 10
8254 7381 5 1758 60 10
8255 7383 5 1769 50 5
8256 7383 5 1814 50 5
8257 7383 5 1815 60 10
8258 7383 5 1821 60 10
8259 7383 5 1844 40 20
8260 7389 5 1872 50 5
8261 7389 5 1892 60 10
8262 7389 5 1895 50 5
8263 7389 5 1921 60 10
8264 7389 5 1996 60 10
8265 7395 5 2015 60 10
8266 7395 5 2033 50 5
8267 7395 5 2048 60 10
8268 7395 5 2050 40 20
8269 7395 5 2091 60 10
8270 7404 5 2137 60 10
8271 7404 5 2138 50 5
8272 7404 5 2150 50 5
8273 7404 5 2158 60 10
8274 7404 5 2174 60 10
8275 7410 5 2186 60 10
8276 7410 5 2189 40 20
8277 7410 5 2218 60 10
8278 7410 5 2218 60 10
8279 7410 5 2268 60 10
8280 7411 5 2305 40 20
8281 7411 5 2312 50 5
8282 7411 5 2359 60 10
8283 7411 5 2360 60 10
8284 7411 5 2418 60 10
8285 7413 5 2440 60 10
8286 7413 5 2468 60 10
8287 7413 5 2508 60 10
8288 7413 5 2550 60 10
8289 7413 5 2557 50 5
8290 7414 5 2581 40 20
8291 7414 5 2591 50 5
8292 7414 5 2637 60 10
8293 7414 5 2652 60 10
8294 7414 5 2657 50 5
8295 7423 5 2665 50 5
8296 7423 5 2669 50 5
8297 7423 5 2683 60 10
8298 7423 5 2724 60 10
8299 7423 5 2733 60 10
8300 7430 5 2733 60 10
8301 7430 5 2734 60 10
8302 7430 5 2742 60 10
8303 7430 5 2799 60 10
8304 7430 5 2881 60 10
8305 7439 5 2901 50 5
8306 7439 5 2929 60 10
8307 7439 5 2954 50 5
8308 7439 5 2960 60 10
8309 7439 5 2973 50 5
8310 7448 5 3007 60 10
8311 7448 5 3076 50 5
8312 7448 5 3094 40 20
8313 7448 5 3108 60 10
8314 7448 5 3130 60 10
8315 7451 5 3147 60 10
8316 7451 5 3171 50 5
8317 7451 5 3181 50 5
8318 7451 5 3191 60 10
8319 7451 5 3212 60 10
8320 7458 5 3232 50 5
8321 7458 5 3235 60 10
8322 7458 5 3237 50 5
8323 7458 5 3245 60 10
8324 7458 5 3256 50 5
8325 7462 5 3261 50 5
8326 7462 5 3281 60 10
8327 7462 5 3284 40 20
8328 7462 5 3324 60 10
8329 7462 5 3325 60 10
8330 7463 5 3329 50 5
8331 7463 5 3342 40 20
8332 7463 5 3365 60 10
8333 7463 5 3386 50 5
8334 7463 5 3387 50 5
8335 7469 5 3413 60 10
8336 7469 5 3429 50 5
8337 7469 5 3519 60 10
8338 7469 5 3536 60 10
8339 7469 5 3554 60 10
8340 7472 5 3623 60 10
8341 7472 5 3634 50 5
8342 7472 5 3640 50 5
8343 7472 5 3703 50 5
8344 7472 5 3709 60 10
8345 7475 5 3728 60 10
8346 7475 5 3729 60 10
8347 7475 5 3731 60 10
8348 7475 5 3734 60 10
8349 7475 5 3736 60 10
8350 7484 5 3775 40 20
8351 7484 5 3786 60 10
8352 7484 5 3806 60 10
8353 7484 5 3865 60 10
8354 7484 5 3866 60 10
8355 7485 5 3870 50 5
8356 7485 5 3882 60 10
8357 7485 5 3924 50 5
8358 7485 5 3935 60 10
8359 7485 5 3945 60 10
8360 7493 5 4019 40 20
8361 7493 5 4034 60 10
8362 7493 5 4099 40 20
8363 7493 5 4105 60 10
8364 7493 5 4116 60 10
8365 7495 5 4124 60 10
8366 7495 5 4125 60 10
8367 7495 5 4199 50 5
8368 7495 5 4223 60 10
8369 7495 5 4237 60 10
8370 7497 5 4240 60 10
8371 7497 5 4296 50 5
8372 7497 5 4313 60 10
8373 7497 5 4325 60 10
8374 7497 5 4334 60 10
8375 7499 5 4334 60 10
8376 7499 5 4348 60 10
8377 7499 5 4358 60 10
8378 7499 5 4378 50 5
8379 7499 5 4385 40 20
8380 7502 5 4416 60 10
8381 7502 5 4470 60 10
8382 7502 5 4478 60 10
8383 7502 5 4525 60 10
8384 7502 5 4607 40 20
8385 7503 5 4617 60 10
8386 7503 5 4617 60 10
8387 7503 5 4618 50 5
8388 7503 5 4629 60 10
8389 7503 5 4643 50 5
8390 7512 5 4657 60 10
8391 7512 5 4667 60 10
8392 7512 5 4690 60 10
8393 7512 5 4785 50 5
8394 7512 5 4785 50 5
8395 7520 5 4789 60 10
8396 7520 5 4791 50 5
8397 7520 5 4843 60 10
8398 7520 5 4916 50 5
8399 7520 5 4941 60 10
8400 7522 5 4979 60 10
8401 7522 6 16 60 10
8402 7522 6 18 60 10
8403 7522 6 40 50 5
8404 7522 6 43 40 20
8405 7529 6 61 50 5
8406 7529 6 70 40 20
8407 7529 6 70 60 10
8408 7529 6 88 50 5
8409 7529 6 96 60 10
8410 7529 6 97 60 10
8411 7529 6 98 60 10
8412 7529 6 141 50 5
8413 7529 6 148 50 5
8414 7529 6 172 60 10
8415 7533 6 191 40 20
8416 7533 6 192 60 10
8417 7533 6 255 60 10
8418 7533 6 281 60 10
8419 7533 6 306 40 20
8420 7536 6 312 60 10
8421 7536 6 347 60 10
8422 7536 6 350 50 5
8423 7536 6 370 50 5
8424 7536 6 406 50 5
8425 7544 6 410 60 10
8426 7544 6 422 60 10
8427 7544 6 448 60 10
8428 7544 6 459 60 10
8429 7544 6 524 50 5
8430 7544 6 587 60 10
8431 7544 6 649 60 10
8432 7544 6 664 50 5
8433 7544 6 679 60 10
8434 7544 6 714 60 10
8435 7547 6 734 60 10
8436 7547 6 752 50 5
8437 7547 6 765 60 10
8438 7547 6 767 60 10
8439 7547 6 768 60 10
8440 7548 6 772 40 20
8441 7548 6 825 60 10
8442 7548 6 850 60 10
8443 7548 6 884 60 10
8444 7548 6 899 40 20
8445 7555 6 909 60 10
8446 7555 6 913 60 10
8447 7555 6 913 50 5
8448 7555 6 929 60 10
8449 7555 6 946 60 10
8450 7557 6 957 60 10
8451 7557 6 962 60 10
8452 7557 6 973 50 5
8453 7557 6 975 60 10
8454 7557 6 988 50 5
8455 7562 6 1054 60 10
8456 7562 6 1059 60 10
8457 7562 6 1077 60 10
8458 7562 6 1094 60 10
8459 7562 6 1103 60 10
8460 7571 6 1130 60 10
8461 7571 6 1180 60 10
8462 7571 6 1183 60 10
8463 7571 6 1235 60 10
8464 7571 6 1260 60 10
8465 7574 6 1268 50 5
8466 7574 6 1275 60 10
8467 7574 6 1277 60 10
8468 7574 6 1293 60 10
8469 7574 6 1296 40 20
8470 7578 6 1300 60 10
8471 7578 6 1305 60 10
8472 7578 6 1336 40 20
8473 7578 6 1354 60 10
8474 7578 6 1370 60 10
8475 7581 6 1381 60 10
8476 7581 6 1398 60 10
8477 7581 6 1406 60 10
8478 7581 6 1437 60 10
8479 7581 6 1438 60 10
8480 7583 6 1458 60 10
8481 7583 6 1459 60 10
8482 7583 6 1462 40 20
8483 7583 6 1493 60 10
8484 7583 6 1539 60 10
8485 7589 6 1592 50 5
8486 7589 6 1641 60 10
8487 7589 6 1666 50 5
8488 7589 6 1668 60 10
8489 7589 6 1696 60 10
8490 7594 6 1704 60 10
8491 7594 6 1709 60 10
8492 7594 6 1746 60 10
8493 7594 6 1751 60 10
8494 7594 6 1767 50 5
8495 7600 6 1794 50 5
8496 7600 6 1794 60 10
8497 7600 6 1809 60 10
8498 7600 6 1824 60 10
8499 7600 6 1841 50 5
8500 7600 6 1842 60 10
8501 7600 6 1866 60 10
8502 7600 6 1885 60 10
8503 7600 6 1894 60 10
8504 7600 6 1896 60 10
8505 7606 6 1899 60 10
8506 7606 6 1921 60 10
8507 7606 6 1930 60 10
8508 7606 6 1976 60 10
8509 7606 6 2002 60 10
8510 7608 6 2013 60 10
8511 7608 6 2026 60 10
8512 7608 6 2034 60 10
8513 7608 6 2043 60 10
8514 7608 6 2051 60 10
8515 7612 6 2054 50 5
8516 7612 6 2116 40 20
8517 7612 6 2154 60 10
8518 7612 6 2196 60 10
8519 7612 6 2210 60 10
8520 7613 6 2229 60 10
8521 7613 6 2232 60 10
8522 7613 6 2270 60 10
8523 7613 6 2278 60 10
8524 7613 6 2292 40 20
8525 7614 6 2303 60 10
8526 7614 6 2339 60 10
8527 7614 6 2352 40 20
8528 7614 6 2374 60 10
8529 7614 6 2380 60 10
8530 7618 6 2399 40 20
8531 7618 6 2429 60 10
8532 7618 6 2446 60 10
8533 7618 6 2458 50 5
8534 7618 6 2492 60 10
8535 7624 6 2499 60 10
8536 7624 6 2520 60 10
8537 7624 6 2580 60 10
8538 7624 6 2585 50 5
8539 7624 6 2599 50 5
8540 7628 6 2621 60 10
8541 7628 6 2628 40 20
8542 7628 6 2664 50 5
8543 7628 6 2665 60 10
8544 7628 6 2708 40 20
8545 7631 6 2713 40 20
8546 7631 6 2721 60 10
8547 7631 6 2727 60 10
8548 7631 6 2786 50 5
8549 7631 6 2787 60 10
8550 7638 6 2852 60 10
8551 7638 6 2857 60 10
8552 7638 6 2901 60 10
8553 7638 6 2953 50 5
8554 7638 6 3089 60 10
8555 7647 6 3113 60 10
8556 7647 6 3188 60 10
8557 7647 6 3226 60 10
8558 7647 6 3233 60 10
8559 7647 6 3251 60 10
8560 7651 6 3283 60 10
8561 7651 6 3308 60 10
8562 7651 6 3330 60 10
8563 7651 6 3333 60 10
8564 7651 6 3341 60 10
8565 7660 6 3383 40 20
8566 7660 6 3395 50 5
8567 7660 6 3456 60 10
8568 7660 6 3464 60 10
8569 7660 6 3489 50 5
8570 7664 6 3505 60 10
8571 7664 6 3581 60 10
8572 7664 6 3581 60 10
8573 7664 6 3649 60 10
8574 7664 6 3650 60 10
8575 7664 6 3654 60 10
8576 7664 6 3717 60 10
8577 7664 6 3734 60 10
8578 7664 6 3853 60 10
8579 7664 6 3879 60 10
8580 7671 6 3880 50 5
8581 7671 6 3927 60 10
8582 7671 6 3946 50 5
8583 7671 6 3947 60 10
8584 7671 6 3952 50 5
8585 7673 6 3975 60 10
8586 7673 6 3982 60 10
8587 7673 6 4239 60 10
8588 7673 6 4246 60 10
8589 7673 6 4252 50 5
8590 7681 6 4268 50 5
8591 7681 6 4290 60 10
8592 7681 6 4296 60 10
8593 7681 6 4305 50 5
8594 7681 6 4312 60 10
8595 7688 6 4319 50 5
8596 7688 6 4368 60 10
8597 7688 6 4371 50 5
8598 7688 6 4379 60 10
8599 7688 6 4393 40 20
8600 7689 6 4405 50 5
8601 7689 6 4409 60 10
8602 7689 6 4415 60 10
8603 7689 6 4474 60 10
8604 7689 6 4477 50 5
8605 7696 6 4480 60 10
8606 7696 6 4545 40 20
8607 7696 6 4564 60 10
8608 7696 6 4610 40 20
8609 7696 6 4641 40 20
8610 7703 6 4660 60 10
8611 7703 6 4693 60 10
8612 7703 6 4693 50 5
8613 7703 6 4717 50 5
8614 7703 6 4732 60 10
8615 7709 6 4749 60 10
8616 7709 6 4815 60 10
8617 7709 6 4851 60 10
8618 7709 6 4936 50 5
8619 7709 6 4939 50 5
8620 7714 6 4945 60 10
8621 7714 6 4951 50 5
8622 7714 6 4967 60 10
8623 7714 6 4984 60 10
8624 7714 7 1 60 10
8625 7714 7 9 60 10
8626 7714 7 44 60 10
8627 7714 7 52 50 5
8628 7714 7 62 60 10
8629 7714 7 73 60 10
8630 7715 7 81 60 10
8631 7715 7 90 50 5
8632 7715 7 136 60 10
8633 7715 7 150 50 5
8634 7715 7 158 60 10
8635 7718 7 170 60 10
8636 7718 7 201 50 5
8637 7718 7 230 60 10
8638 7718 7 263 60 10
8639 7718 7 288 60 10
8640 7725 7 328 60 10
8641 7725 7 341 60 10
8642 7725 7 351 40 20
8643 7725 7 353 60 10
8644 7725 7 355 40 20
8645 7732 7 367 60 10
8646 7732 7 400 60 10
8647 7732 7 410 40 20
8648 7732 7 420 50 5
8649 7732 7 426 60 10
8650 7740 7 436 40 20
8651 7740 7 455 60 10
8652 7740 7 456 40 20
8653 7740 7 461 40 20
8654 7740 7 471 60 10
8655 7744 7 489 60 10
8656 7744 7 523 60 10
8657 7744 7 537 40 20
8658 7744 7 538 60 10
8659 7744 7 555 60 10
8660 7749 7 562 60 10
8661 7749 7 599 60 10
8662 7749 7 634 60 10
8663 7749 7 661 60 10
8664 7749 7 663 60 10
8665 7756 7 690 50 5
8666 7756 7 721 60 10
8667 7756 7 726 50 5
8668 7756 7 735 60 10
8669 7756 7 741 60 10
8670 7762 7 762 60 10
8671 7762 7 772 60 10
8672 7762 7 777 60 10
8673 7762 7 806 40 20
8674 7762 7 815 40 20
8675 7767 7 820 60 10
8676 7767 7 825 40 20
8677 7767 7 826 50 5
8678 7767 7 842 40 20
8679 7767 7 847 50 5
8680 7768 7 853 60 10
8681 7768 7 879 60 10
8682 7768 7 913 50 5
8683 7768 7 971 60 10
8684 7768 7 972 60 10
8685 7769 7 1009 60 10
8686 7769 7 1013 60 10
8687 7769 7 1027 50 5
8688 7769 7 1048 60 10
8689 7769 7 1060 60 10
8690 7769 7 1067 60 10
8691 7769 7 1069 50 5
8692 7769 7 1089 60 10
8693 7769 7 1098 60 10
8694 7769 7 1117 40 20
8695 7773 7 1135 50 5
8696 7773 7 1168 60 10
8697 7773 7 1176 60 10
8698 7773 7 1183 60 10
8699 7773 7 1259 50 5
8700 7777 7 1312 60 10
8701 7777 7 1314 60 10
8702 7777 7 1323 60 10
8703 7777 7 1333 40 20
8704 7777 7 1342 60 10
8705 7783 7 1346 50 5
8706 7783 7 1362 60 10
8707 7783 7 1368 60 10
8708 7783 7 1424 60 10
8709 7783 7 1428 60 10
8710 7784 7 1440 60 10
8711 7784 7 1454 60 10
8712 7784 7 1454 50 5
8713 7784 7 1473 60 10
8714 7784 7 1491 60 10
8715 7787 7 1515 60 10
8716 7787 7 1546 60 10
8717 7787 7 1569 60 10
8718 7787 7 1581 60 10
8719 7787 7 1581 60 10
8720 7788 7 1638 60 10
8721 7788 7 1659 60 10
8722 7788 7 1701 40 20
8723 7788 7 1791 60 10
8724 7788 7 1795 50 5
8725 7796 7 1821 60 10
8726 7796 7 1862 40 20
8727 7796 7 1863 60 10
8728 7796 7 1891 50 5
8729 7796 7 1946 60 10
8730 7805 7 1983 60 10
8731 7805 7 1993 50 5
8732 7805 7 1997 60 10
8733 7805 7 2011 60 10
8734 7805 7 2026 60 10
8735 7813 7 2027 60 10
8736 7813 7 2028 50 5
8737 7813 7 2046 60 10
8738 7813 7 2095 50 5
8739 7813 7 2096 60 10
8740 7820 7 2103 60 10
8741 7820 7 2114 60 10
8742 7820 7 2139 60 10
8743 7820 7 2171 50 5
8744 7820 7 2177 60 10
8745 7822 7 2184 60 10
8746 7822 7 2257 60 10
8747 7822 7 2284 60 10
8748 7822 7 2309 60 10
8749 7822 7 2344 60 10
8750 7828 7 2351 60 10
8751 7828 7 2352 60 10
8752 7828 7 2354 60 10
8753 7828 7 2379 60 10
8754 7828 7 2405 60 10
8755 7833 7 2411 60 10
8756 7833 7 2507 50 5
8757 7833 7 2526 60 10
8758 7833 7 2539 60 10
8759 7833 7 2557 60 10
8760 7835 7 2561 40 20
8761 7835 7 2622 60 10
8762 7835 7 2633 60 10
8763 7835 7 2657 60 10
8764 7835 7 2669 60 10
8765 7838 7 2701 60 10
8766 7838 7 2719 60 10
8767 7838 7 2762 60 10
8768 7838 7 2764 50 5
8769 7838 7 2795 60 10
8770 7842 7 2805 50 5
8771 7842 7 2807 60 10
8772 7842 7 2814 40 20
8773 7842 7 2822 60 10
8774 7842 7 2834 60 10
8775 7848 7 2841 40 20
8776 7848 7 2851 40 20
8777 7848 7 2882 60 10
8778 7848 7 2900 50 5
8779 7848 7 2932 60 10
8780 7852 7 3016 60 10
8781 7852 7 3020 40 20
8782 7852 7 3048 60 10
8783 7852 7 3072 40 20
8784 7852 7 3116 60 10
8785 7853 7 3117 60 10
8786 7853 7 3121 40 20
8787 7853 7 3142 40 20
8788 7853 7 3145 60 10
8789 7853 7 3211 40 20
8790 7856 7 3238 50 5
8791 7856 7 3243 50 5
8792 7856 7 3249 50 5
8793 7856 7 3250 60 10
8794 7856 7 3255 60 10
8795 7859 7 3274 50 5
8796 7859 7 3279 60 10
8797 7859 7 3306 50 5
8798 7859 7 3344 60 10
8799 7859 7 3355 40 20
8800 7864 7 3426 50 5
8801 7864 7 3434 60 10
8802 7864 7 3447 60 10
8803 7864 7 3486 40 20
8804 7864 7 3503 60 10
8805 7873 7 3570 60 10
8806 7873 7 3621 60 10
8807 7873 7 3629 60 10
8808 7873 7 3634 60 10
8809 7873 7 3745 60 10
8810 7879 7 3807 60 10
8811 7879 7 3836 60 10
8812 7879 7 3871 60 10
8813 7879 7 3914 40 20
8814 7879 7 3967 60 10
8815 7880 7 4005 60 10
8816 7880 7 4076 50 5
8817 7880 7 4111 50 5
8818 7880 7 4129 60 10
8819 7880 7 4130 50 5
8820 7886 7 4167 60 10
8821 7886 7 4236 60 10
8822 7886 7 4240 50 5
8823 7886 7 4265 60 10
8824 7886 7 4298 60 10
8825 7895 7 4318 50 5
8826 7895 7 4324 40 20
8827 7895 7 4341 40 20
8828 7895 7 4378 40 20
8829 7895 7 4414 60 10
8830 7900 7 4432 50 5
8831 7900 7 4435 60 10
8832 7900 7 4449 60 10
8833 7900 7 4453 50 5
8834 7900 7 4470 60 10
8835 7908 7 4569 50 5
8836 7908 7 4577 60 10
8837 7908 7 4590 50 5
8838 7908 7 4608 60 10
8839 7908 7 4612 60 10
8840 7913 7 4638 60 10
8841 7913 7 4705 60 10
8842 7913 7 4708 60 10
8843 7913 7 4728 60 10
8844 7913 7 4781 60 10
8845 7913 7 4785 60 10
8846 7913 7 4787 60 10
8847 7913 7 4797 50 5
8848 7913 7 4827 50 5
8849 7913 7 4834 50 5
8850 7918 7 4843 60 10
8851 7918 7 4860 40 20
8852 7918 7 4872 60 10
8853 7918 7 4907 60 10
8854 7918 7 4998 60 10
8855 7921 7 4999 60 10
8856 7921 8 9 60 10
8857 7921 8 33 50 5
8858 7921 8 57 60 10
8859 7921 8 58 50 5
8860 7922 8 91 60 10
8861 7922 8 97 60 10
8862 7922 8 102 40 20
8863 7922 8 110 60 10
8864 7922 8 167 60 10
8865 7927 8 175 60 10
8866 7927 8 197 50 5
8867 7927 8 223 50 5
8868 7927 8 249 60 10
8869 7927 8 263 50 5
8870 7931 8 275 60 10
8871 7931 8 284 40 20
8872 7931 8 313 60 10
8873 7931 8 314 60 10
8874 7931 8 377 50 5
8875 7931 8 386 40 20
8876 7931 8 425 50 5
8877 7931 8 438 60 10
8878 7931 8 473 60 10
8879 7931 8 490 60 10
8880 7939 8 559 50 5
8881 7939 8 571 50 5
8882 7939 8 597 60 10
8883 7939 8 637 60 10
8884 7939 8 649 60 10
8885 7946 8 679 60 10
8886 7946 8 686 50 5
8887 7946 8 710 60 10
8888 7946 8 714 60 10
8889 7946 8 736 60 10
8890 7949 8 767 60 10
8891 7949 8 801 50 5
8892 7949 8 854 60 10
8893 7949 8 860 60 10
8894 7949 8 917 40 20
8895 7952 8 928 60 10
8896 7952 8 930 50 5
8897 7952 8 932 50 5
8898 7952 8 939 60 10
8899 7952 8 973 50 5
8900 7953 8 978 60 10
8901 7953 8 980 60 10
8902 7953 8 990 60 10
8903 7953 8 996 60 10
8904 7953 8 1006 60 10
8905 7958 8 1021 60 10
8906 7958 8 1048 60 10
8907 7958 8 1090 60 10
8908 7958 8 1094 60 10
8909 7958 8 1095 60 10
8910 7960 8 1145 60 10
8911 7960 8 1156 60 10
8912 7960 8 1158 60 10
8913 7960 8 1179 60 10
8914 7960 8 1193 60 10
8915 7969 8 1205 50 5
8916 7969 8 1220 40 20
8917 7969 8 1225 60 10
8918 7969 8 1255 60 10
8919 7969 8 1261 60 10
8920 7969 8 1287 60 10
8921 7969 8 1293 50 5
8922 7969 8 1293 60 10
8923 7969 8 1297 50 5
8924 7969 8 1298 60 10
8925 7969 8 1312 60 10
8926 7969 8 1338 60 10
8927 7969 8 1352 60 10
8928 7969 8 1376 60 10
8929 7969 8 1397 40 20
8930 7971 8 1403 60 10
8931 7971 8 1429 50 5
8932 7971 8 1478 40 20
8933 7971 8 1493 60 10
8934 7971 8 1526 50 5
8935 7974 8 1532 60 10
8936 7974 8 1541 60 10
8937 7974 8 1544 60 10
8938 7974 8 1544 40 20
8939 7974 8 1576 40 20
8940 7980 8 1592 50 5
8941 7980 8 1601 60 10
8942 7980 8 1612 60 10
8943 7980 8 1654 60 10
8944 7980 8 1681 60 10
8945 7982 8 1706 60 10
8946 7982 8 1759 50 5
8947 7982 8 1787 60 10
8948 7982 8 1790 60 10
8949 7982 8 1813 60 10
8950 7985 8 1816 50 5
8951 7985 8 1874 60 10
8952 7985 8 1909 60 10
8953 7985 8 1934 40 20
8954 7985 8 1939 50 5
8955 7986 8 1984 60 10
8956 7986 8 2034 60 10
8957 7986 8 2076 60 10
8958 7986 8 2076 60 10
8959 7986 8 2152 60 10
8960 7990 8 2205 40 20
8961 7990 8 2268 60 10
8962 7990 8 2276 60 10
8963 7990 8 2285 60 10
8964 7990 8 2325 40 20
8965 7991 8 2394 60 10
8966 7991 8 2510 60 10
8967 7991 8 2539 60 10
8968 7991 8 2558 60 10
8969 7991 8 2565 60 10
8970 8000 8 2580 60 10
8971 8000 8 2605 60 10
8972 8000 8 2609 60 10
8973 8000 8 2646 50 5
8974 8000 8 2661 60 10
8975 8003 8 2672 60 10
8976 8003 8 2679 40 20
8977 8003 8 2690 50 5
8978 8003 8 2708 60 10
8979 8003 8 2728 60 10
8980 8009 8 2734 60 10
8981 8009 8 2742 60 10
8982 8009 8 2754 50 5
8983 8009 8 2765 50 5
8984 8009 8 2771 50 5
8985 8016 8 2793 60 10
8986 8016 8 2801 60 10
8987 8016 8 2865 60 10
8988 8016 8 2898 60 10
8989 8016 8 2908 60 10
8990 8016 8 2949 40 20
8991 8016 8 3054 60 10
8992 8016 8 3065 60 10
8993 8016 8 3066 60 10
8994 8016 8 3070 60 10
8995 8017 8 3073 60 10
8996 8017 8 3087 60 10
8997 8017 8 3153 50 5
8998 8017 8 3168 60 10
8999 8017 8 3169 60 10
9000 8023 8 3212 60 10
9001 8023 8 3215 60 10
9002 8023 8 3262 60 10
9003 8023 8 3272 50 5
9004 8023 8 3278 60 10
9005 8026 8 3293 60 10
9006 8026 8 3315 60 10
9007 8026 8 3331 50 5
9008 8026 8 3345 60 10
9009 8026 8 3351 60 10
9010 8029 8 3369 60 10
9011 8029 8 3376 50 5
9012 8029 8 3377 60 10
9013 8029 8 3377 60 10
9014 8029 8 3448 50 5
9015 8037 8 3456 60 10
9016 8037 8 3467 60 10
9017 8037 8 3470 60 10
9018 8037 8 3499 60 10
9019 8037 8 3520 50 5
9020 8037 8 3539 60 10
9021 8037 8 3548 50 5
9022 8037 8 3576 60 10
9023 8037 8 3587 60 10
9024 8037 8 3593 40 20
9025 8044 8 3609 60 10
9026 8044 8 3613 50 5
9027 8044 8 3636 60 10
9028 8044 8 3651 60 10
9029 8044 8 3660 60 10
9030 8048 8 3664 60 10
9031 8048 8 3672 60 10
9032 8048 8 3673 60 10
9033 8048 8 3716 50 5
9034 8048 8 3760 60 10
9035 8056 8 3788 60 10
9036 8056 8 3820 60 10
9037 8056 8 3892 60 10
9038 8056 8 3940 60 10
9039 8056 8 3975 60 10
9040 8062 8 3990 50 5
9041 8062 8 4012 60 10
9042 8062 8 4016 60 10
9043 8062 8 4031 60 10
9044 8062 8 4057 60 10
9045 8064 8 4077 60 10
9046 8064 8 4080 60 10
9047 8064 8 4086 40 20
9048 8064 8 4149 60 10
9049 8064 8 4164 60 10
9050 8073 8 4175 60 10
9051 8073 8 4180 60 10
9052 8073 8 4228 60 10
9053 8073 8 4246 40 20
9054 8073 8 4287 60 10
9055 8082 8 4341 60 10
9056 8082 8 4364 60 10
9057 8082 8 4393 60 10
9058 8082 8 4396 60 10
9059 8082 8 4453 60 10
9060 8085 8 4501 40 20
9061 8085 8 4565 50 5
9062 8085 8 4567 60 10
9063 8085 8 4593 60 10
9064 8085 8 4641 50 5
9065 8092 8 4687 40 20
9066 8092 8 4759 60 10
9067 8092 8 4792 60 10
9068 8092 8 4805 60 10
9069 8092 8 4812 60 10
9070 8099 8 4826 60 10
9071 8099 8 4831 60 10
9072 8099 8 4840 60 10
9073 8099 8 4882 60 10
9074 8099 8 4893 60 10
9075 8106 8 4926 60 10
9076 8106 8 4963 60 10
9077 8106 8 4969 60 10
9078 8106 8 4992 60 10
9079 8106 9 1 60 10
9080 8114 9 3 60 10
9081 8114 9 4 60 10
9082 8114 9 30 50 5
9083 8114 9 53 60 10
9084 8114 9 54 60 10
9085 8122 9 71 60 10
9086 8122 9 92 40 20
9087 8122 9 107 60 10
9088 8122 9 107 50 5
9089 8122 9 148 60 10
9090 8123 9 179 60 10
9091 8123 9 190 50 5
9092 8123 9 192 60 10
9093 8123 9 213 50 5
9094 8123 9 224 60 10
9095 8130 9 238 60 10
9096 8130 9 271 60 10
9097 8130 9 272 60 10
9098 8130 9 294 50 5
9099 8130 9 309 50 5
9100 8137 9 313 50 5
9101 8137 9 315 60 10
9102 8137 9 317 60 10
9103 8137 9 344 60 10
9104 8137 9 373 40 20
9105 8139 9 376 60 10
9106 8139 9 381 50 5
9107 8139 9 384 60 10
9108 8139 9 401 40 20
9109 8139 9 418 60 10
9110 8140 9 430 60 10
9111 8140 9 447 60 10
9112 8140 9 447 60 10
9113 8140 9 463 60 10
9114 8140 9 493 50 5
9115 8144 9 495 60 10
9116 8144 9 512 60 10
9117 8144 9 517 60 10
9118 8144 9 522 60 10
9119 8144 9 545 40 20
9120 8152 9 559 50 5
9121 8152 9 590 60 10
9122 8152 9 604 40 20
9123 8152 9 607 60 10
9124 8152 9 643 60 10
9125 8152 9 650 50 5
9126 8152 9 654 40 20
9127 8152 9 664 40 20
9128 8152 9 709 60 10
9129 8152 9 716 50 5
9130 8155 9 739 60 10
9131 8155 9 747 60 10
9132 8155 9 755 50 5
9133 8155 9 796 50 5
9134 8155 9 812 50 5
9135 8157 9 814 60 10
9136 8157 9 854 50 5
9137 8157 9 863 60 10
9138 8157 9 872 60 10
9139 8157 9 873 60 10
9140 8160 9 879 60 10
9141 8160 9 881 60 10
9142 8160 9 890 60 10
9143 8160 9 941 40 20
9144 8160 9 952 50 5
9145 8165 9 972 50 5
9146 8165 9 993 60 10
9147 8165 9 1022 50 5
9148 8165 9 1122 60 10
9149 8165 9 1124 60 10
9150 8170 9 1137 60 10
9151 8170 9 1164 60 10
9152 8170 9 1204 40 20
9153 8170 9 1208 50 5
9154 8170 9 1211 60 10
9155 8172 9 1215 50 5
9156 8172 9 1235 60 10
9157 8172 9 1236 60 10
9158 8172 9 1270 60 10
9159 8172 9 1283 60 10
9160 8175 9 1287 60 10
9161 8175 9 1289 60 10
9162 8175 9 1302 50 5
9163 8175 9 1325 50 5
9164 8175 9 1352 60 10
9165 8176 9 1354 50 5
9166 8176 9 1367 40 20
9167 8176 9 1397 60 10
9168 8176 9 1411 60 10
9169 8176 9 1432 60 10
9170 8180 9 1454 60 10
9171 8180 9 1461 60 10
9172 8180 9 1465 60 10
9173 8180 9 1483 40 20
9174 8180 9 1522 60 10
9175 8183 9 1534 60 10
9176 8183 9 1550 50 5
9177 8183 9 1551 60 10
9178 8183 9 1564 60 10
9179 8183 9 1577 60 10
9180 8186 9 1582 60 10
9181 8186 9 1588 40 20
9182 8186 9 1601 60 10
9183 8186 9 1632 40 20
9184 8186 9 1633 60 10
9185 8188 9 1636 60 10
9186 8188 9 1661 40 20
9187 8188 9 1662 60 10
9188 8188 9 1664 60 10
9189 8188 9 1734 60 10
9190 8195 9 1751 50 5
9191 8195 9 1768 50 5
9192 8195 9 1793 50 5
9193 8195 9 1834 60 10
9194 8195 9 1894 50 5
9195 8196 9 1911 60 10
9196 8196 9 1911 60 10
9197 8196 9 1929 60 10
9198 8196 9 1958 50 5
9199 8196 9 2006 60 10
9200 8205 9 2007 50 5
9201 8205 9 2008 50 5
9202 8205 9 2010 50 5
9203 8205 9 2043 60 10
9204 8205 9 2047 40 20
9205 8212 9 2060 60 10
9206 8212 9 2060 40 20
9207 8212 9 2067 60 10
9208 8212 9 2089 50 5
9209 8212 9 2104 60 10
9210 8212 9 2139 60 10
9211 8212 9 2183 60 10
9212 8212 9 2184 60 10
9213 8212 9 2186 60 10
9214 8212 9 2187 40 20
9215 8212 9 2193 60 10
9216 8212 9 2207 60 10
9217 8212 9 2251 40 20
9218 8212 9 2259 60 10
9219 8212 9 2299 60 10
9220 8216 9 2306 50 5
9221 8216 9 2308 40 20
9222 8216 9 2309 60 10
9223 8216 9 2315 60 10
9224 8216 9 2323 40 20
9225 8224 9 2362 60 10
9226 8224 9 2374 60 10
9227 8224 9 2380 60 10
9228 8224 9 2386 40 20
9229 8224 9 2395 60 10
9230 8231 9 2418 50 5
9231 8231 9 2425 60 10
9232 8231 9 2448 60 10
9233 8231 9 2451 60 10
9234 8231 9 2477 40 20
9235 8231 9 2480 60 10
9236 8231 9 2521 40 20
9237 8231 9 2533 50 5
9238 8231 9 2570 40 20
9239 8231 9 2594 60 10
9240 8237 9 2601 60 10
9241 8237 9 2614 50 5
9242 8237 9 2614 50 5
9243 8237 9 2619 60 10
9244 8237 9 2648 50 5
9245 8239 9 2732 60 10
9246 8239 9 2735 60 10
9247 8239 9 2760 60 10
9248 8239 9 2776 50 5
9249 8239 9 2787 60 10
9250 8240 9 2817 60 10
9251 8240 9 2820 60 10
9252 8240 9 2830 50 5
9253 8240 9 2835 60 10
9254 8240 9 2840 60 10
9255 8245 9 2853 50 5
9256 8245 9 2883 40 20
9257 8245 9 2890 60 10
9258 8245 9 2895 50 5
9259 8245 9 2910 60 10
9260 8250 9 2915 50 5
9261 8250 9 2951 60 10
9262 8250 9 2973 60 10
9263 8250 9 3021 60 10
9264 8250 9 3070 60 10
9265 8259 9 3095 60 10
9266 8259 9 3123 60 10
9267 8259 9 3170 60 10
9268 8259 9 3180 60 10
9269 8259 9 3210 60 10
9270 8267 9 3219 60 10
9271 8267 9 3270 50 5
9272 8267 9 3274 60 10
9273 8267 9 3314 60 10
9274 8267 9 3370 60 10
9275 8275 9 3380 60 10
9276 8275 9 3384 60 10
9277 8275 9 3394 60 10
9278 8275 9 3405 50 5
9279 8275 9 3407 60 10
9280 8283 9 3414 50 5
9281 8283 9 3420 60 10
9282 8283 9 3426 60 10
9283 8283 9 3445 60 10
9284 8283 9 3515 60 10
9285 8283 9 3537 50 5
9286 8283 9 3571 50 5
9287 8283 9 3582 60 10
9288 8283 9 3613 60 10
9289 8283 9 3642 40 20
9290 8292 9 3643 60 10
9291 8292 9 3769 60 10
9292 8292 9 3814 60 10
9293 8292 9 3814 60 10
9294 8292 9 3836 50 5
9295 8293 9 3868 60 10
9296 8293 9 3902 60 10
9297 8293 9 3926 60 10
9298 8293 9 3931 60 10
9299 8293 9 3948 40 20
9300 8293 9 4037 60 10
9301 8293 9 4049 60 10
9302 8293 9 4107 60 10
9303 8293 9 4134 50 5
9304 8293 9 4144 60 10
9305 8293 9 4167 50 5
9306 8293 9 4180 60 10
9307 8293 9 4184 60 10
9308 8293 9 4200 60 10
9309 8293 9 4231 50 5
9310 8298 9 4234 60 10
9311 8298 9 4235 60 10
9312 8298 9 4238 50 5
9313 8298 9 4265 50 5
9314 8298 9 4284 40 20
9315 8307 9 4300 60 10
9316 8307 9 4309 60 10
9317 8307 9 4311 60 10
9318 8307 9 4321 60 10
9319 8307 9 4356 60 10
9320 8308 9 4360 60 10
9321 8308 9 4406 60 10
9322 8308 9 4414 40 20
9323 8308 9 4423 40 20
9324 8308 9 4440 60 10
9325 8312 9 4459 60 10
9326 8312 9 4474 60 10
9327 8312 9 4507 60 10
9328 8312 9 4514 60 10
9329 8312 9 4558 60 10
9330 8320 9 4574 60 10
9331 8320 9 4652 50 5
9332 8320 9 4665 60 10
9333 8320 9 4669 60 10
9334 8320 9 4711 60 10
9335 8324 9 4714 50 5
9336 8324 9 4735 60 10
9337 8324 9 4752 60 10
9338 8324 9 4758 60 10
9339 8324 9 4767 50 5
9340 8330 9 4815 60 10
9341 8330 9 4819 50 5
9342 8330 9 4824 60 10
9343 8330 9 4842 40 20
9344 8330 9 4858 50 5
9345 8330 9 4927 60 10
9346 8330 9 4935 50 5
9347 8330 9 4937 60 10
9348 8330 9 4980 60 10
9349 8330 10 6 60 10
9350 8338 10 8 50 5
9351 8338 10 10 60 10
9352 8338 10 16 40 20
9353 8338 10 84 60 10
9354 8338 10 109 40 20
9355 8344 10 118 60 10
9356 8344 10 122 60 10
9357 8344 10 146 60 10
9358 8344 10 149 60 10
9359 8344 10 157 60 10
9360 8349 10 175 60 10
9361 8349 10 180 60 10
9362 8349 10 182 50 5
9363 8349 10 204 60 10
9364 8349 10 224 60 10
9365 8357 10 234 50 5
9366 8357 10 252 60 10
9367 8357 10 255 60 10
9368 8357 10 265 50 5
9369 8357 10 276 60 10
9370 8363 10 282 40 20
9371 8363 10 299 60 10
9372 8363 10 307 60 10
9373 8363 10 326 60 10
9374 8363 10 338 50 5
9375 8368 10 382 60 10
9376 8368 10 434 40 20
9377 8368 10 440 40 20
9378 8368 10 453 60 10
9379 8368 10 455 50 5
9380 8375 10 457 50 5
9381 8375 10 461 60 10
9382 8375 10 501 60 10
9383 8375 10 517 60 10
9384 8375 10 518 50 5
9385 8381 10 527 60 10
9386 8381 10 532 60 10
9387 8381 10 541 60 10
9388 8381 10 558 60 10
9389 8381 10 559 50 5
9390 8387 10 598 60 10
9391 8387 10 598 60 10
9392 8387 10 609 60 10
9393 8387 10 613 60 10
9394 8387 10 646 60 10
9395 8394 10 653 60 10
9396 8394 10 737 50 5
9397 8394 10 753 60 10
9398 8394 10 811 50 5
9399 8394 10 821 50 5
9400 8397 10 825 40 20
9401 8397 10 841 50 5
9402 8397 10 953 50 5
9403 8397 10 965 60 10
9404 8397 10 989 60 10
9405 8406 10 1002 60 10
9406 8406 10 1070 60 10
9407 8406 10 1076 60 10
9408 8406 10 1086 60 10
9409 8406 10 1092 50 5
9410 8413 10 1122 60 10
9411 8413 10 1173 60 10
9412 8413 10 1194 60 10
9413 8413 10 1213 40 20
9414 8413 10 1246 60 10
9415 8417 10 1250 50 5
9416 8417 10 1261 60 10
9417 8417 10 1273 60 10
9418 8417 10 1286 60 10
9419 8417 10 1290 60 10
9420 8424 10 1291 60 10
9421 8424 10 1301 60 10
9422 8424 10 1350 60 10
9423 8424 10 1377 60 10
9424 8424 10 1422 60 10
9425 8428 10 1476 60 10
9426 8428 10 1483 60 10
9427 8428 10 1517 50 5
9428 8428 10 1552 60 10
9429 8428 10 1556 50 5
9430 8430 10 1556 40 20
9431 8430 10 1593 60 10
9432 8430 10 1717 60 10
9433 8430 10 1769 60 10
9434 8430 10 1770 60 10
9435 8433 10 1803 60 10
9436 8433 10 1811 60 10
9437 8433 10 1841 60 10
9438 8433 10 1858 60 10
9439 8433 10 1871 60 10
9440 8434 10 1881 60 10
9441 8434 10 1887 50 5
9442 8434 10 1923 60 10
9443 8434 10 1933 60 10
9444 8434 10 1948 60 10
9445 8435 10 1950 60 10
9446 8435 10 2011 60 10
9447 8435 10 2024 60 10
9448 8435 10 2066 50 5
9449 8435 10 2077 50 5
9450 8436 10 2129 60 10
9451 8436 10 2150 40 20
9452 8436 10 2168 60 10
9453 8436 10 2230 60 10
9454 8436 10 2234 60 10
9455 8442 10 2253 40 20
9456 8442 10 2295 60 10
9457 8442 10 2312 60 10
9458 8442 10 2319 60 10
9459 8442 10 2334 60 10
9460 8448 10 2355 60 10
9461 8448 10 2362 40 20
9462 8448 10 2423 60 10
9463 8448 10 2424 60 10
9464 8448 10 2484 60 10
9465 8449 10 2526 40 20
9466 8449 10 2550 60 10
9467 8449 10 2566 60 10
9468 8449 10 2589 60 10
9469 8449 10 2600 60 10
9470 8450 10 2612 50 5
9471 8450 10 2638 60 10
9472 8450 10 2696 60 10
9473 8450 10 2709 50 5
9474 8450 10 2710 60 10
9475 8459 10 2733 60 10
9476 8459 10 2782 60 10
9477 8459 10 2784 50 5
9478 8459 10 2810 60 10
9479 8459 10 2817 60 10
9480 8460 10 2824 60 10
9481 8460 10 2836 50 5
9482 8460 10 2840 40 20
9483 8460 10 2882 60 10
9484 8460 10 2905 50 5
9485 8461 10 2949 60 10
9486 8461 10 2989 60 10
9487 8461 10 3025 60 10
9488 8461 10 3049 60 10
9489 8461 10 3052 60 10
9490 8468 10 3078 60 10
9491 8468 10 3080 60 10
9492 8468 10 3087 60 10
9493 8468 10 3091 60 10
9494 8468 10 3093 60 10
9495 8473 10 3108 60 10
9496 8473 10 3109 60 10
9497 8473 10 3150 50 5
9498 8473 10 3184 60 10
9499 8473 10 3241 60 10
9500 8477 10 3289 60 10
9501 8477 10 3345 60 10
9502 8477 10 3364 60 10
9503 8477 10 3380 60 10
9504 8477 10 3424 60 10
9505 8478 10 3428 60 10
9506 8478 10 3443 60 10
9507 8478 10 3485 60 10
9508 8478 10 3492 60 10
9509 8478 10 3492 60 10
9510 8481 10 3504 60 10
9511 8481 10 3543 60 10
9512 8481 10 3546 60 10
9513 8481 10 3586 60 10
9514 8481 10 3603 50 5
9515 8489 10 3612 60 10
9516 8489 10 3615 40 20
9517 8489 10 3634 40 20
9518 8489 10 3659 60 10
9519 8489 10 3710 60 10
9520 8494 10 3742 60 10
9521 8494 10 3742 60 10
9522 8494 10 3817 60 10
9523 8494 10 3841 50 5
9524 8494 10 3871 60 10
9525 8498 10 3932 50 5
9526 8498 10 3939 50 5
9527 8498 10 3956 50 5
9528 8498 10 3968 50 5
9529 8498 10 3991 60 10
9530 8506 10 4035 60 10
9531 8506 10 4061 60 10
9532 8506 10 4063 40 20
9533 8506 10 4079 50 5
9534 8506 10 4098 60 10
9535 8513 10 4101 60 10
9536 8513 10 4126 60 10
9537 8513 10 4162 40 20
9538 8513 10 4164 60 10
9539 8513 10 4174 60 10
9540 8519 10 4183 60 10
9541 8519 10 4187 60 10
9542 8519 10 4212 60 10
9543 8519 10 4221 60 10
9544 8519 10 4222 60 10
9545 8521 10 4267 60 10
9546 8521 10 4317 60 10
9547 8521 10 4330 60 10
9548 8521 10 4375 60 10
9549 8521 10 4379 60 10
9550 8527 10 4398 60 10
9551 8527 10 4431 60 10
9552 8527 10 4503 60 10
9553 8527 10 4512 50 5
9554 8527 10 4523 60 10
9555 8531 10 4578 60 10
9556 8531 10 4586 60 10
9557 8531 10 4621 60 10
9558 8531 10 4629 60 10
9559 8531 10 4683 60 10
9560 8533 10 4718 40 20
9561 8533 10 4726 60 10
9562 8533 10 4738 50 5
9563 8533 10 4759 60 10
9564 8533 10 4763 60 10
9565 8540 10 4768 60 10
9566 8540 10 4774 60 10
9567 8540 10 4891 60 10
9568 8540 10 4891 60 10
9569 8540 10 4954 60 10
9570 8542 10 4973 60 10
9571 8542 10 4983 60 10
9572 8542 11 0 60 10
9573 8542 11 2 60 10
9574 8542 11 25 60 10
9575 8548 11 55 50 5
9576 8548 11 56 60 10
9577 8548 11 80 60 10
9578 8548 11 113 50 5
9579 8548 11 156 50 5
9580 8557 11 166 60 10
9581 8557 11 198 50 5
9582 8557 11 207 60 10
9583 8557 11 211 60 10
9584 8557 11 235 60 10
9585 8563 11 255 60 10
9586 8563 11 262 60 10
9587 8563 11 307 60 10
9588 8563 11 323 60 10
9589 8563 11 331 60 10
9590 8568 11 332 40 20
9591 8568 11 359 60 10
9592 8568 11 390 60 10
9593 8568 11 391 60 10
9594 8568 11 410 60 10
9595 8576 11 410 60 10
9596 8576 11 430 60 10
9597 8576 11 432 50 5
9598 8576 11 451 60 10
9599 8576 11 465 60 10
9600 8583 11 470 40 20
9601 8583 11 508 60 10
9602 8583 11 563 50 5
9603 8583 11 568 50 5
9604 8583 11 590 50 5
9605 8589 11 592 60 10
9606 8589 11 608 50 5
9607 8589 11 615 40 20
9608 8589 11 622 60 10
9609 8589 11 635 60 10
9610 8592 11 635 60 10
9611 8592 11 636 60 10
9612 8592 11 673 60 10
9613 8592 11 689 60 10
9614 8592 11 718 60 10
9615 8593 11 729 60 10
9616 8593 11 769 60 10
9617 8593 11 796 60 10
9618 8593 11 886 40 20
9619 8593 11 892 60 10
9620 8594 11 1019 50 5
9621 8594 11 1021 50 5
9622 8594 11 1035 60 10
9623 8594 11 1074 60 10
9624 8594 11 1093 60 10
9625 8598 11 1111 50 5
9626 8598 11 1113 60 10
9627 8598 11 1132 50 5
9628 8598 11 1165 40 20
9629 8598 11 1210 60 10
9630 8603 11 1211 60 10
9631 8603 11 1214 60 10
9632 8603 11 1218 40 20
9633 8603 11 1236 40 20
9634 8603 11 1260 60 10
9635 8609 11 1295 60 10
9636 8609 11 1314 60 10
9637 8609 11 1334 50 5
9638 8609 11 1357 60 10
9639 8609 11 1387 60 10
9640 8610 11 1392 60 10
9641 8610 11 1441 60 10
9642 8610 11 1450 40 20
9643 8610 11 1510 40 20
9644 8610 11 1528 60 10
9645 8617 11 1561 60 10
9646 8617 11 1570 60 10
9647 8617 11 1577 60 10
9648 8617 11 1596 50 5
9649 8617 11 1612 60 10
9650 8621 11 1633 60 10
9651 8621 11 1635 60 10
9652 8621 11 1673 50 5
9653 8621 11 1699 60 10
9654 8621 11 1705 50 5
9655 8624 11 1705 40 20
9656 8624 11 1724 60 10
9657 8624 11 1744 60 10
9658 8624 11 1749 60 10
9659 8624 11 1756 60 10
9660 8624 11 1782 60 10
9661 8624 11 1786 60 10
9662 8624 11 1811 60 10
9663 8624 11 1816 60 10
9664 8624 11 1817 60 10
9665 8633 11 1866 50 5
9666 8633 11 1915 60 10
9667 8633 11 1937 60 10
9668 8633 11 1951 60 10
9669 8633 11 1975 60 10
9670 8641 11 1986 40 20
9671 8641 11 1997 50 5
9672 8641 11 2031 60 10
9673 8641 11 2035 60 10
9674 8641 11 2047 40 20
9675 8644 11 2062 60 10
9676 8644 11 2070 60 10
9677 8644 11 2073 40 20
9678 8644 11 2077 50 5
9679 8644 11 2083 50 5
9680 8651 11 2093 50 5
9681 8651 11 2127 60 10
9682 8651 11 2145 60 10
9683 8651 11 2169 60 10
9684 8651 11 2190 60 10
9685 8655 11 2195 60 10
9686 8655 11 2208 60 10
9687 8655 11 2226 60 10
9688 8655 11 2246 60 10
9689 8655 11 2271 50 5
9690 8661 11 2273 60 10
9691 8661 11 2276 60 10
9692 8661 11 2329 60 10
9693 8661 11 2333 60 10
9694 8661 11 2354 50 5
9695 8665 11 2390 60 10
9696 8665 11 2400 60 10
9697 8665 11 2412 60 10
9698 8665 11 2421 60 10
9699 8665 11 2426 60 10
9700 8669 11 2434 60 10
9701 8669 11 2439 40 20
9702 8669 11 2517 50 5
9703 8669 11 2568 50 5
9704 8669 11 2606 50 5
9705 8678 11 2675 50 5
9706 8678 11 2685 60 10
9707 8678 11 2695 60 10
9708 8678 11 2706 60 10
9709 8678 11 2710 60 10
9710 8681 11 2744 60 10
9711 8681 11 2767 60 10
9712 8681 11 2814 60 10
9713 8681 11 2877 60 10
9714 8681 11 2892 50 5
9715 8688 11 2908 60 10
9716 8688 11 2928 60 10
9717 8688 11 2950 60 10
9718 8688 11 3011 60 10
9719 8688 11 3037 40 20
9720 8696 11 3057 60 10
9721 8696 11 3091 60 10
9722 8696 11 3153 60 10
9723 8696 11 3201 60 10
9724 8696 11 3255 60 10
9725 8705 11 3299 60 10
9726 8705 11 3324 60 10
9727 8705 11 3330 50 5
9728 8705 11 3386 40 20
9729 8705 11 3386 40 20
9730 8709 11 3485 60 10
9731 8709 11 3500 40 20
9732 8709 11 3549 60 10
9733 8709 11 3550 60 10
9734 8709 11 3558 50 5
9735 8710 11 3577 60 10
9736 8710 11 3587 60 10
9737 8710 11 3603 60 10
9738 8710 11 3629 60 10
9739 8710 11 3662 60 10
9740 8711 11 3668 50 5
9741 8711 11 3715 40 20
9742 8711 11 3734 60 10
9743 8711 11 3779 60 10
9744 8711 11 3784 50 5
9745 8720 11 3836 60 10
9746 8720 11 3874 60 10
9747 8720 11 3943 60 10
9748 8720 11 3962 50 5
9749 8720 11 3998 60 10
9750 8721 11 4018 50 5
9751 8721 11 4037 60 10
9752 8721 11 4044 60 10
9753 8721 11 4163 60 10
9754 8721 11 4233 60 10
9755 8724 11 4267 60 10
9756 8724 11 4297 60 10
9757 8724 11 4314 60 10
9758 8724 11 4332 50 5
9759 8724 11 4347 60 10
9760 8728 11 4377 60 10
9761 8728 11 4392 50 5
9762 8728 11 4406 40 20
9763 8728 11 4422 60 10
9764 8728 11 4425 60 10
9765 8730 11 4427 40 20
9766 8730 11 4517 40 20
9767 8730 11 4551 60 10
9768 8730 11 4627 50 5
9769 8730 11 4658 40 20
9770 8731 11 4720 50 5
9771 8731 11 4753 50 5
9772 8731 11 4764 60 10
9773 8731 11 4814 60 10
9774 8731 11 4842 50 5
9775 8732 11 4902 50 5
9776 8732 11 4906 60 10
9777 8732 12 3 60 10
9778 8732 12 3 50 5
9779 8732 12 5 60 10
9780 8732 12 6 60 10
9781 8732 12 25 60 10
9782 8732 12 45 40 20
9783 8732 12 62 50 5
9784 8732 12 92 50 5
9785 8732 12 98 60 10
9786 8732 12 132 60 10
9787 8732 12 142 60 10
9788 8732 12 154 60 10
9789 8732 12 156 60 10
9790 8737 12 202 60 10
9791 8737 12 205 60 10
9792 8737 12 251 60 10
9793 8737 12 252 50 5
9794 8737 12 277 50 5
9795 8739 12 288 60 10
9796 8739 12 289 50 5
9797 8739 12 304 40 20
9798 8739 12 328 60 10
9799 8739 12 357 60 10
9800 8739 12 364 60 10
9801 8739 12 392 40 20
9802 8739 12 408 60 10
9803 8739 12 416 60 10
9804 8739 12 456 60 10
9805 8745 12 474 60 10
9806 8745 12 504 60 10
9807 8745 12 530 60 10
9808 8745 12 535 60 10
9809 8745 12 546 60 10
9810 8745 12 556 60 10
9811 8745 12 572 50 5
9812 8745 12 579 60 10
9813 8745 12 603 60 10
9814 8745 12 630 60 10
9815 8750 12 692 60 10
9816 8750 12 725 60 10
9817 8750 12 749 60 10
9818 8750 12 762 60 10
9819 8750 12 763 50 5
9820 8751 12 770 60 10
9821 8751 12 778 60 10
9822 8751 12 780 60 10
9823 8751 12 792 50 5
9824 8751 12 792 60 10
9825 8759 12 825 60 10
9826 8759 12 827 60 10
9827 8759 12 832 60 10
9828 8759 12 836 60 10
9829 8759 12 847 50 5
9830 8762 12 886 60 10
9831 8762 12 900 60 10
9832 8762 12 946 60 10
9833 8762 12 947 40 20
9834 8762 12 984 40 20
9835 8769 12 991 60 10
9836 8769 12 1039 60 10
9837 8769 12 1053 60 10
9838 8769 12 1124 60 10
9839 8769 12 1131 60 10
9840 8769 12 1143 50 5
9841 8769 12 1155 40 20
9842 8769 12 1185 40 20
9843 8769 12 1190 40 20
9844 8769 12 1193 50 5
9845 8776 12 1194 50 5
9846 8776 12 1245 60 10
9847 8776 12 1284 50 5
9848 8776 12 1305 60 10
9849 8776 12 1311 50 5
9850 8778 12 1322 50 5
9851 8778 12 1353 60 10
9852 8778 12 1375 60 10
9853 8778 12 1380 60 10
9854 8778 12 1387 50 5
9855 8783 12 1397 50 5
9856 8783 12 1460 60 10
9857 8783 12 1482 50 5
9858 8783 12 1493 60 10
9859 8783 12 1496 60 10
9860 8786 12 1497 60 10
9861 8786 12 1523 60 10
9862 8786 12 1530 60 10
9863 8786 12 1578 50 5
9864 8786 12 1582 50 5
9865 8786 12 1589 50 5
9866 8786 12 1593 60 10
9867 8786 12 1603 60 10
9868 8786 12 1625 60 10
9869 8786 12 1647 60 10
9870 8795 12 1674 60 10
9871 8795 12 1715 60 10
9872 8795 12 1739 60 10
9873 8795 12 1752 60 10
9874 8795 12 1754 40 20
9875 8797 12 1777 60 10
9876 8797 12 1787 60 10
9877 8797 12 1797 50 5
9878 8797 12 1844 60 10
9879 8797 12 1849 50 5
9880 8797 12 1854 60 10
9881 8797 12 1860 60 10
9882 8797 12 1865 60 10
9883 8797 12 1876 60 10
9884 8797 12 1931 60 10
9885 8805 12 1932 60 10
9886 8805 12 1953 40 20
9887 8805 12 1995 60 10
9888 8805 12 2025 60 10
9889 8805 12 2041 40 20
9890 8805 12 2085 60 10
9891 8805 12 2105 60 10
9892 8805 12 2121 60 10
9893 8805 12 2134 60 10
9894 8805 12 2135 40 20
9895 8809 12 2153 50 5
9896 8809 12 2180 50 5
9897 8809 12 2181 60 10
9898 8809 12 2181 40 20
9899 8809 12 2192 60 10
9900 8812 12 2219 50 5
9901 8812 12 2225 60 10
9902 8812 12 2274 60 10
9903 8812 12 2278 60 10
9904 8812 12 2285 60 10
9905 8818 12 2315 60 10
9906 8818 12 2315 60 10
9907 8818 12 2352 50 5
9908 8818 12 2365 60 10
9909 8818 12 2375 60 10
9910 8824 12 2402 60 10
9911 8824 12 2416 60 10
9912 8824 12 2428 60 10
9913 8824 12 2531 50 5
9914 8824 12 2535 60 10
9915 8828 12 2539 60 10
9916 8828 12 2549 50 5
9917 8828 12 2557 60 10
9918 8828 12 2565 40 20
9919 8828 12 2623 60 10
9920 8835 12 2633 60 10
9921 8835 12 2642 50 5
9922 8835 12 2701 50 5
9923 8835 12 2719 60 10
9924 8835 12 2738 60 10
9925 8839 12 2748 60 10
9926 8839 12 2821 60 10
9927 8839 12 2834 60 10
9928 8839 12 2888 60 10
9929 8839 12 2889 60 10
9930 8844 12 2917 60 10
9931 8844 12 2999 50 5
9932 8844 12 3000 60 10
9933 8844 12 3002 40 20
9934 8844 12 3011 60 10
9935 8853 12 3074 50 5
9936 8853 12 3077 40 20
9937 8853 12 3100 50 5
9938 8853 12 3110 50 5
9939 8853 12 3122 60 10
9940 8856 12 3146 50 5
9941 8856 12 3158 60 10
9942 8856 12 3180 60 10
9943 8856 12 3210 60 10
9944 8856 12 3234 60 10
9945 8856 12 3255 50 5
9946 8856 12 3262 40 20
9947 8856 12 3267 60 10
9948 8856 12 3311 60 10
9949 8856 12 3339 40 20
9950 8863 12 3359 60 10
9951 8863 12 3395 60 10
9952 8863 12 3437 60 10
9953 8863 12 3516 50 5
9954 8863 12 3533 60 10
9955 8864 12 3562 60 10
9956 8864 12 3587 60 10
9957 8864 12 3606 60 10
9958 8864 12 3614 60 10
9959 8864 12 3628 60 10
9960 8873 12 3639 60 10
9961 8873 12 3643 60 10
9962 8873 12 3684 50 5
9963 8873 12 3729 60 10
9964 8873 12 3739 60 10
9965 8880 12 3752 60 10
9966 8880 12 3756 60 10
9967 8880 12 3761 50 5
9968 8880 12 3765 50 5
9969 8880 12 3769 60 10
9970 8887 12 3775 60 10
9971 8887 12 3780 60 10
9972 8887 12 3794 50 5
9973 8887 12 3843 60 10
9974 8887 12 3845 60 10
9975 8894 12 3869 60 10
9976 8894 12 3944 50 5
9977 8894 12 3977 50 5
9978 8894 12 3990 60 10
9979 8894 12 4091 60 10
9980 8902 12 4150 60 10
9981 8902 12 4156 60 10
9982 8902 12 4203 60 10
9983 8902 12 4325 60 10
9984 8902 12 4333 50 5
9985 8902 12 4354 50 5
9986 8902 12 4373 60 10
9987 8902 12 4394 50 5
9988 8902 12 4401 60 10
9989 8902 12 4434 50 5
9990 8902 12 4513 50 5
9991 8902 12 4518 40 20
9992 8902 12 4537 50 5
9993 8902 12 4542 50 5
9994 8902 12 4569 40 20
9995 8911 12 4571 60 10
9996 8911 12 4596 60 10
9997 8911 12 4664 40 20
9998 8911 12 4687 60 10
9999 8911 12 4721 50 5
