0 62 25 3696 10
1 87 25 111 10
2 27 12 476 8
3 42 45 1532 12
3 55 25 2027 10
3 34 25 1244 10
3 49 25 228 10
3 26 45 1004 12
3 40 25 3529 10
3 11 25 1204 10
3 16 25 843 10
3 70 25 1499 10
3 98 25 3289 10
3 97 12 2172 8
3 28 45 3149 12
3 21 45 167 12
3 78 12 247 8
3 85 12 1955 8
3 49 12 2640 8
3 77 25 1098 10
3 36 25 1827 10
3 51 12 1685 8
3 97 25 1262 10
3 67 25 228 10
4 39 25 924 10
4 24 25 2027 10
4 61 45 1628 12
4 84 12 3664 8
4 85 25 1784 10
4 52 25 210 10
4 29 25 2212 10
4 47 25 3921 10
4 81 12 621 8
5 28 12 1069 8
5 60 25 750 10
5 58 45 2485 12
5 43 12 1434 8
5 76 12 1434 8
5 25 12 2254 8
5 99 25 2749 10
5 76 25 924 10
5 72 45 1367 12
5 56 25 2212 10
5 0 25 2749 10
5 26 45 2112 12
6 8 25 2132 10
6 66 25 1227 10
6 33 12 1481 8
6 85 25 429 10
6 20 25 2393 10
6 82 45 677 12
6 2 25 2620 10
6 45 25 14 10
6 60 25 620 10
6 89 25 2393 10
6 46 25 2269 10
6 24 25 1426 10
6 74 25 2816 10
6 97 25 3862 10
6 66 25 482 10
6 21 25 3389 10
6 22 12 1955 8
7 25 12 3198 8
7 41 12 3794 8
7 42 25 272 10
7 3 45 388 12
7 65 25 2569 10
7 8 25 1574 10
7 66 25 826 10
7 28 25 14 10
8 26 25 2778 10
9 18 45 1807 12
9 54 25 111 10
9 18 25 130 10
9 12 12 836 8
9 34 25 3979 10
9 88 12 904 8
9 19 25 2529 10
9 49 25 2529 10
9 79 25 1568 10
9 18 25 1262 10
9 0 25 1275 10
10 35 12 3760 8
10 92 25 1108 10
10 38 25 1555 10
10 57 25 1555 10
10 21 12 1490 8
10 88 25 1939 10
10 93 25 510 10
10 36 45 181 12
10 48 12 463 8
10 24 45 1366 12
10 75 25 2712 10
10 23 12 1481 8
10 98 45 181 12
11 2 45 1285 12
11 13 12 1034 8
11 35 12 173 8
11 27 12 463 8
11 98 25 1395 10
11 72 45 1806 12
11 94 12 463 8
11 56 45 2918 12
11 76 25 2186 10
11 57 25 1244 10
11 98 12 1490 8
12 25 12 1481 8
12 69 25 461 10
12 99 25 461 10
12 65 12 3376 8
13 47 12 854 8
13 58 45 1384 12
13 0 45 774 12
13 37 12 2843 8
13 54 25 2896 10
13 68 12 3822 8
13 24 25 2092 10
13 13 12 1656 8
13 75 25 92 10
13 26 25 92 10
13 32 25 92 10
13 2 45 1806 12
13 51 25 2269 10
13 76 25 2529 10
14 18 45 2070 12
14 33 45 2208 12
14 48 45 2070 12
14 46 45 3460 12
14 16 45 2070 12
14 65 25 395 10
14 87 25 395 10
14 68 12 3729 8
14 19 25 3355 10
14 1 25 3355 10
14 70 25 2712 10
14 9 12 665 8
14 39 12 449 8
14 90 25 2896 10
14 63 25 2661 10
14 66 25 2212 10
14 91 12 665 8
14 78 25 2712 10
15 2 25 1428 10
15 31 45 2444 12
15 36 45 1198 12
15 16 45 972 12
15 96 45 167 12
15 77 25 1428 10
15 4 45 1897 12
15 9 25 1428 10
15 20 12 3760 8
16 35 25 1757 10
16 93 25 2677 10
16 98 25 2677 10
16 1 12 1014 8
16 57 45 209 12
16 61 25 2675 10
16 21 12 3760 8
16 5 45 2136 12
17 84 12 1449 8
17 76 45 1444 12
17 54 12 1449 8
17 48 12 694 8
18 65 12 11 8
18 8 25 1383 10
18 22 12 1387 8
18 90 25 263 10
18 13 12 1014 8
18 69 25 3355 10
18 81 12 694 8
19 1 12 352 8
19 76 12 509 8
20 88 12 3760 8
20 69 25 1740 10
20 95 45 497 12
20 87 25 725 10
21 16 12 852 8
21 85 25 1111 10
21 66 45 1614 12
21 77 12 1044 8
21 22 12 1397 8
21 9 45 1892 12
22 70 45 525 12
22 40 25 1604 10
22 69 45 2004 12
22 79 25 1604 10
23 31 45 1808 12
23 93 45 1808 12
23 5 45 1069 12
23 4 12 61 8
24 41 12 1870 8
24 56 45 1674 12
25 72 25 29 10
25 35 25 3751 10
26 12 25 1360 10
27 9 45 603 12
27 45 25 144 10
27 30 45 1293 12
27 66 45 1981 12
27 91 25 1110 10
28 68 45 621 12
28 88 45 198 12
28 17 12 627 8
28 25 25 373 10
28 54 45 3287 12
28 82 25 2152 10
28 33 45 704 12
28 63 25 2152 10
28 9 25 538 10
28 52 25 538 10
28 74 25 14 10
28 44 12 2979 8
28 54 25 1499 10
28 68 45 704 12
29 56 25 792 10
29 98 12 1454 8
29 7 45 127 12
29 48 45 3857 12
30 32 25 2093 10
30 56 45 2633 12
30 63 25 386 10
30 53 45 2062 12
30 65 12 685 8
30 38 25 643 10
30 0 12 1342 8
30 50 45 2633 12
30 76 45 1477 12
30 96 12 423 8
30 51 25 1054 10
30 26 45 1293 12
30 10 45 1193 12
30 74 45 1 12
31 30 25 336 10
31 55 25 385 10
31 88 25 3565 10
31 54 45 3974 12
31 61 45 29 12
31 52 25 2686 10
31 16 45 1627 12
31 66 12 171 8
31 48 12 171 8
31 14 12 171 8
31 8 25 1736 10
31 55 25 2686 10
31 44 25 374 10
31 8 25 2686 10
31 33 25 2183 10
31 38 25 386 10
31 74 25 2071 10
31 15 12 3186 8
31 24 12 3464 8
31 4 45 198 12
31 42 12 685 8
31 9 25 386 10
32 88 25 2180 10
32 1 45 1059 12
32 76 12 155 8
32 25 25 1646 10
32 52 12 155 8
33 2 12 836 8
33 52 45 433 12
33 8 45 283 12
33 58 25 1258 10
34 66 12 1185 8
34 12 25 463 10
34 83 45 566 12
34 35 45 1806 12
35 35 12 1274 8
35 61 12 1274 8
35 7 25 89 10
35 90 25 89 10
35 86 45 1432 12
35 1 25 946 10
36 0 25 1900 10
36 16 12 1619 8
36 11 12 294 8
37 22 12 1637 8
37 28 45 3591 12
37 65 45 267 12
38 74 45 359 12
38 67 45 3584 12
39 40 25 1087 10
39 54 25 2090 10
39 42 25 2090 10
39 7 25 1087 10
39 75 45 3584 12
39 66 25 89 10
40 25 25 2708 10
41 61 45 3175 12
41 7 25 2169 10
41 35 45 2564 12
41 64 12 2671 8
41 21 25 3513 10
41 76 12 922 8
41 46 12 1235 8
41 89 45 2004 12
41 45 25 353 10
41 64 12 61 8
42 27 45 3547 12
42 13 25 125 10
42 2 25 2777 10
42 64 45 2540 12
42 96 25 20 10
42 55 45 566 12
42 47 45 566 12
43 61 12 3350 8
43 7 45 2106 12
43 76 25 584 10
44 54 45 2811 12
44 72 25 3146 10
44 98 25 919 10
44 12 45 3112 12
44 83 45 1578 12
44 92 25 3922 10
44 92 25 705 10
44 59 12 2115 8
45 94 45 624 12
45 44 12 294 8
45 27 25 690 10
45 15 12 2085 8
45 23 25 153 10
46 26 25 623 10
46 34 12 2085 8
46 55 25 2269 10
46 37 12 1481 8
47 19 45 3802 12
47 81 45 3802 12
47 53 25 2383 10
47 40 45 3644 12
47 86 25 1509 10
47 13 25 1509 10
47 29 25 1509 10
47 72 45 811 12
47 33 45 3802 12
47 51 25 156 10
47 32 25 1895 10
47 78 45 1353 12
47 29 12 836 8
47 46 12 1079 8
47 76 12 3770 8
48 76 12 1245 8
48 61 25 89 10
48 80 25 2383 10
49 16 25 767 10
49 66 45 3071 12
49 61 12 3262 8
49 94 25 1684 10
49 31 45 1940 12
49 36 12 1478 8
49 34 25 125 10
50 89 25 578 10
50 28 25 1378 10
51 7 45 3183 12
51 25 45 621 12
51 71 12 123 8
51 61 12 2916 8
51 98 45 621 12
52 20 25 2555 10
52 86 25 476 10
52 36 45 566 12
52 49 25 987 10
52 30 45 1120 12
52 65 45 2791 12
52 24 45 813 12
53 44 45 624 12
53 90 45 3263 12
53 75 45 167 12
53 48 12 2826 8
53 15 12 2826 8
53 22 12 2826 8
53 26 45 1380 12
53 54 25 125 10
53 53 25 1426 10
53 67 25 125 10
53 18 12 685 8
53 9 45 1897 12
54 98 12 904 8
54 93 45 2765 12
54 7 45 3967 12
54 26 25 2616 10
54 55 25 1509 10
55 77 12 2860 8
55 11 45 1380 12
55 93 45 1749 12
55 44 25 3312 10
55 5 25 1298 10
55 34 25 1426 10
55 77 12 2860 8
56 91 45 2765 12
56 89 45 2437 12
56 4 12 2554 8
57 86 25 3591 10
57 48 12 2580 8
57 7 45 2586 12
57 47 45 2586 12
58 20 25 1378 10
58 70 12 3064 8
58 11 12 942 8
58 75 45 2004 12
58 30 12 1385 8
58 53 45 2004 12
59 73 12 171 8
59 49 25 2707 10
59 15 25 1684 10
59 3 45 1940 12
59 13 25 3591 10
59 95 25 3922 10
60 5 45 2959 12
60 90 45 2959 12
60 41 45 2959 12
60 95 45 1050 12
60 94 25 1065 10
60 95 45 79 12
60 52 45 624 12
60 68 25 728 10
60 1 12 3939 8
60 49 12 3939 8
60 35 12 2670 8
60 44 25 456 10
60 39 12 3939 8
61 31 45 1076 12
61 82 12 3314 8
61 45 25 3245 10
61 99 25 908 10
61 87 25 3245 10
61 61 25 1761 10
61 72 25 807 10
61 82 12 2118 8
61 84 12 2118 8
61 95 25 2752 10
61 5 25 2393 10
61 33 25 1154 10
61 39 25 1528 10
61 84 25 1880 10
61 63 25 647 10
61 74 45 1630 12
61 91 45 2094 12
61 89 45 2586 12
61 14 25 1817 10
62 62 25 855 10
62 90 25 198 10
62 4 25 3591 10
62 56 12 876 8
62 56 45 972 12
62 41 25 1830 10
62 44 12 2921 8
62 92 45 1658 12
62 97 12 171 8
62 15 12 1525 8
62 11 25 1684 10
62 95 12 2576 8
62 78 12 171 8
62 37 25 1473 10
63 46 12 64 8
63 45 25 2708 10
63 32 12 2398 8
63 33 12 2398 8
63 74 25 1912 10
63 17 45 1852 12
63 37 45 3009 12
63 86 25 1334 10
63 89 45 2597 12
63 0 45 1852 12
63 17 12 1355 8
63 57 25 89 10
64 83 25 1684 10
64 1 25 2620 10
64 96 25 2587 10
64 58 12 700 8
64 31 25 625 10
64 61 45 98 12
65 47 12 2768 8
65 31 25 205 10
65 20 45 3450 12
65 42 25 1001 10
65 97 25 1640 10
65 66 25 2023 10
65 89 25 1730 10
65 28 25 1686 10
65 10 45 158 12
66 76 25 969 10
66 26 25 168 10
66 96 25 168 10
66 46 45 3673 12
66 98 45 2205 12
66 99 25 2838 10
66 61 25 1936 10
66 23 25 1814 10
66 22 45 3160 12
66 57 45 3160 12
66 38 12 1748 8
66 58 25 3994 10
66 48 45 1155 12
66 5 12 1748 8
66 94 25 1814 10
66 95 12 123 8
67 30 12 2358 8
67 54 25 1850 10
67 6 25 877 10
67 60 25 168 10
67 26 12 2358 8
67 40 25 1810 10
68 13 25 1925 10
68 44 45 2912 12
68 93 45 44 12
68 59 12 1637 8
68 59 45 44 12
68 68 25 1397 10
68 92 45 3297 12
68 18 25 1050 10
68 56 25 487 10
68 66 25 852 10
68 69 12 1637 8
68 43 25 2739 10
68 51 25 336 10
68 31 45 1010 12
68 57 45 827 12
68 37 25 395 10
68 32 45 827 12
68 54 25 3144 10
68 77 25 3144 10
68 88 45 2862 12
68 73 25 3328 10
69 3 45 3081 12
69 24 45 2795 12
69 97 25 3922 10
69 99 12 201 8
69 24 45 3026 12
69 40 12 1398 8
69 76 12 1637 8
69 82 25 3024 10
69 28 45 648 12
70 49 45 1902 12
70 72 45 1595 12
70 22 25 1622 10
70 29 12 1454 8
70 60 12 779 8
70 34 25 214 10
70 80 25 3264 10
70 79 12 198 8
70 51 45 3835 12
70 54 25 647 10
70 86 12 487 8
70 2 12 1454 8
70 36 12 2860 8
71 13 45 1765 12
71 95 12 3152 8
71 87 12 1717 8
71 43 45 1327 12
71 89 45 2062 12
71 38 12 3308 8
71 95 12 2674 8
71 0 45 2062 12
71 37 25 20 10
71 37 12 953 8
71 99 45 3602 12
71 66 12 1994 8
72 34 45 124 12
72 38 25 2686 10
72 14 12 2760 8
72 42 12 1356 8
72 65 12 3948 8
72 92 45 2811 12
73 19 25 1100 10
73 39 45 124 12
73 10 12 2984 8
73 62 25 3312 10
73 16 25 3514 10
73 84 45 1102 12
73 46 25 1814 10
73 19 45 1102 12
73 27 25 1093 10
73 92 25 130 10
73 14 25 1664 10
73 7 12 1881 8
73 16 45 124 12
73 74 45 124 12
73 37 25 1623 10
74 69 25 2467 10
74 26 45 1117 12
74 77 25 574 10
75 11 45 311 12
75 1 25 263 10
75 5 25 1371 10
75 21 25 263 10
75 29 25 386 10
75 15 25 1371 10
75 22 45 1150 12
76 24 45 1428 12
76 54 25 2550 10
76 74 45 124 12
76 74 45 1806 12
76 50 25 178 10
76 96 25 2739 10
76 3 25 2739 10
76 16 25 304 10
76 22 45 283 12
76 9 12 2172 8
76 11 12 1554 8
76 60 45 1198 12
76 72 45 3802 12
76 95 45 3802 12
76 0 25 2415 10
76 20 45 79 12
76 14 12 1014 8
76 91 12 171 8
76 16 25 3951 10
76 38 25 2125 10
77 99 25 336 10
77 6 12 3594 8
77 36 45 1109 12
77 95 45 185 12
78 17 45 3431 12
78 25 25 1349 10
78 44 12 616 8
78 72 45 3431 12
78 78 12 856 8
78 77 45 1463 12
78 58 25 3952 10
79 15 25 1482 10
79 0 25 1625 10
79 2 12 1716 8
79 57 25 1159 10
79 45 45 1955 12
79 50 25 1455 10
79 60 25 3704 10
79 51 45 3081 12
79 42 25 3533 10
80 22 25 815 10
80 51 12 2459 8
80 66 25 3144 10
80 43 25 3141 10
81 62 25 1254 10
81 13 12 1200 8
81 49 45 2912 12
81 84 45 3297 12
81 18 45 3297 12
81 30 25 3301 10
82 20 25 1730 10
82 10 12 3594 8
82 15 12 229 8
82 57 45 453 12
82 66 25 1634 10
82 28 25 627 10
82 93 45 1014 12
82 60 25 3312 10
82 67 45 1014 12
82 46 45 1840 12
82 47 25 729 10
83 85 45 1765 12
83 38 45 973 12
83 54 45 79 12
83 97 12 1558 8
83 23 12 806 8
83 56 25 3945 10
84 18 25 2757 10
84 81 12 3811 8
84 34 45 2309 12
84 69 12 1471 8
84 64 25 2555 10
84 17 45 229 12
84 18 25 3922 10
84 10 12 629 8
84 71 25 1562 10
84 92 25 1732 10
84 68 12 2002 8
84 50 25 3328 10
84 81 12 1525 8
84 67 25 3090 10
85 79 25 3439 10
85 47 12 3611 8
85 9 25 1880 10
85 70 45 3258 12
85 13 45 1759 12
86 7 45 126 12
86 6 45 2004 12
86 45 45 1102 12
86 99 25 151 10
87 30 12 61 8
87 2 25 1880 10
87 60 12 804 8
87 96 12 61 8
87 67 25 2234 10
87 9 12 1398 8
87 11 45 1897 12
87 15 12 1872 8
87 74 12 1872 8
87 23 45 480 12
87 47 25 3116 10
87 34 45 480 12
87 79 25 297 10
87 4 12 1437 8
88 46 12 1716 8
89 27 25 2555 10
89 1 12 1138 8
89 73 45 2309 12
89 89 25 867 10
89 15 25 2169 10
89 35 25 2996 10
89 3 45 835 12
89 11 12 2565 8
89 52 25 2169 10
89 84 25 2169 10
89 93 45 480 12
89 98 25 2169 10
89 11 12 1135 8
89 97 25 1016 10
90 80 25 328 10
90 75 12 1083 8
90 53 25 410 10
90 19 25 1504 10
90 56 25 171 10
90 95 25 800 10
90 11 12 1408 8
90 86 12 61 8
90 36 25 2583 10
90 45 25 1281 10
90 71 12 685 8
90 99 45 1052 12
90 10 25 2779 10
90 89 12 3324 8
90 39 25 2779 10
91 39 25 3533 10
91 67 25 1331 10
91 25 45 525 12
91 94 12 2826 8
91 37 45 1248 12
92 31 12 2432 8
92 7 45 1630 12
92 31 12 771 8
92 67 12 1116 8
93 80 45 1432 12
93 84 45 1990 12
93 69 12 3299 8
93 57 12 2745 8
93 33 25 2023 10
93 14 12 863 8
93 3 25 3533 10
93 80 45 3602 12
94 44 25 1940 10
94 12 45 774 12
94 77 45 1004 12
95 17 45 2264 12
95 90 25 3395 10
95 71 45 2971 12
95 71 25 2398 10
95 80 25 1817 10
95 48 25 3533 10
96 82 25 2781 10
96 24 12 1611 8
96 87 12 2828 8
96 31 12 1829 8
96 98 12 1408 8
96 4 25 1203 10
97 88 12 3045 8
97 94 25 1203 10
97 91 45 261 12
97 34 12 2674 8
97 50 12 1713 8
97 23 25 1664 10
97 87 25 1349 10
97 68 45 320 12
97 97 12 61 8
97 41 12 61 8
97 83 25 3144 10
98 44 25 1875 10
98 90 45 2106 12
98 29 12 1408 8
98 24 12 801 8
98 0 25 252 10
99 90 25 3934 10
99 16 25 2027 10
99 41 12 3644 8
100 65 12 1276 8
100 7 25 1944 10
100 85 45 3810 12
100 62 45 64 12
100 18 45 655 12
100 94 45 286 12
100 29 12 2814 8
100 20 25 1214 10
100 88 45 213 12
101 47 12 90 8
101 87 12 2008 8
101 23 12 69 8
101 36 12 2008 8
101 22 12 69 8
101 56 12 69 8
101 65 12 90 8
101 9 12 1481 8
101 92 45 1906 12
102 77 45 1575 12
102 2 25 1604 10
102 6 12 61 8
102 7 45 1929 12
102 94 25 2818 10
102 67 25 1170 10
103 43 45 1370 12
103 64 45 1370 12
103 65 45 2106 12
103 12 45 132 12
103 27 45 3727 12
103 7 45 225 12
103 63 12 401 8
103 42 25 969 10
103 79 45 648 12
103 32 12 3515 8
103 86 25 1845 10
103 21 25 3658 10
104 84 12 1959 8
104 90 45 3336 12
104 67 45 1004 12
104 48 45 739 12
104 29 45 1432 12
105 52 25 56 10
105 35 25 2852 10
105 85 12 1149 8
105 96 25 1087 10
105 73 25 3355 10
105 18 12 195 8
105 76 12 3916 8
105 4 45 1899 12
106 6 45 2586 12
106 59 25 1495 10
106 78 25 269 10
106 38 12 2611 8
106 69 45 1939 12
107 56 25 816 10
107 59 25 969 10
107 0 45 3753 12
107 73 25 1395 10
107 64 12 1453 8
107 9 25 574 10
107 16 25 1646 10
107 66 25 2998 10
108 12 25 2883 10
108 52 45 1363 12
108 7 12 801 8
108 65 25 1397 10
108 42 45 3727 12
108 6 25 504 10
109 15 45 928 12
109 46 45 1342 12
109 33 25 504 10
109 31 45 921 12
109 30 45 1211 12
109 46 12 63 8
110 37 45 355 12
110 22 12 3905 8
110 63 12 908 8
110 73 12 3426 8
110 97 25 881 10
110 35 12 1574 8
110 44 12 668 8
110 59 45 2807 12
110 48 12 697 8
110 21 12 11 8
111 29 45 1116 12
111 55 45 355 12
111 17 12 1607 8
111 5 25 3296 10
111 60 25 1638 10
111 84 25 3355 10
111 15 25 3355 10
111 61 12 1397 8
111 25 12 1777 8
111 9 45 3700 12
111 7 12 2496 8
111 97 25 677 10
111 26 25 969 10
111 74 12 1246 8
112 93 25 1850 10
112 56 12 981 8
112 51 12 1397 8
112 96 12 1397 8
112 32 25 3296 10
113 76 12 3592 8
113 83 12 3888 8
113 37 12 649 8
113 67 12 745 8
113 63 25 2781 10
114 25 45 2854 12
114 7 25 1668 10
114 63 25 3397 10
114 35 45 3197 12
114 85 45 1931 12
114 3 12 501 8
114 42 45 289 12
114 96 12 2056 8
115 27 12 3415 8
115 58 12 1826 8
115 52 12 3905 8
115 0 25 640 10
115 11 25 1069 10
115 71 12 645 8
115 63 25 3241 10
115 4 12 1499 8
115 52 12 645 8
115 79 25 3979 10
116 97 12 1317 8
116 33 12 3285 8
116 70 12 1916 8
116 50 45 429 12
116 65 45 789 12
117 76 25 841 10
117 3 25 248 10
117 7 12 3204 8
117 63 45 1627 12
117 86 12 3820 8
117 33 25 684 10
117 95 45 2903 12
117 29 25 1082 10
117 63 25 1684 10
117 47 25 2291 10
117 74 25 2972 10
118 82 45 3417 12
118 6 45 3417 12
118 87 45 1672 12
118 38 25 3520 10
118 57 25 1712 10
118 37 45 2601 12
118 77 12 1019 8
118 42 12 899 8
118 94 25 1214 10
118 41 45 1379 12
118 29 12 1163 8
119 49 25 625 10
119 65 25 1374 10
119 47 12 1884 8
119 75 45 454 12
119 21 25 1082 10
119 27 45 321 12
119 16 25 763 10
119 4 12 1163 8
119 36 45 340 12
119 54 25 2869 10
120 88 25 453 10
120 46 45 212 12
120 20 25 2795 10
120 54 12 1210 8
120 89 25 2795 10
120 13 12 1990 8
120 95 45 624 12
120 5 25 1405 10
121 37 45 1921 12
121 79 45 1687 12
121 76 12 3611 8
121 92 45 3657 12
121 70 45 2794 12
121 68 25 269 10
121 18 25 1554 10
121 45 45 28 12
122 90 45 85 12
122 12 25 1190 10
122 15 12 3560 8
122 96 45 2654 12
122 73 45 2649 12
122 44 25 1102 10
123 31 45 1990 12
123 97 12 1499 8
123 85 12 801 8
123 90 45 2323 12
123 17 12 2868 8
123 84 25 29 10
124 67 12 1454 8
124 39 12 801 8
124 27 25 2846 10
124 8 12 1454 8
124 69 25 3102 10
124 17 12 2910 8
124 14 25 3533 10
124 23 25 3797 10
124 45 12 685 8
124 82 25 3193 10
125 84 25 2948 10
125 91 25 1684 10
125 23 45 2946 12
125 58 25 2948 10
125 98 12 645 8
125 23 45 834 12
125 16 25 3514 10
125 40 25 1093 10
125 55 25 2320 10
126 64 45 984 12
126 15 25 463 10
126 78 45 984 12
126 96 45 1243 12
126 68 25 875 10
126 14 45 1380 12
126 15 45 1199 12
126 88 45 1199 12
126 57 45 3578 12
126 62 12 777 8
126 57 45 1339 12
126 10 45 181 12
126 60 45 181 12
126 30 45 1640 12
126 18 12 777 8
126 70 45 1640 12
126 74 12 2976 8
127 11 25 1907 10
127 49 25 1180 10
127 68 12 899 8
127 1 12 1515 8
127 70 12 161 8
127 61 12 161 8
127 57 12 1454 8
128 88 12 1377 8
128 84 45 2564 12
129 86 45 3828 12
129 18 45 171 12
129 17 45 3828 12
129 37 25 1810 10
129 57 45 3828 12
129 48 12 1908 8
129 29 45 1466 12
130 73 45 729 12
130 65 25 814 10
130 66 25 1513 10
131 49 25 1679 10
131 38 25 520 10
132 48 25 2707 10
132 23 25 2847 10
132 92 25 2707 10
132 87 25 690 10
133 86 12 1952 8
133 59 12 2037 8
133 51 45 79 12
133 48 12 1163 8
133 38 12 892 8
133 86 25 1448 10
134 2 45 906 12
134 29 25 2595 10
134 84 45 906 12
134 54 25 2515 10
134 39 12 3983 8
134 23 12 970 8
134 72 45 405 12
135 88 25 1574 10
135 5 25 762 10
135 98 45 3450 12
135 77 12 2011 8
136 22 45 1990 12
136 81 12 1717 8
136 9 12 877 8
136 19 12 1717 8
136 92 45 2947 12
137 38 12 877 8
137 85 25 705 10
137 55 45 3627 12
137 80 25 387 10
137 55 45 56 12
137 20 12 1705 8
137 72 45 2091 12
138 97 45 1903 12
138 93 12 1873 8
138 50 45 1850 12
138 60 25 1448 10
138 74 25 2589 10
138 62 12 3323 8
138 14 45 656 12
138 2 12 1134 8
138 12 45 1663 12
138 24 25 1448 10
138 17 45 1613 12
139 22 25 3029 10
139 97 25 1629 10
139 6 45 2854 12
139 14 12 2915 8
139 15 12 678 8
140 24 12 1811 8
140 66 25 1404 10
140 26 12 755 8
140 91 45 3727 12
140 16 45 1921 12
140 2 25 656 10
140 83 12 930 8
140 72 25 1395 10
140 24 45 2882 12
140 12 45 984 12
140 42 45 906 12
141 39 25 3529 10
141 33 25 656 10
141 33 25 1001 10
141 89 45 2882 12
142 53 45 1672 12
142 80 12 1454 8
142 24 25 3788 10
143 9 45 2664 12
143 58 45 3271 12
143 51 45 1821 12
143 91 25 743 10
143 93 45 1130 12
144 9 25 81 10
144 37 25 1882 10
144 78 25 1257 10
144 46 25 3922 10
144 63 25 1650 10
144 78 25 3835 10
144 53 12 1246 8
144 34 25 2661 10
145 58 25 2027 10
145 90 25 2027 10
145 78 25 2027 10
145 74 25 2027 10
145 50 25 3951 10
145 78 25 1941 10
145 8 12 1297 8
146 66 25 3529 10
146 86 45 1198 12
146 74 25 3529 10
146 88 45 1892 12
146 11 45 1774 12
146 82 25 2795 10
146 1 45 1774 12
146 26 12 1179 8
147 16 12 1454 8
147 27 45 2004 12
147 2 45 1419 12
148 39 12 931 8
148 57 12 71 8
148 48 12 931 8
149 58 25 1360 10
149 32 25 3015 10
149 21 25 3652 10
149 82 45 3050 12
149 67 45 1607 12
149 23 45 3050 12
149 20 12 2193 8
149 68 25 540 10
149 33 12 1916 8
150 41 25 1310 10
150 5 25 1310 10
150 18 25 1934 10
150 77 45 1581 12
151 19 45 1774 12
151 34 12 2640 8
151 42 12 2791 8
151 97 12 88 8
151 77 12 2655 8
151 45 25 1814 10
151 78 25 157 10
151 95 25 3900 10
151 41 45 2557 12
151 38 12 3350 8
152 81 45 1581 12
152 49 45 200 12
153 40 25 3710 10
153 22 25 426 10
153 67 45 1306 12
153 95 45 1306 12
154 44 25 3296 10
154 3 12 1916 8
155 0 12 2860 8
155 63 25 647 10
155 71 12 1861 8
155 10 12 1861 8
156 29 12 1246 8
156 84 25 1831 10
156 19 45 3031 12
156 69 25 1839 10
156 21 25 579 10
156 56 45 3050 12
157 66 12 847 8
157 40 12 1637 8
157 24 12 1481 8
157 59 25 1517 10
158 61 25 1568 10
158 7 45 3657 12
158 82 45 3031 12
158 33 45 2912 12
158 26 45 3271 12
159 36 25 252 10
159 25 45 1939 12
159 35 45 3770 12
159 88 12 1507 8
160 60 25 1156 10
160 29 45 1607 12
160 61 25 2945 10
160 23 45 2189 12
160 7 25 240 10
160 46 25 2560 10
160 2 45 825 12
161 61 25 1300 10
161 63 12 2614 8
161 15 12 3684 8
162 5 25 957 10
162 47 12 1454 8
162 4 12 904 8
163 44 12 1922 8
163 60 25 3704 10
163 43 45 1307 12
163 22 25 2762 10
163 57 25 1321 10
163 46 25 2762 10
164 37 45 1399 12
164 90 45 1607 12
164 56 25 11 10
164 27 25 997 10
164 7 25 3704 10
164 57 25 11 10
164 83 12 1916 8
164 51 45 1787 12
165 31 25 602 10
165 53 12 1224 8
165 64 12 1224 8
165 99 12 1811 8
165 82 45 1161 12
165 74 25 2902 10
165 1 45 2004 12
165 10 25 2234 10
165 17 45 1052 12
165 91 25 443 10
165 21 25 443 10
165 63 25 3533 10
165 45 25 602 10
165 34 25 602 10
165 90 25 602 10
165 53 45 1052 12
166 1 25 2589 10
166 4 12 1024 8
166 73 25 3850 10
166 50 12 1024 8
166 13 12 3006 8
166 7 45 1161 12
166 16 45 1100 12
166 65 45 1524 12
166 0 25 1943 10
166 11 45 1245 12
166 27 25 3973 10
167 31 12 1427 8
167 18 25 352 10
167 39 45 1607 12
167 90 25 1462 10
167 94 25 574 10
168 86 12 3176 8
168 78 25 1939 10
168 44 25 1798 10
168 44 12 2764 8
168 2 25 1443 10
168 66 45 1161 12
168 5 45 2004 12
169 39 45 1607 12
169 35 45 1607 12
169 22 25 2629 10
169 98 25 1574 10
169 48 25 371 10
169 19 45 1607 12
169 25 25 2476 10
169 40 25 2629 10
169 57 25 2260 10
170 35 45 696 12
170 87 12 997 8
170 38 45 220 12
170 79 25 2957 10
170 21 25 2957 10
171 3 12 486 8
171 80 12 303 8
171 92 45 289 12
171 28 25 161 10
171 75 12 824 8
171 41 25 371 10
171 31 25 487 10
171 50 12 904 8
172 93 45 3084 12
172 19 45 1161 12
172 29 25 1578 10
172 42 12 2768 8
172 44 25 2625 10
172 61 12 797 8
172 77 25 574 10
172 1 25 1563 10
172 28 12 904 8
172 16 25 2957 10
172 62 25 1578 10
172 37 25 574 10
173 52 25 1563 10
173 46 45 1353 12
173 55 12 2622 8
173 85 45 357 12
173 44 12 3918 8
174 22 25 1673 10
174 21 25 1954 10
174 65 25 210 10
175 48 25 252 10
175 14 12 2652 8
175 27 45 2371 12
175 90 45 2682 12
175 45 12 960 8
175 90 25 1941 10
176 33 25 1156 10
176 60 25 1228 10
176 62 25 2883 10
176 86 12 435 8
176 57 12 435 8
176 18 12 1913 8
176 73 25 3617 10
176 39 25 1338 10
176 44 25 941 10
176 37 25 2248 10
176 47 45 2371 12
177 18 25 3566 10
177 94 12 3395 8
177 64 25 3668 10
177 96 45 3819 12
177 8 12 997 8
178 48 45 1004 12
178 3 12 1875 8
178 76 25 2648 10
178 18 12 1515 8
178 80 12 118 8
178 35 25 150 10
178 22 45 418 12
178 59 12 2358 8
178 82 12 118 8
178 25 25 3529 10
178 41 12 2597 8
178 99 45 252 12
179 86 25 1940 10
179 23 12 3374 8
179 1 12 1711 8
179 34 12 904 8
179 5 12 2990 8
179 46 12 3986 8
180 4 25 1069 10
180 30 25 1462 10
180 78 45 2887 12
180 58 25 636 10
180 97 45 527 12
180 69 12 627 8
180 30 25 1069 10
180 69 12 2398 8
180 4 45 2923 12
180 39 25 1496 10
180 5 25 1589 10
180 59 25 515 10
180 20 25 1949 10
180 92 25 208 10
180 16 45 1936 12
180 42 12 627 8
180 39 12 513 8
181 85 25 515 10
181 32 25 515 10
181 57 45 1759 12
181 18 25 1789 10
181 53 12 2496 8
181 1 12 1314 8
181 94 45 899 12
181 96 25 63 10
181 95 12 164 8
182 62 45 3867 12
182 34 45 2958 12
182 17 25 1090 10
182 82 45 1892 12
182 77 25 515 10
183 75 45 1384 12
183 13 12 499 8
183 96 12 2868 8
184 44 12 2806 8
184 68 25 3794 10
184 13 12 2806 8
184 96 12 3983 8
184 52 45 2388 12
184 19 25 1267 10
184 47 25 540 10
184 78 25 1970 10
184 91 45 840 12
185 33 12 466 8
185 86 25 295 10
185 27 25 1945 10
185 82 25 511 10
185 39 25 3479 10
186 34 12 2525 8
186 46 12 2525 8
186 90 45 1005 12
186 69 12 2580 8
186 69 25 572 10
186 0 45 973 12
186 96 25 3209 10
186 8 25 2714 10
186 86 25 2714 10
186 47 25 515 10
186 5 12 3644 8
186 69 25 1058 10
186 65 12 3820 8
186 73 12 2580 8
186 95 45 3019 12
186 26 45 3019 12
186 33 12 904 8
186 63 25 2436 10
186 59 25 534 10
187 74 12 2185 8
187 27 25 3292 10
187 30 45 3009 12
187 44 45 1613 12
187 70 45 2206 12
188 53 45 1990 12
188 37 25 3397 10
188 84 25 2333 10
188 30 12 69 8
188 76 45 2456 12
188 71 25 595 10
188 31 25 595 10
188 88 25 3397 10
188 5 25 3947 10
188 98 45 1990 12
188 71 45 1990 12
188 28 25 1256 10
188 30 45 1990 12
188 79 45 1990 12
188 34 25 1256 10
188 56 45 2534 12
188 77 25 1684 10
188 34 45 1990 12
189 63 25 757 10
189 81 25 1531 10
189 10 12 1815 8
189 58 25 3442 10
189 55 45 848 12
189 12 25 2439 10
189 3 12 824 8
190 29 25 2847 10
190 60 45 790 12
190 53 25 598 10
190 27 25 3395 10
190 99 25 2478 10
190 20 25 1200 10
190 96 25 3209 10
190 63 25 2847 10
190 20 45 1764 12
190 4 25 2125 10
191 32 12 3989 8
191 21 25 2169 10
191 53 25 447 10
191 50 45 1346 12
191 46 25 1082 10
191 22 12 1916 8
191 44 45 1903 12
191 61 25 1482 10
192 3 12 411 8
192 90 25 1462 10
192 3 45 5 12
192 30 12 499 8
192 2 12 1274 8
192 72 45 1851 12
192 15 45 752 12
192 16 12 1259 8
192 88 25 1082 10
192 18 25 3451 10
193 19 25 1284 10
193 33 45 5 12
193 85 45 320 12
193 90 45 5 12
193 52 45 5 12
193 96 12 1314 8
193 46 45 2194 12
193 20 45 2077 12
193 31 45 1965 12
193 54 45 3031 12
193 81 12 234 8
193 63 45 1784 12
194 46 45 5 12
194 9 45 3071 12
194 7 12 1589 8
194 31 12 1648 8
194 11 25 1044 10
194 3 25 714 10
194 38 12 3748 8
194 83 12 3191 8
194 23 45 5 12
195 46 45 5 12
195 17 12 3649 8
195 64 45 1781 12
195 38 25 2125 10
195 62 45 1403 12
195 78 25 252 10
195 7 12 1481 8
195 49 45 2136 12
195 87 45 712 12
195 76 12 824 8
196 30 45 3727 12
196 82 12 27 8
196 44 45 2923 12
196 78 25 2436 10
196 15 12 1163 8
196 79 25 719 10
196 14 12 1716 8
196 79 45 2183 12
196 69 25 2023 10
196 6 45 2183 12
196 70 25 318 10
196 13 12 118 8
196 95 45 1780 12
196 49 25 3798 10
196 85 45 267 12
196 46 12 1004 8
196 26 25 3529 10
196 3 45 1306 12
196 45 45 1939 12
196 10 25 2778 10
196 17 25 2023 10
196 30 45 3020 12
196 80 25 3798 10
196 58 12 118 8
197 40 25 511 10
197 64 25 320 10
197 68 25 2799 10
197 59 12 1024 8
197 95 25 1412 10
197 41 12 1466 8
197 65 25 3491 10
197 72 25 1539 10
197 91 12 902 8
197 27 25 515 10
197 58 25 1718 10
197 47 12 1466 8
197 45 12 583 8
197 36 45 1446 12
197 15 12 486 8
197 5 25 3604 10
198 51 25 599 10
198 43 12 339 8
198 27 25 205 10
198 33 25 2923 10
198 46 25 3306 10
198 6 45 25 12
198 30 25 3306 10
198 19 25 1360 10
198 10 25 3306 10
198 41 25 828 10
199 38 25 1033 10
199 78 25 475 10
199 51 25 831 10
199 26 25 297 10
199 7 12 2410 8
199 38 12 1815 8
199 3 45 2417 12
199 78 45 848 12
199 63 12 1024 8
199 31 12 704 8
199 30 12 704 8
200 88 25 1203 10
200 69 25 3356 10
200 16 25 3356 10
200 80 25 1574 10
200 16 12 158 8
200 99 12 69 8
200 12 25 288 10
200 68 12 229 8
200 89 25 127 10
200 83 12 1722 8
200 44 25 475 10
200 19 25 2037 10
200 9 25 123 10
200 44 45 2875 12
200 57 25 2037 10
200 89 25 123 10
200 29 25 1845 10
200 66 25 1840 10
200 78 45 1014 12
200 78 12 1766 8
200 23 25 1810 10
200 35 45 2564 12
200 45 25 709 10
200 47 12 352 8
200 22 12 3358 8
200 16 25 3382 10
200 58 25 2615 10
200 84 12 71 8
200 84 45 2094 12
200 78 25 1566 10
201 77 12 297 8
201 6 12 327 8
201 54 45 479 12
201 74 45 3810 12
201 98 45 479 12
201 30 25 2781 10
201 74 45 167 12
201 50 45 2807 12
201 28 45 3570 12
201 13 45 2602 12
201 46 45 1990 12
201 68 45 989 12
201 50 25 1072 10
201 3 25 153 10
201 0 12 2814 8
201 92 25 1597 10
201 87 45 2958 12
201 45 25 1111 10
201 4 25 1374 10
201 80 12 785 8
201 65 45 3343 12
202 28 25 709 10
202 4 25 2942 10
202 99 45 2844 12
202 85 45 2844 12
202 82 45 1623 12
202 64 12 2121 8
202 78 12 1251 8
202 92 12 629 8
202 23 12 2768 8
202 78 12 540 8
202 20 45 3753 12
202 85 25 1993 10
202 50 45 3865 12
202 72 45 2180 12
202 97 12 2525 8
203 3 25 1912 10
203 97 25 2739 10
203 31 12 3464 8
203 46 25 1705 10
203 74 45 2496 12
203 65 25 3520 10
203 46 25 515 10
203 79 12 904 8
203 15 12 3006 8
203 19 12 3141 8
203 60 45 1749 12
203 53 25 3060 10
203 59 12 2458 8
203 73 12 2458 8
203 39 45 2971 12
203 42 25 1919 10
203 66 25 1919 10
203 50 25 1673 10
203 76 25 81 10
203 1 25 204 10
203 17 25 806 10
203 91 25 1110 10
203 48 45 1124 12
203 91 25 1449 10
203 38 25 484 10
203 19 25 1449 10
203 74 45 1903 12
204 86 12 1761 8
204 9 25 395 10
204 45 25 220 10
204 78 45 860 12
204 58 12 1382 8
204 46 45 2449 12
204 23 12 755 8
204 54 25 1059 10
204 83 12 1428 8
204 45 25 1360 10
204 29 45 2197 12
204 3 25 1310 10
204 84 45 118 12
204 41 45 118 12
204 21 25 1919 10
204 44 25 3553 10
204 44 25 1991 10
204 49 25 178 10
204 60 25 1805 10
204 0 12 1141 8
204 21 45 2197 12
204 44 45 2115 12
204 34 12 1772 8
204 32 45 1981 12
204 53 45 1477 12
204 29 25 2707 10
205 91 25 2246 10
205 4 45 82 12
205 16 25 2129 10
205 6 25 2355 10
205 12 12 1918 8
205 52 12 1918 8
205 43 12 934 8
205 9 12 934 8
205 66 45 1109 12
205 59 12 2712 8
205 92 45 1890 12
205 74 25 2619 10
205 12 25 285 10
205 83 25 285 10
205 28 12 449 8
205 34 25 29 10
205 95 12 294 8
205 21 45 82 12
205 34 12 69 8
206 72 12 411 8
206 10 45 3145 12
206 29 25 593 10
206 56 25 920 10
206 1 25 1267 10
206 33 12 2826 8
206 82 45 60 12
206 83 12 3644 8
207 46 45 124 12
207 0 45 1193 12
207 85 25 386 10
207 27 25 1739 10
207 89 12 3045 8
207 58 12 1414 8
207 46 12 1797 8
207 56 25 1556 10
207 72 45 1536 12
207 65 45 1944 12
207 83 25 2739 10
207 40 25 2090 10
207 41 45 1944 12
207 73 25 2090 10
207 54 25 86 10
207 92 12 396 8
207 16 12 1099 8
207 27 45 2417 12
207 85 25 1113 10
207 75 45 2449 12
208 16 45 1480 12
208 93 12 1139 8
208 90 12 1313 8
208 55 12 2293 8
208 58 45 1990 12
208 50 12 1885 8
208 64 12 1645 8
208 42 12 1645 8
208 42 12 1645 8
208 56 12 1645 8
208 98 45 904 12
208 86 12 476 8
208 18 12 476 8
208 30 12 931 8
208 54 45 2971 12
208 9 12 3760 8
208 32 45 1731 12
208 95 45 921 12
208 89 45 2600 12
208 83 12 2640 8
208 98 25 1840 10
208 45 25 1566 10
208 20 25 2552 10
208 46 25 2552 10
208 17 12 3906 8
208 5 25 246 10
208 76 25 1584 10
209 13 12 1224 8
209 77 25 781 10
209 36 45 1129 12
209 63 45 911 12
209 8 12 1224 8
209 20 25 2882 10
209 18 25 2882 10
209 86 25 3292 10
209 53 45 2457 12
209 92 45 1179 12
209 80 45 1179 12
209 69 25 1144 10
209 32 45 2004 12
209 30 12 1648 8
209 86 45 2457 12
209 58 45 2004 12
209 32 45 614 12
209 69 25 1840 10
210 25 45 2449 12
210 37 25 1319 10
210 78 45 1367 12
210 2 12 745 8
210 66 12 2118 8
210 34 45 3744 12
210 42 12 1355 8
210 79 12 1558 8
210 25 25 198 10
210 68 45 2036 12
210 73 12 1454 8
210 39 12 997 8
210 98 25 1490 10
210 45 45 2036 12
210 53 25 1168 10
210 1 45 212 12
210 36 45 1715 12
210 68 45 212 12
210 43 25 2766 10
210 79 25 1920 10
210 22 12 1355 8
210 86 45 210 12
211 39 45 2402 12
211 82 25 2169 10
211 4 25 2169 10
211 2 45 47 12
211 64 12 904 8
211 55 45 2402 12
211 64 12 952 8
211 3 45 1389 12
211 23 25 1055 10
211 47 12 2230 8
211 56 25 1181 10
211 44 12 1130 8
211 43 25 1181 10
211 26 45 64 12
211 8 25 240 10
211 70 25 1055 10
211 10 25 1673 10
211 99 12 3323 8
212 69 12 722 8
212 32 45 1403 12
212 4 45 1108 12
212 8 45 791 12
212 78 12 831 8
212 93 45 1682 12
212 40 12 831 8
212 72 45 601 12
212 17 45 323 12
212 31 12 1736 8
212 84 45 3120 12
212 66 45 791 12
212 66 25 1360 10
212 20 25 197 10
212 1 25 3578 10
212 66 45 2062 12
212 81 25 1998 10
213 3 45 1793 12
213 93 45 2853 12
213 25 45 1349 12
213 80 25 2131 10
213 40 25 1275 10
213 56 25 1275 10
213 40 25 1781 10
213 76 12 3464 8
213 72 12 3464 8
213 96 25 2871 10
213 44 45 1614 12
213 61 45 3828 12
213 4 12 3206 8
214 85 25 3923 10
214 77 45 1328 12
214 9 45 486 12
214 2 25 1133 10
214 10 25 2833 10
214 93 25 1769 10
214 94 25 2103 10
214 47 25 1113 10
214 9 25 2103 10
214 42 25 3229 10
214 33 12 908 8
214 66 45 677 12
214 4 45 486 12
214 93 12 908 8
214 94 25 2629 10
214 8 45 486 12
214 43 45 340 12
214 99 45 1990 12
214 48 45 1781 12
214 0 25 406 10
215 17 25 3451 10
215 14 25 1534 10
215 51 25 2103 10
215 57 25 967 10
215 35 25 764 10
215 35 12 1454 8
215 22 12 3978 8
215 51 25 1345 10
215 80 45 503 12
215 74 45 1522 12
215 82 45 2852 12
215 9 25 764 10
215 46 45 1495 12
215 67 45 503 12
215 50 25 2531 10
215 56 45 503 12
215 27 25 3451 10
215 36 25 1056 10
216 69 12 2005 8
216 68 25 321 10
216 63 45 3519 12
216 52 12 1462 8
216 52 25 20 10
216 10 45 2378 12
216 94 12 2353 8
216 49 25 2169 10
216 61 25 20 10
216 7 25 54 10
216 22 12 942 8
216 33 25 1664 10
217 92 25 1165 10
217 10 12 1619 8
217 94 25 1350 10
217 98 25 932 10
217 89 12 678 8
217 38 12 171 8
217 62 12 1580 8
217 56 12 2259 8
217 30 12 1580 8
217 84 12 1619 8
217 43 45 1696 12
217 47 25 1664 10
217 47 25 1882 10
217 5 25 1501 10
217 15 25 932 10
217 63 25 1210 10
218 55 25 2169 10
218 78 25 3973 10
218 76 25 2169 10
218 33 25 1050 10
218 12 25 2523 10
218 15 45 717 12
218 60 12 611 8
218 94 12 432 8
218 81 12 1246 8
218 51 45 233 12
218 97 45 233 12
219 42 25 511 10
219 47 25 511 10
219 73 45 2309 12
219 73 25 2062 10
219 67 25 1308 10
219 87 25 1395 10
219 0 25 511 10
219 79 12 1099 8
220 11 12 1688 8
220 65 12 3448 8
220 1 45 2158 12
220 48 45 990 12
220 46 25 2616 10
220 4 25 1349 10
220 18 45 2062 12
220 12 45 1703 12
220 49 45 1848 12
220 76 25 1449 10
220 32 45 1703 12
220 47 25 2125 10
220 72 25 1449 10
220 28 25 3578 10
220 80 25 1637 10
220 11 45 3031 12
220 48 25 2749 10
220 42 45 1428 12
220 85 45 1703 12
220 72 12 173 8
220 94 45 3031 12
220 91 12 1841 8
220 42 12 3448 8
221 65 12 881 8
221 30 12 7 8
221 17 25 1455 10
221 67 25 623 10
221 11 25 352 10
221 48 25 3578 10
221 28 45 3865 12
221 21 45 425 12
221 74 25 263 10
221 6 45 1028 12
221 1 12 1736 8
221 28 12 2700 8
221 0 45 429 12
221 83 12 223 8
221 48 45 1594 12
221 11 12 7 8
221 32 45 3865 12
222 72 45 398 12
222 88 45 398 12
222 2 25 581 10
222 26 12 52 8
222 26 25 2311 10
222 78 12 71 8
222 88 45 2852 12
222 0 25 3893 10
222 96 12 52 8
222 69 12 1330 8
222 88 25 2911 10
222 95 45 1652 12
222 79 12 2835 8
222 65 25 3893 10
222 45 45 398 12
222 42 45 1591 12
222 39 25 1864 10
222 98 25 1864 10
222 25 25 2560 10
222 36 12 2921 8
222 98 45 214 12
222 75 25 2269 10
222 99 25 1686 10
223 60 45 3450 12
223 85 45 2602 12
223 33 12 3552 8
223 81 12 13 8
223 11 45 1306 12
223 45 45 1990 12
223 96 12 1047 8
223 40 45 1402 12
223 27 25 1566 10
223 76 12 450 8
223 78 12 1047 8
223 13 25 200 10
223 5 25 1581 10
223 47 12 450 8
223 60 25 695 10
223 15 45 1134 12
223 13 25 1581 10
223 93 12 1812 8
223 54 25 2762 10
223 75 12 450 8
223 79 12 622 8
224 60 45 846 12
224 16 25 1482 10
224 48 12 1357 8
224 52 45 976 12
224 96 45 1402 12
224 16 25 1482 10
224 3 12 1418 8
224 32 12 2496 8
225 89 25 3241 10
225 14 25 515 10
225 16 12 2106 8
225 28 25 2076 10
225 46 25 1033 10
225 28 25 2303 10
225 86 25 3292 10
225 63 25 3292 10
226 86 12 3663 8
226 16 25 109 10
226 25 45 1630 12
226 44 12 645 8
226 21 25 1583 10
226 36 45 484 12
226 56 12 2851 8
226 97 45 3297 12
227 92 25 2749 10
227 99 25 1806 10
227 30 12 57 8
227 80 12 57 8
227 54 12 847 8
227 27 45 1877 12
227 7 12 2085 8
227 67 45 1108 12
227 10 45 1108 12
227 48 45 1246 12
227 62 25 1806 10
228 39 12 509 8
228 37 25 3745 10
228 69 45 1787 12
228 90 12 2445 8
228 24 25 1482 10
228 9 25 1924 10
228 75 25 461 10
228 41 45 1353 12
229 24 12 1386 8
229 58 45 2729 12
229 53 25 1927 10
229 0 45 906 12
229 25 12 3203 8
229 9 12 3978 8
229 79 12 1081 8
229 93 45 1108 12
229 92 12 50 8
229 43 25 1927 10
229 43 25 1924 10
229 94 25 1927 10
230 4 25 581 10
230 17 25 371 10
230 69 25 1062 10
230 95 25 371 10
230 50 25 1062 10
230 41 12 1452 8
230 15 25 371 10
230 2 25 1793 10
230 97 45 968 12
230 55 45 1052 12
231 0 25 2217 10
231 12 25 3264 10
231 91 45 344 12
231 49 45 1824 12
231 86 45 1783 12
231 40 45 664 12
231 0 25 1864 10
231 91 45 2834 12
231 71 12 908 8
231 79 12 1623 8
231 90 25 1864 10
231 37 25 581 10
231 24 45 1759 12
231 98 25 1270 10
232 52 12 444 8
232 6 25 1499 10
232 86 12 3560 8
232 81 25 1924 10
232 69 25 1864 10
232 36 25 1596 10
232 90 25 14 10
232 72 25 2439 10
232 80 25 3209 10
232 9 45 1349 12
232 49 12 3694 8
232 48 45 1344 12
232 62 45 3180 12
232 66 45 1344 12
232 38 12 2189 8
233 37 25 1817 10
233 20 25 2023 10
233 42 45 2746 12
233 78 25 1850 10
233 52 25 3662 10
233 51 25 1850 10
233 43 25 2648 10
233 18 45 3819 12
233 42 25 831 10
233 18 25 1282 10
234 26 45 1703 12
234 25 12 1714 8
234 18 12 788 8
234 68 45 1703 12
234 53 45 3753 12
234 71 12 1705 8
235 58 12 283 8
235 34 45 216 12
235 61 25 1128 10
235 32 25 2272 10
235 64 12 1099 8
235 37 25 1880 10
235 35 25 414 10
235 9 45 1505 12
235 31 45 1256 12
235 0 25 1741 10
235 50 25 371 10
235 87 25 1200 10
235 61 45 371 12
235 34 12 283 8
236 38 25 3114 10
236 60 25 3553 10
236 0 25 3553 10
236 54 25 822 10
236 36 25 3553 10
236 75 45 3084 12
236 52 25 1471 10
237 90 12 777 8
237 70 25 1455 10
237 36 25 590 10
237 93 25 1455 10
237 74 25 1535 10
237 17 25 957 10
237 59 25 1864 10
237 44 25 590 10
237 20 45 2239 12
237 70 25 858 10
237 70 12 3978 8
237 40 25 2572 10
238 60 25 875 10
238 57 45 859 12
238 95 45 992 12
238 93 25 279 10
238 4 12 486 8
238 71 12 1390 8
238 91 45 1078 12
238 95 45 1415 12
238 93 45 349 12
239 48 12 1385 8
239 58 25 3831 10
239 39 12 3794 8
239 71 45 553 12
239 49 45 1797 12
239 67 45 1877 12
239 56 25 1177 10
239 51 12 908 8
239 3 12 908 8
239 58 45 1346 12
239 98 45 1797 12
239 61 45 1346 12
239 45 45 1346 12
239 50 12 2172 8
239 68 12 2172 8
239 3 12 2172 8
239 5 12 2172 8
239 39 45 2799 12
239 73 25 1931 10
239 61 25 1684 10
239 85 12 2172 8
239 97 12 3088 8
239 38 25 1792 10
239 9 45 2189 12
239 45 25 1634 10
239 75 45 3401 12
239 48 45 3401 12
239 34 25 1634 10
239 85 25 1634 10
239 71 12 1171 8
240 74 25 3835 10
240 54 45 418 12
240 40 12 2776 8
240 95 12 2056 8
240 57 12 942 8
240 12 12 1748 8
240 16 12 363 8
240 5 12 942 8
240 87 25 2896 10
240 89 25 1471 10
240 68 25 1939 10
240 2 45 418 12
240 76 45 2729 12
240 49 45 2664 12
240 22 25 262 10
241 37 25 2217 10
241 42 12 3634 8
241 16 45 806 12
241 16 12 3178 8
241 74 25 979 10
241 24 25 3514 10
241 8 45 806 12
241 24 25 1982 10
241 25 45 1293 12
241 23 45 566 12
241 42 25 1045 10
241 32 12 942 8
241 6 12 3634 8
241 79 25 520 10
242 48 45 661 12
242 14 12 494 8
242 57 25 551 10
242 57 12 44 8
242 59 25 396 10
242 63 45 1850 12
242 57 25 1517 10
242 71 12 3470 8
242 56 12 553 8
242 99 12 3470 8
242 8 12 494 8
242 34 25 2777 10
242 75 12 391 8
242 96 25 2200 10
242 30 25 197 10
242 14 12 3169 8
242 92 12 245 8
242 1 12 245 8
242 27 25 1448 10
242 40 25 2200 10
242 79 12 391 8
242 82 25 1487 10
242 85 25 2777 10
242 35 25 1517 10
242 2 25 3704 10
242 5 25 3257 10
242 72 25 1563 10
242 81 25 1659 10
242 71 25 202 10
242 97 25 202 10
242 22 25 202 10
242 72 25 3257 10
242 10 45 904 12
242 93 45 63 12
243 2 25 807 10
243 39 12 553 8
243 7 25 2207 10
243 54 25 1535 10
243 72 45 2281 12
243 24 12 2652 8
243 80 12 2652 8
243 89 25 3748 10
243 15 25 461 10
243 36 12 11 8
243 53 12 3650 8
243 15 45 389 12
243 89 12 384 8
243 10 12 384 8
243 98 25 55 10
243 86 25 2407 10
243 11 25 279 10
243 22 25 1990 10
243 23 12 864 8
243 0 12 714 8
243 84 25 197 10
243 68 25 3436 10
243 51 45 2902 12
243 80 25 1165 10
243 89 45 2180 12
243 55 12 1408 8
243 98 12 11 8
243 47 25 197 10
244 46 45 1078 12
244 55 25 453 10
244 93 12 468 8
244 92 45 1 12
244 89 25 2123 10
244 59 25 3779 10
244 75 25 712 10
244 93 45 560 12
244 99 25 2701 10
244 11 12 1791 8
244 51 25 673 10
244 99 45 313 12
244 28 25 197 10
244 19 45 560 12
244 16 25 197 10
244 53 45 560 12
244 14 25 2701 10
244 75 12 104 8
244 19 45 3448 12
244 2 25 2003 10
244 23 45 601 12
244 87 45 181 12
244 45 25 1840 10
244 60 25 453 10
244 58 45 1749 12
244 36 25 3298 10
244 61 12 877 8
244 30 12 182 8
244 46 12 2139 8
244 70 12 88 8
244 43 45 1687 12
244 40 25 2123 10
244 40 25 2003 10
244 74 25 1840 10
244 37 12 3204 8
245 86 45 3020 12
245 42 45 174 12
245 30 45 1781 12
245 18 25 1265 10
245 71 45 1623 12
245 98 45 1781 12
245 79 25 328 10
245 11 12 785 8
245 51 12 289 8
245 98 12 2957 8
245 95 25 2037 10
245 91 25 1985 10
245 7 45 3020 12
245 60 12 704 8
245 71 12 785 8
245 32 45 2709 12
245 84 25 20 10
245 5 45 553 12
245 40 25 1094 10
245 74 12 704 8
246 13 25 684 10
246 93 25 2625 10
246 48 12 1674 8
246 84 45 1751 12
246 57 45 3064 12
246 66 45 2368 12
246 28 45 123 12
246 92 12 1004 8
246 82 25 538 10
246 23 45 2765 12
246 23 45 1255 12
246 93 45 1623 12
246 22 25 309 10
246 2 12 1674 8
246 27 12 626 8
246 24 12 2932 8
246 33 45 2284 12
246 20 25 41 10
246 3 12 69 8
246 74 12 786 8
246 25 45 848 12
246 90 25 3781 10
246 8 12 1902 8
246 73 25 3781 10
246 25 25 2778 10
246 27 45 2924 12
246 24 12 516 8
246 87 12 626 8
246 24 12 516 8
247 39 12 1554 8
247 12 25 858 10
247 27 12 1554 8
247 46 12 1123 8
247 94 25 2536 10
247 18 25 2536 10
247 20 45 687 12
247 4 25 348 10
247 2 45 2876 12
247 93 25 2636 10
247 76 25 1258 10
247 13 12 13 8
247 39 12 1674 8
247 60 25 386 10
247 11 12 13 8
247 11 45 1462 12
247 89 12 1893 8
247 1 25 348 10
247 69 25 348 10
247 82 12 241 8
247 55 25 1258 10
247 81 45 3780 12
247 68 45 3744 12
247 55 25 3767 10
247 25 12 241 8
248 37 12 1815 8
248 58 25 491 10
248 23 12 1674 8
248 79 25 1444 10
248 1 12 3421 8
248 41 25 677 10
248 12 25 3781 10
248 21 25 852 10
248 9 45 1627 12
248 2 25 1705 10
248 82 25 677 10
248 3 25 690 10
248 0 45 3031 12
248 13 25 1448 10
248 87 45 908 12
248 94 25 1990 10
248 91 25 1990 10
248 22 12 3822 8
249 73 25 240 10
249 84 25 2555 10
249 1 45 231 12
249 75 25 3442 10
249 40 45 621 12
249 49 12 2359 8
249 38 25 2619 10
249 71 12 2690 8
249 38 12 3382 8
249 54 12 3343 8
249 52 45 278 12
249 74 45 2281 12
249 8 45 388 12
249 64 12 3343 8
249 18 45 260 12
249 24 12 3382 8
249 2 25 1898 10
249 71 12 3382 8
249 65 12 3382 8
249 79 25 1704 10
249 17 45 278 12
249 19 45 1715 12
249 52 12 1674 8
249 24 25 3906 10
249 18 25 2212 10
249 17 45 642 12
249 88 25 3906 10
249 97 45 1287 12
249 18 12 1674 8
249 87 45 1715 12
250 82 45 2244 12
250 99 25 888 10
250 23 45 1066 12
250 19 25 2096 10
250 87 25 2096 10
250 83 25 1214 10
250 23 25 3062 10
250 84 45 527 12
250 15 45 344 12
250 29 12 1416 8
250 73 12 711 8
250 59 45 3766 12
250 69 25 979 10
250 3 25 888 10
250 96 25 3062 10
250 56 25 1668 10
250 21 45 592 12
250 18 12 2698 8
250 20 45 847 12
250 9 25 1623 10
250 52 25 1414 10
250 69 12 1713 8
250 38 25 3353 10
250 90 45 3824 12
250 57 12 2002 8
250 71 12 1466 8
250 73 12 2139 8
250 22 25 938 10
250 55 45 2244 12
250 15 12 1969 8
250 67 25 1740 10
250 10 25 1921 10
250 77 12 294 8
251 63 45 503 12
251 7 12 1357 8
251 29 25 1255 10
251 92 25 136 10
251 48 12 2407 8
251 40 25 1692 10
251 93 12 3041 8
251 13 25 1000 10
251 21 25 1000 10
251 56 25 685 10
251 35 12 1223 8
251 99 25 2582 10
251 96 45 405 12
251 73 45 600 12
251 70 25 3360 10
251 82 25 3652 10
251 39 25 1191 10
251 45 25 2945 10
251 3 25 2582 10
251 96 25 2945 10
251 55 25 845 10
252 10 45 1970 12
252 37 45 1346 12
252 56 12 1484 8
252 29 25 3360 10
252 20 45 1346 12
252 61 45 337 12
252 19 12 1484 8
252 1 45 1485 12
252 64 25 279 10
252 86 45 3268 12
252 87 25 111 10
252 39 25 69 10
252 7 12 772 8
252 20 45 1485 12
252 64 45 132 12
252 9 45 3268 12
252 87 45 2706 12
253 52 25 660 10
253 47 45 353 12
253 51 45 1862 12
253 7 45 525 12
253 55 45 3317 12
253 61 12 161 8
253 1 12 161 8
253 73 25 1935 10
253 85 25 252 10
253 1 45 768 12
253 43 12 1368 8
253 14 25 875 10
253 1 25 1623 10
253 43 25 3921 10
253 1 45 553 12
253 2 25 3921 10
253 43 25 3921 10
253 33 25 2259 10
253 43 25 3906 10
253 63 12 118 8
253 32 25 3747 10
253 19 25 241 10
253 26 25 281 10
254 61 25 581 10
254 16 45 3043 12
254 7 12 1702 8
254 69 45 1564 12
254 12 45 855 12
254 51 45 1996 12
254 77 12 3169 8
254 85 45 855 12
254 0 25 614 10
254 38 45 2557 12
254 19 12 1702 8
255 67 12 2558 8
255 68 25 973 10
255 19 45 1996 12
255 39 45 289 12
255 87 25 771 10
255 86 45 1321 12
255 50 45 1321 12
255 29 12 2558 8
255 5 25 973 10
255 22 25 540 10
255 84 45 3227 12
255 44 45 2833 12
255 86 25 197 10
255 10 45 1395 12
255 64 45 1395 12
256 19 45 1134 12
256 70 45 1110 12
256 37 45 3967 12
256 13 25 2221 10
256 96 12 2316 8
256 23 25 1708 10
256 38 25 1708 10
256 96 45 715 12
256 57 45 3753 12
256 17 25 29 10
256 64 45 1050 12
256 12 25 3934 10
256 27 12 2576 8
256 45 25 1623 10
256 12 25 2221 10
256 57 45 1118 12
256 94 25 1455 10
256 89 25 188 10
256 35 12 1820 8
256 41 25 2958 10
256 69 45 2811 12
257 38 25 3617 10
257 68 25 2868 10
257 37 45 1652 12
257 90 12 2671 8
257 74 25 3565 10
257 20 25 1785 10
257 23 12 3374 8
257 24 12 2815 8
257 81 45 547 12
257 11 25 660 10
257 26 12 191 8
257 7 25 1922 10
257 91 45 480 12
257 72 12 191 8
258 87 25 1532 10
258 42 45 922 12
258 73 12 1923 8
258 93 45 1403 12
258 65 25 1653 10
258 68 45 818 12
258 0 45 534 12
258 18 25 58 10
258 18 25 1713 10
258 10 12 69 8
258 88 45 541 12
258 96 45 1179 12
258 11 45 3268 12
259 94 12 223 8
259 48 12 1486 8
259 92 25 2054 10
259 89 45 1196 12
259 76 12 1869 8
259 34 12 2896 8
259 6 12 2896 8
259 32 45 560 12
259 10 25 1094 10
259 74 12 769 8
259 83 25 3920 10
259 83 45 560 12
259 85 45 2282 12
259 27 12 3215 8
259 29 25 1154 10
260 37 25 570 10
260 90 45 229 12
260 0 45 229 12
260 97 45 359 12
260 21 45 359 12
260 65 25 2144 10
260 88 25 1785 10
260 63 45 229 12
260 78 12 2118 8
260 13 25 1785 10
260 61 25 638 10
260 37 25 1154 10
260 76 12 1916 8
260 74 12 530 8
260 56 25 3906 10
260 41 25 288 10
260 29 25 2062 10
260 82 25 2144 10
260 19 12 3449 8
260 93 12 3449 8
260 26 45 1777 12
260 58 25 115 10
260 20 45 1996 12
260 50 45 345 12
260 88 25 3906 10
261 21 45 1890 12
261 5 12 2118 8
261 58 45 367 12
261 40 45 2998 12
261 49 25 1203 10
261 60 45 367 12
261 49 12 2700 8
261 61 45 3667 12
262 20 45 2004 12
262 7 45 1193 12
262 28 45 429 12
262 58 45 2959 12
262 39 12 1235 8
262 82 45 1321 12
262 81 12 1430 8
262 47 45 359 12
262 40 25 3533 10
262 69 25 3533 10
262 84 12 3358 8
262 3 25 2434 10
262 71 45 843 12
262 90 12 622 8
262 21 45 843 12
262 89 25 3533 10
262 13 12 553 8
262 90 25 1805 10
262 53 25 1027 10
262 98 45 3431 12
262 66 25 2126 10
262 85 25 1943 10
262 55 12 1505 8
262 33 45 1714 12
262 32 25 636 10
263 24 45 3889 12
263 31 45 1170 12
263 7 45 1170 12
263 31 45 1050 12
263 8 12 1362 8
263 92 25 634 10
263 91 25 3573 10
263 25 25 1417 10
263 47 12 2795 8
263 42 12 1482 8
263 78 45 3857 12
263 93 25 908 10
263 55 25 1563 10
263 75 25 1563 10
263 9 25 2799 10
263 6 25 2222 10
263 41 45 1581 12
263 67 12 1482 8
264 55 12 1291 8
264 91 25 1133 10
264 30 45 260 12
264 40 12 2358 8
264 71 12 1291 8
264 18 25 3553 10
264 0 45 1403 12
264 61 12 1640 8
264 41 25 2169 10
264 90 25 2476 10
264 36 25 1054 10
264 2 25 3556 10
264 43 45 64 12
264 84 12 410 8
264 73 25 3556 10
264 59 45 95 12
264 77 25 3556 10
264 5 25 1197 10
264 50 12 450 8
264 48 25 3327 10
265 50 45 54 12
265 60 25 3973 10
265 14 25 1193 10
265 49 45 2841 12
265 49 12 1224 8
265 54 45 1881 12
265 23 25 1711 10
265 57 25 1371 10
265 80 25 41 10
265 12 45 367 12
265 28 25 1082 10
265 49 45 1881 12
266 72 25 3835 10
266 55 45 56 12
266 83 45 56 12
266 66 25 1193 10
266 92 45 2206 12
266 76 45 278 12
266 40 25 1373 10
266 62 25 3306 10
266 76 45 2664 12
266 2 12 1777 8
266 33 45 29 12
266 22 25 663 10
266 8 25 3835 10
266 41 25 505 10
266 30 45 3031 12
266 98 45 1836 12
267 63 45 1109 12
267 46 25 55 10
267 41 12 1452 8
267 12 45 1109 12
267 59 25 26 10
267 78 45 1631 12
267 55 45 540 12
267 58 45 806 12
267 60 12 181 8
267 46 12 3084 8
267 2 12 3084 8
267 57 25 917 10
267 63 45 2480 12
267 13 45 2480 12
267 91 25 674 10
267 19 45 806 12
267 30 25 2708 10
267 56 25 654 10
268 93 45 1422 12
268 91 25 1785 10
268 41 12 1616 8
268 34 45 1484 12
268 28 25 1722 10
268 70 45 2157 12
268 93 45 345 12
268 69 45 1777 12
268 45 25 2582 10
268 72 25 672 10
268 69 25 1785 10
269 50 25 328 10
269 5 25 2560 10
269 95 12 1362 8
269 60 25 328 10
269 80 25 1082 10
269 20 45 774 12
269 36 25 357 10
269 7 12 2828 8
269 89 25 357 10
269 75 12 2966 8
269 50 25 1992 10
269 70 45 3343 12
269 6 25 1530 10
269 25 25 1757 10
269 57 25 3559 10
269 61 25 1148 10
269 1 12 2892 8
269 66 45 1806 12
269 56 12 1623 8
269 58 12 508 8
269 12 25 1332 10
269 34 12 2966 8
269 14 45 3343 12
270 40 25 3298 10
270 96 45 3727 12
270 45 12 1715 8
270 5 25 2589 10
270 57 25 188 10
270 68 45 2419 12
270 5 12 2921 8
270 58 12 462 8
270 99 12 1897 8
270 4 25 1576 10
270 71 45 1907 12
270 8 25 1614 10
270 20 25 2255 10
270 67 25 2589 10
270 97 12 3041 8
270 61 12 44 8
270 70 25 969 10
270 34 25 1614 10
270 84 12 463 8
271 3 25 1244 10
271 35 25 424 10
271 96 12 1371 8
271 46 25 1761 10
271 81 25 1057 10
271 83 25 396 10
271 84 45 1916 12
271 17 25 2081 10
271 79 25 1880 10
271 51 12 2994 8
271 10 12 2994 8
271 30 25 200 10
271 28 25 1448 10
271 79 25 2158 10
272 66 25 1699 10
272 69 45 327 12
272 75 12 1152 8
272 59 12 1409 8
272 37 25 1664 10
272 3 25 2900 10
272 31 25 149 10
272 19 25 1872 10
272 8 25 1110 10
272 98 25 1520 10
272 96 12 488 8
272 41 45 3802 12
272 23 25 161 10
272 68 12 1123 8
272 13 12 2611 8
272 36 25 1646 10
272 66 25 149 10
272 67 12 1123 8
272 5 12 1152 8
272 78 25 1532 10
272 47 45 1224 12
272 29 45 1990 12
272 9 25 374 10
273 26 25 809 10
273 62 45 302 12
273 29 45 1465 12
273 50 45 687 12
273 71 25 2572 10
273 84 25 413 10
273 39 25 1506 10
273 79 12 739 8
273 63 25 3866 10
273 8 25 257 10
274 84 45 345 12
274 5 45 1384 12
274 35 25 208 10
274 21 45 1384 12
274 98 12 650 8
274 37 25 1506 10
274 59 25 1506 10
274 74 12 3948 8
274 18 25 2652 10
275 38 12 1873 8
275 0 25 2370 10
275 88 25 2669 10
275 62 12 1216 8
275 61 25 1557 10
275 21 12 3521 8
275 63 45 302 12
275 11 12 2864 8
275 11 45 2244 12
276 94 25 455 10
276 54 45 1060 12
276 91 25 2257 10
276 85 12 460 8
276 6 12 34 8
276 56 45 1060 12
276 81 25 200 10
276 82 12 3107 8
276 69 45 1074 12
276 85 12 863 8
276 16 12 1245 8
276 9 25 1794 10
276 12 12 2671 8
276 37 12 2671 8
276 9 25 1794 10
276 49 25 570 10
276 28 12 901 8
276 23 25 570 10
276 17 12 2851 8
276 67 25 455 10
277 82 25 478 10
277 65 25 478 10
277 75 45 1124 12
277 39 12 1016 8
277 24 25 3961 10
277 54 25 1509 10
277 10 12 1343 8
277 54 25 1596 10
277 64 12 1454 8
277 89 25 469 10
277 6 25 469 10
277 73 45 1591 12
277 50 12 2445 8
277 64 25 1300 10
277 7 25 196 10
277 60 25 1300 10
277 99 12 1454 8
277 13 45 3592 12
277 95 45 1586 12
278 48 25 3306 10
278 79 12 1385 8
278 33 45 2952 12
278 19 12 955 8
278 74 45 3263 12
278 9 25 2391 10
278 23 25 288 10
278 75 25 413 10
278 22 25 2169 10
278 29 12 2230 8
278 91 12 649 8
278 23 45 3865 12
278 4 25 2531 10
279 34 25 3188 10
279 18 25 171 10
279 86 45 1465 12
279 42 45 1465 12
279 20 25 1378 10
279 19 25 1444 10
279 40 25 3145 10
279 30 25 3145 10
279 79 12 1259 8
279 16 25 1378 10
279 95 12 3466 8
279 12 12 970 8
279 47 25 3145 10
279 80 25 1798 10
279 2 45 1432 12
279 37 25 1667 10
280 32 12 1442 8
280 33 45 1108 12
280 28 25 3922 10
280 96 25 3029 10
280 72 45 2593 12
280 23 45 423 12
281 3 45 3026 12
281 87 25 1782 10
281 13 12 1259 8
281 70 25 2781 10
281 36 25 3229 10
281 92 12 93 8
281 3 25 2294 10
281 38 45 2593 12
281 22 25 86 10
281 56 25 672 10
281 85 45 2593 12
281 78 25 86 10
282 41 12 2354 8
282 98 12 2354 8
282 42 25 1444 10
282 97 25 2169 10
282 68 25 1194 10
282 76 25 2169 10
282 44 25 881 10
283 13 12 1913 8
283 6 25 1165 10
283 57 12 2814 8
283 49 12 2814 8
283 25 25 2398 10
283 21 25 1076 10
283 7 12 1402 8
283 77 25 1494 10
283 12 25 2054 10
283 8 45 2203 12
283 58 45 433 12
283 25 25 324 10
284 39 12 3978 8
284 98 25 3110 10
284 67 12 2008 8
284 79 12 2768 8
284 2 25 1282 10
284 2 25 3644 10
284 68 45 1850 12
284 64 12 1385 8
284 64 25 3110 10
284 40 45 1022 12
284 94 45 1652 12
284 36 25 3984 10
284 45 45 810 12
284 89 45 2978 12
284 61 45 825 12
284 45 12 743 8
284 83 45 1022 12
284 59 12 621 8
285 20 12 1207 8
285 27 25 1880 10
285 21 12 997 8
285 59 25 1500 10
285 71 25 3501 10
285 51 45 3263 12
285 20 25 1378 10
285 98 12 1130 8
286 0 45 3448 12
286 6 25 1597 10
286 38 12 3036 8
286 1 45 1749 12
286 58 25 2515 10
286 34 12 1958 8
286 84 12 1044 8
286 6 12 2251 8
286 6 25 1840 10
286 48 12 2251 8
286 24 12 1669 8
286 63 45 1749 12
286 72 25 2515 10
286 22 25 2712 10
287 5 45 1639 12
287 38 45 415 12
287 29 25 755 10
287 79 45 1988 12
287 85 25 920 10
288 26 25 1506 10
288 95 25 755 10
288 11 12 904 8
288 99 12 1198 8
288 15 25 1506 10
289 40 25 1722 10
289 82 12 1402 8
289 20 12 599 8
289 50 25 1499 10
289 91 25 1319 10
289 42 45 642 12
290 24 45 1808 12
290 93 45 1700 12
290 34 25 3220 10
290 4 45 1703 12
290 20 25 618 10
290 91 25 579 10
290 38 25 702 10
290 94 25 855 10
290 4 12 3677 8
290 46 25 218 10
290 90 12 2990 8
290 39 12 437 8
290 90 25 578 10
290 16 25 2823 10
290 96 25 579 10
291 58 25 1506 10
292 57 25 2128 10
292 32 45 1052 12
292 96 12 2979 8
292 30 12 1035 8
293 60 45 2639 12
293 89 45 212 12
293 81 12 970 8
293 96 25 3520 10
293 99 45 1335 12
293 60 25 2677 10
293 39 25 1897 10
294 16 45 3273 12
294 47 25 174 10
294 52 45 807 12
294 19 12 1079 8
294 21 12 482 8
294 26 45 3780 12
294 13 25 2393 10
294 6 12 1167 8
294 42 25 537 10
294 42 25 373 10
294 6 25 2957 10
294 90 12 844 8
295 43 12 1385 8
295 35 12 1123 8
295 14 45 3586 12
295 48 12 2959 8
295 7 12 2330 8
295 27 12 1082 8
295 10 25 1368 10
295 42 45 2195 12
295 27 12 2959 8
295 69 45 422 12
295 53 25 1098 10
295 68 45 3586 12
295 63 45 311 12
295 92 25 820 10
295 0 25 1037 10
296 75 25 3463 10
296 26 45 1110 12
296 27 12 629 8
296 80 25 1506 10
296 6 25 2130 10
296 78 45 2890 12
296 24 25 1789 10
296 31 45 1199 12
296 81 12 1077 8
296 79 25 1506 10
296 95 25 2225 10
296 42 12 2386 8
296 82 12 139 8
296 75 12 1274 8
296 10 25 2225 10
296 11 45 1759 12
296 25 25 620 10
296 76 45 1940 12
296 11 25 1817 10
296 27 12 901 8
297 38 25 2649 10
297 46 25 1313 10
297 63 12 1113 8
297 44 12 841 8
297 8 25 2901 10
297 42 45 1484 12
297 59 12 874 8
297 86 25 2217 10
297 28 25 655 10
297 9 25 1548 10
297 37 45 3695 12
297 11 45 1484 12
297 58 12 1752 8
297 98 25 2911 10
298 12 12 876 8
298 9 25 2173 10
298 66 12 1079 8
298 52 25 1789 10
298 91 25 2173 10
298 91 12 930 8
298 10 12 499 8
299 88 45 2905 12
299 62 12 2081 8
299 31 12 3978 8
299 53 25 1693 10
299 86 12 2081 8
299 24 12 2547 8
299 79 12 69 8
299 28 12 2525 8
299 58 12 2547 8
299 76 45 1454 12
299 83 45 1454 12
299 39 45 3097 12
299 89 12 755 8
299 64 45 677 12
299 39 25 1506 10
300 85 45 2239 12
300 34 12 459 8
300 59 25 1022 10
300 54 25 1022 10
300 68 25 719 10
300 30 25 719 10
300 28 12 3874 8
300 70 45 135 12
300 67 25 3102 10
300 62 25 2587 10
300 45 25 2587 10
300 85 12 284 8
300 48 25 3145 10
300 65 25 590 10
300 80 25 3145 10
300 37 12 3874 8
300 16 45 135 12
300 25 12 284 8
301 20 12 7 8
301 93 25 2529 10
301 58 12 1685 8
301 94 12 1409 8
301 56 45 1346 12
301 83 25 1646 10
301 38 12 1035 8
301 43 12 758 8
301 81 25 2677 10
301 50 25 431 10
301 18 25 3519 10
302 31 25 1345 10
302 17 45 260 12
302 89 25 2671 10
302 65 25 2396 10
302 37 12 650 8
302 68 45 260 12
302 73 45 269 12
302 3 25 2669 10
302 55 45 2639 12
302 73 12 650 8
302 29 45 684 12
302 87 25 2396 10
302 94 12 1077 8
303 20 25 634 10
303 60 25 445 10
303 24 12 3395 8
303 83 12 3152 8
303 20 45 973 12
303 10 25 2778 10
303 88 25 445 10
303 24 12 1806 8
303 8 12 138 8
303 8 45 1568 12
303 91 12 2921 8
303 36 12 138 8
303 13 12 2496 8
303 38 12 2670 8
303 46 12 2921 8
304 87 12 1420 8
304 71 45 1933 12
304 94 25 956 10
304 13 12 1484 8
304 84 45 3297 12
304 25 25 102 10
304 45 12 3591 8
304 36 12 3591 8
304 92 25 458 10
304 63 12 3918 8
304 57 12 96 8
304 37 12 2097 8
304 35 12 3591 8
304 70 12 565 8
304 46 45 2255 12
304 21 45 2255 12
304 93 12 1420 8
304 99 25 2272 10
304 56 45 2902 12
304 80 12 1420 8
305 42 25 525 10
305 80 25 806 10
305 83 25 3360 10
305 17 25 1296 10
305 34 25 3360 10
305 68 25 1296 10
305 26 12 1906 8
305 90 12 2768 8
305 84 25 3360 10
306 28 25 293 10
306 38 25 293 10
306 48 25 1183 10
306 21 25 1183 10
306 23 25 1183 10
306 40 25 851 10
307 57 12 2826 8
307 3 12 2622 8
307 10 12 248 8
307 73 45 1785 12
307 72 25 1414 10
307 73 45 3370 12
308 47 12 3229 8
308 71 25 1922 10
308 0 12 605 8
308 30 12 3229 8
308 35 45 581 12
308 11 45 3772 12
308 66 45 3772 12
308 89 45 233 12
308 30 45 601 12
308 81 45 968 12
308 70 12 2915 8
308 79 12 2915 8
308 35 25 1275 10
308 85 25 1922 10
308 84 45 601 12
308 85 45 1441 12
308 60 12 3552 8
308 77 45 1785 12
308 58 45 3974 12
308 63 25 1924 10
309 66 45 1102 12
309 79 25 3280 10
309 94 45 2281 12
309 14 25 2272 10
309 66 12 3308 8
309 73 25 1920 10
309 75 25 444 10
309 11 45 2959 12
309 5 25 932 10
310 16 12 1909 8
310 6 25 957 10
310 16 12 1909 8
310 61 45 514 12
310 13 25 1362 10
310 7 12 1743 8
310 96 25 778 10
310 14 25 1362 10
310 32 12 553 8
310 23 12 1490 8
310 4 45 1480 12
310 51 45 1477 12
310 34 45 1480 12
310 95 12 1490 8
310 59 12 2990 8
311 41 25 2992 10
311 59 25 1183 10
311 51 45 2365 12
311 26 12 1437 8
311 10 12 599 8
311 13 12 1369 8
311 18 12 1174 8
311 42 12 599 8
311 33 12 1369 8
311 51 12 1174 8
311 49 25 3549 10
311 13 25 1257 10
311 48 45 268 12
311 46 25 2658 10
311 2 25 674 10
311 44 45 2365 12
311 53 25 1696 10
311 8 25 1696 10
311 43 25 189 10
311 16 12 1174 8
311 87 25 904 10
312 6 25 3544 10
312 26 25 515 10
312 64 25 3264 10
312 51 25 1072 10
312 41 45 3236 12
312 29 45 1507 12
312 2 12 786 8
312 68 25 3264 10
312 72 25 2495 10
312 22 12 1077 8
312 92 12 501 8
313 1 25 2345 10
313 59 12 717 8
313 65 12 717 8
313 49 25 1197 10
313 99 25 1197 10
313 0 12 852 8
313 95 45 1652 12
313 79 12 990 8
314 98 12 1944 8
314 44 12 553 8
314 66 25 1705 10
314 41 25 1705 10
314 97 45 895 12
314 13 45 63 12
314 21 45 1802 12
314 45 12 1481 8
314 96 12 1481 8
314 10 12 1314 8
314 46 12 990 8
314 57 25 115 10
314 41 25 3198 10
314 8 45 1586 12
314 60 25 3198 10
314 59 45 895 12
314 29 12 2028 8
314 64 25 3733 10
315 69 25 904 10
315 32 25 1237 10
315 83 12 3582 8
316 12 25 638 10
316 44 25 595 10
317 12 25 1297 10
317 10 25 1956 10
317 9 12 2768 8
317 37 45 508 12
317 10 12 553 8
317 15 12 2624 8
317 76 12 925 8
317 96 25 1814 10
317 46 12 3229 8
318 20 25 2658 10
318 49 45 1916 12
319 80 45 951 12
319 38 12 553 8
319 41 25 1574 10
320 31 25 3335 10
320 63 12 3229 8
320 68 45 337 12
320 49 45 1914 12
320 41 45 1914 12
320 61 25 1038 10
320 61 25 2539 10
320 98 25 2539 10
321 19 45 1095 12
321 28 45 973 12
321 43 12 1216 8
321 29 25 712 10
321 21 25 1036 10
321 33 25 1036 10
321 6 45 2769 12
321 75 25 1036 10
322 67 12 758 8
322 17 12 2020 8
322 48 25 1263 10
322 58 25 1297 10
322 89 12 2020 8
322 96 12 2020 8
322 63 12 27 8
322 24 25 1263 10
323 44 45 2918 12
323 26 12 2175 8
323 40 45 2676 12
323 80 12 2172 8
323 74 25 1449 10
323 76 12 516 8
323 84 45 2670 12
323 60 12 1138 8
323 18 25 597 10
323 69 25 467 10
323 63 45 2126 12
323 32 12 1947 8
323 76 12 2172 8
323 56 25 1698 10
324 16 25 2882 10
324 11 25 3272 10
324 7 25 2539 10
324 95 25 3519 10
324 93 45 174 12
324 7 12 1270 8
324 80 45 1929 12
324 22 12 1434 8
325 80 45 2032 12
325 59 12 929 8
325 78 25 1204 10
325 62 45 906 12
325 73 45 185 12
325 9 25 3241 10
325 0 12 1588 8
325 73 25 3865 10
325 91 45 853 12
325 77 45 2985 12
326 37 45 359 12
326 79 12 459 8
326 30 25 3292 10
326 88 25 1462 10
326 35 45 2609 12
326 54 12 864 8
326 97 12 864 8
326 51 25 3836 10
326 78 25 1462 10
326 14 12 2445 8
326 15 45 1193 12
326 97 25 3898 10
326 25 45 1785 12
326 90 12 1685 8
326 22 12 2458 8
326 77 45 1903 12
326 55 45 212 12
327 70 25 3898 10
327 96 25 105 10
327 61 12 3084 8
327 50 12 1523 8
327 93 45 267 12
327 97 25 1296 10
327 91 25 1297 10
328 16 25 3852 10
328 99 12 3092 8
328 88 25 2529 10
328 86 45 292 12
328 25 45 212 12
328 75 25 2675 10
328 8 12 3092 8
328 86 45 367 12
329 92 12 901 8
329 44 25 504 10
329 75 45 3160 12
329 86 25 1730 10
329 9 12 3092 8
330 3 25 463 10
330 93 25 1904 10
330 16 25 1209 10
330 71 25 2442 10
330 17 25 1313 10
330 33 45 2799 12
330 74 12 3092 8
331 44 12 925 8
331 21 25 2083 10
331 82 25 655 10
331 45 12 3694 8
331 70 12 699 8
332 93 12 2056 8
332 1 25 2207 10
332 49 12 2707 8
332 1 12 686 8
332 31 45 1682 12
332 59 25 1928 10
332 64 45 1682 12
332 61 12 2768 8
332 54 45 1229 12
332 74 45 990 12
332 45 45 433 12
332 20 45 2602 12
333 31 25 204 10
333 78 12 3560 8
333 34 25 1040 10
333 97 25 1850 10
333 23 12 429 8
334 96 45 2103 12
334 87 25 897 10
334 14 25 3678 10
334 74 25 3940 10
334 23 45 123 12
334 46 25 3292 10
334 80 45 2958 12
335 0 25 240 10
335 13 25 3678 10
335 59 25 58 10
335 48 45 278 12
335 32 25 258 10
335 17 25 3474 10
335 80 25 508 10
335 43 45 785 12
335 94 25 3474 10
335 75 45 1198 12
335 19 45 1631 12
335 46 12 1163 8
335 10 25 81 10
336 1 45 2597 12
336 62 45 2597 12
336 29 25 1044 10
336 81 45 1806 12
336 58 25 535 10
336 14 12 611 8
336 50 12 516 8
336 25 12 27 8
336 29 25 1044 10
336 97 25 240 10
336 14 12 611 8
337 43 45 1662 12
337 74 25 3922 10
337 66 25 2009 10
337 87 45 1284 12
337 95 12 2254 8
337 0 25 2351 10
337 32 25 3145 10
338 46 25 1170 10
338 2 25 19 10
338 87 45 1301 12
338 17 12 2458 8
338 65 45 389 12
338 23 25 475 10
338 82 45 1039 12
338 82 12 2458 8
338 36 25 3851 10
338 75 45 917 12
339 76 45 3627 12
339 80 45 2730 12
339 7 12 729 8
339 98 45 630 12
339 79 12 1913 8
340 97 25 776 10
340 64 45 990 12
340 21 45 1432 12
340 93 12 3489 8
340 80 25 1396 10
340 77 25 1396 10
340 14 45 1095 12
340 53 25 1396 10
340 20 45 1181 12
340 14 25 1587 10
340 8 25 1155 10
340 93 12 3525 8
340 26 12 245 8
340 60 12 1032 8
340 38 25 2272 10
341 66 45 291 12
341 73 45 291 12
341 34 25 1396 10
341 97 12 2118 8
341 93 45 3778 12
341 98 25 1396 10
342 75 25 1374 10
342 75 12 1227 8
342 66 45 2639 12
342 89 45 2730 12
342 27 25 1806 10
342 27 45 1591 12
343 21 25 1050 10
343 56 25 1282 10
343 20 45 1100 12
343 40 25 1532 10
343 7 25 3114 10
343 2 45 2709 12
343 29 12 1193 8
344 37 25 2383 10
344 94 25 271 10
344 0 25 2686 10
344 14 25 742 10
344 59 45 1518 12
344 26 12 2101 8
344 55 45 710 12
344 87 12 2278 8
344 66 25 115 10
344 12 25 115 10
345 10 12 1685 8
345 4 25 1730 10
345 29 45 3657 12
345 36 45 1902 12
345 40 25 540 10
345 99 25 365 10
345 7 25 3062 10
345 68 25 573 10
345 97 25 573 10
345 20 12 2224 8
345 16 12 1812 8
345 65 45 1777 12
345 63 45 989 12
345 98 25 1941 10
345 7 25 502 10
345 93 12 666 8
345 30 12 3572 8
345 68 25 3731 10
346 80 25 3163 10
346 77 45 3966 12
346 55 25 1415 10
346 36 25 22 10
346 61 25 1805 10
346 85 25 2675 10
346 87 45 592 12
347 70 25 690 10
347 17 25 750 10
347 51 12 570 8
347 42 45 1843 12
347 25 25 860 10
347 31 45 1843 12
347 23 45 3996 12
347 45 12 1710 8
347 13 25 3370 10
347 37 25 3298 10
347 86 12 708 8
347 21 25 1155 10
347 72 45 1843 12
347 28 45 3996 12
348 95 45 592 12
348 88 45 592 12
348 81 45 1719 12
348 46 45 1632 12
348 0 45 1780 12
348 14 45 1719 12
348 82 45 291 12
348 38 12 1034 8
348 14 45 1719 12
348 71 45 2911 12
348 40 45 1719 12
348 52 45 1632 12
349 36 45 345 12
349 53 25 1282 10
349 80 45 742 12
349 2 12 1517 8
349 5 25 3309 10
349 86 12 1710 8
349 99 25 1275 10
349 94 25 3767 10
349 52 12 1517 8
349 72 45 1632 12
349 72 25 637 10
349 79 12 495 8
350 82 25 1300 10
350 79 25 1730 10
351 19 45 1658 12
351 25 12 2154 8
351 44 25 3866 10
351 80 12 150 8
351 12 45 252 12
352 61 25 2217 10
352 43 25 350 10
352 19 25 64 10
352 25 25 64 10
352 2 25 742 10
352 43 25 64 10
352 65 25 1339 10
352 56 25 64 10
352 90 45 1824 12
353 28 25 644 10
353 71 25 1135 10
353 99 25 3248 10
353 30 45 1155 12
353 28 12 1566 8
353 15 45 1155 12
353 24 45 2746 12
353 76 12 1566 8
353 12 25 2439 10
353 64 25 64 10
353 66 45 906 12
353 17 45 1300 12
353 18 25 231 10
354 40 12 3129 8
354 49 25 2370 10
354 90 45 2867 12
354 23 25 120 10
354 87 45 1314 12
354 54 12 1327 8
354 68 12 2020 8
354 88 25 2336 10
354 49 12 3308 8
354 43 25 1581 10
354 79 12 116 8
354 82 12 2971 8
354 94 45 2180 12
354 90 25 1935 10
354 79 25 1785 10
354 39 25 3257 10
354 16 25 1434 10
354 23 25 2398 10
354 73 12 2142 8
354 96 45 3371 12
354 49 25 1434 10
354 8 25 3262 10
354 97 25 1332 10
354 48 45 667 12
354 19 45 624 12
354 14 25 747 10
355 62 25 59 10
355 33 25 59 10
355 74 12 3298 8
355 46 45 585 12
355 95 25 1539 10
355 25 45 791 12
355 51 25 579 10
355 9 12 2615 8
355 13 12 379 8
355 45 45 3050 12
355 20 25 3895 10
355 30 12 2461 8
355 64 25 534 10
355 97 12 944 8
355 69 25 675 10
355 6 45 1000 12
355 5 25 675 10
355 79 25 3274 10
355 70 25 59 10
356 97 25 3328 10
356 59 45 3904 12
356 75 25 3328 10
356 14 25 3851 10
356 98 25 657 10
356 53 45 847 12
356 3 25 642 10
356 29 12 502 8
356 79 45 739 12
356 61 25 625 10
356 71 25 3085 10
356 27 45 1778 12
356 50 45 1631 12
356 45 45 2696 12
356 1 45 2107 12
356 70 45 2471 12
357 74 25 1275 10
357 31 25 1761 10
357 97 25 6 10
357 27 12 1200 8
357 20 25 657 10
357 0 45 1780 12
357 63 45 872 12
357 32 25 1528 10
357 85 25 1528 10
357 17 25 3163 10
357 40 25 1941 10
357 73 25 981 10
357 93 45 872 12
357 78 12 501 8
357 25 25 3774 10
357 66 25 3102 10
357 70 25 415 10
357 89 12 1915 8
357 50 45 382 12
357 79 25 626 10
357 92 25 657 10
357 0 25 3774 10
357 18 25 218 10
358 22 12 293 8
358 87 12 3293 8
358 20 25 385 10
358 21 12 3092 8
358 80 25 385 10
358 31 25 790 10
358 99 45 2804 12
358 94 25 453 10
358 26 25 463 10
358 95 12 502 8
358 16 45 2868 12
358 99 12 502 8
358 49 12 502 8
358 76 25 3384 10
358 89 25 1478 10
358 69 25 1316 10
358 52 12 338 8
358 27 25 3102 10
359 61 12 1024 8
359 39 25 719 10
359 38 25 3809 10
359 40 25 3375 10
359 49 12 806 8
359 56 45 2795 12
359 69 45 2795 12
359 32 25 539 10
359 67 25 2670 10
360 96 45 954 12
360 11 25 3809 10
360 68 12 744 8
360 70 25 3311 10
360 3 45 954 12
360 83 12 1397 8
360 89 25 535 10
360 55 25 86 10
360 49 25 692 10
360 35 12 3874 8
360 69 25 2625 10
360 24 45 2464 12
360 36 12 2806 8
360 91 25 3767 10
360 0 12 1918 8
360 20 12 2806 8
361 30 25 904 10
361 95 25 1927 10
361 8 25 1939 10
361 34 25 1939 10
361 30 25 1761 10
361 62 45 603 12
361 57 25 3436 10
361 32 25 917 10
361 29 25 3505 10
361 50 45 2912 12
361 24 25 3505 10
361 19 25 917 10
361 84 12 2188 8
361 76 25 2385 10
361 66 25 1152 10
362 40 45 2281 12
362 28 12 1737 8
362 1 12 1737 8
362 47 12 1615 8
362 57 25 1757 10
362 9 25 737 10
362 69 25 2105 10
362 16 25 2105 10
362 92 12 2495 8
362 73 12 2495 8
362 16 45 1931 12
362 75 45 3720 12
362 75 25 3312 10
362 50 25 3198 10
362 67 25 631 10
362 86 25 3529 10
362 6 12 2011 8
362 88 25 2180 10
362 60 25 1768 10
362 66 25 95 10
362 28 45 3827 12
362 83 45 848 12
362 22 45 3827 12
362 82 45 229 12
363 11 25 3409 10
363 26 25 95 10
363 26 45 1314 12
363 81 25 3798 10
363 34 45 3445 12
363 66 45 1955 12
363 23 45 1955 12
363 44 45 3445 12
363 44 25 29 10
363 11 12 1558 8
363 41 45 3445 12
363 11 45 544 12
363 89 25 266 10
363 77 25 1275 10
363 34 45 3445 12
363 12 25 2651 10
363 40 45 1955 12
364 95 45 992 12
364 19 25 970 10
364 59 45 992 12
364 43 12 2057 8
364 8 25 1730 10
364 62 12 1949 8
364 73 45 2970 12
364 8 25 1900 10
364 49 25 3035 10
364 25 45 2323 12
364 43 25 2209 10
364 63 45 655 12
364 85 45 292 12
364 78 12 2754 8
364 74 45 650 12
364 30 25 3809 10
364 13 45 655 12
364 26 45 1931 12
365 72 25 210 10
365 81 45 904 12
365 26 25 2634 10
365 47 45 1715 12
365 21 12 2223 8
365 12 45 3591 12
365 1 25 2436 10
365 19 25 872 10
365 92 45 2833 12
365 14 25 1705 10
365 2 25 2436 10
365 51 45 3591 12
365 68 25 872 10
365 45 25 872 10
366 37 12 944 8
366 7 12 2892 8
366 57 25 3029 10
366 86 12 1622 8
366 88 12 115 8
366 61 25 1695 10
366 12 25 2670 10
366 18 25 1399 10
366 80 12 2992 8
366 51 45 1785 12
366 38 25 1399 10
366 70 12 2367 8
366 56 25 150 10
366 35 25 1399 10
366 12 12 404 8
366 52 12 707 8
366 79 45 1696 12
366 8 45 1824 12
366 51 25 3984 10
367 4 45 2942 12
367 96 25 1069 10
367 57 25 2062 10
367 68 25 3365 10
367 92 25 1435 10
367 1 25 2777 10
367 92 25 717 10
367 70 45 3719 12
367 33 25 641 10
367 86 12 2565 8
367 37 12 1241 8
367 85 12 2565 8
368 49 25 336 10
368 39 45 3096 12
368 93 25 3436 10
368 17 25 935 10
368 79 45 1631 12
368 71 12 3104 8
368 63 45 1808 12
368 66 25 412 10
368 75 25 336 10
368 31 25 95 10
368 38 25 1220 10
368 82 45 1997 12
368 3 25 528 10
368 3 25 528 10
368 10 12 1199 8
368 98 45 1674 12
368 0 45 317 12
368 12 45 2323 12
368 85 12 3345 8
369 78 45 1120 12
369 66 12 2081 8
369 15 25 1155 10
369 38 25 2830 10
369 82 25 550 10
369 11 12 1355 8
369 24 45 3227 12
369 41 12 3811 8
369 69 45 3227 12
369 52 25 118 10
369 93 45 1596 12
369 11 45 2383 12
369 62 45 344 12
369 64 45 290 12
369 36 45 1156 12
369 91 25 190 10
369 81 45 252 12
369 11 12 1750 8
369 99 12 1750 8
369 75 12 1750 8
369 86 25 1995 10
369 8 12 3678 8
369 23 12 2959 8
369 92 25 717 10
369 16 25 3549 10
369 97 25 355 10
369 42 25 453 10
369 26 45 1156 12
370 24 25 1068 10
370 54 25 2539 10
370 48 25 4 10
370 49 25 3549 10
370 70 45 3373 12
370 38 25 1173 10
370 78 45 1059 12
370 39 25 1173 10
370 81 25 1173 10
370 76 25 1940 10
370 78 45 116 12
370 14 45 331 12
370 10 25 750 10
370 93 25 750 10
370 38 25 835 10
370 15 12 1380 8
370 66 25 550 10
370 36 25 2464 10
370 81 45 3144 12
370 37 25 3755 10
370 58 25 2257 10
370 90 25 2275 10
370 65 25 1068 10
370 34 25 234 10
370 10 45 1788 12
370 94 12 1783 8
370 61 45 2471 12
371 77 25 157 10
371 73 12 2590 8
371 27 45 553 12
371 12 45 553 12
371 35 25 3699 10
371 84 45 3644 12
371 41 25 1027 10
371 88 45 1463 12
371 72 45 1243 12
371 13 25 140 10
371 38 45 331 12
371 0 12 2590 8
371 94 12 968 8
371 90 25 3200 10
371 54 25 2923 10
371 0 25 2292 10
371 13 12 2181 8
371 56 25 2059 10
371 1 25 20 10
371 72 12 3794 8
371 35 12 462 8
371 11 25 3549 10
372 77 12 1748 8
372 77 25 675 10
372 79 45 2692 12
372 8 12 1754 8
372 21 12 1754 8
372 0 45 1747 12
372 33 25 1000 10
372 66 25 178 10
372 58 45 2905 12
372 82 45 1553 12
372 22 25 1945 10
372 57 45 1102 12
372 92 25 1699 10
372 92 12 1009 8
372 71 25 60 10
372 82 25 3084 10
372 0 12 1923 8
372 23 25 3012 10
372 19 25 1425 10
372 57 25 1740 10
373 27 25 447 10
373 63 25 806 10
373 76 25 257 10
373 74 25 20 10
373 84 45 806 12
373 46 25 2414 10
373 37 45 46 12
373 71 45 2064 12
373 15 45 2591 12
373 48 25 3200 10
373 62 12 2957 8
373 74 25 2875 10
373 18 25 607 10
373 5 12 2172 8
373 68 45 3333 12
373 4 45 150 12
373 13 45 1224 12
373 92 45 1224 12
373 68 12 1163 8
373 38 25 2131 10
373 7 25 445 10
374 1 25 3012 10
374 5 25 1396 10
374 16 12 2868 8
374 94 45 1995 12
374 50 12 2868 8
374 68 25 525 10
374 81 25 1587 10
374 24 12 3248 8
374 82 25 1360 10
374 0 45 1065 12
374 27 25 3553 10
374 61 25 759 10
374 86 25 759 10
374 67 25 759 10
374 87 25 759 10
374 50 45 180 12
374 75 45 717 12
374 66 25 220 10
374 73 45 1367 12
374 94 25 2869 10
374 59 25 2869 10
374 19 25 2377 10
374 74 25 996 10
374 26 25 1321 10
374 67 25 1543 10
374 88 25 996 10
374 91 45 2069 12
374 94 45 877 12
374 52 12 169 8
374 42 45 604 12
374 11 25 502 10
375 50 25 207 10
375 76 45 1421 12
375 25 45 3843 12
375 88 45 135 12
375 64 45 872 12
375 74 45 253 12
375 20 45 655 12
375 75 25 2286 10
375 54 25 3880 10
375 86 12 3962 8
375 42 25 798 10
375 31 25 2233 10
375 85 12 2912 8
375 26 12 1167 8
375 52 12 1167 8
375 54 12 2912 8
375 78 45 2684 12
375 92 12 138 8
375 8 25 565 10
375 43 12 791 8
375 1 25 1922 10
375 54 25 3451 10
375 72 25 310 10
375 58 25 72 10
375 28 25 3451 10
376 24 12 139 8
376 10 45 2024 12
376 6 25 1940 10
376 2 45 3594 12
376 80 25 631 10
376 25 25 2777 10
376 24 25 1757 10
376 38 25 179 10
376 58 25 939 10
376 9 45 2946 12
376 67 12 3382 8
376 75 12 3382 8
376 65 25 2766 10
376 66 45 3586 12
376 23 25 3335 10
376 44 12 3811 8
376 13 45 3145 12
376 11 25 2280 10
376 22 25 2766 10
376 1 12 925 8
376 95 25 2883 10
376 5 12 680 8
376 2 12 2902 8
376 59 12 1307 8
376 26 45 2946 12
377 2 25 2081 10
377 90 12 499 8
377 19 12 61 8
377 64 45 2206 12
377 72 12 262 8
377 0 45 1777 12
377 50 12 2698 8
377 98 25 3052 10
377 62 25 644 10
377 69 25 1674 10
377 54 45 385 12
377 92 25 1895 10
377 12 25 3875 10
377 19 45 1125 12
377 76 12 2536 8
377 40 45 2692 12
377 16 12 3816 8
378 39 25 1254 10
378 64 45 626 12
378 19 12 2496 8
378 99 45 2576 12
378 39 25 1600 10
378 58 45 2417 12
378 31 25 3248 10
378 14 12 52 8
378 16 45 63 12
378 90 25 956 10
378 3 45 1080 12
378 73 45 1490 12
378 65 25 1199 10
378 49 12 669 8
378 31 25 2259 10
378 28 12 1854 8
378 51 45 63 12
378 21 45 1080 12
378 13 45 1117 12
378 74 45 1080 12
378 76 25 120 10
379 39 45 3370 12
379 73 25 1562 10
379 92 25 1316 10
379 25 12 1857 8
379 61 12 2259 8
379 81 12 2259 8
379 84 25 3149 10
379 60 12 3438 8
379 33 25 1197 10
379 64 25 3016 10
379 22 45 3772 12
379 83 45 2726 12
379 59 25 1199 10
379 57 45 3595 12
379 98 45 2203 12
379 44 25 612 10
379 12 45 1662 12
379 52 45 621 12
379 50 25 477 10
379 72 12 1589 8
379 17 45 3753 12
379 63 25 74 10
379 48 45 204 12
379 67 45 1085 12
380 12 12 910 8
380 4 45 2399 12
380 40 25 852 10
380 31 45 627 12
380 99 25 181 10
380 44 25 1717 10
380 7 12 3899 8
380 6 12 2002 8
380 41 45 3343 12
380 29 25 1695 10
380 57 45 697 12
380 75 12 594 8
380 86 25 1625 10
380 73 12 629 8
380 28 45 116 12
381 93 12 706 8
381 50 45 1925 12
381 16 25 746 10
381 15 45 1824 12
381 56 45 1490 12
381 65 12 1640 8
381 16 12 610 8
381 64 45 3285 12
381 57 25 1843 10
381 36 25 1502 10
381 99 12 610 8
381 44 25 2467 10
381 66 25 2372 10
381 95 12 353 8
381 59 45 1125 12
381 31 45 2730 12
381 67 25 1190 10
381 62 25 328 10
381 25 25 1625 10
381 89 12 1806 8
382 74 45 260 12
382 45 45 2985 12
382 14 25 1904 10
382 15 45 2597 12
382 47 45 66 12
382 68 25 3290 10
382 21 12 1371 8
382 52 12 777 8
382 47 45 2758 12
382 12 25 450 10
382 74 25 450 10
382 44 25 425 10
382 44 12 2565 8
382 26 12 1387 8
382 80 25 2843 10
382 31 25 650 10
382 87 45 84 12
382 9 25 3763 10
382 43 25 1651 10
382 94 25 1789 10
382 63 25 1143 10
382 94 45 3679 12
382 85 25 1798 10
383 93 25 336 10
383 47 12 779 8
383 30 25 1112 10
383 24 25 2124 10
383 7 25 2124 10
383 8 25 2618 10
383 18 12 1812 8
383 67 25 3455 10
383 95 25 851 10
383 42 25 851 10
383 64 45 1931 12
383 17 12 3284 8
383 77 25 2039 10
383 98 25 2395 10
383 18 45 368 12
383 27 25 1190 10
383 53 12 779 8
383 56 25 302 10
383 24 45 1731 12
383 47 25 798 10
383 94 25 798 10
383 35 12 1427 8
383 40 45 2593 12
384 7 12 1709 8
384 47 12 116 8
384 69 25 2591 10
384 34 12 93 8
384 95 45 1423 12
384 49 12 1709 8
384 40 45 1846 12
384 89 45 484 12
384 9 12 93 8
384 11 12 3392 8
384 52 25 2434 10
384 54 45 1423 12
384 28 12 1709 8
384 82 12 1619 8
384 67 45 2632 12
384 83 25 685 10
384 2 45 2632 12
384 10 25 652 10
384 98 25 2351 10
384 39 12 1709 8
384 35 12 1079 8
384 9 12 1653 8
384 23 45 1028 12
384 15 25 796 10
384 98 12 2106 8
384 33 45 344 12
384 95 12 1397 8
384 93 25 652 10
384 46 45 1971 12
385 45 45 3602 12
385 3 25 573 10
385 81 45 1790 12
385 37 12 1646 8
385 80 12 2966 8
385 84 25 1064 10
385 71 25 1154 10
385 79 45 429 12
385 3 25 1064 10
385 90 45 2600 12
385 30 12 1576 8
385 13 45 1790 12
385 29 45 3002 12
385 16 25 956 10
385 73 45 1490 12
385 0 45 3373 12
385 92 12 1646 8
385 26 12 100 8
385 60 12 15 8
385 34 25 1871 10
385 6 12 100 8
385 83 12 173 8
385 32 25 125 10
385 98 12 2458 8
385 4 25 1408 10
386 90 25 599 10
386 96 25 1108 10
386 37 25 1064 10
386 70 12 2565 8
386 41 25 1673 10
386 2 12 665 8
386 24 45 996 12
386 7 45 996 12
386 47 12 1414 8
386 10 25 3154 10
386 40 25 3154 10
386 43 25 579 10
386 3 45 3753 12
386 79 25 939 10
386 87 25 2476 10
386 0 25 172 10
386 23 25 3767 10
386 28 12 3145 8
386 69 25 3154 10
386 8 25 2838 10
386 93 45 860 12
386 38 25 1018 10
386 16 25 1329 10
386 22 25 3154 10
386 31 25 3154 10
386 25 25 1500 10
386 75 25 946 10
386 76 45 3026 12
387 20 25 1659 10
387 53 45 679 12
387 90 25 1343 10
387 97 25 2717 10
387 46 45 2515 12
387 52 25 3200 10
387 30 45 3263 12
387 15 12 2580 8
387 63 12 594 8
387 20 12 594 8
387 19 45 1490 12
387 69 25 79 10
387 13 25 3200 10
388 51 45 1780 12
388 78 12 2458 8
388 50 25 1776 10
388 47 25 602 10
388 78 45 761 12
388 49 45 774 12
388 88 45 648 12
388 70 12 3099 8
388 13 45 3030 12
388 39 25 450 10
388 32 25 1409 10
388 64 12 527 8
388 14 12 1242 8
388 92 25 3290 10
388 40 25 3002 10
388 80 45 648 12
388 28 25 939 10
388 34 25 2523 10
388 62 45 385 12
388 79 12 2902 8
388 90 25 1425 10
388 46 45 106 12
388 91 25 390 10
388 48 12 1623 8
388 62 25 3052 10
388 40 45 2137 12
388 10 12 2369 8
388 65 25 1589 10
388 96 25 1511 10
388 66 25 3458 10
389 23 45 2554 12
389 62 12 2990 8
389 76 12 1704 8
389 0 25 636 10
389 14 12 3586 8
389 81 45 2597 12
389 35 25 636 10
389 39 45 382 12
389 55 25 336 10
389 67 25 3177 10
389 51 25 941 10
389 32 45 3258 12
390 87 25 1789 10
390 7 25 2255 10
390 16 45 650 12
390 31 25 1705 10
390 43 25 2255 10
390 82 12 223 8
390 3 25 333 10
390 42 12 1443 8
390 31 45 2081 12
390 57 45 2265 12
390 96 45 218 12
390 86 25 1012 10
390 87 45 1627 12
390 68 12 3710 8
390 23 25 1038 10
390 13 25 717 10
390 3 25 1448 10
390 39 25 1932 10
390 44 25 2549 10
390 91 45 2575 12
390 37 45 2799 12
390 65 12 223 8
390 30 25 476 10
390 0 45 1730 12
390 3 25 596 10
390 88 45 883 12
390 45 25 3251 10
390 54 25 1658 10
390 31 25 596 10
390 20 25 3103 10
391 59 25 1932 10
391 16 45 2309 12
391 15 12 192 8
391 63 25 321 10
391 21 12 1854 8
391 14 25 1461 10
391 67 25 2398 10
391 12 12 3827 8
391 33 45 136 12
391 11 12 1486 8
391 72 25 3652 10
391 22 25 2761 10
391 91 25 1945 10
391 43 25 2869 10
391 40 45 136 12
391 68 45 3843 12
391 64 12 1210 8
391 69 12 1709 8
391 93 45 80 12
391 39 25 3198 10
391 74 25 445 10
391 35 12 1637 8
391 32 25 1512 10
391 72 45 1367 12
391 37 45 2417 12
391 65 25 2856 10
391 82 12 1748 8
391 39 45 3373 12
392 20 45 1553 12
392 17 45 3753 12
392 92 12 1313 8
392 38 12 1478 8
392 17 25 1520 10
392 40 12 2051 8
392 7 25 25 10
392 22 45 648 12
392 65 12 284 8
392 79 12 955 8
392 39 45 1038 12
392 59 25 2958 10
392 15 12 2894 8
392 43 25 382 10
392 0 25 277 10
392 74 25 1237 10
392 98 12 242 8
392 13 12 136 8
392 68 12 2894 8
392 24 25 1830 10
392 75 45 1191 12
392 1 12 1546 8
392 37 45 914 12
392 86 45 948 12
392 10 45 1191 12
392 17 12 2580 8
393 99 45 3889 12
393 74 25 535 10
393 64 25 636 10
393 48 12 3406 8
393 82 12 3586 8
393 98 25 1991 10
393 54 45 29 12
393 30 25 1173 10
393 44 12 2223 8
393 8 12 1048 8
393 77 45 3311 12
393 60 12 3229 8
393 29 25 1922 10
393 77 25 2362 10
393 24 25 1916 10
394 62 25 20 10
394 92 25 3636 10
394 72 45 1645 12
394 49 45 3081 12
394 67 25 1405 10
394 48 25 3636 10
394 78 45 1617 12
394 85 45 1617 12
394 17 12 3036 8
394 71 45 2600 12
394 22 45 3373 12
394 8 25 10 10
394 30 25 179 10
394 55 45 687 12
394 58 12 3448 8
394 56 25 3385 10
394 76 12 1815 8
395 72 12 836 8
395 44 12 136 8
395 84 25 539 10
395 40 12 1225 8
395 59 45 3753 12
395 31 25 476 10
395 34 12 599 8
395 80 45 3149 12
395 55 25 541 10
395 56 45 3673 12
395 69 25 329 10
395 96 12 3734 8
395 76 25 183 10
395 22 25 3385 10
395 88 25 3224 10
395 65 25 3052 10
395 61 12 2445 8
395 54 45 3623 12
395 69 45 515 12
395 82 25 1936 10
395 72 12 758 8
395 69 45 3623 12
395 69 12 1148 8
395 40 45 506 12
396 3 12 82 8
396 59 12 82 8
396 27 45 1617 12
396 54 12 82 8
396 92 12 161 8
396 88 12 161 8
396 13 12 1717 8
396 47 25 1965 10
396 18 12 1422 8
396 19 12 1564 8
396 6 45 439 12
396 46 25 750 10
396 76 45 1617 12
396 41 25 2571 10
396 4 25 192 10
396 55 12 1902 8
397 63 25 3114 10
397 92 45 3822 12
397 86 25 3224 10
397 50 12 101 8
397 97 12 680 8
397 74 45 252 12
397 14 25 684 10
397 49 25 673 10
397 62 45 591 12
397 60 25 662 10
397 18 25 662 10
397 52 25 551 10
397 55 45 687 12
397 41 25 1540 10
397 66 45 252 12
398 29 45 2065 12
398 33 45 295 12
398 60 45 1847 12
398 24 45 295 12
398 99 25 876 10
398 41 25 3774 10
398 22 45 643 12
398 91 25 937 10
398 32 25 1361 10
398 68 45 2826 12
398 93 12 2687 8
398 56 45 3422 12
398 45 12 1589 8
398 93 45 3586 12
398 73 45 2682 12
398 7 45 1177 12
398 28 45 1038 12
398 87 25 867 10
398 87 12 987 8
398 93 12 468 8
398 73 12 1906 8
398 91 25 1659 10
398 84 45 2374 12
399 76 12 353 8
399 72 12 1815 8
399 21 25 1899 10
399 56 25 1899 10
399 50 12 1079 8
399 56 25 1919 10
399 87 25 842 10
399 15 12 1915 8
399 20 25 2477 10
399 9 12 2558 8
399 17 45 89 12
399 2 25 124 10
399 20 45 928 12
399 40 25 103 10
399 37 25 103 10
399 47 25 1471 10
399 98 12 863 8
399 76 45 3818 12
399 74 12 771 8
399 38 25 937 10
399 38 25 2916 10
399 61 12 1471 8
399 20 25 1261 10
399 33 45 3818 12
399 90 12 694 8
399 62 25 1927 10
400 5 12 1385 8
400 27 12 1385 8
400 18 45 1384 12
400 72 25 468 10
400 87 45 626 12
400 79 25 1902 10
400 70 12 2495 8
400 59 12 2495 8
400 64 25 3745 10
400 57 45 3719 12
400 68 45 3412 12
400 16 45 1424 12
400 32 25 1595 10
400 49 25 3745 10
400 90 25 1571 10
400 76 25 1698 10
400 24 45 2011 12
400 88 45 1004 12
400 50 25 3474 10
400 72 45 2011 12
400 20 45 1607 12
400 49 25 1194 10
400 52 25 1571 10
400 59 25 2262 10
400 92 25 1919 10
401 67 12 379 8
401 18 25 228 10
401 63 25 1823 10
401 59 25 1823 10
401 88 12 2680 8
401 77 12 379 8
401 76 12 486 8
401 51 25 1937 10
401 52 12 1739 8
401 83 25 2718 10
401 69 25 1817 10
401 59 12 241 8
401 74 45 1852 12
401 69 45 1852 12
401 57 25 2718 10
401 69 25 2415 10
401 81 12 3525 8
401 59 25 690 10
401 35 45 1719 12
401 48 45 2684 12
401 83 45 1715 12
402 24 25 520 10
402 93 12 960 8
402 18 25 937 10
402 61 45 677 12
402 56 45 877 12
402 57 12 724 8
402 31 25 2961 10
402 99 25 181 10
402 12 25 881 10
402 31 45 928 12
402 17 12 241 8
402 88 25 2372 10
402 17 12 1452 8
402 98 45 2796 12
402 62 45 677 12
402 37 25 3298 10
402 55 25 637 10
402 75 25 937 10
402 97 45 3879 12
402 35 25 3970 10
402 97 25 1190 10
402 85 25 1842 10
402 98 45 1422 12
402 87 12 1622 8
402 69 45 1100 12
402 57 25 633 10
402 84 25 803 10
402 49 12 3387 8
402 35 25 932 10
402 60 12 3009 8
402 78 25 3385 10
402 54 45 949 12
402 19 12 2555 8
402 88 45 124 12
402 13 45 3673 12
402 48 12 1095 8
402 41 45 292 12
403 31 25 3451 10
403 91 45 3926 12
403 78 12 386 8
403 44 12 1905 8
403 35 25 3338 10
403 0 45 385 12
403 3 25 544 10
403 75 12 82 8
403 87 12 1916 8
403 73 12 1994 8
403 65 25 1628 10
403 96 25 1817 10
403 45 45 1384 12
403 22 45 3657 12
403 22 12 268 8
403 52 25 3397 10
403 51 45 605 12
403 70 45 2152 12
403 62 25 598 10
403 98 12 3822 8
403 34 12 1173 8
403 16 12 2691 8
403 17 12 2691 8
403 40 25 598 10
403 20 12 386 8
403 2 25 20 10
403 15 12 1915 8
403 48 45 107 12
403 72 25 1525 10
403 18 25 1405 10
404 70 45 1261 12
404 55 12 2056 8
404 43 45 1593 12
404 87 12 2056 8
404 76 25 136 10
404 54 12 2027 8
404 92 45 385 12
404 84 45 788 12
404 16 25 2549 10
404 96 25 672 10
404 75 12 1638 8
404 63 25 690 10
404 88 12 1627 8
404 77 25 2102 10
404 30 25 1525 10
404 63 12 1396 8
404 72 25 478 10
404 93 12 3458 8
404 54 25 478 10
404 43 12 2056 8
405 58 25 1307 10
405 74 25 1307 10
405 84 25 1412 10
405 10 12 352 8
405 95 12 313 8
405 60 25 2259 10
405 16 45 2864 12
405 92 12 3560 8
405 66 12 2688 8
405 77 45 664 12
405 64 25 1190 10
405 62 45 2079 12
405 80 45 1366 12
405 10 25 1267 10
405 16 45 1844 12
405 45 45 1500 12
405 20 45 3422 12
405 83 45 1517 12
405 67 25 1880 10
405 25 12 3270 8
405 8 12 3270 8
405 94 12 1854 8
405 70 25 2102 10
405 19 25 3458 10
405 99 25 103 10
405 24 45 364 12
405 94 25 594 10
405 14 25 1695 10
405 25 25 3385 10
405 75 25 2257 10
406 6 25 178 10
406 25 45 951 12
406 31 45 3799 12
406 79 12 2466 8
406 78 45 951 12
406 25 25 511 10
406 15 12 2967 8
406 9 12 2688 8
406 35 45 1764 12
406 82 45 990 12
406 89 12 806 8
406 55 25 1197 10
406 57 45 3753 12
406 3 45 1956 12
406 29 45 951 12
406 31 25 702 10
406 65 25 30 10
406 50 25 263 10
406 13 45 334 12
406 90 45 1956 12
406 91 25 3280 10
406 42 45 1366 12
406 46 12 363 8
406 36 25 30 10
406 99 45 2814 12
406 95 25 2911 10
407 78 25 1695 10
407 4 45 2593 12
407 71 12 1906 8
407 17 12 2313 8
407 74 12 2982 8
407 79 25 552 10
407 2 25 1816 10
407 10 25 531 10
407 19 45 524 12
407 66 25 531 10
407 44 12 1198 8
407 18 45 1370 12
407 43 45 1370 12
407 74 25 531 10
407 25 25 334 10
407 2 12 2005 8
407 22 45 1787 12
407 84 25 647 10
407 25 25 3050 10
407 52 25 531 10
407 12 12 800 8
407 18 45 1314 12
407 6 45 1109 12
407 27 25 3154 10
407 60 25 1368 10
407 48 45 3904 12
407 68 25 3921 10
407 84 12 744 8
407 49 25 261 10
408 9 25 1397 10
408 17 45 2225 12
408 37 12 3987 8
408 32 45 613 12
408 11 12 1564 8
408 9 45 2137 12
408 30 25 1464 10
408 76 25 1521 10
408 60 45 3695 12
408 5 25 132 10
408 19 25 904 10
408 20 25 1651 10
408 45 25 449 10
408 1 45 2868 12
408 55 25 2844 10
408 4 25 2045 10
408 50 25 2844 10
408 84 25 1714 10
408 38 12 2555 8
408 54 45 2461 12
408 38 25 2538 10
408 47 12 404 8
408 6 45 2137 12
408 39 25 2243 10
408 41 45 739 12
408 11 25 1399 10
408 75 25 1150 10
408 2 25 652 10
408 25 45 71 12
408 34 25 1887 10
408 91 12 2565 8
409 63 45 1495 12
409 70 12 2691 8
409 72 25 2896 10
409 72 25 3229 10
409 41 45 1284 12
409 77 25 932 10
409 84 25 928 10
409 54 25 281 10
409 83 45 902 12
409 6 45 3075 12
409 8 45 2882 12
409 93 25 3328 10
409 18 25 3385 10
409 42 12 3200 8
409 3 25 1920 10
409 30 12 1637 8
409 72 25 3397 10
409 56 25 103 10
409 28 12 1088 8
409 57 12 2637 8
409 94 12 2874 8
409 27 25 1154 10
409 65 45 1506 12
409 99 45 515 12
409 12 12 1709 8
409 48 25 314 10
409 69 12 2637 8
410 76 45 774 12
410 95 25 763 10
410 54 12 2496 8
410 44 25 332 10
410 51 45 1646 12
410 74 12 1565 8
410 67 25 1318 10
410 9 25 1904 10
410 3 12 3345 8
410 86 25 644 10
410 3 25 1165 10
410 9 12 1918 8
410 83 25 461 10
410 6 25 461 10
410 63 25 1820 10
410 42 12 121 8
410 9 12 3515 8
410 18 12 74 8
410 14 12 115 8
410 75 25 1251 10
410 85 12 1167 8
410 6 45 807 12
411 32 25 1945 10
411 76 25 1329 10
411 19 45 365 12
411 20 45 1477 12
411 72 25 2003 10
411 33 12 918 8
411 81 12 2293 8
411 67 25 1444 10
411 42 25 672 10
411 69 25 1444 10
411 58 25 1305 10
411 29 25 1329 10
411 18 45 558 12
411 88 25 3780 10
411 67 45 558 12
411 33 25 1305 10
411 34 25 1305 10
411 69 12 1906 8
411 95 12 206 8
411 58 45 1209 12
412 98 12 2612 8
412 62 25 1596 10
412 51 12 2165 8
412 8 45 1596 12
412 48 25 1729 10
412 47 25 355 10
412 29 12 3464 8
412 99 45 2158 12
412 13 12 3761 8
412 33 45 2461 12
412 1 25 3385 10
412 11 25 2682 10
412 93 45 1765 12
412 89 12 2612 8
412 54 25 1922 10
412 66 25 10 10
412 72 12 2612 8
412 36 12 2664 8
412 64 12 2664 8
412 59 12 44 8
412 87 45 1432 12
412 89 12 956 8
412 46 12 1770 8
412 41 25 1168 10
412 50 25 1168 10
413 84 45 604 12
413 27 12 968 8
413 87 25 3553 10
413 78 12 3470 8
413 36 12 3470 8
413 63 12 3923 8
413 26 12 3923 8
413 99 12 1812 8
413 85 25 1397 10
413 78 25 1782 10
413 75 12 3923 8
413 96 12 931 8
413 32 45 2282 12
413 44 45 1199 12
413 62 45 558 12
413 57 45 507 12
413 38 12 341 8
413 62 45 1229 12
413 18 45 1229 12
413 32 25 599 10
413 30 45 2399 12
413 48 12 1437 8
414 60 25 1168 10
414 41 25 1168 10
414 28 25 3900 10
414 58 45 2282 12
414 82 12 1385 8
414 72 12 1420 8
414 44 25 1248 10
414 71 12 3262 8
414 18 12 3262 8
414 85 45 3403 12
414 97 45 1465 12
414 59 45 2811 12
414 89 45 536 12
415 69 25 3231 10
415 31 12 801 8
415 80 25 3231 10
415 24 25 3901 10
415 94 12 2358 8
415 34 45 1562 12
415 39 45 1562 12
415 60 45 3471 12
415 34 12 2358 8
415 6 45 2365 12
415 78 12 1715 8
415 43 12 1812 8
415 21 12 3611 8
415 19 45 3373 12
415 28 12 666 8
415 60 12 771 8
415 36 25 3879 10
415 43 25 3385 10
415 17 45 55 12
415 49 12 2279 8
415 66 25 889 10
415 85 25 1282 10
415 51 45 1747 12
415 23 25 1909 10
415 9 12 519 8
415 84 25 535 10
415 24 25 1847 10
415 86 12 1812 8
415 63 25 1730 10
415 6 45 1500 12
415 37 45 1052 12
416 11 25 720 10
416 74 25 3332 10
416 81 25 2948 10
416 9 25 1168 10
416 55 25 3231 10
416 26 45 71 12
416 99 45 742 12
416 93 25 1842 10
416 58 25 3070 10
416 49 25 1086 10
416 10 12 1163 8
416 85 12 340 8
416 98 25 804 10
416 84 12 466 8
416 55 25 2550 10
416 36 25 409 10
416 75 25 1281 10
416 37 25 1484 10
416 48 45 3815 12
416 40 25 3658 10
416 44 25 363 10
416 50 25 1449 10
416 92 25 3984 10
416 41 45 2684 12
416 51 12 1702 8
417 18 25 3409 10
417 92 25 2291 10
417 1 45 1134 12
417 75 25 1922 10
417 2 12 96 8
417 27 25 36 10
417 82 25 1591 10
417 11 25 1591 10
417 50 25 3409 10
417 48 12 970 8
417 91 25 1731 10
417 20 12 3707 8
417 33 25 2291 10
417 2 45 764 12
417 46 25 685 10
417 77 25 685 10
417 77 25 1108 10
417 0 45 551 12
417 7 12 353 8
417 16 25 2291 10
417 19 12 220 8
417 3 25 1168 10
417 33 45 3504 12
417 32 45 3591 12
417 30 25 3287 10
417 7 12 3707 8
417 92 12 1561 8
417 82 25 2205 10
418 16 25 719 10
418 99 45 3226 12
418 18 25 1731 10
418 80 12 668 8
418 25 45 1760 12
418 24 12 1152 8
418 85 12 139 8
418 88 45 1314 12
418 58 25 1495 10
418 61 25 729 10
418 77 45 3508 12
418 8 25 1495 10
418 71 12 2038 8
418 3 45 1421 12
418 84 45 3720 12
418 14 25 2243 10
418 96 12 3072 8
418 63 45 1421 12
418 65 25 1082 10
418 76 45 540 12
418 10 12 547 8
418 15 45 540 12
419 67 25 1110 10
419 30 25 1424 10
419 65 25 1532 10
419 7 25 192 10
419 20 12 785 8
419 40 45 1906 12
419 43 45 1506 12
419 51 25 2169 10
419 70 12 785 8
419 42 12 1284 8
419 48 45 3865 12
419 98 12 3386 8
419 37 25 2169 10
419 84 45 3180 12
419 5 25 828 10
419 31 45 715 12
419 43 25 1313 10
419 5 25 593 10
419 9 12 1135 8
419 2 25 3643 10
419 21 45 2730 12
419 79 45 585 12
419 69 12 1113 8
419 12 12 3386 8
419 8 25 3385 10
419 39 25 279 10
419 46 25 2949 10
419 53 25 34 10
419 77 25 1424 10
420 49 45 419 12
420 25 12 3923 8
420 23 45 1394 12
420 17 45 3127 12
420 33 45 2586 12
420 86 45 3127 12
420 19 12 990 8
420 57 12 519 8
420 55 12 3053 8
420 64 45 1586 12
420 67 12 141 8
420 40 45 1925 12
420 72 12 1911 8
420 51 12 1911 8
420 75 25 779 10
420 45 45 1394 12
420 26 45 1715 12
420 20 12 3983 8
420 17 12 990 8
420 1 25 294 10
420 44 12 990 8
421 18 45 2378 12
421 52 12 294 8
421 34 25 950 10
421 0 25 1318 10
421 24 25 3643 10
421 78 25 2385 10
421 23 25 3643 10
421 9 25 1318 10
421 33 45 825 12
421 69 25 1263 10
421 46 45 545 12
421 14 25 2132 10
421 72 25 1816 10
421 29 25 2132 10
421 69 12 1486 8
421 73 12 1772 8
421 7 25 1054 10
421 80 12 294 8
421 82 45 2086 12
421 16 25 1674 10
421 12 25 638 10
421 93 12 2661 8
421 29 25 2010 10
421 25 12 2612 8
421 82 12 957 8
421 96 25 3479 10
422 52 45 3450 12
422 85 12 3983 8
422 88 45 1134 12
422 96 25 2538 10
422 68 25 1360 10
422 9 12 1135 8
422 64 45 1099 12
422 85 25 1750 10
422 17 25 1178 10
422 15 25 3397 10
422 91 25 1465 10
422 6 45 1328 12
422 40 12 3011 8
422 61 45 514 12
422 96 25 3240 10
422 3 12 516 8
422 82 25 1355 10
422 9 25 2955 10
422 64 25 1261 10
422 93 12 1117 8
422 37 25 2439 10
422 10 45 3809 12
422 0 25 2010 10
422 11 45 2890 12
422 50 12 2640 8
422 73 12 3917 8
422 77 25 1595 10
423 43 25 627 10
423 85 25 3054 10
423 67 45 3086 12
423 69 12 864 8
423 78 12 836 8
423 11 12 3141 8
423 1 25 2616 10
423 11 25 3883 10
423 77 25 1364 10
423 86 25 2616 10
423 40 45 433 12
423 80 25 3442 10
423 18 45 1118 12
423 44 25 3883 10
423 87 12 327 8
423 22 25 684 10
423 50 12 449 8
423 39 12 2353 8
423 46 45 1256 12
423 59 25 3442 10
423 35 25 1046 10
423 93 25 1093 10
424 7 25 3275 10
424 32 12 1686 8
424 96 12 365 8
424 84 25 574 10
424 25 45 1052 12
424 89 12 2710 8
424 50 45 1944 12
424 63 25 202 10
425 52 25 2686 10
425 48 25 3144 10
425 79 25 3257 10
425 86 12 71 8
425 50 25 3228 10
425 51 25 635 10
425 5 25 850 10
425 54 25 288 10
425 15 25 2087 10
426 89 45 3144 12
426 81 25 1484 10
426 3 45 2946 12
426 4 45 1672 12
426 8 25 3565 10
426 59 45 1118 12
426 21 25 2651 10
426 2 25 527 10
426 47 25 2826 10
426 66 12 3202 8
426 33 45 1495 12
426 56 45 3297 12
426 32 12 3248 8
426 57 45 2664 12
427 79 45 1358 12
427 1 25 294 10
427 89 25 578 10
427 59 12 2707 8
427 11 45 2895 12
427 30 12 2612 8
427 2 12 118 8
427 54 25 1411 10
427 41 12 2707 8
427 43 12 2707 8
427 42 12 1646 8
428 22 25 636 10
428 99 25 1650 10
428 97 25 924 10
428 15 25 1000 10
428 14 12 1576 8
429 46 12 241 8
429 14 25 1595 10
429 57 25 1761 10
429 99 12 814 8
429 91 25 814 10
429 53 25 1944 10
429 43 12 814 8
429 74 12 1527 8
429 29 12 255 8
429 43 25 1944 10
429 11 12 141 8
429 46 12 686 8
429 53 12 141 8
429 11 45 2633 12
429 52 25 695 10
430 1 25 575 10
430 75 12 3710 8
430 27 25 575 10
430 73 25 3824 10
430 86 45 1759 12
430 95 45 1955 12
430 10 45 2449 12
430 45 25 1572 10
430 4 25 3292 10
430 98 45 2108 12
430 88 45 2799 12
430 84 25 102 10
430 51 12 2640 8
430 13 25 317 10
430 21 45 787 12
430 30 25 935 10
430 74 45 1955 12
431 37 25 2833 10
431 49 12 141 8
431 28 25 3751 10
431 62 25 3024 10
431 65 45 1715 12
431 74 25 3395 10
431 11 12 3520 8
431 2 45 3373 12
431 21 12 701 8
431 15 12 701 8
431 40 12 701 8
431 91 25 2911 10
432 15 25 2484 10
432 65 45 2912 12
432 56 25 2484 10
432 36 12 2612 8
432 40 25 2484 10
432 21 25 1646 10
432 56 25 1082 10
432 57 25 1646 10
432 32 12 516 8
432 76 25 1916 10
433 93 45 2633 12
433 89 45 264 12
433 0 25 1864 10
433 91 45 1261 12
433 25 25 1318 10
433 46 45 1306 12
433 22 12 2565 8
433 29 45 1038 12
433 45 12 856 8
433 61 45 1102 12
434 80 25 648 10
434 5 45 1335 12
434 14 45 984 12
434 24 45 1284 12
434 7 45 1102 12
434 45 45 1335 12
434 53 12 1572 8
434 76 45 1335 12
434 99 12 1285 8
434 13 45 1102 12
434 83 45 1284 12
434 81 45 1444 12
434 49 25 2385 10
434 7 12 1768 8
435 92 25 1325 10
435 23 25 1130 10
435 23 25 1130 10
435 35 45 2619 12
435 87 12 1743 8
435 63 12 1743 8
435 55 45 2206 12
435 86 25 1674 10
435 14 45 547 12
435 20 12 3681 8
435 13 25 3843 10
435 97 12 990 8
435 0 25 2890 10
436 19 45 715 12
436 9 25 1318 10
436 12 45 293 12
436 85 45 996 12
436 75 25 1119 10
436 30 45 1403 12
436 95 45 3836 12
436 51 45 2449 12
436 57 45 3836 12
436 85 25 3385 10
437 57 25 1204 10
437 11 45 3827 12
437 42 12 1915 8
437 23 45 1284 12
437 73 45 1797 12
437 26 45 3836 12
437 81 45 3836 12
437 26 45 3836 12
437 28 12 516 8
437 49 25 852 10
437 39 45 3836 12
437 42 25 3513 10
438 8 25 2538 10
438 29 12 3257 8
438 98 25 3002 10
438 58 25 850 10
438 78 12 1354 8
438 68 25 2503 10
438 29 25 2503 10
438 82 25 1056 10
438 92 25 1318 10
438 66 25 181 10
438 40 45 2843 12
438 55 25 2707 10
439 93 45 2225 12
439 41 45 2225 12
439 78 25 1725 10
439 49 25 1725 10
439 72 45 2225 12
439 92 25 1725 10
439 22 45 2225 12
439 3 25 1725 10
439 88 45 66 12
439 5 25 373 10
439 52 12 717 8
439 41 45 902 12
439 89 25 2538 10
439 72 25 92 10
440 54 25 2549 10
440 3 12 599 8
440 18 12 3822 8
440 54 45 2298 12
440 49 25 1108 10
440 55 45 1109 12
440 2 12 3358 8
440 21 45 3231 12
440 94 25 959 10
440 31 45 82 12
440 56 25 1484 10
440 46 25 2890 10
440 8 25 673 10
440 73 45 787 12
441 36 25 2003 10
441 91 45 2854 12
441 23 25 2536 10
441 36 12 3229 8
441 56 25 2132 10
441 54 45 1346 12
442 49 25 2552 10
442 50 25 157 10
442 57 45 1102 12
442 76 45 3986 12
442 3 45 3986 12
442 28 25 85 10
442 80 25 1029 10
442 27 45 1 12
442 25 45 2854 12
442 29 12 2185 8
442 42 25 875 10
442 75 25 1395 10
442 48 25 2669 10
442 43 25 1833 10
442 28 45 1179 12
442 28 45 3287 12
442 25 25 1090 10
443 85 25 3879 10
443 86 45 3996 12
443 19 25 2648 10
443 47 12 2710 8
443 78 12 1163 8
443 80 25 2408 10
443 10 45 1469 12
443 24 25 1427 10
444 62 45 218 12
444 14 45 351 12
444 70 25 337 10
444 71 45 79 12
444 3 25 3455 10
444 32 25 150 10
444 99 25 3382 10
444 57 12 1374 8
444 65 25 3382 10
444 50 25 715 10
444 40 25 3382 10
445 97 25 570 10
445 68 12 1558 8
445 9 25 614 10
445 68 25 1768 10
445 59 25 342 10
445 75 25 2503 10
445 56 12 150 8
445 27 25 932 10
445 41 25 570 10
446 58 25 1909 10
446 61 25 1316 10
446 23 12 1336 8
446 41 25 94 10
446 15 12 2612 8
446 32 25 3386 10
446 70 45 647 12
446 30 25 3981 10
446 85 25 235 10
446 64 25 1067 10
446 35 25 94 10
447 3 45 1335 12
447 64 45 1088 12
447 37 25 371 10
447 59 25 1822 10
447 22 12 2805 8
447 8 25 190 10
447 64 25 798 10
447 74 45 2309 12
447 1 12 3257 8
447 75 25 365 10
447 59 12 3257 8
447 97 25 365 10
447 32 25 3879 10
448 84 45 3509 12
448 75 12 1731 8
448 2 12 699 8
448 38 25 3574 10
448 13 25 592 10
448 25 12 804 8
448 98 45 1030 12
448 33 12 1247 8
448 94 25 845 10
448 40 12 2565 8
448 76 12 1731 8
448 49 45 3509 12
448 7 45 204 12
448 12 25 1391 10
448 85 45 204 12
448 69 12 1731 8
448 68 12 864 8
449 84 25 3451 10
449 82 45 2593 12
449 57 45 614 12
449 62 12 686 8
449 30 25 1254 10
450 14 12 1192 8
450 64 45 1240 12
450 29 45 1240 12
450 36 12 804 8
450 45 12 1192 8
450 21 45 968 12
450 14 45 822 12
450 71 25 798 10
450 79 45 1500 12
450 37 12 1625 8
450 16 45 648 12
450 66 25 431 10
450 91 45 3560 12
450 81 25 1009 10
450 26 25 3708 10
450 31 25 920 10
450 81 25 798 10
451 57 45 753 12
451 55 25 2718 10
451 31 12 1484 8
451 68 25 798 10
451 12 25 1623 10
451 59 45 1395 12
451 90 25 450 10
451 99 45 3910 12
452 62 12 1284 8
452 62 25 2128 10
452 61 45 648 12
452 70 45 591 12
452 22 12 1198 8
452 30 25 1921 10
452 72 45 463 12
452 93 25 2648 10
452 46 45 822 12
453 84 45 1121 12
453 29 25 92 10
453 62 12 284 8
453 52 25 3397 10
453 86 12 195 8
453 84 12 3982 8
453 37 45 1515 12
453 43 12 788 8
453 28 12 284 8
454 61 25 3227 10
454 86 45 2378 12
454 67 12 1079 8
454 82 25 123 10
454 21 12 713 8
454 86 12 2185 8
454 12 25 3154 10
455 65 25 807 10
455 28 25 432 10
455 88 25 432 10
455 42 25 807 10
455 40 25 2902 10
455 13 12 3822 8
455 43 12 3521 8
455 76 12 1466 8
455 92 45 1380 12
455 82 25 1530 10
456 80 12 15 8
456 31 25 2229 10
456 70 12 1259 8
456 61 45 2388 12
457 69 45 1627 12
457 5 45 3591 12
457 86 12 2804 8
457 84 12 1382 8
457 41 25 3623 10
457 77 12 191 8
457 82 45 968 12
457 95 12 191 8
457 29 25 595 10
457 60 25 2393 10
457 2 12 2657 8
457 41 12 2804 8
457 3 25 2132 10
458 42 25 3520 10
458 88 25 1160 10
458 0 25 2221 10
458 23 25 1102 10
458 85 25 1102 10
458 5 25 1102 10
458 65 12 505 8
458 58 12 2796 8
458 83 25 109 10
458 0 25 745 10
458 48 25 1160 10
458 34 12 901 8
458 17 12 2251 8
458 35 25 3623 10
458 39 25 3623 10
459 23 12 505 8
459 30 12 418 8
459 16 25 871 10
459 81 25 871 10
459 24 25 871 10
459 18 25 2890 10
459 10 45 319 12
459 74 12 1448 8
459 12 45 319 12
459 82 45 1121 12
459 80 45 319 12
459 81 45 1346 12
459 91 45 1121 12
459 99 25 2890 10
459 8 12 2172 8
460 7 12 2230 8
460 20 12 505 8
460 28 45 1320 12
460 60 25 2692 10
460 5 25 2589 10
460 96 45 2108 12
460 14 45 1847 12
460 50 25 2692 10
460 79 12 41 8
460 41 25 648 10
460 17 25 1729 10
460 38 25 1448 10
460 24 25 2692 10
460 28 12 1135 8
460 7 45 252 12
460 28 12 2251 8
460 72 25 1789 10
460 76 25 2869 10
461 6 45 1627 12
461 34 45 1627 12
461 58 45 1627 12
461 91 25 359 10
461 6 25 1730 10
461 91 25 1224 10
461 83 25 3798 10
461 51 25 1224 10
461 74 25 745 10
461 19 25 125 10
461 84 25 3831 10
461 98 45 319 12
461 97 45 343 12
461 4 25 690 10
461 56 45 268 12
462 16 25 1730 10
462 65 25 2574 10
462 14 12 2224 8
462 61 25 1224 10
462 37 25 3559 10
462 83 25 3559 10
462 26 25 3559 10
462 6 45 1016 12
462 79 12 3204 8
462 20 12 1899 8
462 58 45 3822 12
463 84 25 1445 10
463 48 25 1658 10
463 38 25 1596 10
463 64 12 877 8
463 55 45 3819 12
463 54 45 3819 12
463 11 25 956 10
463 69 45 3819 12
463 0 12 2775 8
463 68 12 304 8
463 45 45 311 12
463 66 25 599 10
463 85 12 3248 8
463 36 25 2412 10
463 87 45 1778 12
464 56 25 2229 10
464 97 45 2461 12
464 93 45 2804 12
464 31 45 1121 12
464 90 12 1293 8
464 26 25 3274 10
464 7 45 553 12
464 85 25 1065 10
464 79 25 3274 10
464 12 25 1065 10
464 80 45 351 12
464 71 45 1839 12
464 58 25 3274 10
464 28 12 3122 8
465 41 45 402 12
465 0 25 1256 10
465 31 45 2998 12
465 44 25 293 10
465 41 45 2998 12
465 81 25 1355 10
465 35 12 1369 8
465 41 45 431 12
465 30 45 402 12
465 72 45 229 12
465 91 12 1869 8
465 44 25 308 10
465 43 25 1258 10
465 93 25 1029 10
466 75 45 3657 12
466 67 25 2669 10
466 96 25 2669 10
466 19 45 791 12
466 77 12 2640 8
466 60 25 3174 10
466 99 25 2669 10
466 2 25 2669 10
466 21 45 1690 12
466 58 25 1165 10
466 19 45 1397 12
466 24 12 3669 8
466 3 25 1224 10
466 17 25 1224 10
466 1 45 752 12
466 38 45 292 12
467 8 25 1771 10
467 94 45 791 12
467 93 25 1771 10
467 38 45 3753 12
467 67 25 3533 10
467 28 45 2106 12
467 99 25 363 10
467 71 45 1248 12
467 6 12 1466 8
467 41 25 20 10
467 71 12 1453 8
467 67 12 1466 8
467 70 25 1705 10
467 26 25 1396 10
468 55 25 254 10
468 5 12 758 8
468 44 12 3104 8
468 40 45 840 12
468 48 45 1574 12
468 80 12 3852 8
468 5 12 1179 8
468 9 25 254 10
468 92 25 3537 10
468 16 12 2384 8
468 16 25 1816 10
468 85 25 672 10
468 8 25 3856 10
468 99 45 895 12
468 18 25 1816 10
468 87 12 3906 8
468 50 45 3268 12
468 64 12 2671 8
469 6 45 1640 12
469 62 25 3927 10
469 85 12 1369 8
469 90 25 2439 10
470 12 45 2945 12
470 15 25 1484 10
470 61 45 836 12
470 92 25 731 10
470 52 45 2945 12
470 84 12 1766 8
470 55 45 836 12
470 50 45 836 12
470 16 12 1766 8
471 30 45 2891 12
471 31 25 690 10
471 56 25 2522 10
471 7 12 1766 8
471 92 12 797 8
471 66 45 2206 12
471 58 12 418 8
471 97 25 2013 10
471 83 12 3634 8
471 42 25 2259 10
471 87 25 1313 10
471 75 25 1168 10
471 14 25 332 10
471 62 12 1947 8
471 34 25 1168 10
472 24 25 1833 10
472 1 25 2674 10
472 93 12 797 8
472 87 25 3029 10
472 73 12 1173 8
473 32 12 594 8
473 15 45 2480 12
473 80 25 814 10
473 96 25 1581 10
473 65 12 3572 8
473 35 45 807 12
473 46 12 3309 8
473 2 12 1826 8
473 68 25 1581 10
473 16 12 2053 8
473 57 25 1214 10
474 96 12 3572 8
474 84 12 2796 8
474 35 45 1591 12
474 57 25 2083 10
474 25 45 1758 12
474 45 12 2478 8
474 68 25 3537 10
474 88 45 2309 12
474 38 25 1817 10
474 40 45 2480 12
474 53 45 664 12
474 69 45 515 12
474 87 45 1916 12
475 51 25 742 10
475 12 45 200 12
475 59 45 648 12
476 72 12 123 8
476 73 12 147 8
476 75 12 262 8
476 77 45 2891 12
476 71 45 2998 12
477 35 12 2496 8
477 95 25 1530 10
477 9 45 1594 12
477 37 25 2844 10
478 73 25 2766 10
478 72 25 3451 10
478 33 25 2766 10
478 99 45 1553 12
478 15 25 937 10
478 61 25 2890 10
479 39 45 1916 12
479 58 45 651 12
479 35 45 1781 12
479 92 45 664 12
479 41 25 2032 10
479 30 25 1339 10
479 84 25 3631 10
479 62 25 3102 10
479 40 25 1738 10
479 30 45 450 12
479 44 25 1355 10
479 15 25 3016 10
479 47 45 292 12
479 77 12 41 8
479 56 12 1577 8
479 1 45 825 12
479 74 12 1577 8
479 75 12 1577 8
479 56 25 1053 10
479 24 45 2791 12
480 18 12 84 8
480 55 12 3089 8
480 93 25 1816 10
480 0 12 123 8
480 5 25 705 10
480 61 25 1803 10
480 13 25 445 10
480 1 25 447 10
480 7 25 3824 10
480 56 12 84 8
480 12 12 1466 8
480 56 12 1466 8
480 50 12 1625 8
480 62 45 1759 12
480 15 25 2707 10
480 83 25 1817 10
480 36 45 1766 12
480 10 25 1478 10
480 11 45 3753 12
480 3 25 2931 10
480 88 45 2746 12
480 10 25 332 10
480 52 25 2931 10
480 73 25 3102 10
480 76 45 2746 12
480 20 12 2279 8
480 40 12 920 8
481 62 25 1709 10
481 22 25 183 10
481 94 25 1679 10
481 91 25 919 10
481 97 25 1028 10
481 53 25 130 10
481 4 25 927 10
481 80 25 1709 10
481 60 45 1623 12
481 69 45 515 12
481 19 45 167 12
481 35 45 2021 12
481 47 12 248 8
481 23 45 1766 12
481 18 45 2891 12
481 7 25 183 10
481 7 45 2853 12
481 71 25 2844 10
481 6 45 1314 12
481 84 45 895 12
481 55 25 1909 10
482 22 25 1806 10
482 46 25 731 10
482 76 45 1179 12
482 52 25 3981 10
482 46 45 1209 12
482 55 25 1806 10
482 64 45 515 12
482 59 25 1197 10
482 92 25 2205 10
482 57 25 383 10
482 40 25 3904 10
482 35 12 3449 8
482 53 45 860 12
482 62 45 655 12
482 35 25 1595 10
482 36 25 1363 10
482 28 12 2965 8
483 34 12 704 8
483 10 12 1960 8
483 11 45 3822 12
483 3 25 778 10
483 8 12 668 8
483 92 12 1608 8
483 98 45 1583 12
483 19 45 1652 12
483 78 25 11 10
483 22 25 1506 10
483 2 25 3012 10
483 13 45 3753 12
483 36 12 1595 8
484 31 25 2168 10
484 73 12 88 8
484 11 12 1768 8
484 52 12 69 8
484 86 25 236 10
484 75 25 1056 10
484 48 25 1956 10
484 87 25 2931 10
484 5 12 3461 8
484 19 25 431 10
484 0 12 1768 8
484 46 25 2931 10
484 68 25 192 10
484 14 25 890 10
485 59 45 647 12
485 87 25 3035 10
485 31 45 547 12
485 35 25 456 10
485 44 12 1035 8
485 32 12 2170 8
485 32 45 3031 12
485 73 25 1532 10
485 21 45 66 12
485 96 45 547 12
485 92 25 236 10
485 88 45 2785 12
485 54 45 647 12
486 12 25 2160 10
486 19 25 1227 10
486 41 45 1240 12
486 73 12 1090 8
486 55 25 2414 10
486 56 25 484 10
486 78 12 303 8
486 71 12 363 8
486 40 12 363 8
486 17 45 3583 12
486 90 25 2708 10
487 91 45 3560 12
487 31 45 2791 12
487 17 45 353 12
487 4 25 1165 10
487 26 45 353 12
487 18 25 2414 10
487 52 45 353 12
487 91 12 3077 8
487 56 45 353 12
487 93 45 353 12
487 99 25 347 10
487 65 12 3350 8
487 55 25 1596 10
487 98 12 3461 8
488 94 45 1981 12
488 25 25 2363 10
488 99 25 1956 10
488 84 45 3715 12
488 95 25 1982 10
489 52 45 817 12
489 90 25 2439 10
489 84 25 1927 10
489 85 25 3528 10
489 42 25 1880 10
489 66 12 2384 8
489 51 12 2384 8
489 67 25 2911 10
489 38 45 3648 12
489 8 45 1597 12
490 1 25 1899 10
490 24 25 111 10
490 36 12 3387 8
490 90 12 3387 8
490 37 45 2402 12
490 17 25 1623 10
490 75 25 335 10
490 37 25 800 10
491 97 12 3681 8
491 35 25 1883 10
491 25 12 1130 8
491 87 25 1883 10
491 92 25 1250 10
491 48 25 3767 10
491 47 45 2120 12
491 70 12 1730 8
491 30 25 1250 10
491 78 25 935 10
491 3 12 968 8
491 47 25 3767 10
491 16 12 3723 8
491 62 45 3508 12
492 73 12 2671 8
492 32 12 2445 8
492 58 12 2445 8
492 8 25 415 10
492 7 12 3152 8
492 23 12 392 8
492 49 25 396 10
492 56 25 599 10
492 66 45 1444 12
492 33 25 396 10
492 65 12 1368 8
492 59 12 2611 8
493 27 25 558 10
493 52 25 3981 10
493 72 25 394 10
493 31 45 362 12
493 48 12 987 8
493 11 25 2757 10
493 5 25 2757 10
493 76 12 987 8
493 72 12 583 8
493 3 25 896 10
493 40 25 3981 10
493 45 25 2212 10
493 90 12 987 8
493 35 12 450 8
493 59 45 600 12
494 68 12 353 8
494 1 25 1317 10
494 44 25 3029 10
494 57 45 2942 12
494 60 25 1317 10
494 92 25 1539 10
494 86 12 2622 8
494 19 25 1317 10
494 64 25 342 10
494 93 25 1660 10
494 14 25 3578 10
494 27 25 2752 10
494 99 12 2384 8
494 38 12 2384 8
495 93 45 2688 12
495 66 25 1823 10
495 42 25 240 10
495 90 25 827 10
495 42 25 373 10
495 8 12 707 8
495 86 12 908 8
495 91 25 924 10
495 92 25 3979 10
496 60 12 1355 8
496 70 12 2293 8
496 61 12 476 8
496 4 25 1143 10
496 87 45 3438 12
496 47 45 1981 12
496 59 25 1925 10
496 75 25 1925 10
496 24 25 1925 10
496 86 45 996 12
496 50 45 3054 12
496 67 12 658 8
496 82 25 1925 10
496 65 45 980 12
496 67 25 1925 10
497 94 25 641 10
497 8 25 1548 10
497 79 25 1183 10
497 20 25 2152 10
497 99 25 925 10
497 51 25 1297 10
497 6 25 1548 10
497 73 45 1843 12
498 54 25 1530 10
498 6 25 1718 10
498 28 45 1658 12
498 14 45 1931 12
498 73 12 486 8
498 63 45 2670 12
498 36 12 1923 8
498 80 25 1517 10
499 55 12 3204 8
499 22 25 293 10
499 99 45 3373 12
499 96 12 84 8
499 28 12 2445 8
499 37 25 3925 10
499 18 25 2625 10
499 63 25 2625 10
499 91 12 3511 8
499 24 25 1256 10
499 12 12 769 8
499 48 45 3373 12
499 27 25 1434 10
499 27 12 84 8
499 65 45 433 12
499 78 25 2625 10
499 59 25 1771 10
499 41 25 2916 10
499 43 25 3925 10
499 9 25 1882 10
499 25 45 2065 12
499 9 45 151 12
499 22 25 3397 10
499 94 25 3925 10
499 42 25 2050 10
500 57 12 74 8
500 31 45 527 12
500 19 25 1300 10
500 88 25 1709 10
500 94 25 2716 10
500 1 25 811 10
500 12 25 3904 10
500 98 25 3694 10
500 93 25 225 10
500 32 25 2781 10
500 23 12 251 8
500 64 45 3838 12
500 25 12 255 8
500 17 25 3016 10
500 30 12 255 8
500 29 12 255 8
500 83 45 570 12
501 34 25 1730 10
501 56 45 948 12
501 7 25 2060 10
501 92 12 245 8
501 96 25 942 10
501 21 25 1823 10
501 55 25 920 10
501 84 25 453 10
501 9 12 476 8
501 62 12 1719 8
501 51 12 1719 8
501 41 45 1198 12
501 79 12 2867 8
501 7 25 30 10
501 87 12 476 8
501 25 12 1719 8
502 61 12 368 8
502 67 25 1740 10
502 42 25 144 10
502 68 25 1511 10
502 64 25 3157 10
502 30 12 1198 8
502 37 25 2507 10
502 42 12 1955 8
502 1 12 50 8
502 49 12 908 8
502 1 12 50 8
502 61 45 621 12
502 10 45 261 12
502 81 25 2105 10
502 62 45 1881 12
502 30 25 1399 10
502 31 45 300 12
502 43 12 2721 8
502 55 12 2721 8
502 53 25 947 10
502 86 25 3280 10
502 84 25 643 10
503 18 25 1771 10
503 20 12 1430 8
503 71 25 58 10
503 95 45 973 12
503 85 12 730 8
503 71 45 1631 12
503 90 12 1433 8
503 34 12 1357 8
503 7 45 973 12
503 94 25 3059 10
503 3 12 1648 8
503 87 12 1648 8
503 64 45 973 12
503 69 45 973 12
503 27 12 1433 8
503 3 12 730 8
503 31 12 2555 8
503 66 12 2555 8
503 13 25 3292 10
503 64 12 804 8
503 23 25 3292 10
504 83 12 1952 8
504 77 45 1630 12
504 86 25 831 10
504 16 12 1430 8
504 29 12 3387 8
504 76 25 111 10
504 73 25 310 10
504 58 12 9 8
504 92 25 1057 10
504 86 25 3272 10
504 5 25 111 10
504 94 25 456 10
504 7 25 614 10
504 93 12 482 8
504 6 45 2471 12
504 36 25 3272 10
504 22 25 709 10
504 99 25 1351 10
504 82 25 1417 10
504 99 12 2478 8
504 30 25 2477 10
504 1 25 2039 10
504 4 12 383 8
505 51 12 3317 8
505 94 45 752 12
505 99 12 1990 8
505 6 25 1880 10
505 97 25 3272 10
505 24 25 568 10
505 49 12 970 8
505 52 12 3461 8
506 72 25 717 10
506 11 45 1687 12
506 69 25 1563 10
506 75 25 2478 10
506 31 12 1911 8
506 68 12 1911 8
506 35 45 3448 12
506 2 12 1911 8
506 17 25 2996 10
506 91 12 1911 8
506 61 12 2008 8
506 95 12 2008 8
506 85 12 1911 8
506 54 12 2635 8
506 70 12 1911 8
506 85 25 183 10
506 37 25 3604 10
506 90 45 3448 12
506 7 45 1102 12
507 25 12 771 8
507 14 12 771 8
507 62 45 3824 12
507 21 12 3229 8
507 90 12 2700 8
507 84 45 2471 12
507 92 12 1546 8
507 62 25 673 10
507 49 12 2348 8
507 23 12 708 8
507 78 12 3490 8
507 3 12 1952 8
507 69 25 1331 10
507 83 12 1638 8
507 38 45 1016 12
507 77 12 2496 8
507 84 45 3772 12
507 8 25 717 10
507 57 45 3772 12
507 56 45 181 12
507 74 25 3644 10
507 22 12 2860 8
507 77 25 656 10
507 81 12 1542 8
507 69 12 136 8
507 47 25 2039 10
507 19 45 835 12
507 61 45 1902 12
507 52 45 621 12
507 55 12 1923 8
507 37 12 1397 8
507 78 25 612 10
507 10 45 968 12
507 25 12 771 8
508 61 25 3385 10
508 17 45 1535 12
508 40 12 363 8
508 53 25 1528 10
508 25 45 1458 12
508 9 25 2280 10
508 44 45 1535 12
508 11 25 111 10
508 0 25 3385 10
508 79 25 2911 10
508 45 25 454 10
508 60 25 657 10
508 5 25 956 10
508 89 25 388 10
508 25 25 1530 10
508 18 12 2496 8
508 68 45 3996 12
508 5 25 1300 10
508 96 25 1184 10
508 7 45 3996 12
508 27 12 695 8
509 13 25 387 10
509 54 25 1576 10
509 95 12 1650 8
509 75 12 3099 8
509 59 45 1579 12
509 80 45 2711 12
509 79 45 312 12
509 66 12 3099 8
509 30 25 19 10
509 69 12 2874 8
509 86 45 412 12
509 98 12 3936 8
509 94 45 614 12
509 70 25 387 10
509 6 25 2669 10
509 58 12 1653 8
509 58 12 3936 8
509 98 25 387 10
509 25 25 1321 10
509 97 12 930 8
509 42 25 1069 10
509 92 25 1956 10
509 82 12 1572 8
509 59 45 3753 12
509 97 12 1274 8
509 42 45 1983 12
509 59 45 3734 12
509 37 25 387 10
509 41 25 1530 10
509 44 45 3753 12
509 16 25 387 10
509 67 25 1530 10
510 34 12 1079 8
510 76 25 1411 10
510 36 25 1817 10
510 56 45 3096 12
510 38 25 1718 10
510 12 45 3226 12
510 8 25 3016 10
510 32 25 3751 10
510 27 25 1718 10
510 63 25 1718 10
510 25 25 288 10
510 28 45 1766 12
510 4 45 327 12
510 76 45 2946 12
510 55 25 1267 10
510 76 25 1411 10
510 10 25 2549 10
510 94 25 3016 10
510 38 25 1673 10
511 44 25 2721 10
511 14 12 2192 8
511 84 12 1743 8
511 7 25 69 10
511 55 12 89 8
511 6 45 697 12
511 46 25 1589 10
511 99 45 1403 12
511 2 25 902 10
511 74 25 2403 10
511 90 25 902 10
511 92 12 1749 8
511 3 25 1878 10
511 58 25 928 10
511 83 25 3102 10
512 42 25 1740 10
512 68 12 1913 8
512 37 25 1740 10
512 66 12 1580 8
512 75 12 241 8
512 88 45 3450 12
512 92 25 1267 10
513 68 12 3122 8
513 79 25 3875 10
513 85 25 1771 10
513 27 25 3662 10
513 18 25 1771 10
513 20 12 1476 8
513 63 25 1823 10
513 2 25 3188 10
513 19 25 2927 10
513 51 12 460 8
513 29 25 1448 10
513 29 12 1476 8
513 63 45 252 12
513 44 12 3464 8
513 11 25 3875 10
513 47 25 2169 10
513 92 25 1086 10
513 35 45 973 12
513 7 12 3293 8
513 94 25 1351 10
513 47 12 3464 8
513 2 25 3107 10
514 99 25 742 10
514 21 45 2534 12
514 56 45 2932 12
514 15 45 2374 12
514 80 25 1000 10
514 58 45 3027 12
514 24 45 3027 12
514 68 25 1321 10
514 66 45 3027 12
514 16 45 1038 12
514 99 45 3027 12
514 87 45 3027 12
514 80 45 1428 12
514 25 12 1686 8
514 33 45 2834 12
514 54 25 1782 10
514 61 25 2303 10
514 23 25 2927 10
514 60 45 1038 12
514 26 25 1979 10
514 73 25 2707 10
514 3 25 1267 10
514 33 25 233 10
514 24 45 3027 12
514 41 25 2522 10
514 4 12 2426 8
514 57 25 1154 10
514 7 25 510 10
514 37 12 2426 8
514 89 12 650 8
514 8 12 2426 8
514 53 12 1476 8
515 12 45 2378 12
515 96 45 3648 12
515 25 12 2348 8
515 19 25 1916 10
515 96 12 2147 8
515 69 25 831 10
515 94 25 831 10
515 62 12 193 8
515 6 12 583 8
515 61 12 2147 8
515 46 25 324 10
515 78 25 745 10
515 13 25 2779 10
515 46 25 614 10
515 6 12 482 8
515 27 12 2616 8
515 6 12 1290 8
516 75 12 168 8
516 37 12 136 8
516 65 25 1787 10
516 53 25 598 10
516 97 45 1762 12
516 14 45 1944 12
516 60 45 1762 12
516 25 45 1407 12
516 2 25 598 10
516 36 45 1762 12
516 19 25 1471 10
516 99 12 1756 8
516 8 12 2775 8
516 60 25 1899 10
516 52 45 3373 12
516 53 45 1762 12
516 27 25 1090 10
516 77 12 2874 8
516 2 45 456 12
516 43 45 456 12
516 79 45 456 12
516 39 25 638 10
517 52 12 1500 8
517 8 12 971 8
517 50 12 249 8
517 48 45 3450 12
517 76 25 784 10
517 61 12 1500 8
517 26 12 1500 8
517 26 25 1057 10
517 33 12 2259 8
517 31 45 2992 12
517 93 25 463 10
517 29 25 2478 10
517 63 25 668 10
517 85 45 2765 12
517 73 12 1911 8
517 70 12 971 8
517 34 12 139 8
517 2 45 768 12
517 56 25 1258 10
517 86 25 1495 10
517 73 25 3973 10
518 76 25 1769 10
518 11 12 647 8
518 25 25 757 10
518 24 25 1769 10
518 74 12 1947 8
518 19 25 2320 10
518 67 25 3658 10
518 14 12 2210 8
518 45 25 3658 10
518 32 25 3658 10
518 24 25 1589 10
518 79 25 2887 10
518 83 25 2054 10
518 58 25 4 10
518 50 12 647 8
518 89 25 2054 10
518 97 12 647 8
518 47 45 2597 12
518 23 25 1769 10
518 66 25 3272 10
518 11 25 2003 10
519 6 25 1057 10
519 38 25 2563 10
519 76 25 814 10
519 97 25 1361 10
519 43 25 2563 10
519 62 25 1578 10
519 31 12 945 8
519 2 25 344 10
519 56 12 1080 8
519 90 25 2600 10
519 49 12 5 8
519 54 12 1080 8
519 62 25 1361 10
519 24 25 344 10
519 8 12 945 8
520 71 25 858 10
520 42 25 2658 10
520 86 45 602 12
520 12 25 10 10
520 95 25 29 10
520 18 45 906 12
520 1 12 2946 8
520 93 25 179 10
520 94 12 2511 8
520 96 25 196 10
520 10 45 2282 12
520 48 25 1561 10
520 82 12 3395 8
520 33 25 10 10
520 90 12 3395 8
520 48 45 1805 12
520 35 25 277 10
520 63 12 970 8
520 90 45 1208 12
520 24 25 261 10
520 88 12 864 8
520 38 12 1427 8
520 84 12 970 8
520 73 25 2129 10
520 48 45 510 12
521 34 45 1108 12
521 88 25 1204 10
521 71 45 1490 12
521 84 25 1204 10
521 7 25 10 10
521 29 45 84 12
521 3 45 2564 12
521 11 45 3824 12
521 35 45 1199 12
521 10 45 1719 12
521 80 45 382 12
521 95 12 2028 8
521 25 25 987 10
521 76 12 2011 8
522 35 12 1757 8
522 76 12 31 8
522 17 25 2209 10
522 37 25 3865 10
522 25 45 3149 12
522 17 25 3850 10
522 75 25 1281 10
522 13 12 1619 8
522 22 25 1111 10
522 16 45 902 12
522 36 12 1623 8
522 98 25 1769 10
522 96 25 1270 10
522 85 12 1623 8
522 85 25 1768 10
523 2 45 3161 12
523 60 12 353 8
523 34 25 1563 10
523 56 25 1596 10
523 13 12 1719 8
523 3 12 1619 8
523 11 12 1619 8
523 59 25 997 10
523 41 25 72 10
524 57 25 2209 10
524 59 45 2560 12
524 67 25 310 10
524 67 25 2677 10
524 20 25 3385 10
524 75 12 1118 8
524 71 25 1300 10
524 13 12 1481 8
524 95 25 2677 10
524 1 12 1118 8
524 94 12 5 8
524 23 25 787 10
524 60 45 1899 12
524 70 12 2915 8
524 29 25 469 10
524 75 45 1590 12
524 38 45 2490 12
524 49 25 491 10
524 2 45 1983 12
524 90 45 278 12
524 15 45 3996 12
524 18 12 1911 8
524 97 45 3996 12
524 72 45 3996 12
525 30 25 879 10
525 75 25 1561 10
525 84 25 3544 10
525 19 45 3361 12
525 58 45 614 12
525 52 45 3547 12
525 16 25 261 10
525 96 25 1946 10
525 77 45 3627 12
525 90 45 1155 12
525 5 25 2478 10
525 73 25 1684 10
525 98 25 1059 10
525 35 12 2536 8
526 57 45 3361 12
526 18 45 3598 12
526 9 12 1319 8
526 40 45 181 12
526 49 45 3598 12
526 65 12 1319 8
526 28 25 1283 10
526 61 45 1456 12
526 51 12 1198 8
526 54 12 3512 8
526 34 12 1319 8
526 62 12 1285 8
526 22 45 3700 12
526 21 12 1319 8
526 6 12 2886 8
527 94 45 3361 12
527 61 12 466 8
527 29 12 1319 8
527 27 12 2407 8
527 81 12 2624 8
527 46 12 1118 8
527 93 12 5 8
527 35 12 2147 8
527 22 25 1502 10
527 71 25 151 10
527 63 25 2716 10
527 14 25 1377 10
527 36 12 1490 8
527 5 12 191 8
527 33 25 3922 10
527 5 25 675 10
527 60 12 2691 8
527 43 25 1823 10
527 14 12 502 8
527 58 12 777 8
527 40 12 2468 8
527 62 25 867 10
527 43 12 1839 8
527 42 25 1183 10
527 54 25 1717 10
527 62 25 763 10
527 16 25 2692 10
527 62 12 74 8
527 36 12 3529 8
527 47 25 1111 10
528 53 25 1313 10
528 3 45 1344 12
528 34 12 2011 8
528 20 12 1899 8
528 21 45 2374 12
528 70 12 3918 8
528 72 25 806 10
528 68 45 1344 12
528 78 45 3759 12
528 21 12 1242 8
528 65 45 1454 12
528 18 12 1130 8
528 6 25 1313 10
528 87 25 1183 10
528 27 45 1814 12
528 56 45 3990 12
528 99 12 3529 8
528 93 45 2642 12
528 74 45 2642 12
528 17 25 1313 10
529 38 12 629 8
529 86 25 266 10
529 43 45 3127 12
529 63 12 5 8
529 9 25 1823 10
529 25 45 1102 12
529 10 12 1554 8
529 12 25 1318 10
529 87 25 2766 10
529 11 25 1803 10
529 16 25 3992 10
529 29 25 2507 10
529 58 12 1554 8
529 4 12 1685 8
530 79 12 1989 8
530 44 12 3649 8
530 44 12 171 8
530 58 12 171 8
530 66 25 719 10
530 45 12 505 8
530 26 25 3355 10
530 53 12 553 8
530 99 25 719 10
530 5 12 460 8
530 22 25 2966 10
530 96 25 2799 10
530 15 45 345 12
530 48 45 2004 12
530 68 25 2255 10
530 19 45 3361 12
530 65 25 719 10
530 23 45 1674 12
530 70 25 1111 10
530 45 25 197 10
530 59 25 3872 10
530 98 12 1390 8
531 87 25 1731 10
531 77 45 3185 12
531 18 25 1478 10
531 57 45 3810 12
531 30 25 3169 10
531 59 45 2538 12
531 47 12 3169 8
531 37 12 3710 8
531 43 12 84 8
531 60 12 647 8
531 70 45 185 12
531 63 45 185 12
531 59 12 1481 8
531 29 12 981 8
531 53 12 1709 8
531 91 25 3320 10
531 7 12 1709 8
531 18 25 1478 10
531 37 12 981 8
531 14 45 650 12
531 42 12 5 8
532 9 12 2691 8
532 53 25 1782 10
532 86 12 2691 8
532 42 45 2399 12
532 75 25 2655 10
532 5 12 2691 8
532 6 12 1291 8
532 76 25 3415 10
532 99 12 1198 8
532 9 12 2707 8
532 32 45 1794 12
532 13 25 919 10
532 92 45 2754 12
532 75 25 2861 10
532 34 25 3415 10
533 14 45 647 12
533 59 12 832 8
533 99 45 614 12
533 44 25 891 10
533 50 12 1454 8
533 35 45 1008 12
533 61 25 1971 10
533 74 45 614 12
533 40 45 1635 12
533 91 25 1882 10
533 13 12 3669 8
533 80 12 3669 8
533 77 25 2861 10
534 14 25 644 10
534 29 12 1291 8
534 32 12 3521 8
534 71 25 806 10
534 83 45 2480 12
534 56 45 3401 12
534 80 45 647 12
534 51 45 647 12
534 7 12 3611 8
534 61 12 771 8
534 81 12 2038 8
534 79 12 3229 8
534 83 45 3401 12
534 43 12 9 8
534 42 25 3574 10
534 75 45 647 12
534 58 12 822 8
535 24 25 2503 10
535 15 45 3759 12
535 45 25 1833 10
535 6 45 1199 12
535 36 25 3775 10
535 95 45 3401 12
535 63 45 124 12
535 48 25 1967 10
535 86 12 104 8
535 8 25 3723 10
535 44 12 1995 8
535 73 25 574 10
535 23 45 1102 12
535 3 45 1211 12
535 91 25 3385 10
535 87 25 3679 10
536 38 25 1506 10
536 10 25 195 10
536 36 25 2766 10
536 72 25 2144 10
536 51 25 1471 10
536 12 12 88 8
536 95 25 178 10
536 55 25 1761 10
536 56 12 3811 8
536 46 45 585 12
536 49 25 729 10
536 19 25 2272 10
536 28 45 373 12
536 21 12 88 8
536 34 25 2144 10
536 76 25 2144 10
536 19 25 195 10
536 90 25 2766 10
536 58 25 2144 10
537 60 12 771 8
537 7 12 1757 8
537 68 25 2861 10
537 88 12 1321 8
537 12 12 2556 8
537 28 45 1008 12
537 59 45 1794 12
537 87 12 1757 8
537 50 25 1482 10
537 40 45 3810 12
537 69 25 1482 10
537 78 25 927 10
537 45 45 1602 12
537 87 25 445 10
537 94 12 1757 8
537 18 25 277 10
537 32 25 111 10
537 83 25 1532 10
537 25 45 1401 12
537 37 12 2721 8
537 94 25 432 10
537 72 45 2213 12
537 31 25 636 10
537 56 12 2735 8
537 20 12 706 8
537 26 12 161 8
537 14 25 2617 10
537 48 25 919 10
537 29 25 160 10
537 71 12 3204 8
538 1 12 1490 8
538 77 25 198 10
538 25 25 1471 10
538 31 25 3872 10
538 61 45 1991 12
538 49 12 1926 8
538 15 25 2670 10
538 9 25 588 10
538 40 25 1659 10
538 10 45 76 12
538 45 12 1079 8
539 23 12 777 8
539 55 12 1390 8
539 92 12 627 8
539 58 45 1627 12
539 83 25 320 10
539 83 12 1335 8
540 66 25 2669 10
540 65 45 547 12
540 51 12 1014 8
540 51 12 599 8
540 65 45 547 12
540 80 12 814 8
540 7 45 547 12
540 47 25 2453 10
540 4 25 1079 10
540 81 12 722 8
540 69 25 1079 10
540 80 45 227 12
540 30 12 1585 8
540 32 25 1079 10
540 48 12 599 8
540 84 12 1454 8
540 56 12 599 8
541 75 45 1068 12
541 50 12 1118 8
541 17 25 1714 10
541 62 25 612 10
541 18 45 1231 12
541 30 12 1624 8
541 23 12 3906 8
541 97 12 2556 8
541 56 25 1714 10
541 88 12 74 8
541 55 45 3097 12
541 43 25 3306 10
541 7 45 1733 12
541 47 12 1413 8
541 54 25 2482 10
541 20 45 1899 12
541 13 25 1079 10
541 82 12 82 8
541 94 25 2669 10
541 35 45 3144 12
541 82 45 569 12
542 33 12 462 8
542 16 25 826 10
542 73 25 2890 10
542 24 25 1700 10
542 85 12 2170 8
542 41 25 2613 10
542 72 25 2482 10
542 73 25 826 10
542 49 45 729 12
542 9 12 1118 8
542 10 25 351 10
542 51 45 1636 12
542 84 45 1780 12
542 63 45 216 12
542 23 25 2599 10
543 34 25 371 10
543 40 25 351 10
543 16 25 3671 10
543 0 12 407 8
543 3 25 1788 10
543 86 25 351 10
543 82 25 1788 10
543 32 12 1180 8
543 72 25 1788 10
543 58 45 1639 12
543 67 25 565 10
543 45 25 1005 10
543 3 25 2336 10
544 32 25 3355 10
544 93 25 317 10
544 49 12 1623 8
544 39 45 2121 12
544 12 45 1005 12
544 74 12 1730 8
544 2 25 3275 10
544 45 12 3374 8
544 39 25 2154 10
544 85 25 406 10
544 58 45 2709 12
544 51 25 418 10
544 4 12 3225 8
544 97 12 2556 8
544 81 45 3405 12
544 93 12 3987 8
544 36 25 214 10
544 43 25 347 10
544 28 45 2183 12
545 70 45 1524 12
545 32 25 1902 10
545 25 45 393 12
545 79 12 82 8
545 41 25 3224 10
545 20 25 2071 10
545 5 25 3224 10
545 89 25 636 10
545 77 25 584 10
545 35 45 405 12
545 21 45 987 12
545 40 25 347 10
546 25 12 3018 8
546 2 12 2710 8
546 57 45 1052 12
546 75 45 1155 12
546 22 25 2942 10
546 85 25 598 10
546 11 45 214 12
546 50 12 1199 8
546 29 12 1107 8
546 82 12 1719 8
547 40 25 201 10
547 88 12 2984 8
547 29 45 3177 12
547 76 25 3349 10
547 66 25 347 10
547 65 25 1217 10
547 65 25 1217 10
547 6 25 2478 10
547 4 25 445 10
547 65 25 445 10
547 69 25 1217 10
547 82 12 1217 8
547 53 25 1016 10
547 69 25 3241 10
547 98 12 777 8
547 42 25 824 10
547 21 12 1637 8
548 3 12 347 8
548 83 25 3824 10
548 97 25 1705 10
548 65 12 3461 8
548 83 25 3385 10
548 19 25 544 10
548 95 12 347 8
548 29 12 1454 8
548 40 25 2777 10
548 82 25 3471 10
548 22 25 2200 10
548 26 45 1907 12
548 81 45 3582 12
549 42 25 1793 10
549 43 45 480 12
549 97 45 1510 12
549 86 12 1619 8
549 29 45 1510 12
549 8 25 374 10
549 34 45 902 12
549 59 12 2640 8
549 88 12 1619 8
549 87 45 1363 12
549 62 45 1510 12
549 28 45 2946 12
549 47 12 2389 8
549 77 45 1510 12
549 36 25 1949 10
549 36 25 200 10
549 80 45 514 12
549 67 45 1510 12
550 0 25 1664 10
550 23 12 1452 8
550 16 45 299 12
550 54 12 3036 8
550 34 45 1662 12
550 87 45 1662 12
550 36 25 447 10
550 86 25 2495 10
550 20 45 1502 12
551 67 45 2942 12
551 75 12 1454 8
551 18 45 2485 12
551 91 12 313 8
551 60 45 547 12
551 54 12 313 8
551 99 45 2942 12
551 41 25 2023 10
551 46 45 1780 12
551 22 12 313 8
551 29 12 3461 8
551 74 12 50 8
551 83 12 1138 8
552 33 12 1433 8
552 65 25 2292 10
552 41 45 3766 12
552 26 25 787 10
552 82 45 1023 12
552 86 12 3989 8
552 23 45 1149 12
552 39 25 636 10
552 32 25 447 10
552 38 25 2757 10
552 96 45 1990 12
552 5 45 647 12
552 14 12 1640 8
552 42 12 1640 8
552 58 12 1640 8
552 57 12 904 8
552 6 12 1640 8
552 6 25 29 10
552 84 45 664 12
552 14 12 2561 8
552 52 45 335 12
552 68 12 190 8
553 90 25 831 10
553 33 12 1383 8
553 99 25 1069 10
553 43 45 1118 12
553 17 25 371 10
553 64 25 502 10
553 61 45 3373 12
553 39 12 1720 8
553 43 12 3989 8
554 94 12 3141 8
554 92 12 1811 8
554 32 25 742 10
554 89 45 899 12
554 89 12 1413 8
554 47 45 899 12
554 83 45 2992 12
554 60 45 3926 12
554 54 25 1583 10
554 83 25 762 10
554 54 45 3547 12
555 83 45 300 12
555 93 12 74 8
555 43 12 717 8
555 4 25 1018 10
555 39 12 74 8
555 45 12 2547 8
555 42 25 1496 10
555 91 12 347 8
555 13 12 1641 8
555 42 45 2094 12
555 87 25 2507 10
555 99 25 1209 10
556 57 25 2503 10
556 86 12 3906 8
556 5 25 1530 10
556 96 12 1577 8
557 84 25 2362 10
557 42 25 1143 10
557 48 12 458 8
557 77 25 2692 10
557 79 25 719 10
557 69 25 719 10
557 51 45 292 12
557 63 45 174 12
557 79 25 953 10
557 46 45 174 12
557 70 12 3830 8
557 88 25 1328 10
557 54 25 2144 10
557 87 12 2458 8
557 56 45 1678 12
557 76 25 3241 10
558 37 12 1902 8
558 71 45 1199 12
558 95 45 849 12
558 99 25 3224 10
558 66 25 804 10
558 66 12 2458 8
558 18 45 1866 12
558 42 12 1047 8
558 94 45 2758 12
558 92 25 3070 10
558 33 45 647 12
558 79 25 3872 10
558 25 12 1047 8
558 56 12 2547 8
558 96 25 1478 10
558 38 12 1619 8
558 11 25 2398 10
558 31 25 3070 10
558 73 25 3002 10
558 78 25 2890 10
558 86 25 2337 10
558 53 25 3319 10
558 53 45 3715 12
558 69 25 482 10
558 48 12 647 8
558 13 12 1619 8
558 29 25 1171 10
558 33 25 1396 10
558 1 45 1199 12
559 35 25 2118 10
559 87 45 3405 12
559 9 12 955 8
559 36 45 810 12
559 58 45 1725 12
559 66 12 3586 8
559 37 45 2205 12
559 3 45 1725 12
559 0 25 1962 10
559 93 12 1397 8
559 28 25 2169 10
559 48 25 134 10
559 93 12 701 8
559 38 25 1171 10
559 75 25 3163 10
559 63 45 1211 12
559 27 25 3154 10
559 62 25 310 10
559 76 25 2092 10
559 32 25 3658 10
560 19 25 579 10
560 5 45 1429 12
560 93 12 437 8
560 83 12 2410 8
560 54 25 2541 10
560 53 25 1161 10
560 71 25 1171 10
560 97 25 1053 10
560 97 25 3978 10
560 95 25 1784 10
560 19 12 406 8
560 5 45 2411 12
560 17 25 3969 10
560 99 25 3318 10
560 2 25 1751 10
560 39 25 3969 10
560 14 25 2436 10
560 66 25 1282 10
560 11 25 3969 10
561 66 45 835 12
561 49 25 3292 10
561 17 25 624 10
561 99 45 3145 12
561 20 45 2694 12
561 37 25 347 10
561 52 25 2761 10
561 90 25 2671 10
562 67 12 491 8
562 60 45 3673 12
562 95 45 1668 12
562 17 25 414 10
562 31 25 1967 10
562 1 12 1737 8
562 39 45 1803 12
562 37 45 921 12
562 70 12 427 8
562 0 25 426 10
562 89 45 3472 12
562 37 45 3472 12
562 87 12 2011 8
563 39 45 1108 12
563 76 25 204 10
563 78 25 1833 10
563 10 45 2765 12
563 12 45 1314 12
563 34 25 3929 10
563 29 45 1108 12
563 31 25 716 10
563 78 12 491 8
563 26 12 1507 8
563 40 12 1507 8
563 10 25 463 10
563 89 12 3669 8
563 42 12 1383 8
563 95 25 178 10
563 1 12 893 8
563 38 12 191 8
563 66 25 558 10
563 36 25 2152 10
563 33 25 598 10
563 20 45 3586 12
563 59 45 899 12
563 37 25 1102 10
563 55 25 778 10
563 41 12 777 8
563 1 25 3704 10
563 44 25 3198 10
563 79 25 640 10
563 90 45 3673 12
563 99 45 3673 12
564 98 45 1017 12
564 19 45 840 12
564 26 25 1669 10
564 32 45 2974 12
564 18 25 504 10
564 16 25 3696 10
564 96 45 1008 12
564 0 12 3293 8
564 96 45 2952 12
564 1 45 602 12
564 69 45 547 12
564 53 25 1669 10
564 7 12 15 8
564 22 25 1086 10
565 4 25 1793 10
565 21 12 2814 8
565 84 25 247 10
565 46 25 1444 10
565 58 45 1130 12
565 4 45 1808 12
565 67 45 2309 12
565 81 25 3866 10
565 79 25 3319 10
565 34 45 507 12
565 21 25 1411 10
565 29 25 1659 10
565 74 45 1130 12
565 48 12 1902 8
565 65 25 2781 10
565 6 25 1696 10
565 52 45 290 12
565 74 25 2381 10
565 40 25 702 10
565 16 12 1778 8
565 96 25 1696 10
565 83 25 1916 10
565 78 25 828 10
565 71 45 1130 12
565 89 45 3617 12
565 90 12 3343 8
565 43 45 2323 12
565 96 25 702 10
566 72 12 411 8
566 81 25 1730 10
566 48 12 1894 8
566 34 12 1524 8
566 0 12 1894 8
566 39 12 316 8
566 87 45 3554 12
566 80 25 3052 10
566 59 12 245 8
566 0 45 222 12
566 50 45 560 12
566 43 45 540 12
567 98 25 1224 10
567 31 25 3198 10
567 87 45 3405 12
567 61 12 1505 8
567 42 25 2917 10
567 95 25 2125 10
567 22 12 2637 8
567 33 45 2203 12
567 99 45 1465 12
567 19 45 167 12
568 81 25 402 10
568 87 25 1646 10
568 49 12 1619 8
568 45 12 1619 8
568 85 12 710 8
568 33 25 867 10
568 83 12 685 8
568 38 45 2649 12
568 82 25 1478 10
568 68 25 2259 10
568 89 25 1877 10
568 55 25 1751 10
568 48 25 717 10
569 54 12 1906 8
569 96 12 3858 8
569 13 45 3637 12
569 97 25 942 10
569 58 25 201 10
569 18 45 982 12
569 35 12 3906 8
569 48 25 677 10
569 61 25 915 10
569 4 12 1507 8
569 52 45 2879 12
569 51 25 902 10
569 89 25 1200 10
569 11 25 3156 10
569 12 45 1734 12
569 79 12 2735 8
569 43 25 3156 10
569 89 25 1751 10
569 19 25 3578 10
569 86 12 3515 8
569 90 25 1698 10
569 59 12 1507 8
569 90 45 479 12
569 33 45 3744 12
569 15 25 259 10
569 41 25 1751 10
569 4 25 3578 10
569 3 45 982 12
569 41 12 3592 8
569 84 45 1788 12
569 74 12 2826 8
570 62 25 157 10
570 48 25 1804 10
570 79 12 2189 8
570 31 45 1131 12
570 41 45 1108 12
570 89 45 1108 12
570 64 45 3512 12
570 10 45 535 12
570 63 12 1893 8
570 74 45 1098 12
570 0 12 1815 8
570 32 25 371 10
570 54 25 2257 10
570 71 45 3361 12
570 7 25 1591 10
570 71 12 3525 8
570 4 25 608 10
570 62 25 729 10
570 90 45 535 12
571 36 12 1893 8
571 42 25 1575 10
571 67 12 2091 8
571 18 25 3741 10
571 27 12 2091 8
571 36 45 614 12
571 54 45 2682 12
571 23 45 768 12
571 24 12 2213 8
571 15 12 1499 8
571 49 25 2480 10
571 88 45 2441 12
571 23 45 2441 12
571 85 12 2561 8
571 92 12 3677 8
571 9 12 3324 8
572 44 45 1407 12
572 94 45 2932 12
572 57 45 1130 12
572 51 12 791 8
572 43 25 3200 10
572 38 12 2091 8
572 2 45 220 12
572 16 45 2586 12
572 3 25 3057 10
572 54 25 2023 10
572 47 25 1529 10
572 36 45 2682 12
572 97 45 1765 12
572 53 45 1903 12
572 11 12 2316 8
572 15 12 1641 8
572 64 12 2316 8
572 86 12 1413 8
572 71 25 2766 10
572 15 45 3888 12
573 97 45 290 12
573 71 12 2640 8
573 55 25 3851 10
573 30 25 432 10
573 53 12 3958 8
573 89 12 3678 8
573 25 45 222 12
573 88 25 1798 10
573 73 12 2640 8
573 79 45 541 12
573 51 45 2942 12
573 30 45 591 12
573 98 45 2864 12
573 18 45 2942 12
573 76 25 1378 10
573 20 45 290 12
573 57 12 727 8
574 49 12 704 8
574 14 12 2390 8
574 40 45 692 12
574 27 25 2917 10
574 73 12 1716 8
574 90 12 2657 8
574 66 25 1401 10
574 93 25 1401 10
574 63 45 2229 12
574 73 25 2090 10
574 85 25 3443 10
574 38 25 1623 10
574 70 25 125 10
575 51 25 469 10
575 34 12 1815 8
575 87 25 3332 10
575 68 12 2388 8
575 60 25 2554 10
575 44 25 525 10
575 96 45 1365 12
575 16 12 1815 8
575 42 45 711 12
575 1 45 899 12
575 44 45 711 12
576 31 12 2381 8
576 10 25 2315 10
576 21 45 990 12
576 0 12 3299 8
576 61 12 1905 8
576 56 45 1852 12
576 48 12 814 8
576 90 45 3621 12
576 91 25 579 10
576 91 12 1396 8
576 60 45 1840 12
576 55 45 261 12
576 70 25 1378 10
576 79 45 284 12
576 29 12 1645 8
577 87 12 886 8
577 68 25 1318 10
577 79 45 3974 12
577 37 12 2814 8
577 84 45 1931 12
577 23 25 662 10
577 52 45 2758 12
577 0 12 2207 8
577 45 45 1130 12
577 41 25 1045 10
577 39 25 3328 10
577 21 45 1365 12
578 19 25 3397 10
578 68 25 1167 10
578 34 45 789 12
578 95 25 829 10
578 89 25 1625 10
578 68 25 201 10
578 6 25 1398 10
578 11 45 1988 12
578 74 45 1410 12
578 83 25 460 10
578 93 45 1076 12
578 36 25 149 10
578 38 12 852 8
578 34 25 2259 10
579 71 25 1761 10
579 97 12 2984 8
579 14 45 3974 12
579 87 45 3974 12
579 60 25 201 10
579 0 25 2205 10
579 77 25 1251 10
579 22 45 1429 12
579 8 45 2268 12
579 46 12 954 8
579 77 25 2229 10
579 13 12 727 8
579 16 12 1525 8
579 72 12 744 8
579 71 12 204 8
579 70 25 828 10
579 97 45 2268 12
579 29 25 1842 10
579 55 25 511 10
580 43 45 1890 12
580 77 45 3085 12
580 80 25 3710 10
580 55 12 3807 8
580 54 12 994 8
580 53 25 3157 10
580 84 12 994 8
580 97 12 994 8
580 32 12 188 8
580 41 25 1761 10
580 41 45 1931 12
580 27 45 2323 12
580 71 12 3295 8
580 18 25 482 10
580 72 25 109 10
580 14 25 1429 10
580 97 12 3015 8
580 81 25 734 10
580 66 25 2383 10
580 73 12 3015 8
580 43 12 3141 8
580 63 45 252 12
580 91 25 1135 10
580 77 25 29 10
580 16 12 2207 8
580 61 45 3361 12
580 66 25 3710 10
580 1 25 757 10
580 83 45 3085 12
580 76 25 1045 10
580 51 25 1135 10
580 63 25 386 10
580 50 12 3807 8
580 67 25 1511 10
581 56 25 1283 10
581 4 12 1080 8
581 3 25 3240 10
581 40 12 1080 8
581 70 25 2890 10
581 99 12 3734 8
581 51 12 3225 8
581 73 12 3225 8
581 79 25 3240 10
581 33 25 2554 10
581 72 25 904 10
581 11 25 2300 10
581 88 25 3156 10
581 48 25 3156 10
581 57 12 1009 8
582 96 45 3317 12
582 0 25 867 10
582 31 45 3317 12
582 98 45 1916 12
582 97 12 3145 8
582 33 12 167 8
582 65 12 2892 8
582 75 12 1797 8
582 80 12 3145 8
582 4 12 629 8
582 80 12 629 8
582 86 12 1894 8
582 15 25 178 10
582 61 12 1696 8
582 1 25 867 10
582 97 25 3280 10
582 0 45 3317 12
582 81 25 1693 10
582 53 25 1806 10
582 28 12 1894 8
582 31 25 445 10
582 12 12 1696 8
582 38 12 62 8
582 76 45 1627 12
582 7 25 1806 10
582 18 12 527 8
582 39 12 3917 8
582 18 12 3917 8
582 25 45 692 12
582 74 12 1696 8
582 70 12 852 8
583 1 45 1679 12
583 59 45 229 12
583 98 45 810 12
583 40 45 3108 12
583 87 25 3059 10
583 69 25 2647 10
583 34 12 3634 8
583 55 12 706 8
583 32 12 1016 8
583 68 12 1242 8
583 74 12 2974 8
583 52 45 540 12
583 32 25 1751 10
583 6 45 3075 12
583 18 45 119 12
583 14 25 2233 10
583 6 12 2974 8
583 83 45 235 12
583 96 25 3059 10
583 30 45 1719 12
583 61 12 895 8
583 35 25 203 10
583 82 25 1236 10
583 98 12 2974 8
583 17 45 228 12
583 63 45 284 12
583 69 45 1719 12
583 1 12 3145 8
583 83 12 662 8
583 53 45 228 12
583 41 12 797 8
583 54 25 1827 10
583 9 12 1778 8
583 5 25 469 10
583 83 25 1827 10
583 82 25 2362 10
584 98 12 1906 8
584 32 25 2060 10
584 42 25 201 10
584 40 25 1659 10
584 3 25 658 10
584 38 25 3002 10
584 45 12 82 8
584 53 12 706 8
584 26 12 1596 8
584 47 12 2091 8
584 40 25 1481 10
584 56 12 2223 8
584 86 25 625 10
584 44 45 385 12
584 18 25 1168 10
584 32 25 1542 10
584 19 45 2298 12
584 28 45 1902 12
584 15 12 861 8
584 21 12 3515 8
584 64 25 1571 10
584 75 25 565 10
584 63 12 1906 8
584 98 25 1591 10
584 57 45 1719 12
585 18 45 1636 12
585 33 25 3458 10
585 74 12 3795 8
585 16 12 2680 8
585 88 12 2038 8
585 60 12 1684 8
585 79 25 192 10
585 14 25 1135 10
585 86 25 2391 10
585 93 45 261 12
585 90 25 60 10
585 55 25 2582 10
585 74 45 1614 12
585 23 25 172 10
585 75 45 331 12
585 80 25 3198 10
585 69 25 867 10
585 91 25 172 10
585 42 45 1564 12
585 81 12 1130 8
585 17 12 2213 8
585 95 25 1149 10
585 71 25 1149 10
586 39 12 1455 8
586 29 12 502 8
586 84 45 1061 12
586 11 12 3015 8
586 44 12 827 8
586 75 25 675 10
586 71 45 2197 12
586 85 25 22 10
586 38 25 22 10
586 8 25 2582 10
586 37 25 783 10
586 62 25 783 10
586 21 25 1644 10
586 81 12 1455 8
586 36 12 1561 8
586 81 45 3405 12
586 38 45 1725 12
586 46 25 1499 10
586 73 25 1751 10
586 77 12 827 8
586 88 25 3414 10
586 82 25 1622 10
586 58 25 34 10
586 74 45 228 12
586 63 25 1703 10
586 55 45 381 12
587 81 25 478 10
587 49 25 478 10
587 16 12 1357 8
587 42 12 2957 8
587 67 25 2868 10
587 70 25 1495 10
587 96 12 3464 8
587 57 12 908 8
587 88 12 1893 8
587 62 25 677 10
587 1 12 385 8
587 17 45 3753 12
587 54 25 637 10
587 97 12 1660 8
587 2 12 701 8
587 48 25 1171 10
587 73 12 1893 8
587 42 25 1576 10
587 39 25 2868 10
587 93 45 1462 12
587 26 25 478 10
587 14 25 3458 10
587 46 25 556 10
587 56 25 637 10
587 22 25 1045 10
587 0 12 2624 8
587 74 12 2624 8
587 4 12 2624 8
587 8 25 1217 10
587 42 12 2957 8
587 16 25 677 10
587 38 25 204 10
587 41 12 2957 8
587 51 45 711 12
587 3 25 556 10
587 73 45 1060 12
587 60 25 2169 10
587 43 25 3747 10
587 80 25 204 10
587 20 12 1149 8
588 7 25 1873 10
588 55 25 1920 10
588 18 45 612 12
588 41 25 1367 10
588 6 25 3322 10
588 5 25 525 10
588 54 25 1528 10
588 93 25 907 10
588 13 25 3322 10
588 65 25 907 10
588 34 45 3054 12
588 56 12 1433 8
588 60 25 2272 10
588 15 25 3649 10
588 49 25 869 10
589 42 45 1590 12
589 12 12 1180 8
589 74 25 1857 10
589 2 25 429 10
589 30 12 2990 8
589 75 12 384 8
589 87 25 205 10
589 45 45 1939 12
589 46 12 1454 8
589 96 45 118 12
589 87 25 445 10
589 72 12 62 8
589 4 25 1907 10
589 9 12 3204 8
590 71 45 340 12
590 3 25 1534 10
590 96 25 850 10
590 10 25 850 10
590 99 12 1637 8
590 22 12 3811 8
590 62 45 1574 12
590 68 45 1636 12
590 81 12 1357 8
590 89 12 1637 8
590 87 25 525 10
590 20 12 1357 8
590 21 45 1704 12
590 48 12 1571 8
590 75 12 1571 8
590 27 12 1571 8
590 84 12 2892 8
590 47 25 1767 10
590 77 12 1571 8
590 37 45 3569 12
590 68 45 1590 12
590 62 45 3569 12
591 9 45 852 12
591 60 12 2495 8
591 58 45 382 12
591 85 12 680 8
591 78 45 3450 12
591 32 25 3332 10
591 85 25 1791 10
591 15 25 1771 10
591 47 12 2722 8
591 89 45 852 12
591 94 45 33 12
591 85 25 1810 10
591 53 25 527 10
591 70 25 2890 10
591 10 45 412 12
592 35 25 556 10
592 84 25 573 10
592 89 12 2722 8
592 66 25 2205 10
592 37 45 1873 12
592 5 25 1993 10
592 55 25 908 10
592 34 45 150 12
592 34 12 393 8
592 72 25 1332 10
593 89 25 2931 10
593 19 25 2896 10
593 50 25 2117 10
593 3 45 212 12
593 64 25 2675 10
593 19 45 1616 12
593 9 25 27 10
593 65 45 3249 12
593 68 45 2592 12
593 53 45 664 12
593 1 12 791 8
593 95 12 313 8
593 15 25 3327 10
593 42 12 3029 8
593 68 12 3929 8
594 21 45 1823 12
594 54 25 3534 10
594 63 45 529 12
594 71 25 528 10
594 6 25 1520 10
594 95 12 925 8
594 56 25 336 10
594 89 25 2515 10
594 64 25 714 10
595 14 45 1797 12
595 61 12 1815 8
595 41 45 1124 12
595 56 12 1383 8
595 24 25 875 10
595 3 45 2802 12
595 39 25 779 10
595 46 45 1873 12
595 53 45 1873 12
595 84 45 1370 12
595 42 25 3280 10
596 5 45 2327 12
596 30 12 1207 8
596 91 12 1207 8
596 87 45 3981 12
596 89 25 603 10
596 80 25 603 10
596 60 45 3609 12
596 31 45 3609 12
596 59 45 817 12
596 52 12 1207 8
596 98 25 540 10
596 59 25 540 10
596 16 25 540 10
596 77 12 836 8
596 8 12 3045 8
596 60 25 127 10
596 22 45 3445 12
596 15 12 1725 8
596 12 12 2556 8
596 74 25 603 10
596 99 25 3161 10
596 21 25 3161 10
596 97 45 1757 12
596 36 45 1757 12
596 89 25 1697 10
596 16 25 574 10
596 59 45 3370 12
596 57 25 2869 10
596 47 25 1697 10
596 6 25 574 10
596 21 25 574 10
597 75 25 1753 10
597 55 25 2500 10
597 60 25 204 10
597 51 25 3355 10
597 54 25 1251 10
597 3 25 3070 10
597 70 12 673 8
597 40 25 937 10
597 79 45 1720 12
597 62 12 51 8
597 91 25 515 10
597 84 25 3858 10
597 56 45 1752 12
597 66 25 111 10
597 32 25 1261 10
597 92 45 3583 12
597 85 12 3029 8
597 55 12 3029 8
597 69 12 3029 8
597 3 12 262 8
597 69 12 1778 8
597 96 12 3029 8
597 76 45 817 12
597 31 25 508 10
597 17 45 1343 12
597 34 25 1261 10
597 3 25 1513 10
598 99 12 1571 8
598 88 45 587 12
598 7 25 2600 10
598 58 12 532 8
598 33 45 3707 12
598 8 12 2655 8
598 7 12 2887 8
598 66 12 2887 8
598 25 12 1377 8
598 16 45 2411 12
598 28 25 1183 10
598 96 12 3335 8
598 55 45 529 12
598 12 12 1490 8
598 76 25 1803 10
598 4 12 1637 8
598 31 12 3335 8
598 98 25 1911 10
598 89 45 3461 12
598 10 45 904 12
598 76 25 1753 10
598 39 45 2593 12
598 15 45 96 12
598 44 45 1329 12
599 8 12 3822 8
599 48 12 1704 8
599 31 12 1947 8
599 61 25 1154 10
599 84 45 1862 12
599 85 12 2101 8
599 8 25 1165 10
599 50 45 1366 12
599 35 25 779 10
599 46 45 2197 12
599 53 12 1505 8
599 34 12 2189 8
599 34 25 897 10
599 61 25 534 10
599 50 45 3612 12
599 27 25 359 10
599 1 12 2814 8
599 84 25 601 10
599 50 25 897 10
599 92 25 601 10
599 86 45 1803 12
599 5 25 2233 10
599 18 25 534 10
599 40 25 1532 10
599 18 25 996 10
599 89 45 72 12
599 76 25 534 10
599 30 25 64 10
599 42 25 3756 10
599 67 12 3975 8
599 61 45 1632 12
599 99 45 1023 12
599 49 25 1283 10
599 23 45 3612 12
599 84 12 3975 8
600 36 45 426 12
600 1 25 2054 10
600 64 12 225 8
600 13 45 150 12
600 13 12 1579 8
600 60 25 3012 10
600 0 25 2917 10
600 63 25 2661 10
600 4 45 171 12
600 14 45 1170 12
600 9 25 486 10
600 18 45 1170 12
600 17 45 697 12
600 42 45 3064 12
600 27 25 2902 10
600 57 45 1583 12
600 26 45 3085 12
600 90 25 608 10
600 7 45 3064 12
600 19 12 1079 8
600 69 25 1604 10
600 79 45 150 12
600 4 45 3610 12
600 6 12 1374 8
600 7 45 3610 12
600 59 45 3743 12
600 32 25 1360 10
600 6 12 3346 8
600 65 45 3610 12
600 91 25 1919 10
600 20 45 1781 12
600 7 12 3822 8
600 9 25 2071 10
600 95 45 3610 12
600 80 45 3610 12
600 94 25 3070 10
600 57 12 316 8
600 25 25 1899 10
600 62 12 487 8
600 62 25 939 10
600 96 25 824 10
600 60 12 881 8
600 19 25 1919 10
600 70 45 2633 12
601 42 45 1206 12
601 41 45 842 12
601 40 12 667 8
601 16 25 1025 10
601 16 12 340 8
601 68 45 842 12
601 20 45 2158 12
601 62 25 1814 10
601 12 12 2990 8
601 66 25 725 10
601 73 25 1318 10
601 37 25 725 10
601 21 25 1814 10
601 38 45 842 12
601 58 45 2091 12
601 34 45 2091 12
601 32 12 1875 8
601 28 12 955 8
601 58 45 1422 12
601 33 12 74 8
602 31 12 804 8
602 19 12 2323 8
602 66 25 64 10
602 76 45 630 12
602 25 45 3127 12
602 17 45 2520 12
602 20 45 355 12
602 55 45 355 12
602 45 25 1703 10
602 73 45 1335 12
602 73 45 629 12
602 61 25 635 10
602 98 25 202 10
602 96 45 2288 12
602 4 45 3355 12
602 31 25 3620 10
602 76 25 3529 10
602 92 25 1792 10
602 41 45 2288 12
603 74 25 1583 10
603 86 45 2942 12
603 0 25 1499 10
603 53 45 3826 12
603 24 45 819 12
603 22 45 1972 12
604 82 25 1675 10
604 27 45 3031 12
604 64 25 125 10
604 85 45 2867 12
604 11 45 63 12
604 42 25 1969 10
604 57 45 497 12
605 9 45 63 12
605 41 45 385 12
605 28 25 3565 10
605 35 25 815 10
605 42 25 824 10
605 82 45 2684 12
605 49 45 1397 12
605 34 45 1208 12
605 77 45 963 12
605 95 25 796 10
605 87 25 190 10
605 27 25 1177 10
605 70 12 3053 8
605 16 45 2677 12
605 6 25 125 10
605 77 25 340 10
605 0 25 3603 10
605 99 45 1890 12
605 19 45 385 12
605 67 12 1416 8
606 19 25 1842 10
606 89 25 3355 10
606 24 45 529 12
606 87 45 1017 12
606 8 12 1317 8
606 99 45 547 12
606 42 25 3292 10
606 47 45 281 12
606 59 12 136 8
606 94 25 1543 10
606 39 45 84 12
606 77 12 592 8
606 89 45 2554 12
607 56 25 2992 10
607 87 12 1546 8
607 5 25 1990 10
607 87 25 3289 10
607 94 45 2903 12
607 68 25 802 10
607 89 25 1404 10
607 87 12 3560 8
607 49 12 2835 8
607 64 25 574 10
607 24 25 3342 10
607 28 25 68 10
607 84 12 1079 8
607 61 12 1894 8
607 11 45 2677 12
608 59 45 1120 12
608 97 25 171 10
608 55 45 1120 12
608 72 45 2942 12
608 48 45 791 12
608 43 45 741 12
608 65 25 171 10
608 22 45 1301 12
608 82 45 1111 12
608 76 25 2871 10
608 20 25 1074 10
608 27 25 3775 10
609 64 45 1978 12
609 79 12 1138 8
609 97 12 2977 8
609 91 45 402 12
609 55 45 477 12
609 84 45 402 12
609 47 25 1190 10
609 82 45 72 12
609 89 25 387 10
609 29 25 1393 10
609 39 12 1450 8
609 90 12 3677 8
609 52 12 1450 8
609 5 25 1629 10
609 50 25 1589 10
610 63 25 478 10
610 69 25 1596 10
610 17 25 2363 10
610 70 25 3898 10
610 81 25 2244 10
610 5 12 1463 8
611 68 45 2080 12
611 51 25 2259 10
611 16 45 3547 12
611 1 25 996 10
611 92 25 93 10
611 58 45 465 12
611 31 45 1809 12
611 53 12 505 8
612 68 45 123 12
612 96 25 1693 10
612 99 12 2345 8
612 35 25 3403 10
612 2 45 2471 12
612 82 12 2372 8
613 24 45 2004 12
613 11 12 2806 8
613 83 45 1630 12
613 13 12 3917 8
613 40 12 2928 8
613 13 45 1492 12
613 57 12 3061 8
613 4 12 2227 8
614 88 12 1984 8
614 6 25 1989 10
614 82 45 2942 12
614 80 45 3611 12
614 97 12 1235 8
614 48 45 3019 12
615 55 12 2616 8
615 38 25 2957 10
615 49 12 3298 8
615 91 25 249 10
615 29 45 1284 12
615 19 12 2580 8
615 16 25 2257 10
615 54 45 1023 12
615 54 25 907 10
615 73 45 3578 12
616 64 45 1365 12
616 74 45 2432 12
616 50 45 2432 12
616 75 45 200 12
616 88 12 1332 8
616 20 25 1775 10
616 26 25 705 10
616 15 12 313 8
617 76 25 620 10
617 79 25 1910 10
617 83 12 2398 8
617 7 45 3865 12
617 11 45 1272 12
618 46 45 2867 12
618 70 12 822 8
618 91 25 3578 10
618 84 45 1575 12
618 78 25 1617 10
618 62 25 3578 10
618 15 12 3917 8
618 14 25 1074 10
618 5 25 1473 10
618 54 12 1543 8
618 43 25 1481 10
618 25 25 449 10
618 20 25 449 10
618 15 25 203 10
618 54 12 1869 8
618 58 12 822 8
618 40 45 800 12
618 61 25 695 10
618 77 12 1124 8
618 45 12 1124 8
618 98 25 1771 10
618 17 25 3453 10
618 87 25 695 10
619 78 45 1191 12
619 97 25 157 10
619 47 45 1392 12
619 93 25 668 10
619 47 25 1481 10
619 32 12 1717 8
619 13 12 1176 8
619 89 45 1635 12
619 96 12 1176 8
619 5 12 1624 8
619 98 12 1624 8
619 93 25 396 10
619 42 12 1176 8
619 58 45 1635 12
619 59 12 797 8
619 91 25 1507 10
620 26 12 1750 8
620 93 25 540 10
620 21 12 41 8
620 45 12 2989 8
620 42 25 1244 10
620 61 25 1244 10
620 90 45 3560 12
620 49 25 2625 10
620 54 25 1968 10
620 62 12 1710 8
620 77 25 2829 10
620 18 25 168 10
621 48 45 917 12
621 14 25 3170 10
621 71 45 1741 12
621 97 25 807 10
621 80 12 444 8
621 93 45 389 12
621 95 45 3964 12
621 29 25 1784 10
621 80 25 1784 10
621 49 25 824 10
621 34 25 1190 10
621 18 25 867 10
622 72 25 1693 10
622 20 12 2806 8
622 9 25 1732 10
622 26 25 2234 10
622 42 25 588 10
622 85 12 1317 8
622 31 45 1406 12
622 8 25 3319 10
622 55 25 1751 10
622 87 45 1616 12
622 46 12 1916 8
622 34 25 510 10
622 57 45 1406 12
623 18 45 1179 12
623 39 25 2600 10
623 23 25 1130 10
623 6 25 1130 10
623 28 25 807 10
623 11 12 1138 8
623 96 12 3991 8
623 15 12 3374 8
623 44 25 2476 10
623 85 45 1512 12
623 40 12 100 8
623 4 12 100 8
623 45 25 1130 10
623 33 45 1268 12
623 55 12 313 8
623 7 12 1637 8
623 90 12 967 8
623 48 45 2136 12
623 83 25 881 10
624 78 45 2564 12
624 80 25 537 10
624 12 12 276 8
624 99 25 1532 10
624 64 25 1245 10
624 39 25 690 10
624 50 25 1245 10
624 62 45 724 12
625 76 45 825 12
625 22 45 2879 12
625 6 45 2879 12
625 43 12 399 8
625 58 25 2683 10
625 41 12 427 8
625 3 45 290 12
625 30 12 3225 8
625 38 25 1193 10
625 73 25 3460 10
625 47 25 383 10
625 19 45 909 12
625 78 45 3050 12
625 80 45 3282 12
625 5 25 595 10
625 94 12 2516 8
625 42 25 595 10
625 85 25 2552 10
625 23 12 82 8
625 10 45 1488 12
625 48 25 3397 10
625 65 45 1488 12
625 83 45 1846 12
625 94 25 125 10
625 71 12 2340 8
625 13 25 2345 10
625 50 25 179 10
625 29 25 2345 10
626 78 25 2887 10
626 23 45 2041 12
626 78 25 1049 10
626 11 12 1414 8
626 91 12 2 8
626 15 12 229 8
626 7 25 1503 10
626 58 12 427 8
626 72 25 1521 10
626 78 25 1513 10
626 89 45 2194 12
626 77 25 1521 10
626 57 45 552 12
626 14 25 1430 10
626 56 25 448 10
626 58 12 678 8
626 70 25 1540 10
626 80 12 1386 8
626 42 25 3644 10
626 88 25 2266 10
626 26 25 1513 10
627 17 25 3979 10
627 16 25 1503 10
627 84 25 438 10
627 59 45 2065 12
627 54 45 1007 12
627 43 25 694 10
627 80 45 1246 12
627 96 12 1745 8
627 76 25 532 10
627 80 45 1403 12
627 10 45 1007 12
627 64 45 1891 12
627 91 45 1891 12
627 34 25 3979 10
627 5 12 930 8
627 37 12 1383 8
627 71 25 694 10
627 47 25 3624 10
627 67 25 3979 10
627 85 12 1905 8
628 63 12 1704 8
628 18 25 480 10
628 30 12 1922 8
628 33 25 1092 10
628 54 25 3767 10
628 81 12 1019 8
628 11 25 376 10
628 28 45 1120 12
628 86 45 1560 12
628 40 45 301 12
628 80 45 1579 12
628 40 25 714 10
628 32 45 301 12
628 27 45 1903 12
628 15 12 1949 8
628 81 25 650 10
628 91 25 1251 10
629 51 45 355 12
629 26 25 172 10
629 20 12 2894 8
629 38 25 2507 10
629 28 45 2491 12
629 49 12 73 8
629 97 25 445 10
629 82 45 2079 12
629 46 25 502 10
629 46 25 1374 10
629 88 25 3296 10
629 99 25 1316 10
629 59 25 1316 10
629 72 25 3318 10
629 55 45 2491 12
629 70 25 3699 10
629 19 12 73 8
630 1 45 1424 12
630 56 12 2388 8
630 93 12 1281 8
630 74 25 1605 10
630 72 45 1196 12
630 91 45 545 12
630 25 45 435 12
630 72 45 1824 12
630 9 12 3948 8
630 75 25 465 10
630 15 12 1842 8
630 43 12 1281 8
630 99 45 913 12
630 4 12 2185 8
630 27 45 1978 12
630 76 25 162 10
630 74 45 355 12
631 88 25 578 10
631 13 45 1059 12
631 32 12 3923 8
631 20 25 584 10
632 34 25 2776 10
632 27 45 1389 12
632 14 12 2870 8
632 20 25 3996 10
632 60 45 1617 12
632 70 45 373 12
632 50 25 2826 10
632 97 25 1603 10
632 29 12 1355 8
632 48 45 1120 12
632 45 45 1568 12
632 66 45 1734 12
632 43 45 1568 12
632 75 12 1231 8
632 24 25 3996 10
632 47 25 2776 10
632 24 25 1370 10
632 96 25 2497 10
632 87 12 2661 8
632 47 25 2626 10
632 45 25 1803 10
632 61 25 445 10
632 50 25 1072 10
632 20 25 2497 10
632 75 25 200 10
632 80 45 909 12
632 55 25 1370 10
632 10 25 3272 10
632 44 45 1715 12
632 3 45 1715 12
633 84 12 1899 8
633 74 45 1574 12
633 54 25 503 10
633 24 12 1414 8
633 97 45 2633 12
633 79 25 593 10
633 93 12 1906 8
633 49 25 720 10
633 2 45 1387 12
633 35 12 1710 8
633 83 25 503 10
633 75 12 2495 8
633 98 25 395 10
633 73 12 962 8
633 26 12 2957 8
633 28 45 544 12
633 27 25 2262 10
634 6 25 573 10
634 84 25 178 10
634 5 25 2423 10
634 4 25 2423 10
634 94 12 2624 8
634 15 25 1813 10
634 9 12 401 8
634 0 25 3375 10
634 25 25 525 10
634 51 12 2688 8
634 17 12 1336 8
634 7 25 525 10
634 26 25 3375 10
634 16 25 2092 10
634 58 25 3977 10
634 88 12 1947 8
634 35 45 214 12
634 90 12 3036 8
634 88 25 1530 10
634 94 25 1027 10
634 26 45 1741 12
634 18 45 1226 12
635 32 25 2423 10
635 35 25 2423 10
635 69 25 1864 10
635 96 12 3956 8
635 63 25 3097 10
635 88 12 1241 8
635 15 25 3097 10
635 12 25 3969 10
635 91 25 593 10
635 79 45 807 12
635 32 25 1932 10
635 7 25 1530 10
635 15 45 2115 12
635 90 45 1 12
635 86 25 200 10
635 84 25 69 10
635 15 12 238 8
635 22 25 69 10
635 90 12 238 8
635 86 45 2115 12
635 39 12 599 8
635 47 45 973 12
635 59 25 593 10
635 98 12 1976 8
635 27 12 3956 8
635 30 25 2383 10
635 83 25 3867 10
635 64 25 1456 10
635 42 12 255 8
635 76 25 1443 10
635 22 12 1409 8
635 92 12 2445 8
635 40 12 255 8
635 31 45 3828 12
635 14 25 2383 10
635 94 45 3828 12
635 93 12 3991 8
636 39 25 3798 10
636 1 45 2450 12
636 69 45 1206 12
636 58 25 1842 10
636 97 12 774 8
636 2 25 3397 10
636 52 25 79 10
636 99 45 1965 12
636 98 25 1148 10
636 6 45 1965 12
636 19 25 719 10
636 34 25 2987 10
636 84 25 450 10
636 95 45 2450 12
636 57 25 719 10
636 27 12 592 8
636 62 25 1803 10
636 42 25 525 10
636 57 45 825 12
636 99 25 1562 10
636 48 25 978 10
636 78 25 450 10
636 35 25 751 10
636 50 12 9 8
636 47 25 1443 10
637 58 12 3991 8
637 23 25 353 10
637 51 45 1721 12
637 5 25 1148 10
637 84 45 3766 12
637 43 45 2089 12
637 84 25 3537 10
637 53 45 1772 12
637 66 12 2851 8
637 6 12 1490 8
637 75 45 2431 12
637 40 25 2395 10
638 63 25 3109 10
638 77 25 2626 10
638 78 25 248 10
638 29 25 3658 10
638 17 12 13 8
638 88 12 13 8
638 69 25 3537 10
638 45 45 2694 12
638 29 12 252 8
639 61 45 764 12
639 65 25 967 10
639 68 25 3453 10
639 8 45 508 12
639 32 25 2923 10
639 18 12 2843 8
639 56 12 1190 8
639 13 45 1206 12
639 63 25 1806 10
639 30 25 3453 10
639 79 25 1161 10
639 95 12 2843 8
639 29 25 967 10
639 40 25 3624 10
639 85 12 2891 8
639 66 25 1443 10
639 20 25 1481 10
639 55 45 2456 12
639 40 25 1229 10
639 54 12 3299 8
639 60 25 540 10
639 46 45 807 12
640 66 25 1842 10
640 90 25 424 10
640 37 12 3225 8
640 79 25 424 10
640 48 25 744 10
640 65 45 1579 12
640 79 12 3827 8
640 72 45 1463 12
640 23 12 255 8
640 67 25 1949 10
640 70 12 3827 8
640 37 45 1579 12
640 23 12 875 8
640 95 25 2261 10
640 78 12 875 8
640 55 25 3922 10
640 27 25 790 10
640 75 45 1721 12
640 36 25 1949 10
640 95 25 652 10
640 67 12 149 8
640 48 45 2974 12
640 56 45 2924 12
640 22 25 2923 10
640 0 45 373 12
641 85 12 3991 8
641 83 12 2624 8
641 51 25 424 10
641 12 25 1561 10
641 31 45 1388 12
641 52 25 3312 10
641 51 12 682 8
641 59 45 80 12
641 65 12 2185 8
641 98 25 540 10
641 39 25 511 10
641 84 45 227 12
641 32 45 1646 12
641 25 25 1561 10
641 57 25 1659 10
641 75 12 774 8
641 89 45 2568 12
641 66 12 774 8
642 0 25 2701 10
642 72 25 324 10
642 76 45 545 12
642 49 25 2992 10
642 95 25 1106 10
642 44 12 1905 8
642 24 25 1313 10
642 32 25 1107 10
642 7 25 1349 10
642 8 25 2782 10
642 10 25 3023 10
642 10 25 246 10
642 31 12 3948 8
642 46 25 1967 10
642 6 25 473 10
642 43 25 3247 10
642 58 45 2342 12
642 22 25 473 10
643 31 45 764 12
643 99 45 676 12
643 92 12 540 8
643 45 12 3084 8
643 31 25 678 10
643 54 25 1448 10
643 2 25 1036 10
643 98 45 604 12
643 79 25 3619 10
643 81 45 1759 12
643 39 45 2519 12
643 9 12 2776 8
643 11 25 678 10
643 32 12 2776 8
643 35 25 3318 10
644 88 45 2478 12
644 61 12 1443 8
644 1 25 1504 10
644 5 25 1511 10
644 42 12 3827 8
644 68 25 1794 10
644 69 45 3560 12
644 87 45 2478 12
644 4 45 2942 12
645 78 25 1740 10
645 13 45 3296 12
645 17 45 764 12
645 17 45 1590 12
645 28 45 1590 12
645 49 45 2936 12
645 77 12 537 8
645 95 12 1815 8
645 78 45 3296 12
645 5 45 1441 12
645 80 25 2455 10
645 17 25 2455 10
646 12 12 3225 8
646 65 25 1047 10
646 77 45 1363 12
646 70 25 3858 10
646 8 12 735 8
646 5 45 3011 12
646 49 25 447 10
646 91 45 1719 12
646 74 25 479 10
646 20 25 2660 10
646 35 12 2324 8
646 16 45 371 12
646 49 12 418 8
646 43 45 1095 12
646 25 12 3225 8
646 68 45 227 12
646 16 12 1684 8
646 64 45 3453 12
646 69 12 2891 8
646 82 45 1438 12
646 60 12 423 8
646 24 45 1438 12
646 49 12 908 8
646 96 45 527 12
646 64 12 2634 8
646 77 12 2081 8
646 13 25 1522 10
646 25 25 1751 10
646 48 45 2194 12
646 59 25 22 10
647 92 12 897 8
647 61 25 908 10
647 17 25 656 10
647 45 45 1023 12
647 98 45 674 12
647 67 25 908 10
647 2 25 482 10
647 45 25 540 10
647 35 25 2458 10
647 78 12 2966 8
647 63 25 1026 10
647 30 45 3610 12
647 10 12 897 8
647 4 25 3767 10
647 94 45 3011 12
647 2 45 2158 12
647 32 12 263 8
647 57 45 1130 12
647 6 25 3424 10
647 11 12 1710 8
647 65 45 604 12
647 55 25 2049 10
648 62 12 1489 8
648 69 25 58 10
648 97 45 3461 12
648 5 45 3477 12
648 98 12 1336 8
648 41 25 592 10
648 16 25 1961 10
648 39 45 3142 12
648 31 45 558 12
648 28 45 1421 12
648 14 25 1977 10
648 75 25 2383 10
648 92 12 3816 8
648 14 25 1532 10
648 60 25 763 10
648 27 45 872 12
648 52 45 558 12
648 36 12 918 8
648 79 12 741 8
648 25 12 918 8
648 97 12 1918 8
648 4 12 1227 8
648 99 25 763 10
649 76 25 3209 10
649 91 45 1630 12
649 63 25 2408 10
649 80 25 31 10
649 93 45 1590 12
649 60 25 877 10
649 45 25 515 10
649 6 12 856 8
649 41 25 2408 10
649 17 45 2517 12
649 93 12 1653 8
649 95 12 1080 8
649 67 25 2009 10
649 78 45 2194 12
650 43 12 3705 8
650 26 25 344 10
650 83 45 84 12
650 72 45 84 12
650 52 25 598 10
650 53 12 1386 8
650 59 25 150 10
650 88 12 379 8
650 10 25 636 10
650 65 25 1022 10
651 97 45 578 12
651 36 25 2497 10
651 26 45 3974 12
651 9 45 1109 12
651 69 12 1430 8
651 1 12 2316 8
651 95 25 1193 10
651 60 45 2221 12
651 96 12 1467 8
651 90 45 3547 12
651 85 45 3547 12
651 21 12 3705 8
651 18 45 1463 12
651 68 45 155 12
651 53 25 3898 10
651 1 25 3898 10
651 11 12 278 8
651 63 45 520 12
652 33 25 1374 10
652 68 12 1601 8
652 18 12 2343 8
652 22 25 3519 10
652 68 45 1438 12
652 35 25 1490 10
652 77 12 2400 8
652 18 12 1354 8
652 63 12 1601 8
652 18 45 3453 12
652 41 25 2823 10
652 64 12 15 8
652 44 25 271 10
652 30 25 875 10
652 0 25 1944 10
652 95 12 2634 8
652 22 12 420 8
652 5 25 1861 10
652 1 45 1759 12
652 68 45 2432 12
652 25 12 158 8
653 21 45 1462 12
653 11 25 56 10
653 95 25 1659 10
653 87 12 468 8
653 32 45 1463 12
653 54 25 1036 10
653 70 25 56 10
653 99 25 380 10
653 14 25 380 10
653 29 45 1511 12
653 8 12 1974 8
653 29 12 918 8
653 83 12 3485 8
653 35 25 1444 10
653 5 25 908 10
653 55 25 286 10
653 10 12 255 8
653 30 12 1554 8
653 67 12 1364 8
653 38 25 573 10
653 42 25 1183 10
653 44 45 3011 12
653 75 25 1521 10
653 93 25 183 10
653 49 12 3539 8
653 35 25 573 10
653 62 45 227 12
653 63 12 1614 8
654 28 25 570 10
654 74 25 590 10
654 77 25 189 10
654 28 25 2129 10
654 24 25 3418 10
654 95 12 1847 8
654 22 12 2536 8
654 17 12 1847 8
654 94 25 3418 10
654 72 45 3822 12
654 85 25 3050 10
654 50 45 1388 12
654 88 25 1577 10
654 86 25 1577 10
654 20 12 746 8
654 58 12 1192 8
654 4 12 1252 8
654 57 45 1196 12
654 12 25 1967 10
654 5 45 44 12
654 93 45 1851 12
654 29 25 2455 10
654 1 45 1117 12
654 86 25 1279 10
655 29 25 1168 10
655 50 12 897 8
655 60 12 2449 8
655 52 12 929 8
655 95 12 24 8
655 37 25 1659 10
655 29 12 24 8
655 53 12 955 8
655 43 25 1496 10
655 2 45 410 12
655 13 25 1496 10
655 85 45 592 12
655 27 12 1710 8
655 66 12 647 8
655 34 45 776 12
655 27 25 3138 10
655 58 45 776 12
655 25 12 3489 8
655 67 25 1305 10
655 17 12 957 8
655 89 45 2385 12
655 37 25 2677 10
655 88 25 1930 10
655 77 12 90 8
655 0 12 1588 8
655 9 45 2385 12
655 84 25 1577 10
655 84 12 1588 8
655 12 25 1930 10
655 53 25 1313 10
656 16 45 883 12
656 28 12 1638 8
656 92 25 1068 10
656 66 12 3923 8
656 60 12 955 8
656 30 45 883 12
656 10 25 1448 10
656 18 12 1627 8
656 98 12 1717 8
656 79 25 2818 10
656 43 25 1510 10
656 43 25 2434 10
656 70 25 2434 10
656 90 25 247 10
656 36 45 1005 12
656 90 12 809 8
656 15 45 1916 12
656 21 12 1235 8
656 55 12 1316 8
656 52 25 1995 10
656 37 45 3772 12
656 74 25 2081 10
656 96 45 988 12
657 68 25 2434 10
657 19 25 1995 10
657 44 25 376 10
657 6 12 3438 8
657 63 25 1944 10
657 98 45 1762 12
657 25 25 1190 10
657 87 12 284 8
657 39 12 278 8
657 35 25 3875 10
657 30 25 3723 10
657 30 12 3265 8
657 66 45 604 12
657 35 12 1453 8
657 2 25 3723 10
657 97 12 3327 8
657 87 25 3723 10
657 49 25 1107 10
657 50 25 1251 10
658 25 25 1967 10
658 94 25 1967 10
658 35 25 2536 10
658 64 12 1543 8
658 72 25 1651 10
658 17 45 1085 12
658 99 45 1085 12
658 92 25 2261 10
658 69 25 1757 10
658 86 25 3898 10
658 74 45 1085 12
658 6 25 279 10
659 45 12 57 8
659 27 25 1448 10
659 66 12 278 8
659 25 45 1916 12
659 52 12 247 8
659 79 25 1967 10
659 15 45 2729 12
659 91 25 671 10
659 68 25 671 10
659 91 12 1638 8
659 82 12 2697 8
660 68 12 899 8
660 9 25 573 10
660 49 12 1019 8
660 44 12 1019 8
660 51 12 3226 8
660 16 12 3226 8
660 53 12 957 8
660 55 25 1693 10
660 41 12 2624 8
660 76 25 2270 10
660 17 45 1785 12
660 30 25 3292 10
660 44 12 1842 8
660 78 25 469 10
660 34 25 167 10
660 82 12 2624 8
660 6 25 1591 10
660 32 45 3662 12
660 28 25 3898 10
660 19 45 3586 12
661 54 12 3652 8
661 73 12 2697 8
661 56 45 503 12
661 23 25 1967 10
661 34 12 96 8
661 24 25 3107 10
661 1 45 2183 12
661 64 12 57 8
661 82 45 2164 12
661 31 45 503 12
661 12 12 96 8
661 21 12 1710 8
661 26 45 2203 12
661 47 25 2117 10
661 55 25 432 10
661 44 12 2697 8
661 2 25 3858 10
661 53 45 2885 12
661 22 12 3802 8
661 30 25 48 10
661 23 25 1700 10
661 62 25 1402 10
661 48 25 1246 10
661 28 25 503 10
661 66 25 2162 10
661 47 25 1165 10
661 87 12 1386 8
661 89 12 1815 8
661 3 45 1240 12
661 79 12 1490 8
661 10 45 1004 12
661 51 45 2804 12
662 19 25 1802 10
662 15 45 900 12
662 81 12 3652 8
662 38 25 2655 10
662 62 45 900 12
662 80 25 2655 10
662 32 25 480 10
662 21 45 3019 12
662 14 25 692 10
662 14 25 692 10
662 93 25 480 10
662 11 12 1743 8
662 42 25 1415 10
662 62 45 883 12
662 56 45 1908 12
662 77 45 624 12
662 9 25 1802 10
662 11 45 16 12
662 48 45 3019 12
662 23 25 480 10
663 72 45 2244 12
663 68 25 661 10
663 14 25 247 10
663 72 25 3241 10
663 69 25 69 10
663 0 45 2959 12
663 61 25 1205 10
663 64 25 1659 10
663 46 12 1576 8
663 8 45 242 12
663 8 45 2009 12
663 98 25 1044 10
663 32 25 3809 10
663 79 45 3175 12
663 87 25 2081 10
664 81 12 255 8
664 28 12 2612 8
664 26 25 714 10
664 52 12 1756 8
664 68 12 618 8
664 21 45 515 12
664 16 12 2612 8
664 25 45 2221 12
664 39 25 3070 10
664 1 25 3334 10
664 40 45 515 12
665 76 25 1279 10
665 85 12 1830 8
665 37 25 3996 10
665 59 45 1322 12
665 60 45 295 12
665 72 45 433 12
665 69 12 2971 8
665 69 12 1949 8
665 61 45 3772 12
665 13 25 1036 10
665 43 25 1209 10
665 13 25 3996 10
665 36 25 1464 10
665 39 45 547 12
665 89 45 988 12
665 93 25 2613 10
665 47 45 1637 12
665 38 25 3996 10
665 94 12 2392 8
665 35 25 3996 10
665 54 45 888 12
665 8 25 3996 10
666 9 12 57 8
666 0 45 433 12
666 40 45 677 12
666 69 25 2752 10
666 96 25 2942 10
666 23 45 624 12
666 31 45 3567 12
666 0 12 24 8
666 13 12 2553 8
666 13 12 2553 8
666 34 12 2553 8
666 36 25 620 10
666 6 45 1652 12
666 61 25 3251 10
666 98 25 414 10
667 9 12 1383 8
667 81 25 3960 10
667 58 12 1383 8
667 57 25 2463 10
667 73 25 3876 10
667 30 25 1579 10
667 15 25 1279 10
667 10 25 620 10
667 71 25 620 10
667 61 25 447 10
667 14 25 447 10
667 85 25 1325 10
667 64 12 3343 8
667 27 45 1579 12
667 33 25 2463 10
667 21 45 1524 12
667 9 25 620 10
667 22 12 1684 8
667 7 25 3996 10
667 37 25 2463 10
667 82 25 2340 10
667 35 45 24 12
667 92 25 1279 10
667 24 45 2294 12
667 15 25 3960 10
667 61 25 3161 10
667 86 45 1850 12
667 48 45 2294 12
667 16 12 1880 8
667 59 25 1325 10
667 62 25 3996 10
667 9 45 3595 12
667 20 45 3595 12
668 39 25 1178 10
668 38 45 1780 12
668 11 45 1115 12
668 89 45 3595 12
668 50 25 2798 10
668 49 45 1785 12
668 89 25 447 10
668 17 45 1442 12
668 15 45 1714 12
668 14 25 2048 10
668 78 25 1576 10
668 7 25 1845 10
668 69 12 3875 8
668 53 45 3011 12
668 45 45 385 12
668 40 45 3078 12
668 77 25 635 10
668 50 25 1658 10
668 28 25 252 10
668 27 12 2386 8
668 58 25 752 10
668 66 45 2099 12
668 4 45 322 12
668 19 25 1360 10
668 23 12 1489 8
668 25 12 2851 8
668 81 25 1003 10
668 61 25 942 10
668 60 12 2851 8
668 99 12 685 8
669 78 25 3553 10
669 86 12 711 8
669 6 12 1380 8
669 85 12 3652 8
669 48 25 2209 10
669 11 12 711 8
669 0 12 1641 8
669 67 12 1929 8
669 15 25 344 10
669 53 12 1641 8
669 28 25 3973 10
669 17 25 2541 10
669 17 12 1641 8
669 21 12 3682 8
669 73 25 1325 10
669 34 45 35 12
669 10 12 1880 8
669 53 45 3594 12
669 38 45 3595 12
669 34 12 3673 8
669 78 25 2692 10
669 94 45 3078 12
669 18 25 3144 10
669 62 45 481 12
670 20 25 525 10
670 86 45 869 12
670 67 25 1448 10
670 80 25 3229 10
670 62 25 1056 10
670 63 12 1637 8
670 33 25 613 10
670 50 45 1731 12
670 59 12 3827 8
670 38 25 869 10
670 63 12 1443 8
670 22 45 904 12
670 99 25 613 10
670 65 12 3827 8
670 68 45 2180 12
670 45 25 1861 10
671 12 12 466 8
671 62 12 406 8
671 16 25 1325 10
671 64 12 1148 8
671 42 25 1973 10
671 15 25 1973 10
671 95 45 818 12
671 90 25 1325 10
671 66 25 1856 10
671 97 25 358 10
671 51 45 1965 12
671 17 25 29 10
671 70 12 1848 8
671 37 45 1965 12
671 48 25 883 10
671 91 45 2999 12
671 86 12 1756 8
671 47 25 978 10
671 50 25 788 10
671 29 45 2382 12
671 33 45 2382 12
672 78 45 2676 12
672 98 12 1722 8
672 44 12 1546 8
672 78 25 3992 10
672 93 25 895 10
672 69 12 36 8
672 49 45 3595 12
672 2 25 855 10
672 13 12 1546 8
672 79 12 3649 8
672 8 25 895 10
672 63 25 3161 10
672 8 25 3161 10
672 30 45 1406 12
672 12 45 1783 12
672 65 12 51 8
672 30 12 2792 8
672 18 25 148 10
672 74 45 2838 12
672 1 12 1637 8
672 70 25 589 10
672 76 25 210 10
673 4 45 210 12
673 60 25 3655 10
673 37 12 284 8
673 85 25 1751 10
673 10 25 937 10
673 35 25 2852 10
673 40 45 1008 12
673 50 25 3996 10
673 75 12 3827 8
674 84 45 3401 12
674 75 45 2242 12
674 15 25 779 10
674 98 25 70 10
674 69 25 779 10
674 92 25 1284 10
674 88 25 996 10
674 1 45 168 12
674 98 12 717 8
674 36 45 1500 12
674 93 25 1348 10
674 44 12 1024 8
674 4 25 29 10
674 74 45 2065 12
674 97 25 1744 10
674 93 25 1744 10
674 80 45 2239 12
675 44 25 3070 10
675 53 25 1558 10
675 7 25 788 10
675 56 45 1947 12
675 71 25 2029 10
675 22 45 2052 12
675 18 25 1398 10
675 68 25 1276 10
675 45 45 2464 12
675 45 45 481 12
675 53 25 525 10
675 89 12 549 8
675 27 45 3733 12
675 11 45 2959 12
675 68 45 2284 12
675 59 12 1525 8
675 79 12 739 8
676 53 12 1885 8
676 65 12 2188 8
676 27 12 368 8
676 96 12 604 8
676 12 45 1322 12
676 35 25 371 10
676 92 12 604 8
676 57 12 1871 8
676 55 45 95 12
676 26 25 1577 10
676 1 25 371 10
676 24 25 1443 10
676 70 45 677 12
676 67 25 1740 10
676 76 12 2188 8
676 4 45 1368 12
676 48 45 209 12
676 99 25 467 10
676 62 25 1484 10
676 63 25 742 10
676 25 25 1823 10
676 73 25 1785 10
677 59 25 511 10
677 90 25 511 10
677 78 45 601 12
677 54 45 1027 12
677 43 45 544 12
677 93 25 573 10
677 38 45 544 12
677 8 12 1396 8
677 50 45 1150 12
677 6 25 1448 10
677 5 25 593 10
677 19 45 601 12
677 69 12 1211 8
677 11 12 604 8
677 82 45 527 12
677 73 25 1949 10
677 7 12 255 8
677 44 12 238 8
677 34 25 1658 10
678 70 25 535 10
678 47 45 715 12
678 77 45 1617 12
678 63 12 3855 8
678 53 25 1652 10
678 0 45 2244 12
678 31 45 1617 12
678 67 25 2434 10
678 47 45 726 12
678 36 45 726 12
679 87 25 1814 10
679 30 12 777 8
679 69 45 32 12
679 24 45 32 12
679 56 12 1480 8
679 72 25 2783 10
679 29 45 1769 12
679 1 25 544 10
679 36 12 1014 8
679 64 12 2188 8
679 34 25 1539 10
679 74 25 447 10
679 16 45 389 12
680 93 25 2902 10
680 38 25 3794 10
680 97 45 28 12
680 2 25 1929 10
680 36 25 2902 10
680 18 45 2760 12
680 77 12 1546 8
680 90 12 71 8
680 53 25 465 10
680 44 12 693 8
680 79 25 1385 10
680 42 12 777 8
680 68 12 647 8
680 37 12 739 8
680 74 25 1650 10
680 56 25 1650 10
680 1 45 1568 12
680 56 45 989 12
680 52 45 1843 12
680 40 12 3293 8
680 0 12 407 8
681 67 45 755 12
681 28 12 897 8
681 39 45 510 12
681 62 45 345 12
681 99 45 1986 12
681 80 45 1201 12
681 11 45 1632 12
681 84 12 1554 8
681 77 25 2101 10
681 35 25 2463 10
681 24 25 2336 10
681 82 25 336 10
681 5 12 486 8
681 93 45 1632 12
681 1 12 774 8
681 96 25 1492 10
681 36 45 1680 12
681 3 12 1554 8
681 32 12 3129 8
681 57 25 1027 10
681 89 25 231 10
681 6 12 1872 8
681 24 45 2203 12
681 94 12 491 8
682 26 45 1806 12
682 6 25 675 10
682 62 25 627 10
682 49 45 171 12
682 69 45 755 12
682 41 45 2692 12
682 75 12 1682 8
682 1 25 1027 10
682 1 25 1510 10
682 93 25 601 10
682 76 12 2872 8
682 34 45 1851 12
682 97 12 2860 8
682 91 25 3631 10
682 59 12 2860 8
682 68 25 58 10
682 62 25 1631 10
682 22 12 331 8
682 97 12 331 8
682 14 45 739 12
682 5 12 2891 8
682 7 12 706 8
682 44 12 1080 8
683 93 45 2161 12
683 66 12 2773 8
683 88 25 692 10
683 77 12 2773 8
683 13 45 1414 12
683 18 12 2773 8
683 91 45 209 12
683 59 45 2985 12
683 38 12 55 8
683 27 25 3228 10
683 48 45 1750 12
683 13 12 2396 8
683 32 25 580 10
683 76 25 3879 10
683 74 25 692 10
683 82 12 491 8
683 37 25 272 10
683 87 45 2834 12
683 99 25 937 10
683 65 25 2057 10
683 45 25 1577 10
684 23 12 1915 8
684 93 25 3455 10
684 44 45 2490 12
684 70 45 2936 12
684 54 12 822 8
684 12 12 1923 8
684 65 45 1978 12
684 90 25 790 10
684 44 12 1915 8
685 20 12 401 8
685 61 45 1809 12
685 12 45 2464 12
685 68 45 233 12
685 55 12 1669 8
685 9 25 2478 10
685 16 12 1731 8
685 22 12 655 8
685 53 12 655 8
685 38 12 327 8
685 97 12 2053 8
686 99 45 182 12
686 5 25 3451 10
686 16 12 655 8
686 58 12 3470 8
686 67 25 2455 10
686 76 45 133 12
686 18 45 133 12
686 88 45 578 12
686 19 25 915 10
686 12 12 749 8
686 66 45 3503 12
686 73 45 3145 12
686 16 12 116 8
686 1 45 3171 12
686 89 45 84 12
686 51 45 346 12
686 34 45 987 12
687 1 12 655 8
687 24 12 655 8
687 61 12 655 8
687 15 45 2388 12
687 34 25 3603 10
687 95 12 1908 8
687 0 25 1504 10
687 61 45 1495 12
687 23 25 1504 10
687 3 12 1277 8
687 76 12 1277 8
687 40 12 2516 8
687 81 12 363 8
687 22 25 3885 10
687 54 25 1793 10
687 28 25 2245 10
687 97 12 63 8
688 19 12 491 8
688 2 25 1284 10
688 85 25 2455 10
688 71 25 2455 10
688 48 45 2383 12
688 76 45 2936 12
688 30 45 1741 12
688 23 12 3594 8
688 54 25 375 10
688 83 25 1848 10
688 74 12 686 8
688 6 45 1652 12
688 42 25 375 10
688 90 25 527 10
688 70 12 415 8
688 97 25 1848 10
689 97 12 3511 8
689 31 25 1810 10
689 76 12 1623 8
689 55 25 3403 10
689 61 25 11 10
689 56 12 3729 8
689 37 25 2769 10
689 3 45 1991 12
689 77 45 1927 12
689 93 12 655 8
689 20 25 548 10
689 36 25 1921 10
689 27 45 3059 12
689 75 25 2769 10
689 99 12 2088 8
689 33 12 338 8
689 11 12 1453 8
689 56 12 338 8
689 50 25 1321 10
689 71 45 936 12
690 46 45 1370 12
690 94 12 2925 8
690 69 45 547 12
690 56 25 1939 10
690 16 45 1199 12
690 13 25 1183 10
690 58 45 1370 12
690 14 45 601 12
690 58 25 1183 10
690 78 25 2392 10
690 4 25 2553 10
690 65 45 1809 12
690 19 25 1407 10
690 98 45 1711 12
690 88 45 1711 12
690 69 25 2332 10
690 94 12 2142 8
690 76 25 1269 10
690 27 25 1269 10
690 61 25 3370 10
690 41 25 2332 10
690 8 25 1269 10
690 59 25 2114 10
690 42 45 1851 12
690 86 25 2515 10
690 45 25 2553 10
690 33 45 2382 12
690 18 25 2392 10
690 52 25 527 10
691 90 45 567 12
691 48 45 2431 12
691 31 12 1440 8
691 7 45 1711 12
691 32 45 3981 12
691 36 25 1254 10
691 84 25 318 10
691 73 25 358 10
691 49 45 2052 12
691 7 12 1148 8
691 23 25 1370 10
691 57 45 1950 12
691 70 45 63 12
691 4 12 1063 8
691 55 12 1063 8
691 39 12 1063 8
691 12 12 3576 8
691 62 25 1297 10
691 2 25 628 10
691 51 25 682 10
691 23 25 1989 10
691 90 25 1297 10
691 40 12 1063 8
691 93 45 1108 12
691 95 45 35 12
691 88 25 527 10
691 69 12 3576 8
691 31 45 1599 12
691 34 25 682 10
692 3 25 3561 10
692 31 12 563 8
692 62 12 2680 8
692 43 45 1240 12
692 64 25 776 10
692 36 12 1576 8
692 78 25 1300 10
692 80 25 1396 10
692 16 45 664 12
692 41 45 227 12
692 6 45 2126 12
692 39 45 1272 12
692 33 12 1915 8
692 16 45 2753 12
692 65 25 2736 10
692 12 25 548 10
692 16 12 1871 8
692 87 25 2829 10
692 8 12 3112 8
693 76 45 260 12
693 72 12 3827 8
693 32 45 837 12
693 63 25 3175 10
693 50 45 3748 12
693 34 25 1464 10
693 39 25 3126 10
693 40 25 3898 10
693 21 12 13 8
693 80 45 3818 12
693 73 12 952 8
693 53 25 1621 10
693 65 25 2536 10
693 28 45 56 12
693 84 25 1428 10
693 25 25 1528 10
693 73 12 655 8
693 1 45 1658 12
693 49 45 2956 12
694 30 12 112 8
694 72 12 1641 8
694 4 12 2165 8
694 83 45 155 12
694 87 12 1722 8
694 23 12 1669 8
694 24 25 618 10
694 87 25 468 10
694 73 25 79 10
694 95 25 3107 10
694 82 25 2186 10
694 36 12 245 8
695 9 12 1772 8
695 24 45 2609 12
695 9 12 3713 8
695 81 45 551 12
695 49 45 1733 12
695 72 45 3333 12
695 62 25 3658 10
695 26 45 3965 12
695 43 45 544 12
695 85 12 3248 8
695 29 25 1650 10
695 74 45 1156 12
695 63 12 406 8
695 26 45 551 12
695 5 25 1409 10
695 38 25 2896 10
695 16 12 1414 8
695 80 25 1650 10
695 41 45 791 12
696 10 12 2698 8
696 91 25 3723 10
696 80 25 875 10
696 22 45 3014 12
696 42 25 1036 10
696 46 25 2183 10
696 46 25 240 10
696 0 25 335 10
696 82 25 240 10
696 43 25 3528 10
696 21 12 703 8
696 96 25 3723 10
696 59 45 2575 12
696 22 12 1434 8
696 53 25 596 10
696 10 25 3723 10
696 24 25 3506 10
696 96 25 1500 10
696 52 12 327 8
697 5 25 596 10
697 13 45 805 12
697 82 45 1206 12
697 47 25 3418 10
697 53 45 2194 12
697 66 25 1629 10
697 39 25 596 10
697 70 25 1244 10
697 83 45 1579 12
697 7 45 1179 12
697 61 45 1108 12
697 96 45 2474 12
697 57 25 1203 10
697 70 25 596 10
697 33 12 618 8
697 63 12 125 8
697 84 25 2617 10
697 46 45 87 12
697 12 25 2183 10
697 25 45 832 12
697 71 25 3403 10
697 13 25 596 10
698 38 12 1974 8
698 53 25 1789 10
698 79 25 3708 10
698 12 45 837 12
698 29 45 2485 12
698 89 25 393 10
698 83 25 130 10
698 21 45 3339 12
698 68 25 1635 10
698 34 45 837 12
698 96 25 1890 10
698 40 25 3934 10
698 74 25 640 10
698 25 45 2969 12
698 80 45 755 12
698 29 45 1500 12
698 10 12 934 8
698 89 12 468 8
698 80 25 2183 10
698 43 25 3934 10
699 44 25 596 10
699 53 45 1098 12
699 89 45 1956 12
699 49 12 3677 8
699 61 45 837 12
699 29 12 3958 8
699 8 45 3378 12
699 13 25 467 10
699 1 25 167 10
699 45 25 93 10
699 80 25 3154 10
699 34 45 512 12
699 75 45 3477 12
699 9 25 594 10
699 1 25 1521 10
699 23 25 684 10
699 73 12 2038 8
699 8 45 1414 12
699 21 25 1942 10
700 97 45 573 12
700 13 12 2207 8
700 27 25 1805 10
700 69 45 2362 12
700 45 12 2698 8
700 8 25 2646 10
700 34 12 277 8
700 35 12 1674 8
700 1 45 939 12
700 88 12 983 8
700 8 45 697 12
700 4 12 186 8
700 71 12 97 8
700 40 45 2410 12
700 13 25 2659 10
700 34 25 579 10
700 15 45 1390 12
700 40 45 28 12
700 56 25 1325 10
700 37 45 536 12
701 8 45 427 12
701 72 25 1295 10
701 88 45 2969 12
701 77 12 2707 8
701 75 45 629 12
701 12 45 908 12
701 19 45 1 12
701 31 45 1 12
701 53 45 1903 12
701 3 45 1903 12
701 34 12 404 8
701 49 25 3382 10
701 98 12 2037 8
701 94 45 629 12
701 18 12 771 8
701 30 25 465 10
701 37 12 2652 8
701 35 45 376 12
701 56 25 465 10
701 15 25 2054 10
701 12 25 1793 10
701 62 25 1956 10
701 0 12 1641 8
701 87 25 3781 10
701 52 25 1744 10
701 20 12 2886 8
702 41 45 589 12
702 27 25 3145 10
702 77 12 1665 8
702 47 25 1329 10
702 6 25 678 10
702 57 12 51 8
702 23 25 1998 10
702 36 25 822 10
702 18 25 544 10
702 16 25 1396 10
702 29 25 214 10
702 61 45 1715 12
702 32 45 3843 12
702 90 12 1722 8
702 59 12 372 8
702 0 25 192 10
702 51 12 2383 8
702 88 12 1637 8
702 99 12 1851 8
702 79 12 1851 8
702 68 25 518 10
702 70 45 1981 12
702 82 12 563 8
702 6 12 276 8
702 25 12 1641 8
702 3 25 3723 10
702 42 45 1859 12
702 86 25 3296 10
702 64 45 3508 12
702 50 25 3375 10
702 16 45 1627 12
702 86 25 1500 10
702 56 25 446 10
702 47 45 1731 12
702 52 25 3084 10
702 30 25 2234 10
702 32 25 1845 10
703 80 25 2183 10
703 97 25 203 10
703 1 45 1500 12
703 8 45 593 12
703 25 25 692 10
703 23 25 147 10
703 23 25 2737 10
703 72 25 352 10
703 57 45 3673 12
703 21 12 440 8
703 45 25 3723 10
703 44 45 1500 12
703 97 25 2779 10
703 48 25 465 10
703 18 25 2865 10
703 26 12 1101 8
703 11 25 1864 10
703 18 25 752 10
703 72 25 147 10
703 96 45 311 12
703 13 12 491 8
704 55 45 2392 12
704 12 25 746 10
704 8 25 105 10
704 45 25 674 10
704 99 25 2315 10
704 89 25 674 10
704 93 12 2990 8
704 31 45 1691 12
704 5 45 212 12
704 45 25 674 10
704 2 25 674 10
704 31 25 861 10
704 60 25 3327 10
704 46 25 674 10
704 22 12 1489 8
704 37 12 662 8
704 26 45 2410 12
704 87 25 295 10
704 45 25 2156 10
704 44 25 1168 10
704 95 12 771 8
704 74 12 930 8
704 61 12 1101 8
705 31 12 1437 8
705 1 25 1484 10
705 52 12 1902 8
705 9 45 11 12
705 0 25 2156 10
705 10 45 1920 12
705 0 25 709 10
705 90 25 3684 10
705 21 25 520 10
705 65 25 2156 10
705 13 12 1489 8
705 58 45 3170 12
705 22 45 259 12
705 98 12 2513 8
705 14 25 96 10
705 78 45 84 12
705 84 25 3016 10
705 84 25 1516 10
705 47 45 198 12
705 5 25 2519 10
705 72 25 2183 10
705 91 25 1915 10
706 35 45 365 12
706 51 45 1691 12
706 96 45 806 12
706 36 45 1406 12
706 34 25 1597 10
706 97 45 1307 12
706 33 25 2618 10
706 33 45 68 12
706 86 45 1248 12
706 5 12 2838 8
706 25 45 84 12
706 56 45 1794 12
706 53 45 1903 12
706 16 12 1962 8
706 42 12 2251 8
706 52 25 1260 10
706 68 12 199 8
706 0 12 1962 8
706 36 12 3131 8
706 11 25 2811 10
706 26 45 3145 12
707 91 12 758 8
707 23 25 2104 10
707 17 45 1769 12
707 70 45 2936 12
707 80 25 886 10
707 36 45 1108 12
707 36 25 1539 10
707 36 25 1771 10
707 24 45 2197 12
707 1 45 1447 12
707 46 25 861 10
707 35 12 2590 8
707 43 45 3380 12
707 9 12 2223 8
707 79 25 1846 10
707 7 12 199 8
707 19 12 3650 8
707 19 45 2742 12
707 9 45 847 12
708 62 12 218 8
708 35 12 137 8
708 44 25 1489 10
708 44 45 870 12
708 3 25 1750 10
708 88 45 1652 12
708 28 45 944 12
708 34 45 2796 12
708 32 12 1244 8
708 78 25 1983 10
708 56 25 3439 10
708 82 12 1244 8
708 46 12 1266 8
708 27 25 967 10
708 85 12 1835 8
708 80 45 3258 12
708 4 45 872 12
708 54 25 3418 10
708 1 25 831 10
708 12 25 831 10
708 5 45 515 12
709 71 25 213 10
709 92 25 2820 10
709 98 45 3445 12
709 62 45 1672 12
709 87 25 460 10
709 73 25 3471 10
709 56 45 3345 12
709 85 25 3107 10
709 92 25 150 10
709 86 45 2392 12
709 98 12 2735 8
709 41 25 1455 10
709 48 25 1813 10
709 10 12 1719 8
709 84 45 3910 12
709 21 45 1059 12
709 61 25 1813 10
709 8 45 1572 12
709 34 25 3327 10
709 49 45 1478 12
709 16 12 1780 8
709 0 12 127 8
710 83 45 951 12
710 25 12 1919 8
710 38 45 3171 12
710 43 45 2183 12
710 92 45 1285 12
710 23 25 714 10
710 79 12 3174 8
710 68 25 1444 10
710 83 12 95 8
710 56 25 1673 10
710 27 12 1148 8
710 2 12 1717 8
710 21 25 925 10
710 92 25 872 10
710 25 45 800 12
710 87 25 60 10
710 19 12 3822 8
710 55 12 1130 8
710 51 25 3382 10
710 40 25 2476 10
710 48 12 3822 8
710 41 25 3702 10
711 63 12 1703 8
711 56 45 2515 12
711 25 25 1775 10
711 63 12 2556 8
711 69 25 3013 10
711 61 25 1664 10
711 60 45 2932 12
711 31 25 908 10
711 54 25 1047 10
711 14 45 1367 12
711 28 25 1563 10
711 32 25 1704 10
711 24 45 2109 12
711 45 25 3373 10
711 16 25 1539 10
711 65 25 1396 10
711 94 45 2338 12
711 26 25 3455 10
711 51 25 252 10
711 60 25 3145 10
711 20 45 402 12
711 9 25 3145 10
711 89 45 3908 12
712 38 12 3174 8
712 30 25 1180 10
712 33 12 57 8
712 23 12 2202 8
712 40 25 197 10
712 32 25 867 10
712 21 25 3360 10
712 86 12 1034 8
712 81 25 3708 10
712 80 45 1562 12
712 86 12 1275 8
712 70 45 3461 12
712 47 45 3439 12
712 16 25 1775 10
712 31 12 57 8
712 94 25 2124 10
712 70 25 351 10
712 41 25 1499 10
712 4 25 986 10
712 1 25 935 10
712 92 12 1275 8
713 72 25 3866 10
713 30 12 1141 8
713 51 45 558 12
713 32 25 3397 10
713 78 25 3397 10
713 49 45 16 12
713 62 12 758 8
713 66 45 1393 12
713 4 25 2613 10
713 1 25 469 10
713 73 25 502 10
713 61 25 1784 10
713 11 12 1275 8
713 46 12 2390 8
713 69 12 3991 8
713 88 25 1102 10
713 58 45 16 12
713 77 25 1217 10
713 36 45 912 12
713 90 12 341 8
713 17 45 2020 12
713 17 25 1512 10
713 7 12 1655 8
713 15 25 10 10
713 10 12 1906 8
713 60 25 3016 10
713 80 25 190 10
713 27 25 1006 10
713 2 25 1006 10
713 59 25 3996 10
714 20 45 3285 12
714 78 25 201 10
714 85 12 218 8
714 37 25 2655 10
714 69 45 3285 12
714 52 25 2945 10
714 75 45 1444 12
714 53 12 1719 8
714 37 12 384 8
714 27 12 691 8
714 16 12 905 8
714 7 45 870 12
714 38 25 2234 10
714 91 25 540 10
714 76 25 1373 10
714 55 12 218 8
714 60 45 2633 12
714 71 12 2224 8
714 27 12 13 8
714 42 12 599 8
715 80 45 1510 12
715 97 45 1689 12
715 42 25 1090 10
715 51 45 902 12
715 8 25 3731 10
715 88 25 2782 10
715 82 12 1148 8
715 10 25 1292 10
715 19 45 2575 12
715 79 12 54 8
715 81 12 3225 8
715 53 25 2166 10
715 49 12 341 8
715 63 25 3000 10
715 33 12 1719 8
715 92 25 792 10
715 78 12 1467 8
716 64 12 1623 8
716 63 25 3157 10
716 17 45 1419 12
716 85 25 1093 10
716 50 25 2549 10
716 38 25 1424 10
716 75 25 927 10
716 8 25 707 10
716 61 25 845 10
716 29 25 845 10
716 48 45 1507 12
716 10 12 1595 8
716 24 25 2927 10
716 91 25 927 10
716 21 45 2911 12
716 49 12 1623 8
717 1 25 1679 10
717 83 25 1568 10
717 21 25 1253 10
717 88 12 1527 8
717 35 12 1554 8
717 92 45 1102 12
717 25 12 3262 8
717 94 12 3262 8
717 22 25 1688 10
717 8 45 3583 12
717 15 12 1610 8
717 78 25 3251 10
717 24 25 714 10
717 23 45 1422 12
717 99 25 1563 10
717 43 45 2969 12
717 46 25 2179 10
717 80 45 1102 12
717 50 45 908 12
717 5 45 1102 12
717 59 25 1438 10
717 97 12 1561 8
717 67 25 1277 10
717 20 12 1168 8
717 11 45 1512 12
717 94 45 3581 12
717 37 25 1500 10
717 68 25 48 10
717 10 45 259 12
717 37 12 1871 8
717 1 45 259 12
717 56 25 1490 10
717 35 25 1234 10
717 82 25 1277 10
718 15 45 503 12
718 2 25 2752 10
718 47 25 2043 10
718 60 45 1480 12
718 21 25 2043 10
718 89 25 618 10
718 80 12 1969 8
718 63 12 1755 8
718 67 45 1284 12
718 50 45 503 12
718 19 25 618 10
718 69 12 340 8
718 33 25 3023 10
718 17 25 465 10
718 21 25 1702 10
718 43 45 3415 12
718 2 12 1891 8
718 27 25 802 10
718 34 25 1480 10
718 47 45 304 12
718 27 25 1679 10
718 0 25 3312 10
718 84 12 1623 8
718 90 45 304 12
718 25 25 3572 10
718 41 25 373 10
718 91 45 304 12
718 25 45 822 12
718 58 45 2804 12
718 84 25 3723 10
718 62 25 2618 10
718 41 25 130 10
718 17 25 680 10
718 89 25 1624 10
718 91 12 3117 8
718 77 45 1733 12
718 26 45 2221 12
718 17 12 2020 8
718 51 45 1762 12
718 22 25 1702 10
718 42 25 1234 10
718 46 25 3723 10
718 86 45 2251 12
718 89 12 2172 8
718 7 25 1443 10
718 37 25 719 10
718 64 12 1422 8
718 14 12 1989 8
718 6 45 3809 12
718 46 45 2709 12
718 5 45 1579 12
718 79 12 2511 8
718 12 12 1141 8
718 45 45 2709 12
718 95 25 1443 10
718 25 45 84 12
718 34 12 1702 8
718 16 25 1561 10
718 7 12 2511 8
718 72 45 84 12
718 18 25 1037 10
718 36 12 2313 8
719 61 25 3458 10
719 58 25 2459 10
719 30 45 518 12
719 53 45 1574 12
719 90 25 1260 10
719 47 45 806 12
719 94 25 467 10
719 2 25 3825 10
719 98 25 504 10
719 37 25 3451 10
719 0 25 2988 10
719 75 25 678 10
719 84 45 1367 12
719 34 25 618 10
719 26 45 1108 12
719 76 45 1473 12
719 78 12 662 8
719 62 45 1027 12
719 97 12 1158 8
719 38 45 1370 12
719 1 12 2513 8
719 58 45 323 12
719 3 45 2879 12
719 85 25 1464 10
719 67 45 584 12
719 26 45 2992 12
719 93 45 284 12
719 6 25 747 10
719 94 25 2234 10
719 36 12 347 8
719 9 25 2234 10
719 59 45 1553 12
719 72 25 636 10
719 56 45 1156 12
719 4 45 25 12
719 81 25 2397 10
719 93 25 1802 10
719 84 45 3296 12
719 79 45 3081 12
719 62 25 1534 10
719 82 45 2011 12
719 17 25 1784 10
719 92 25 2059 10
719 38 45 1010 12
719 2 12 2170 8
719 74 25 1802 10
719 78 12 2170 8
719 64 25 1610 10
719 60 25 598 10
719 83 25 1375 10
719 28 12 1641 8
719 54 12 2892 8
719 2 25 3708 10
719 88 12 3482 8
719 38 12 1380 8
719 65 25 712 10
719 65 25 712 10
719 65 25 72 10
719 67 25 2097 10
719 45 25 1296 10
719 95 25 1869 10
719 62 25 2397 10
719 22 12 3482 8
719 18 25 1869 10
720 46 25 3914 10
720 61 12 573 8
720 24 25 1423 10
720 20 45 1821 12
720 51 25 3116 10
720 85 25 3116 10
720 33 25 1237 10
720 34 12 1474 8
720 91 12 1146 8
720 87 25 3389 10
720 69 45 1531 12
720 35 45 1531 12
720 53 25 3389 10
720 48 45 382 12
720 68 12 2698 8
720 8 25 1237 10
720 40 25 3403 10
720 84 45 1010 12
720 21 25 2097 10
720 15 25 241 10
720 73 45 348 12
720 25 12 1641 8
720 4 25 2097 10
720 40 45 593 12
720 36 12 2555 8
720 57 45 399 12
720 74 12 1870 8
720 79 25 3824 10
720 95 45 3826 12
720 23 45 2119 12
720 5 45 1956 12
720 87 45 2878 12
720 33 12 629 8
720 37 25 1784 10
720 27 25 235 10
720 59 45 2969 12
720 23 45 2969 12
720 3 45 2969 12
720 74 25 1953 10
720 52 25 725 10
720 57 12 211 8
720 43 12 1572 8
720 93 12 1893 8
720 6 45 1668 12
720 96 25 3644 10
720 94 45 3297 12
720 73 25 601 10
720 30 25 1405 10
720 89 45 2498 12
720 32 25 601 10
720 24 45 769 12
720 57 25 601 10
720 65 45 1733 12
720 12 45 769 12
720 38 25 1405 10
720 83 25 3403 10
720 32 45 2045 12
720 67 45 1414 12
720 23 12 1251 8
720 61 12 169 8
721 65 12 1623 8
721 26 25 1530 10
721 63 45 2785 12
721 72 25 3788 10
721 17 25 3264 10
721 87 25 844 10
721 84 25 2504 10
721 9 25 249 10
721 49 25 948 10
721 56 12 13 8
721 99 12 69 8
721 81 25 746 10
721 61 25 1792 10
721 3 25 157 10
721 18 12 3087 8
721 34 25 1297 10
721 84 45 1255 12
721 33 25 62 10
721 77 25 1135 10
721 55 25 1111 10
721 72 12 3295 8
721 16 25 710 10
721 41 25 1257 10
721 67 12 1952 8
721 84 12 1481 8
721 34 12 1625 8
721 96 25 3218 10
721 37 25 2614 10
721 24 25 469 10
721 97 25 62 10
721 44 25 137 10
721 62 45 1809 12
721 38 25 3013 10
721 77 12 1178 8
721 64 12 1560 8
722 51 45 1537 12
722 8 45 2115 12
722 17 25 3218 10
722 38 25 804 10
722 8 25 2262 10
722 66 25 2927 10
722 94 45 1537 12
722 99 12 1880 8
722 59 45 687 12
722 92 12 118 8
722 46 12 542 8
722 34 45 2821 12
722 51 25 2661 10
722 42 45 518 12
722 8 25 3218 10
722 12 12 1657 8
722 22 45 1506 12
722 66 45 3922 12
722 65 12 1489 8
722 35 25 948 10
722 60 25 3747 10
722 57 25 948 10
722 75 25 3831 10
722 16 45 1846 12
722 35 25 948 10
722 6 45 1206 12
722 81 45 2314 12
722 83 25 3148 10
722 43 25 2165 10
722 46 25 1319 10
722 66 25 62 10
722 79 45 302 12
722 23 12 3975 8
722 43 25 1883 10
722 74 25 1656 10
722 72 12 385 8
722 63 45 302 12
722 66 25 3929 10
723 97 25 694 10
723 19 25 1880 10
723 65 45 323 12
723 94 45 1808 12
723 55 45 1473 12
723 94 12 2056 8
723 77 25 2221 10
723 12 45 2403 12
723 61 25 937 10
723 0 25 1183 10
723 46 45 406 12
723 69 12 930 8
723 3 25 471 10
723 2 12 781 8
723 80 45 2157 12
723 59 25 1740 10
723 61 45 2879 12
723 7 25 3005 10
723 75 45 3723 12
723 71 25 3113 10
723 42 12 1816 8
723 93 12 1543 8
723 29 12 537 8
723 68 45 1246 12
723 5 45 2758 12
723 9 12 1481 8
723 10 12 1343 8
723 98 25 202 10
723 34 45 2099 12
723 82 12 1343 8
723 92 25 1434 10
723 75 45 1537 12
723 84 12 1413 8
723 30 12 1625 8
723 40 45 3926 12
723 55 45 3038 12
723 97 12 1871 8
723 57 25 131 10
723 33 25 755 10
723 50 45 388 12
723 58 45 348 12
723 41 45 2755 12
723 66 25 1949 10
724 90 12 1590 8
724 42 25 2550 10
724 11 45 1060 12
724 68 25 302 10
724 0 12 2396 8
724 6 12 3989 8
724 26 12 1625 8
724 23 25 913 10
724 17 12 150 8
724 12 25 467 10
724 65 45 1384 12
724 41 25 598 10
724 26 25 1673 10
724 82 25 467 10
724 82 25 520 10
724 91 25 465 10
724 82 45 3242 12
724 40 45 687 12
724 88 25 694 10
724 76 45 807 12
724 42 25 3845 10
724 72 25 3572 10
724 66 25 1784 10
724 31 25 1465 10
724 66 45 973 12
724 25 25 538 10
724 13 25 3451 10
724 58 12 2607 8
724 93 25 1056 10
724 4 12 379 8
724 26 25 1056 10
724 0 25 1056 10
724 57 25 1056 10
724 17 25 1056 10
724 99 45 837 12
724 58 25 333 10
724 38 25 1049 10
724 31 25 853 10
724 68 25 333 10
724 18 25 2212 10
724 14 12 3515 8
724 5 45 2826 12
724 25 25 131 10
724 9 25 195 10
724 45 25 638 10
724 35 45 1181 12
725 53 25 3397 10
725 14 25 3224 10
725 64 45 808 12
725 13 12 432 8
725 24 12 159 8
725 85 45 3237 12
725 40 25 1343 10
725 54 12 2259 8
725 62 25 2087 10
725 67 25 2304 10
725 83 12 488 8
725 93 25 3224 10
725 23 45 836 12
725 80 45 807 12
725 25 25 923 10
725 15 12 2957 8
725 76 12 3986 8
725 32 12 1955 8
725 45 25 3845 10
725 54 25 2212 10
725 99 25 876 10
725 25 45 3175 12
725 63 25 1932 10
725 26 25 2314 10
725 19 25 1039 10
725 9 45 2338 12
725 74 12 729 8
725 23 12 2012 8
725 75 25 2101 10
725 39 25 318 10
725 76 12 1380 8
725 96 12 2313 8
725 95 45 311 12
725 45 25 1441 10
725 30 25 131 10
725 85 25 1551 10
725 93 25 1551 10
725 15 25 1794 10
725 61 12 418 8
725 36 45 687 12
725 36 45 664 12
725 22 25 1876 10
725 66 45 732 12
725 54 45 2158 12
725 10 25 1939 10
725 90 25 1689 10
725 6 25 989 10
725 59 25 345 10
725 15 45 1023 12
725 22 25 1000 10
725 28 25 3029 10
725 11 12 2590 8
725 86 25 1924 10
725 80 25 2957 10
725 90 25 1209 10
725 66 12 501 8
725 7 25 580 10
725 86 25 1921 10
725 9 45 2930 12
725 50 25 836 10
725 51 12 1553 8
725 60 25 3224 10
726 96 12 3282 8
726 40 12 1207 8
726 49 45 1024 12
726 88 45 3809 12
726 84 45 593 12
726 42 25 1731 10
726 96 12 2868 8
726 64 25 1023 10
726 79 25 1591 10
726 32 25 1027 10
726 42 12 532 8
726 7 45 76 12
726 33 12 2269 8
726 51 45 3242 12
726 79 45 3780 12
726 92 45 2105 12
726 64 25 1810 10
726 52 12 147 8
726 1 45 805 12
726 32 45 1367 12
726 14 25 1074 10
726 70 12 2868 8
726 86 12 3606 8
726 85 45 1429 12
726 9 12 3606 8
726 64 25 2160 10
726 86 45 2785 12
726 3 25 2683 10
726 52 25 149 10
726 50 25 1150 10
726 80 45 1720 12
726 75 25 681 10
726 57 25 2539 10
726 22 25 2920 10
726 93 25 1107 10
726 85 12 2652 8
726 23 25 3502 10
726 13 12 1391 8
726 3 25 2059 10
726 39 12 3282 8
726 32 45 2089 12
726 96 25 1613 10
726 35 25 1134 10
726 29 12 743 8
726 10 25 3292 10
726 62 25 1360 10
726 63 12 2795 8
727 91 45 1522 12
727 94 45 2208 12
727 38 12 1608 8
727 43 45 1284 12
727 90 25 76 10
727 69 45 1403 12
727 9 12 1839 8
727 87 45 1388 12
727 24 12 3615 8
727 33 45 1940 12
727 2 45 1468 12
727 32 25 302 10
727 37 25 2117 10
727 91 12 2358 8
727 11 25 1490 10
727 73 25 525 10
727 70 45 370 12
727 10 45 852 12
727 69 25 2412 10
727 47 25 2616 10
727 46 25 2756 10
727 40 45 912 12
727 21 25 1719 10
727 47 25 463 10
727 58 12 1873 8
727 21 25 1257 10
727 88 45 3498 12
727 66 45 2070 12
727 26 12 3399 8
727 65 25 2484 10
727 41 12 104 8
727 82 12 3752 8
728 47 25 344 10
728 37 12 682 8
728 10 25 621 10
728 40 25 1659 10
728 69 12 1455 8
728 95 25 2128 10
728 26 12 682 8
728 72 25 329 10
728 6 25 1700 10
728 39 12 1880 8
728 55 25 1784 10
728 73 45 1627 12
728 16 25 1700 10
728 24 12 3449 8
728 16 25 1257 10
728 16 25 1674 10
728 66 25 1714 10
728 94 25 3502 10
728 35 25 1669 10
728 0 25 254 10
728 97 25 1282 10
728 6 25 306 10
728 71 45 1873 12
728 65 12 3225 8
728 32 25 1356 10
728 84 25 3030 10
728 38 12 1608 8
728 93 45 1807 12
728 24 45 2517 12
728 17 25 1843 10
728 15 25 351 10
728 54 45 2444 12
728 87 25 1150 10
728 31 45 92 12
728 56 12 2624 8
728 90 12 2735 8
728 15 12 3485 8
728 88 12 3827 8
728 0 12 1077 8
728 39 25 1110 10
728 86 12 662 8
728 58 12 384 8
728 31 45 671 12
728 81 25 3655 10
728 27 25 1364 10
729 53 12 2426 8
729 29 45 1051 12
729 55 45 1682 12
729 58 25 1431 10
729 60 25 1770 10
729 34 12 733 8
729 99 12 368 8
729 40 45 671 12
729 29 12 2400 8
729 96 12 202 8
729 42 45 2368 12
729 31 12 3702 8
729 40 25 1430 10
729 41 25 1702 10
729 3 45 204 12
729 11 12 202 8
729 42 25 1511 10
729 46 45 942 12
729 52 25 1977 10
729 26 12 3029 8
729 36 12 1619 8
729 87 25 1562 10
729 26 45 3592 12
729 0 45 2829 12
729 32 12 1384 8
729 67 45 3848 12
729 4 45 3101 12
729 45 45 3848 12
729 17 45 1627 12
729 14 25 3031 10
729 81 12 1542 8
729 30 25 2783 10
729 95 45 2611 12
729 73 45 2195 12
729 36 25 2415 10
729 27 25 508 10
729 10 25 371 10
729 87 25 1319 10
729 16 12 0 8
729 92 12 2603 8
729 86 12 553 8
730 54 25 3116 10
730 35 45 3838 12
730 96 12 1275 8
730 9 25 1557 10
730 75 25 279 10
730 34 12 1178 8
730 31 25 881 10
730 59 25 1667 10
730 50 12 629 8
730 36 25 3646 10
730 42 12 3099 8
730 59 25 3779 10
730 49 12 2957 8
730 56 12 1704 8
730 22 45 1402 12
730 53 45 1102 12
730 65 12 1704 8
730 27 12 82 8
730 99 25 715 10
730 70 12 1839 8
730 47 25 2536 10
730 13 25 3796 10
730 39 25 1562 10
730 91 12 804 8
730 4 12 734 8
730 92 12 573 8
730 98 25 675 10
730 65 12 796 8
730 45 45 596 12
730 35 25 3798 10
730 11 25 2838 10
730 91 45 2878 12
730 56 25 27 10
730 26 25 3751 10
730 49 12 1047 8
730 35 25 1276 10
730 17 25 240 10
730 45 25 1881 10
730 74 45 2777 12
730 0 45 1847 12
730 39 12 781 8
730 12 45 3468 12
730 23 45 1677 12
730 42 12 1717 8
730 90 25 3035 10
730 55 25 3056 10
730 26 45 1838 12
730 31 45 1944 12
730 22 25 2304 10
730 18 25 1962 10
730 49 25 198 10
730 4 45 1824 12
731 48 25 225 10
731 24 12 136 8
731 41 45 54 12
731 0 12 331 8
731 49 25 2838 10
731 40 25 2766 10
731 31 25 2838 10
731 78 25 2838 10
731 91 45 1691 12
731 66 45 3370 12
731 55 45 1734 12
731 19 45 3961 12
731 73 45 1691 12
731 36 12 176 8
731 50 12 2556 8
731 8 45 1320 12
731 43 45 420 12
731 98 25 861 10
731 43 25 3286 10
731 43 12 1398 8
731 96 25 3723 10
731 58 12 315 8
731 97 25 1102 10
731 20 25 1874 10
731 48 45 1190 12
731 46 12 2192 8
731 19 12 1104 8
731 93 45 1564 12
731 32 45 3575 12
731 32 12 11 8
731 57 45 3227 12
731 52 45 1329 12
731 90 25 43 10
731 10 25 712 10
731 17 25 614 10
731 53 25 1000 10
731 74 12 159 8
731 7 45 1329 12
731 18 45 1403 12
731 98 25 358 10
731 78 25 2651 10
731 48 45 1403 12
731 2 45 888 12
731 55 25 3102 10
731 40 25 1705 10
731 67 25 1492 10
731 51 25 2599 10
731 40 45 2593 12
731 40 45 473 12
731 35 12 3438 8
731 94 45 1268 12
731 30 25 2651 10
731 88 45 1515 12
731 19 12 1756 8
731 55 25 1338 10
731 33 45 627 12
731 94 45 1501 12
731 96 25 1904 10
731 47 12 3937 8
732 41 45 1725 12
732 16 12 1303 8
732 8 45 182 12
732 95 12 3827 8
732 49 45 1508 12
732 0 12 1553 8
732 35 25 1044 10
732 46 12 2925 8
732 44 45 684 12
732 88 45 183 12
732 54 25 1405 10
732 12 25 1405 10
732 81 25 1405 10
732 47 45 126 12
732 97 45 664 12
732 6 25 802 10
732 77 45 2549 12
732 7 45 802 12
732 61 45 1107 12
732 75 25 225 10
732 99 25 1117 10
732 54 45 3431 12
732 65 12 2340 8
732 50 45 1276 12
732 19 25 652 10
732 80 45 1711 12
732 21 45 484 12
732 70 25 3591 10
732 7 25 3591 10
732 15 45 164 12
732 38 25 1705 10
732 67 45 376 12
732 50 12 3933 8
732 31 45 894 12
732 14 45 664 12
732 49 45 664 12
732 91 12 2543 8
732 31 25 1927 10
732 96 25 1487 10
732 1 25 3643 10
732 10 45 1363 12
732 23 25 1561 10
732 88 12 1467 8
732 96 12 1467 8
732 57 25 2162 10
732 65 45 2203 12
732 78 12 530 8
732 38 45 1368 12
732 79 25 48 10
733 84 45 599 12
733 54 12 1893 8
733 24 12 1710 8
733 67 12 1396 8
733 7 45 7 12
733 65 25 1297 10
733 80 12 3273 8
733 92 25 152 10
733 66 12 82 8
733 37 25 1456 10
733 3 12 82 8
733 60 12 2624 8
733 89 25 1531 10
733 21 45 1970 12
733 33 12 859 8
733 68 12 799 8
733 62 25 445 10
733 49 12 771 8
733 86 25 1782 10
733 55 45 1294 12
733 77 25 3397 10
733 72 45 1717 12
733 5 12 1542 8
733 69 45 3445 12
733 4 45 1148 12
733 13 25 1899 10
733 12 25 2531 10
733 94 25 2455 10
733 6 45 423 12
733 63 45 1885 12
733 86 12 735 8
733 75 45 1590 12
733 43 25 3460 10
733 89 12 3158 8
733 56 45 1193 12
733 36 45 1193 12
733 32 12 735 8
733 94 45 1699 12
733 46 45 3843 12
733 28 45 3591 12
733 46 45 1814 12
733 27 45 1463 12
733 17 45 3961 12
733 76 12 3284 8
733 73 12 2661 8
733 55 12 11 8
733 62 25 1561 10
733 22 45 1193 12
733 85 45 3570 12
734 97 45 3644 12
734 97 12 1866 8
734 61 45 3268 12
734 71 45 1148 12
734 54 45 1358 12
734 8 12 71 8
734 56 45 376 12
734 16 25 1501 10
734 32 25 520 10
734 51 25 183 10
734 85 45 1294 12
734 16 12 2705 8
734 30 25 2481 10
734 11 45 376 12
734 40 45 376 12
734 71 25 3031 10
734 33 12 2705 8
734 45 25 1351 10
734 42 25 3451 10
734 15 12 1170 8
734 56 45 3101 12
734 52 12 3335 8
734 35 45 689 12
734 22 45 599 12
734 23 45 599 12
734 60 25 1816 10
734 13 45 892 12
734 60 25 556 10
734 72 45 369 12
734 95 45 312 12
734 95 12 2705 8
734 95 45 2064 12
734 77 25 3585 10
734 85 25 1950 10
734 81 12 3335 8
734 52 45 2099 12
734 3 25 1899 10
734 3 25 1492 10
734 9 25 2181 10
734 44 12 1530 8
734 3 12 57 8
734 0 12 3251 8
734 20 12 962 8
734 20 45 3373 12
734 73 25 552 10
734 92 25 630 10
734 67 25 1915 10
734 27 45 1899 12
734 89 12 3939 8
734 74 12 468 8
734 76 12 734 8
734 3 12 3335 8
734 3 12 962 8
734 61 12 3251 8
734 51 45 892 12
734 82 45 2314 12
734 92 45 1050 12
734 61 45 2233 12
734 24 45 599 12
734 97 45 1050 12
735 82 25 818 10
735 73 25 1649 10
735 96 45 687 12
735 89 25 1613 10
735 73 45 590 12
735 41 25 471 10
735 98 45 1522 12
735 79 25 2123 10
735 98 45 3043 12
735 31 45 293 12
735 70 12 2623 8
735 26 45 3231 12
735 25 25 200 10
735 33 45 3226 12
735 89 25 993 10
735 54 45 1579 12
735 56 25 130 10
735 80 45 318 12
735 32 45 1496 12
735 63 12 1989 8
735 61 25 293 10
735 87 25 468 10
735 66 25 468 10
735 23 25 859 10
735 59 12 23 8
735 29 45 1981 12
735 88 45 1181 12
735 71 45 118 12
735 94 45 2611 12
735 56 45 558 12
735 18 25 437 10
735 70 45 9 12
735 96 25 3533 10
735 50 45 3445 12
735 53 45 3258 12
735 14 45 3445 12
735 90 25 556 10
735 38 45 2983 12
735 59 12 85 8
735 20 45 1284 12
735 19 45 1284 12
735 57 45 3445 12
735 83 12 812 8
735 0 45 679 12
735 43 25 1443 10
735 7 45 381 12
736 97 45 560 12
736 24 25 382 10
736 23 25 3525 10
736 33 45 2374 12
736 34 25 3218 10
736 4 12 1854 8
736 73 45 560 12
736 63 12 385 8
736 70 45 2392 12
736 46 25 433 10
736 61 25 214 10
736 85 12 494 8
736 74 25 1108 10
736 18 12 739 8
736 92 12 2343 8
736 65 45 802 12
736 14 45 3780 12
736 40 45 2330 12
736 39 25 2868 10
736 67 25 415 10
736 41 45 672 12
736 74 12 2343 8
736 9 25 1528 10
736 59 45 624 12
736 77 25 1927 10
736 18 45 1432 12
736 64 25 570 10
736 74 45 1711 12
736 43 25 861 10
736 66 45 1321 12
737 12 25 2114 10
737 67 12 1794 8
737 26 45 2392 12
737 17 25 1019 10
737 2 25 1650 10
737 72 12 1009 8
737 49 45 2392 12
737 58 12 2558 8
737 70 12 697 8
737 32 45 1468 12
737 72 45 1367 12
737 17 12 867 8
737 38 45 3984 12
737 60 12 82 8
737 33 12 3975 8
737 34 25 1093 10
737 44 25 1280 10
737 80 25 1089 10
737 67 45 1553 12
737 6 45 3144 12
737 23 12 3975 8
737 43 45 7 12
737 40 12 2831 8
737 11 45 1328 12
737 3 25 755 10
737 22 12 2675 8
737 94 12 1482 8
737 73 25 352 10
737 76 12 3875 8
737 44 12 902 8
737 61 12 2675 8
737 44 45 1797 12
737 47 12 115 8
737 28 12 115 8
737 72 25 1270 10
737 45 25 1667 10
737 51 25 788 10
737 32 45 1889 12
737 10 25 1510 10
737 15 45 2035 12
737 40 45 194 12
737 38 12 1593 8
737 21 12 2115 8
737 65 25 1373 10
737 31 45 1004 12
737 51 25 1214 10
737 41 25 1330 10
737 87 25 118 10
738 34 25 86 10
738 72 25 1347 10
738 85 45 639 12
738 64 12 956 8
738 91 25 3810 10
738 89 25 681 10
738 92 12 494 8
738 2 45 1847 12
738 90 25 279 10
738 57 25 3110 10
738 21 25 490 10
738 54 45 1283 12
738 31 25 2376 10
738 77 12 406 8
738 4 25 1993 10
738 34 12 2202 8
738 74 12 2172 8
738 11 25 929 10
738 19 45 1443 12
738 50 25 3084 10
738 12 25 2123 10
738 88 45 2441 12
738 53 12 1325 8
738 34 45 3242 12
738 97 25 2659 10
738 16 25 1646 10
738 13 25 1280 10
738 76 12 3092 8
738 7 12 2990 8
738 21 45 836 12
738 92 12 183 8
738 85 25 279 10
738 75 45 1996 12
738 13 12 3560 8
738 23 45 2802 12
738 61 45 2486 12
738 20 25 735 10
738 70 45 1847 12
738 4 25 750 10
739 69 12 15 8
739 62 25 1212 10
739 76 25 1280 10
739 2 45 614 12
739 57 25 1280 10
739 60 45 2115 12
739 64 25 3867 10
739 50 12 1443 8
739 68 12 989 8
739 37 45 3075 12
739 15 25 937 10
739 92 25 1882 10
739 93 25 814 10
739 63 45 991 12
739 39 25 123 10
739 87 25 3036 10
739 98 12 404 8
739 28 12 936 8
739 41 12 745 8
739 57 25 937 10
739 67 25 2661 10
739 50 25 3062 10
739 89 25 1347 10
739 36 12 1152 8
740 29 45 3612 12
740 87 25 1178 10
740 17 45 1920 12
740 47 25 1110 10
740 48 45 1920 12
740 19 25 3779 10
740 16 45 1715 12
740 71 25 1046 10
740 94 25 254 10
740 52 12 1467 8
740 51 25 1817 10
740 56 45 1511 12
740 50 25 1817 10
740 14 12 1395 8
740 70 25 251 10
740 55 45 335 12
740 96 45 951 12
740 94 25 251 10
740 14 12 3375 8
740 32 12 1467 8
740 16 25 284 10
740 51 25 2865 10
740 52 45 3237 12
740 23 25 1563 10
740 34 45 650 12
740 97 45 614 12
740 25 45 1892 12
740 73 12 3899 8
740 31 12 2791 8
740 45 25 719 10
740 6 12 3736 8
740 39 12 1684 8
740 8 45 514 12
740 62 45 697 12
740 13 45 2887 12
741 86 25 640 10
741 69 12 1701 8
741 66 12 1701 8
741 29 25 2117 10
741 42 45 2554 12
741 62 25 2437 10
741 15 45 516 12
741 77 45 991 12
741 42 45 63 12
741 35 45 1424 12
741 40 45 648 12
741 94 45 1078 12
741 9 12 706 8
741 20 25 2437 10
741 90 25 2629 10
741 58 25 2377 10
741 82 25 2629 10
741 9 12 2142 8
741 49 25 3549 10
741 96 25 1448 10
741 48 25 636 10
741 4 12 1704 8
741 69 25 890 10
741 71 25 596 10
741 59 25 1504 10
741 21 25 2554 10
741 20 45 3550 12
741 18 45 2834 12
741 49 25 1107 10
741 7 45 405 12
741 42 45 2755 12
741 54 45 929 12
741 61 12 2459 8
741 8 25 2027 10
742 26 45 399 12
742 14 25 1922 10
742 57 12 1434 8
742 18 25 603 10
742 34 12 315 8
742 21 25 210 10
742 74 12 548 8
742 62 12 1772 8
742 29 45 3363 12
742 15 45 292 12
742 0 45 2834 12
742 83 25 1258 10
742 73 45 819 12
742 94 25 1181 10
742 16 12 3395 8
742 8 25 942 10
742 27 45 3361 12
742 26 12 1434 8
742 25 25 2340 10
742 86 25 3867 10
742 16 25 2549 10
742 52 25 1265 10
742 14 25 2654 10
742 51 25 3969 10
742 20 45 399 12
742 44 45 1537 12
742 32 25 2916 10
742 72 12 3148 8
742 23 25 3116 10
742 78 45 604 12
742 82 12 3978 8
742 36 25 1623 10
742 24 25 3969 10
742 49 25 1623 10
742 81 12 1648 8
742 70 25 1965 10
742 7 25 1019 10
742 18 45 2521 12
742 36 25 1552 10
742 71 12 2305 8
743 2 12 2558 8
743 22 12 514 8
743 1 25 786 10
743 65 45 3237 12
743 49 45 3974 12
743 28 25 285 10
743 93 25 3024 10
743 21 45 1939 12
743 62 25 2217 10
743 41 45 687 12
743 53 45 1330 12
743 23 25 1506 10
743 71 25 1539 10
743 73 25 685 10
743 68 25 29 10
743 58 12 1725 8
743 37 12 2192 8
743 40 25 1874 10
743 48 45 311 12
743 68 25 1144 10
743 58 25 3520 10
743 16 45 3231 12
743 98 45 1574 12
743 32 45 2197 12
743 99 45 2758 12
743 43 45 2758 12
743 54 45 2758 12
743 14 12 11 8
743 73 45 2244 12
744 79 12 3827 8
744 50 25 1023 10
744 90 12 3392 8
744 41 25 1784 10
744 37 45 2932 12
744 38 45 1008 12
744 85 45 2109 12
744 5 12 793 8
744 0 25 459 10
744 75 25 1827 10
744 89 25 886 10
744 75 25 1893 10
744 24 12 241 8
744 17 25 2344 10
744 28 25 463 10
744 56 45 345 12
744 25 25 402 10
744 83 25 2595 10
744 7 25 17 10
744 65 25 1940 10
744 85 25 2344 10
744 80 12 831 8
744 50 25 105 10
744 78 45 2362 12
744 60 25 1816 10
744 15 12 729 8
744 95 12 1610 8
744 63 25 455 10
744 75 45 1965 12
744 53 45 1533 12
744 91 25 940 10
744 46 45 2586 12
744 39 12 1599 8
744 27 12 84 8
745 38 45 427 12
745 95 45 1043 12
745 87 45 85 12
745 93 25 618 10
745 1 25 1500 10
745 76 12 2392 8
745 81 12 2627 8
745 62 45 2387 12
745 31 25 503 10
745 26 12 3515 8
745 65 25 2372 10
745 31 12 74 8
745 6 25 3093 10
745 36 25 652 10
745 79 45 3546 12
745 28 45 997 12
745 87 45 1199 12
745 62 45 1043 12
745 76 25 3631 10
745 94 25 302 10
745 93 25 233 10
745 28 45 1581 12
745 86 45 875 12
745 24 25 1121 10
745 25 45 1575 12
745 9 45 2852 12
745 3 45 1774 12
745 51 12 2805 8
745 25 25 753 10
745 96 45 3395 12
745 29 25 1014 10
745 95 25 1530 10
745 57 25 598 10
745 65 25 2788 10
746 27 45 196 12
746 58 12 1907 8
746 40 25 1424 10
746 19 12 1653 8
746 18 25 809 10
746 12 25 2799 10
746 3 12 38 8
746 48 45 1401 12
746 36 45 196 12
746 27 45 587 12
746 31 12 864 8
746 95 12 1458 8
746 99 45 347 12
746 59 12 110 8
746 19 12 1477 8
746 5 25 1685 10
746 84 12 169 8
746 29 25 484 10
746 30 12 864 8
746 76 25 1968 10
746 15 12 1606 8
746 37 45 1441 12
746 4 12 1739 8
746 44 25 252 10
746 39 25 22 10
746 53 25 3549 10
746 53 45 1393 12
746 36 12 2407 8
746 89 12 1164 8
746 37 45 705 12
746 25 25 3528 10
746 31 25 2127 10
746 73 45 1280 12
746 77 45 1791 12
746 2 12 459 8
746 52 12 123 8
746 84 25 2377 10
746 93 25 1111 10
746 23 45 3208 12
746 54 25 2619 10
746 18 25 25 10
746 17 12 864 8
746 24 45 1404 12
746 40 25 975 10
746 77 25 975 10
746 42 12 1945 8
746 61 45 55 12
746 14 45 235 12
746 26 25 719 10
746 31 45 433 12
746 16 12 3874 8
746 52 25 2162 10
746 81 12 609 8
746 98 45 968 12
746 40 25 1239 10
746 0 45 817 12
746 8 12 149 8
746 5 12 1754 8
746 56 45 3457 12
747 26 45 418 12
747 95 12 1942 8
747 25 45 3415 12
747 40 25 3831 10
747 52 25 128 10
747 45 25 1784 10
747 13 45 422 12
747 46 45 1873 12
747 52 45 422 12
747 89 12 1124 8
747 75 25 1745 10
747 16 45 1130 12
747 68 45 3936 12
747 79 12 2279 8
747 8 45 2799 12
747 55 12 31 8
747 5 12 1731 8
747 2 12 1731 8
747 74 25 371 10
747 57 12 665 8
747 87 45 321 12
747 7 25 1284 10
747 39 45 1738 12
747 96 25 2721 10
747 53 12 901 8
747 61 45 1353 12
747 49 45 1920 12
747 8 45 1936 12
747 60 25 2838 10
747 9 45 1936 12
747 77 12 584 8
747 23 12 499 8
747 5 45 603 12
747 59 12 1185 8
747 16 25 3306 10
747 78 25 1107 10
747 68 25 1784 10
747 1 25 3658 10
747 36 25 1784 10
747 56 12 3713 8
747 40 25 1014 10
747 98 25 1411 10
747 31 25 3113 10
747 92 12 3713 8
747 23 45 649 12
747 47 45 906 12
747 96 25 1099 10
747 47 25 572 10
747 67 12 777 8
747 52 12 777 8
747 0 12 1395 8
747 66 25 1842 10
747 26 25 1054 10
747 20 25 3502 10
748 3 12 1793 8
748 54 45 1741 12
748 86 25 3144 10
748 15 12 432 8
748 82 45 2242 12
748 53 25 2670 10
748 35 25 1968 10
748 84 25 1212 10
748 23 25 1534 10
748 98 12 343 8
748 40 25 1888 10
748 98 25 1331 10
748 7 12 3842 8
748 82 25 1212 10
748 61 45 1809 12
748 84 25 822 10
748 3 12 1292 8
748 85 12 2590 8
748 41 25 3845 10
748 16 25 1571 10
748 9 25 1353 10
748 47 25 1888 10
748 2 12 3713 8
748 2 45 233 12
748 79 25 1534 10
748 84 45 1333 12
748 61 12 3975 8
748 4 25 3031 10
748 53 25 1658 10
748 36 12 3641 8
748 49 12 1063 8
748 70 45 1102 12
748 77 25 1212 10
748 88 45 2959 12
748 90 45 1925 12
748 92 25 1429 10
748 52 25 1212 10
748 98 25 3062 10
748 14 25 3831 10
748 20 45 3378 12
748 59 25 1019 10
748 21 25 2257 10
748 38 45 3541 12
748 40 25 1052 10
748 92 25 288 10
749 96 25 2769 10
749 28 12 1704 8
749 22 12 798 8
749 8 25 1056 10
749 74 25 593 10
749 65 25 1843 10
749 36 45 200 12
749 73 12 1129 8
749 13 25 1761 10
749 11 45 2290 12
749 53 12 3734 8
749 13 25 2503 10
749 6 45 2512 12
749 3 12 1834 8
749 50 25 1784 10
749 71 25 1880 10
749 65 25 1875 10
749 6 45 560 12
749 41 25 598 10
749 10 25 3671 10
749 51 12 1429 8
749 84 12 3768 8
749 63 12 93 8
749 25 12 1814 8
749 88 45 92 12
749 47 25 1899 10
749 37 25 3585 10
749 23 25 3218 10
749 76 45 601 12
749 11 45 1583 12
749 16 12 1546 8
749 76 45 159 12
749 37 45 1804 12
749 20 25 1761 10
749 83 12 127 8
750 17 25 934 10
750 25 25 2600 10
750 1 45 1781 12
750 11 25 1675 10
750 4 25 1628 10
750 24 25 2152 10
750 70 25 690 10
750 36 25 868 10
750 72 25 714 10
750 5 25 969 10
750 21 45 1774 12
750 97 45 1774 12
750 99 12 2814 8
750 75 45 1646 12
750 28 45 2103 12
750 37 25 103 10
750 20 12 3375 8
750 90 45 3050 12
750 84 45 3964 12
750 74 25 3836 10
750 38 45 3133 12
750 3 45 784 12
750 77 45 515 12
750 56 45 1603 12
750 26 25 1628 10
750 98 25 1787 10
750 92 12 506 8
750 7 12 2116 8
750 41 25 62 10
750 68 45 1059 12
750 9 12 463 8
751 94 12 1253 8
751 22 12 2220 8
751 77 25 1791 10
751 19 12 2588 8
751 11 25 449 10
751 5 12 82 8
751 63 25 2080 10
751 22 12 245 8
751 23 25 14 10
751 91 45 3311 12
751 26 25 657 10
751 94 25 2286 10
751 3 25 1310 10
751 68 12 63 8
751 8 12 1437 8
751 16 25 1718 10
751 66 45 1125 12
751 79 25 1877 10
751 31 25 594 10
751 23 45 848 12
751 4 12 3586 8
751 21 12 3375 8
751 25 45 1406 12
751 38 25 3272 10
751 15 12 2891 8
751 94 45 1224 12
751 20 25 2234 10
751 91 25 895 10
751 16 25 451 10
751 42 45 1246 12
751 26 45 1157 12
751 73 12 123 8
751 55 12 15 8
751 22 25 1985 10
751 98 12 699 8
751 89 25 1352 10
751 88 12 699 8
751 58 25 1673 10
751 45 25 1909 10
751 62 45 3336 12
751 95 45 197 12
751 29 12 1433 8
751 5 45 1246 12
751 96 45 2549 12
751 97 45 793 12
751 32 45 2229 12
751 71 25 245 10
751 54 12 2954 8
751 30 25 3661 10
751 29 45 1389 12
751 0 12 3225 8
751 77 45 2229 12
751 33 25 1866 10
751 83 12 1245 8
751 51 45 817 12
752 72 45 2899 12
752 71 12 3210 8
752 81 45 1783 12
752 8 25 998 10
752 42 25 580 10
752 0 25 283 10
752 68 45 1915 12
752 68 45 1037 12
752 9 25 3661 10
752 89 12 1593 8
752 95 25 1765 10
752 71 45 1514 12
752 41 12 1733 8
752 71 12 1277 8
752 10 45 222 12
752 62 25 867 10
752 78 25 2060 10
752 33 25 644 10
752 79 25 1054 10
752 30 45 769 12
752 30 45 547 12
752 48 45 2602 12
752 93 25 3031 10
752 76 12 40 8
752 20 12 3989 8
752 10 25 2414 10
752 73 12 201 8
752 49 12 138 8
752 27 25 310 10
752 46 45 1052 12
752 53 25 3661 10
752 89 45 1534 12
752 18 45 1170 12
752 9 25 3661 10
752 64 25 2781 10
752 65 25 3460 10
752 62 25 26 10
752 48 25 867 10
752 38 25 179 10
752 90 25 2781 10
752 24 25 998 10
753 9 12 3153 8
753 7 12 3858 8
753 37 45 1715 12
753 82 45 2378 12
753 53 25 293 10
753 98 12 2500 8
753 76 25 1722 10
753 2 25 1296 10
753 35 25 1100 10
753 55 45 951 12
753 65 25 1411 10
753 87 12 3594 8
753 71 45 1933 12
753 36 25 2708 10
753 1 25 1817 10
753 36 12 15 8
753 76 12 145 8
753 14 25 131 10
753 10 45 1511 12
753 96 25 2475 10
753 54 25 2595 10
753 7 45 1796 12
753 4 12 853 8
753 10 45 1571 12
753 39 25 1623 10
753 77 45 1193 12
753 5 25 908 10
753 32 45 1784 12
753 16 12 853 8
753 79 45 1662 12
753 21 45 708 12
753 42 45 1907 12
753 18 45 1055 12
753 99 12 758 8
753 46 12 945 8
753 84 12 3461 8
753 6 45 3666 12
753 13 45 553 12
753 43 12 1890 8
753 71 25 927 10
753 65 25 231 10
753 76 12 1434 8
753 34 45 2323 12
753 33 12 234 8
753 34 45 883 12
754 52 25 2050 10
754 8 25 3993 10
754 10 12 2527 8
754 53 45 1771 12
754 86 12 1705 8
754 48 25 867 10
754 22 45 1965 12
754 4 12 3355 8
754 68 12 1071 8
754 67 12 462 8
754 55 45 2338 12
754 21 25 2082 10
754 44 25 1561 10
754 11 25 1563 10
754 98 25 673 10
754 0 25 96 10
754 49 25 2988 10
754 55 25 60 10
754 79 45 1717 12
754 75 25 1539 10
754 0 25 779 10
754 94 25 149 10
754 72 12 977 8
754 97 12 2074 8
754 78 25 867 10
754 15 12 3341 8
754 18 25 850 10
754 54 12 2690 8
754 36 12 1794 8
754 39 25 1230 10
754 34 12 1004 8
754 81 25 1499 10
754 35 45 3278 12
754 64 12 1693 8
754 74 25 1856 10
754 68 25 2826 10
754 99 25 960 10
754 41 25 1699 10
754 90 25 1246 10
754 83 45 41 12
754 8 25 1074 10
755 11 25 845 10
755 69 25 1571 10
755 46 45 1708 12
755 48 25 3177 10
755 51 45 2530 12
755 65 12 3804 8
755 23 25 525 10
755 24 25 1499 10
755 41 12 3375 8
755 59 45 591 12
755 27 25 1853 10
755 96 12 451 8
755 41 25 2732 10
755 95 45 3569 12
755 5 45 1720 12
755 40 25 705 10
755 72 25 3574 10
755 78 25 3149 10
755 90 45 529 12
755 77 45 3569 12
755 28 45 1774 12
755 46 25 2652 10
755 81 45 3524 12
755 77 25 3272 10
755 0 25 3272 10
755 88 12 1486 8
755 23 45 1004 12
755 34 25 2610 10
755 52 25 1927 10
755 14 45 1839 12
755 5 12 2806 8
755 56 12 1467 8
755 50 25 614 10
755 62 12 3447 8
755 21 45 1824 12
755 75 25 77 10
755 80 25 2652 10
755 55 12 159 8
755 73 12 1467 8
755 90 12 3045 8
755 3 45 2290 12
755 45 12 1507 8
755 73 25 3016 10
755 0 12 73 8
755 82 25 1695 10
755 65 25 657 10
755 55 25 1571 10
756 75 45 3945 12
756 46 45 2841 12
756 40 45 2637 12
756 47 45 527 12
756 90 45 527 12
756 6 25 2054 10
756 46 12 2868 8
756 64 12 2500 8
756 25 25 937 10
756 28 45 2221 12
756 84 25 937 10
756 82 25 1722 10
756 50 25 2009 10
756 11 12 924 8
756 95 12 3178 8
756 80 25 1308 10
756 57 12 1362 8
756 85 25 1761 10
756 21 45 2746 12
756 20 12 159 8
756 33 25 3239 10
756 15 12 354 8
756 50 45 2677 12
756 19 12 468 8
756 20 45 1793 12
756 1 25 538 10
756 43 45 9 12
757 97 25 130 10
757 8 25 734 10
757 20 25 303 10
757 48 25 3072 10
757 74 25 1566 10
757 30 25 1784 10
757 33 25 1282 10
757 50 12 1150 8
757 92 25 1712 10
757 2 45 3002 12
757 43 25 2765 10
757 16 25 2623 10
757 86 45 1591 12
757 25 25 2262 10
757 77 12 3983 8
757 17 25 630 10
757 55 25 1744 10
757 91 45 3311 12
757 62 25 2205 10
757 46 25 734 10
757 30 45 869 12
757 34 25 1295 10
757 25 12 1153 8
757 88 12 1450 8
757 28 25 224 10
757 63 12 1434 8
757 43 25 856 10
757 63 25 856 10
757 87 25 656 10
757 2 12 583 8
757 50 12 3917 8
757 30 12 2971 8
757 80 12 1257 8
758 89 45 503 12
758 93 45 1024 12
758 15 25 3981 10
758 43 25 994 10
758 4 45 2079 12
758 44 25 1100 10
758 78 25 871 10
758 88 25 2045 10
758 1 25 1628 10
758 51 25 1646 10
758 36 25 26 10
758 90 12 2842 8
758 5 45 3765 12
758 6 25 3723 10
758 74 25 1628 10
758 54 45 757 12
758 26 25 1465 10
758 43 45 600 12
758 96 25 2979 10
758 30 12 1123 8
758 56 45 503 12
758 43 25 1144 10
758 0 25 424 10
758 9 45 2041 12
758 62 25 2045 10
758 44 12 665 8
758 38 12 1870 8
758 40 25 615 10
758 34 45 311 12
758 39 25 1929 10
758 42 12 3483 8
758 35 25 1064 10
758 22 12 2213 8
758 66 12 1184 8
758 89 25 540 10
758 75 12 1070 8
758 68 12 6 8
758 79 45 1780 12
759 9 25 2097 10
759 55 45 2373 12
759 34 45 2932 12
759 81 12 2815 8
759 50 12 338 8
759 34 12 2500 8
759 28 12 315 8
759 6 25 2165 10
759 29 25 306 10
759 21 25 152 10
759 54 25 1806 10
759 95 25 2805 10
759 21 25 3066 10
759 28 45 2103 12
759 48 25 64 10
759 88 25 3554 10
759 38 12 2556 8
759 22 12 1719 8
759 19 45 478 12
759 14 45 478 12
759 12 45 639 12
759 38 12 1474 8
759 99 45 311 12
759 75 45 639 12
759 3 45 3064 12
759 0 12 2390 8
759 64 45 1877 12
759 26 25 3677 10
759 28 25 3492 10
759 72 25 2123 10
759 36 12 2603 8
759 89 25 2978 10
760 87 45 3438 12
760 76 45 1240 12
760 97 25 1961 10
760 79 45 1636 12
760 18 45 557 12
760 16 25 544 10
760 97 25 433 10
760 66 12 3649 8
760 78 45 1508 12
760 1 25 1961 10
760 78 12 357 8
760 54 12 3677 8
760 32 25 3657 10
760 53 25 40 10
760 57 12 861 8
760 68 25 2572 10
760 95 12 2432 8
760 46 45 3084 12
760 54 25 1643 10
760 99 12 359 8
760 17 45 3027 12
760 91 12 2213 8
760 91 25 3779 10
760 23 45 1388 12
760 41 25 2816 10
760 40 45 3667 12
760 70 45 2105 12
760 46 45 3361 12
760 97 12 3011 8
760 8 25 1059 10
760 15 25 1682 10
760 6 25 257 10
760 96 45 3041 12
760 25 45 951 12
761 91 25 1143 10
761 6 12 3746 8
761 15 12 2921 8
761 13 45 3759 12
761 36 25 919 10
761 47 45 572 12
761 67 12 169 8
761 34 25 3024 10
761 45 12 1641 8
761 69 25 1529 10
761 92 12 3673 8
761 17 25 1307 10
761 46 25 2642 10
761 12 45 1066 12
761 29 12 506 8
761 95 25 1580 10
761 86 45 1008 12
761 3 25 998 10
761 7 45 1339 12
761 46 45 259 12
761 40 45 629 12
761 48 45 371 12
761 41 25 3723 10
761 95 25 3708 10
761 24 25 3409 10
761 66 12 3820 8
761 40 25 335 10
761 83 45 3298 12
761 65 12 1045 8
761 80 45 1008 12
761 93 45 1343 12
761 3 25 3105 10
761 2 45 1052 12
761 97 45 1579 12
761 96 12 251 8
761 33 45 3524 12
761 86 25 841 10
761 10 45 2683 12
761 87 12 251 8
761 52 45 708 12
761 60 12 3494 8
762 90 12 2229 8
762 5 12 102 8
762 82 45 761 12
762 34 12 259 8
762 39 25 1203 10
762 58 12 1153 8
762 17 12 1787 8
762 90 12 2723 8
762 47 25 511 10
762 55 45 453 12
762 2 25 1838 10
762 64 25 2595 10
762 5 45 3149 12
762 45 25 1353 10
762 1 25 704 10
762 4 45 1616 12
762 99 25 25 10
762 89 25 263 10
762 90 25 1496 10
762 58 25 2805 10
762 58 45 2908 12
762 15 45 1360 12
762 2 25 147 10
762 51 45 948 12
762 85 25 779 10
762 86 12 1389 8
762 15 25 861 10
762 39 25 333 10
762 34 45 1986 12
763 60 12 1271 8
763 78 45 1986 12
763 0 25 1895 10
763 98 45 708 12
763 24 12 910 8
763 78 45 668 12
763 55 12 942 8
763 21 45 553 12
763 0 12 755 8
763 8 25 457 10
763 3 25 1496 10
763 75 25 2166 10
763 69 12 2389 8
763 93 12 1523 8
763 70 45 1322 12
763 9 25 1107 10
763 70 12 1256 8
763 4 12 3520 8
763 75 12 3314 8
763 24 45 3770 12
763 65 12 832 8
763 62 25 1781 10
763 2 12 476 8
763 47 12 2163 8
763 93 25 1825 10
764 26 25 2927 10
764 89 45 1224 12
764 5 12 1453 8
764 84 25 1258 10
764 78 12 3792 8
764 20 45 3512 12
764 82 12 1148 8
764 82 25 2453 10
764 53 25 2890 10
764 50 12 1153 8
764 30 45 1852 12
764 14 12 1377 8
764 24 45 3071 12
764 80 12 481 8
764 5 12 451 8
764 85 45 1224 12
764 81 25 1882 10
764 74 25 3922 10
764 7 25 3247 10
764 98 45 1224 12
764 44 25 2868 10
764 83 12 1499 8
764 3 25 1328 10
764 83 25 168 10
764 32 12 945 8
764 57 12 1572 8
764 44 12 339 8
764 1 25 1722 10
764 40 45 3592 12
764 30 25 2005 10
764 38 45 2032 12
764 51 12 1313 8
764 83 12 157 8
764 30 45 1879 12
764 82 12 1815 8
764 12 25 2123 10
765 6 25 1362 10
765 76 12 645 8
765 95 25 1784 10
765 77 12 481 8
765 75 25 573 10
765 14 45 203 12
765 97 25 2162 10
765 81 45 2338 12
765 83 25 1856 10
765 70 12 895 8
765 23 25 2536 10
765 64 12 1554 8
765 87 25 1285 10
765 15 25 1362 10
765 67 12 1787 8
765 24 45 25 12
765 66 12 2814 8
765 14 45 203 12
765 42 25 2595 10
765 7 12 1704 8
765 41 45 3050 12
765 42 12 895 8
765 67 45 2879 12
765 57 25 1635 10
765 20 12 1486 8
765 71 45 3432 12
765 63 45 1717 12
765 3 25 3114 10
765 95 25 3643 10
765 29 45 2203 12
765 74 12 2707 8
765 39 12 645 8
765 59 25 3328 10
765 19 45 2517 12
765 54 12 3178 8
765 35 25 814 10
765 53 45 921 12
765 99 25 1212 10
765 62 25 836 10
765 14 12 2500 8
765 43 12 758 8
765 25 12 169 8
765 67 45 3185 12
765 15 25 200 10
765 59 25 1571 10
765 45 45 3524 12
765 42 25 3031 10
765 14 25 333 10
765 91 25 351 10
765 1 45 635 12
765 89 25 1193 10
765 38 45 2157 12
765 0 25 3195 10
765 37 25 2459 10
765 52 12 159 8
765 21 12 3482 8
765 17 12 1936 8
765 88 12 1383 8
765 54 12 1434 8
765 50 25 867 10
765 96 25 758 10
765 69 25 2257 10
766 85 25 1949 10
766 24 12 125 8
766 61 12 2707 8
766 52 45 3161 12
766 33 25 3981 10
766 90 45 2600 12
766 64 25 3502 10
766 13 45 1806 12
766 4 45 1366 12
766 74 45 1387 12
766 69 45 1568 12
766 51 25 3554 10
766 72 12 1839 8
766 36 25 1069 10
766 29 12 1978 8
766 70 45 1415 12
766 1 25 1564 10
766 84 12 2616 8
766 67 45 1343 12
766 33 12 1816 8
766 97 45 1415 12
766 9 25 1571 10
766 24 12 3485 8
766 85 45 2282 12
766 51 25 1254 10
766 38 25 198 10
766 56 25 2391 10
766 31 25 999 10
766 83 25 3969 10
766 65 45 168 12
766 47 45 3161 12
766 34 25 1662 10
766 94 45 462 12
766 43 25 1662 10
766 14 45 68 12
766 6 45 1998 12
766 58 12 1542 8
766 92 12 2607 8
766 53 25 1281 10
766 30 25 252 10
766 16 45 1059 12
766 55 12 560 8
766 1 45 3161 12
767 4 45 1936 12
767 53 45 1623 12
767 64 12 1411 8
767 43 25 2835 10
767 99 25 598 10
767 17 25 520 10
767 76 12 658 8
767 95 45 63 12
767 70 12 2002 8
767 47 45 2992 12
767 51 25 1638 10
767 35 45 1916 12
767 89 25 1929 10
767 31 25 1929 10
767 61 25 1384 10
767 34 45 3766 12
767 3 45 2597 12
767 70 12 2984 8
767 97 45 2926 12
767 96 25 1577 10
767 63 45 422 12
767 71 25 1929 10
767 19 25 845 10
767 59 45 194 12
767 41 45 1024 12
767 71 25 254 10
767 46 25 1785 10
767 87 25 1234 10
767 6 12 152 8
767 81 25 1507 10
767 15 25 1929 10
768 93 45 449 12
768 13 25 1333 10
768 32 25 1717 10
768 7 25 201 10
768 37 25 285 10
768 7 25 1709 10
768 67 25 3866 10
768 99 25 538 10
768 0 25 2101 10
768 49 25 3572 10
768 16 12 2558 8
768 30 25 411 10
768 19 25 102 10
768 81 25 3876 10
768 32 25 3385 10
768 63 45 525 12
768 42 45 2385 12
768 4 25 1835 10
768 29 25 2756 10
768 74 25 3536 10
768 55 25 424 10
768 88 25 1143 10
768 94 25 602 10
768 39 12 147 8
768 58 25 3092 10
768 75 12 437 8
769 13 12 2750 8
769 62 25 2526 10
769 26 45 1632 12
769 64 12 3248 8
769 20 12 3248 8
769 1 45 2107 12
769 91 25 3600 10
769 23 45 194 12
769 89 45 194 12
769 91 12 1448 8
769 5 25 1295 10
769 79 25 1875 10
769 67 45 3843 12
769 23 25 1864 10
769 65 25 1478 10
769 61 12 1245 8
769 93 12 758 8
769 53 12 758 8
769 71 25 72 10
769 45 12 149 8
769 98 25 1130 10
769 40 45 1627 12
769 31 12 1433 8
769 1 45 569 12
769 4 12 1926 8
769 76 45 869 12
769 4 12 3375 8
769 7 45 2551 12
770 64 45 869 12
770 62 25 387 10
770 25 12 1947 8
770 73 25 2969 10
770 97 25 3272 10
770 46 25 1918 10
770 5 25 3241 10
770 45 45 2089 12
770 7 12 508 8
770 87 25 2393 10
770 72 45 1807 12
770 84 25 240 10
770 94 45 1750 12
770 84 12 168 8
770 13 12 255 8
770 74 25 942 10
770 21 25 1993 10
770 11 25 934 10
770 18 12 1593 8
770 36 45 150 12
770 23 25 1899 10
770 6 12 1519 8
770 93 45 1106 12
771 58 45 3512 12
771 45 25 719 10
771 49 25 913 10
771 65 25 437 10
771 87 25 1846 10
771 22 25 2535 10
771 76 25 235 10
771 9 25 2890 10
771 30 45 1522 12
771 80 12 1454 8
771 21 12 2227 8
771 77 45 2310 12
771 28 25 467 10
771 9 25 538 10
771 51 25 1511 10
771 43 12 1755 8
771 80 25 3292 10
771 90 45 3171 12
771 49 25 1767 10
771 44 25 3070 10
771 53 12 1411 8
771 54 45 1024 12
772 2 45 1016 12
772 40 45 313 12
772 48 12 1784 8
772 68 25 3977 10
772 36 25 1575 10
772 10 25 2675 10
772 57 25 1205 10
772 32 25 1360 10
772 53 25 355 10
772 8 45 2462 12
772 84 12 1499 8
772 84 45 1890 12
772 61 25 752 10
772 56 25 378 10
772 98 12 3827 8
772 42 45 2602 12
772 95 12 863 8
772 50 45 1591 12
772 62 25 1846 10
772 61 25 444 10
772 28 45 1328 12
772 29 45 672 12
772 12 45 71 12
772 69 25 2675 10
772 22 45 423 12
773 36 25 1875 10
773 11 45 1735 12
773 10 25 916 10
773 29 45 1193 12
773 87 25 2629 10
773 34 25 2629 10
773 85 12 1752 8
773 34 45 1322 12
773 37 12 401 8
773 89 45 1024 12
773 71 25 2927 10
773 82 45 2582 12
773 83 25 779 10
773 94 25 1471 10
773 93 12 327 8
773 9 25 2861 10
773 55 12 55 8
773 9 12 2427 8
773 3 25 2535 10
773 78 25 1438 10
773 67 45 2670 12
773 76 45 968 12
773 80 25 1982 10
773 56 12 198 8
773 26 25 1055 10
773 83 25 1205 10
773 44 12 848 8
774 62 45 3981 12
774 4 25 1673 10
774 93 25 476 10
774 77 25 310 10
774 56 12 1357 8
774 81 45 3149 12
774 75 45 349 12
774 69 45 3020 12
774 79 12 1482 8
774 8 45 349 12
774 87 45 2551 12
774 83 45 349 12
774 77 25 1900 10
774 30 12 1554 8
774 7 12 1486 8
774 52 25 3513 10
774 48 25 1792 10
774 40 25 3513 10
774 38 25 3113 10
774 29 25 2675 10
774 80 25 506 10
774 30 45 1480 12
774 41 45 764 12
774 69 12 1395 8
774 30 25 3403 10
774 32 12 758 8
774 39 25 310 10
774 29 25 3175 10
774 35 12 1380 8
774 12 12 1835 8
774 79 12 1554 8
774 56 25 2132 10
774 50 45 3321 12
774 61 45 349 12
774 65 25 2069 10
774 6 25 252 10
774 67 45 242 12
774 67 12 124 8
774 57 25 252 10
774 52 25 456 10
774 99 45 3161 12
775 96 45 118 12
775 47 45 220 12
775 7 25 328 10
775 65 45 869 12
775 52 12 592 8
775 94 45 150 12
775 79 45 1967 12
775 81 25 323 10
775 96 45 3776 12
775 45 25 1462 10
775 46 45 1312 12
775 58 45 892 12
775 41 25 1875 10
775 26 45 708 12
775 11 25 1395 10
775 77 45 1333 12
775 30 25 3755 10
775 7 25 1110 10
775 47 25 1555 10
775 65 25 3513 10
775 24 45 2383 12
775 53 25 757 10
775 81 45 2324 12
775 85 12 1486 8
775 79 25 1251 10
775 73 45 454 12
775 36 12 2661 8
775 12 45 1463 12
775 71 25 203 10
775 26 12 1704 8
775 77 12 1141 8
776 9 45 1095 12
776 54 12 832 8
776 89 45 486 12
776 11 45 2403 12
776 73 12 2396 8
776 16 25 3 10
776 34 25 460 10
776 60 45 2403 12
776 63 45 2403 12
776 46 12 755 8
776 30 25 1846 10
776 42 12 1714 8
776 36 25 814 10
776 33 45 2775 12
776 4 25 3935 10
776 21 25 1846 10
776 91 45 3456 12
776 73 25 2211 10
776 38 45 3333 12
776 50 25 1492 10
776 76 25 1846 10
776 46 25 1792 10
776 69 25 814 10
776 40 25 1474 10
776 97 12 1153 8
776 67 12 918 8
776 29 45 1206 12
777 80 25 1370 10
777 92 25 2916 10
777 66 25 1822 10
777 34 12 3982 8
777 37 45 2775 12
777 93 25 1119 10
777 29 45 2459 12
777 76 45 1441 12
777 82 25 1970 10
777 33 25 1028 10
777 26 12 758 8
777 52 12 1637 8
777 19 25 1113 10
777 89 25 1995 10
777 33 25 1995 10
777 59 12 1650 8
777 0 45 783 12
777 47 25 1967 10
777 36 25 1967 10
777 83 45 2971 12
777 5 25 1507 10
777 21 25 1399 10
777 57 25 147 10
777 19 25 1995 10
777 40 25 147 10
777 46 45 2692 12
777 77 12 2951 8
777 1 45 984 12
778 67 25 1248 10
778 3 45 1415 12
778 64 12 735 8
778 98 12 897 8
778 9 25 1184 10
778 46 45 278 12
778 49 25 767 10
778 52 12 95 8
778 80 45 1130 12
778 22 25 2611 10
778 68 45 427 12
778 32 25 1693 10
778 37 12 406 8
778 46 25 828 10
778 75 25 790 10
778 82 25 2682 10
778 18 25 767 10
778 0 25 2192 10
778 99 25 841 10
778 4 12 3178 8
778 14 12 379 8
778 66 25 2016 10
778 62 12 2919 8
778 39 25 1099 10
778 26 12 2815 8
778 48 25 1785 10
778 95 45 603 12
778 89 25 589 10
778 7 25 2016 10
778 5 45 1663 12
779 62 45 1903 12
779 59 45 639 12
779 65 12 1806 8
779 78 25 515 10
779 59 45 1691 12
779 6 25 1995 10
779 57 25 1962 10
779 41 25 1784 10
779 93 25 1919 10
779 38 25 1107 10
779 78 12 1861 8
779 73 25 2627 10
779 62 12 2002 8
779 6 25 1040 10
779 14 45 982 12
779 98 12 2400 8
779 6 45 1002 12
779 70 45 194 12
779 51 25 1027 10
779 85 45 726 12
779 1 12 1719 8
779 61 25 1747 10
779 36 45 3389 12
779 20 12 1915 8
779 49 45 3876 12
779 49 45 726 12
779 68 45 2889 12
779 11 25 1443 10
780 15 45 1300 12
780 10 25 956 10
780 68 25 3960 10
780 98 45 612 12
780 52 12 1132 8
780 57 12 352 8
780 64 12 2459 8
780 80 45 450 12
780 63 25 593 10
780 15 25 2868 10
780 24 45 2974 12
780 7 25 371 10
780 21 12 243 8
780 79 12 1507 8
780 1 12 207 8
780 47 25 547 10
780 66 25 2057 10
780 54 45 1004 12
780 41 25 316 10
780 66 25 247 10
780 9 25 540 10
780 41 45 1159 12
780 47 45 1091 12
780 67 25 1130 10
780 84 12 2873 8
780 31 25 1130 10
780 91 12 3794 8
780 41 12 2764 8
780 28 12 1750 8
780 27 12 3111 8
780 7 25 2114 10
780 33 25 856 10
780 90 25 1205 10
780 78 45 3835 12
780 67 45 1357 12
781 35 25 1300 10
781 74 25 836 10
781 24 12 2426 8
781 4 45 976 12
781 5 12 1306 8
781 25 12 951 8
781 74 45 2180 12
781 93 25 1119 10
781 33 12 1772 8
781 48 25 1784 10
781 29 12 930 8
781 50 45 1159 12
781 73 25 672 10
781 56 25 1961 10
781 33 45 3848 12
781 58 25 786 10
781 40 25 1921 10
781 49 45 1916 12
781 26 25 836 10
781 13 25 1966 10
781 51 12 1854 8
781 82 25 836 10
781 0 25 836 10
781 31 25 1966 10
781 94 12 1306 8
781 22 25 594 10
781 57 12 51 8
781 46 25 1675 10
781 27 12 735 8
781 35 12 468 8
781 60 25 1184 10
781 63 45 1322 12
781 77 25 1471 10
781 94 45 3996 12
781 60 45 3296 12
781 45 25 593 10
781 53 25 3845 10
781 25 25 2360 10
781 46 25 1929 10
781 30 25 352 10
781 50 12 385 8
781 76 45 1733 12
781 55 45 3237 12
782 26 45 3041 12
782 49 45 976 12
782 81 45 2759 12
782 37 25 2686 10
782 25 45 2281 12
782 97 45 318 12
782 8 25 1875 10
782 48 45 976 12
782 76 45 1986 12
782 63 25 1875 10
782 60 25 720 10
782 50 25 382 10
782 62 25 2262 10
782 18 45 1272 12
782 22 25 2872 10
782 42 12 2358 8
782 18 45 1338 12
782 33 25 2438 10
782 51 45 3071 12
782 72 12 3498 8
782 49 25 771 10
782 39 12 3198 8
782 1 25 2269 10
782 67 45 292 12
782 89 25 2862 10
782 5 25 867 10
782 41 12 1978 8
782 7 45 3041 12
782 83 12 102 8
782 80 12 1390 8
782 48 12 893 8
782 28 12 1283 8
782 19 12 102 8
782 62 25 1255 10
782 68 25 3992 10
782 2 12 2745 8
783 47 12 3298 8
783 35 25 1056 10
783 74 12 1434 8
783 18 12 3905 8
783 78 12 275 8
783 91 25 424 10
783 50 25 1397 10
783 90 25 390 10
783 41 45 1447 12
783 80 12 437 8
783 27 12 1467 8
783 37 45 302 12
783 45 12 679 8
783 56 45 1206 12
783 40 12 88 8
783 87 25 1767 10
783 71 12 2664 8
783 26 45 847 12
783 23 25 3518 10
783 60 25 1875 10
783 43 25 1875 10
783 69 45 3595 12
783 97 25 2673 10
783 55 12 1467 8
783 52 25 2523 10
783 63 45 353 12
783 69 25 2269 10
783 70 45 92 12
783 19 25 1629 10
783 32 25 2673 10
783 78 45 1717 12
783 39 45 3594 12
783 9 12 275 8
783 84 45 1106 12
783 77 12 1615 8
783 90 45 1717 12
783 41 12 71 8
783 1 45 1191 12
783 82 45 1986 12
783 32 45 1986 12
783 50 45 2998 12
783 99 45 817 12
783 90 25 712 10
783 86 25 1026 10
784 57 12 21 8
784 30 12 970 8
784 4 45 1726 12
784 74 12 1708 8
784 20 12 1057 8
784 92 12 2896 8
784 74 25 431 10
784 48 25 2023 10
784 26 25 356 10
784 80 45 1759 12
784 83 12 785 8
784 71 12 865 8
784 10 12 3122 8
784 16 12 2556 8
784 50 45 948 12
784 56 25 2393 10
784 20 45 1794 12
784 33 25 3922 10
784 76 25 3625 10
784 53 25 1112 10
784 45 12 3875 8
784 48 45 3389 12
784 57 25 2477 10
784 84 12 3875 8
784 97 25 1555 10
784 6 12 3248 8
784 99 45 3389 12
784 26 12 1083 8
784 90 25 1675 10
784 36 25 1462 10
784 40 25 3529 10
784 68 25 1391 10
784 52 45 1365 12
784 14 45 1365 12
784 54 25 2551 10
784 18 45 3389 12
784 35 25 875 10
784 4 25 556 10
785 59 25 1876 10
785 63 25 324 10
785 3 25 55 10
785 7 45 2310 12
785 28 45 1365 12
785 7 25 719 10
785 90 25 2314 10
785 64 25 3529 10
785 29 45 1178 12
785 87 25 2535 10
785 94 25 1401 10
785 88 25 1504 10
785 35 25 2535 10
785 0 12 3673 8
785 55 25 29 10
785 29 45 584 12
785 32 25 1084 10
785 48 45 976 12
785 18 12 858 8
785 76 25 1319 10
785 72 12 583 8
785 4 12 858 8
785 16 25 1525 10
785 21 12 3733 8
785 93 25 1195 10
785 49 45 939 12
785 99 25 1262 10
785 43 25 2536 10
786 48 45 834 12
786 8 25 2526 10
786 17 25 1033 10
786 12 12 573 8
786 11 12 3006 8
786 76 12 2396 8
786 95 12 3811 8
786 42 45 1237 12
786 26 25 1018 10
786 76 45 1559 12
786 38 25 1961 10
786 0 25 3668 10
786 31 12 3087 8
786 72 45 79 12
786 53 12 1801 8
786 47 45 1552 12
786 69 25 366 10
786 32 25 3332 10
786 45 12 3733 8
786 77 12 2086 8
786 73 25 2286 10
786 25 25 3228 10
786 24 25 3656 10
786 84 25 2286 10
786 61 25 3241 10
786 7 12 2279 8
786 92 12 2220 8
786 26 25 1028 10
786 59 45 486 12
786 12 25 63 10
786 50 25 2064 10
786 46 25 1900 10
786 44 25 1625 10
786 61 25 1200 10
787 66 25 2222 10
787 43 45 1655 12
787 57 25 3801 10
787 30 12 740 8
787 94 45 118 12
787 34 45 3593 12
787 99 45 2844 12
787 51 45 3371 12
787 84 45 687 12
787 1 25 2272 10
787 91 12 2175 8
787 38 12 740 8
787 35 25 2788 10
787 21 25 3070 10
787 0 45 1808 12
787 75 12 2175 8
787 7 45 3718 12
787 27 25 539 10
787 21 25 352 10
787 47 45 399 12
787 21 12 1467 8
787 99 12 938 8
787 68 12 2671 8
787 24 12 2051 8
787 63 25 3898 10
787 44 12 1252 8
787 56 25 1604 10
787 17 25 1863 10
787 70 45 1955 12
787 20 25 1200 10
787 21 25 1494 10
787 95 45 44 12
787 14 12 1396 8
787 32 45 2373 12
787 58 45 2371 12
787 37 12 2797 8
787 2 45 194 12
787 35 25 2799 10
787 45 12 2854 8
787 72 25 1081 10
788 15 12 2891 8
788 2 45 968 12
788 81 25 2927 10
788 81 12 1380 8
788 46 45 2474 12
788 41 45 626 12
788 89 45 626 12
788 86 45 362 12
788 16 12 1377 8
788 90 25 942 10
788 19 12 573 8
788 76 25 780 10
788 31 45 1059 12
788 46 45 2677 12
788 2 25 867 10
788 70 12 3262 8
788 17 12 2367 8
788 33 25 1028 10
788 91 12 938 8
788 1 45 218 12
788 88 25 2304 10
788 90 12 2992 8
788 87 25 3093 10
788 98 25 1747 10
788 65 12 207 8
788 10 25 3922 10
788 70 25 547 10
788 48 12 1731 8
788 66 25 446 10
788 67 12 1313 8
788 30 12 481 8
788 21 25 321 10
788 14 25 202 10
788 74 25 118 10
788 98 25 937 10
788 34 25 261 10
788 22 25 981 10
788 17 12 3948 8
788 53 45 118 12
788 56 25 1882 10
789 69 45 3586 12
789 71 25 1907 10
789 94 25 588 10
789 42 45 351 12
789 35 12 3842 8
789 67 25 2212 10
789 74 12 1198 8
789 39 12 318 8
789 11 12 451 8
789 12 45 962 12
789 28 25 762 10
789 97 45 286 12
789 40 45 286 12
789 47 45 1155 12
789 83 25 1056 10
789 54 25 130 10
789 26 25 1912 10
789 81 12 1485 8
789 52 25 1260 10
789 7 25 1907 10
789 25 12 2791 8
789 96 25 427 10
789 50 12 1377 8
789 51 25 1014 10
789 73 45 2912 12
789 87 45 2765 12
789 80 25 1907 10
789 53 12 2867 8
789 98 12 634 8
789 56 45 1201 12
789 70 45 3101 12
789 54 45 1965 12
789 65 45 3703 12
789 51 25 3951 10
789 57 12 2735 8
789 64 12 462 8
789 34 45 3973 12
789 98 45 3826 12
789 29 45 3961 12
789 27 12 2735 8
789 19 12 2037 8
789 46 12 401 8
790 20 25 201 10
790 23 12 420 8
790 36 45 3161 12
790 69 12 1430 8
790 16 12 2002 8
790 66 45 3161 12
790 55 45 3033 12
790 26 25 2507 10
790 10 45 1339 12
790 83 25 3070 10
790 97 25 2757 10
790 99 45 1568 12
790 55 45 1990 12
790 24 45 1322 12
790 2 12 535 8
790 21 45 514 12
790 99 45 3753 12
790 64 12 3111 8
790 41 25 201 10
790 83 12 2116 8
790 31 25 667 10
790 88 12 3849 8
790 54 25 3851 10
790 78 25 3272 10
790 12 25 3144 10
790 83 45 672 12
790 61 25 1563 10
790 66 25 2243 10
790 37 45 2804 12
791 97 25 1970 10
791 14 12 195 8
791 42 12 1467 8
791 10 25 1970 10
791 27 25 3031 10
791 28 12 356 8
791 6 45 4 12
791 69 12 356 8
791 61 12 3203 8
791 16 25 1999 10
791 6 25 3286 10
791 81 25 1442 10
791 10 25 1846 10
791 1 45 2515 12
791 24 45 4 12
791 25 12 38 8
791 99 25 2826 10
791 17 25 371 10
791 18 25 1396 10
791 45 12 1623 8
791 31 25 3741 10
791 77 25 1970 10
791 91 45 2639 12
791 31 45 1043 12
791 59 25 302 10
791 32 25 991 10
791 2 45 2821 12
791 76 12 82 8
791 7 45 1322 12
791 51 25 2698 10
791 90 45 807 12
792 8 25 1948 10
792 21 25 1443 10
792 85 25 2998 10
792 5 12 385 8
792 1 45 3924 12
792 68 25 2525 10
792 32 12 340 8
792 79 25 535 10
792 39 12 758 8
792 66 25 62 10
792 18 12 1866 8
792 79 25 115 10
792 72 25 2083 10
792 69 45 1427 12
792 69 12 1256 8
792 46 45 2932 12
792 28 12 3802 8
793 2 25 1370 10
793 55 25 1383 10
793 40 45 852 12
793 44 25 1853 10
793 57 45 3405 12
793 22 25 1417 10
793 65 12 1292 8
793 91 25 3809 10
793 34 25 124 10
793 69 45 905 12
793 14 12 2513 8
793 10 12 3158 8
793 17 25 2300 10
793 82 45 3317 12
793 53 12 2053 8
793 43 12 3634 8
793 18 25 3767 10
793 2 25 841 10
793 93 12 797 8
793 30 12 2097 8
793 32 25 3218 10
793 62 45 71 12
793 41 25 1203 10
793 99 25 1595 10
793 96 25 124 10
793 69 12 1434 8
793 32 12 2185 8
793 98 45 1808 12
793 91 25 1585 10
793 83 25 3831 10
794 39 12 276 8
794 6 25 2126 10
794 56 25 2127 10
794 79 25 2127 10
794 24 25 752 10
794 78 25 2835 10
794 86 25 1150 10
794 10 25 2749 10
794 70 12 1186 8
794 32 25 1792 10
794 11 45 2819 12
794 6 12 1425 8
794 35 25 1150 10
794 75 25 1150 10
794 77 45 1343 12
794 4 12 1861 8
794 49 12 11 8
794 62 25 574 10
794 14 25 2222 10
794 81 25 880 10
794 77 25 836 10
794 33 45 1830 12
794 15 12 3714 8
794 53 45 333 12
794 75 25 120 10
795 16 25 3012 10
795 8 12 1632 8
795 67 45 1774 12
795 3 25 459 10
795 36 45 1595 12
795 36 12 265 8
795 10 25 1995 10
795 84 12 1151 8
795 41 45 2474 12
795 18 25 20 10
795 28 45 3662 12
795 81 12 1632 8
795 20 25 983 10
795 66 25 1262 10
795 47 25 353 10
795 10 25 651 10
795 33 12 1788 8
795 88 12 245 8
795 77 45 1714 12
795 66 25 657 10
795 64 12 1719 8
795 17 12 1151 8
795 40 12 1834 8
795 39 25 1784 10
795 90 45 1714 12
795 78 25 3872 10
795 34 25 1873 10
795 39 12 2305 8
795 45 25 1056 10
795 62 25 1490 10
795 87 45 1762 12
795 43 25 1530 10
795 81 25 1576 10
795 91 45 1714 12
795 60 45 1714 12
795 96 12 831 8
795 17 45 2377 12
795 93 45 1714 12
795 89 12 3158 8
795 76 25 1873 10
795 96 45 1358 12
795 31 45 1714 12
795 63 45 92 12
795 7 45 1714 12
795 55 25 302 10
795 9 45 229 12
795 0 25 1080 10
795 64 45 1774 12
795 55 25 1806 10
795 5 12 1507 8
796 84 45 1112 12
796 36 25 3559 10
796 54 25 77 10
796 61 12 970 8
796 99 25 3559 10
796 66 45 203 12
796 27 12 3011 8
796 31 25 1835 10
796 73 25 1561 10
796 34 25 881 10
796 2 45 2152 12
796 60 12 3174 8
796 45 25 1561 10
796 8 45 852 12
796 54 25 1434 10
796 44 12 2661 8
796 71 25 715 10
796 72 25 1151 10
796 93 45 3355 12
796 14 25 1561 10
796 20 45 3355 12
796 51 25 503 10
796 9 25 2117 10
796 86 25 1506 10
796 93 45 1899 12
796 40 25 258 10
796 69 25 258 10
796 94 12 2661 8
796 96 12 238 8
796 70 25 1099 10
796 97 12 865 8
796 86 25 2117 10
796 40 45 1224 12
796 90 12 36 8
796 41 45 825 12
796 92 12 3160 8
796 42 25 1098 10
796 98 25 1581 10
797 25 25 3662 10
797 92 45 817 12
797 70 45 2268 12
797 18 45 1758 12
797 85 25 3344 10
797 8 25 3344 10
797 34 12 918 8
797 5 25 1948 10
797 28 45 1193 12
797 38 25 828 10
797 74 25 2243 10
797 30 12 2767 8
797 90 25 525 10
797 9 12 61 8
797 52 25 471 10
797 67 25 3286 10
797 99 12 853 8
797 69 12 2139 8
797 8 12 740 8
797 53 12 3643 8
797 96 45 1495 12
797 74 25 1305 10
797 1 25 2826 10
797 33 12 2607 8
797 37 12 3827 8
797 20 45 870 12
797 17 12 1646 8
797 43 25 2003 10
797 50 45 870 12
797 9 25 34 10
797 3 45 870 12
797 2 12 1665 8
797 13 12 1854 8
797 80 25 3344 10
797 44 12 1467 8
797 31 12 1128 8
797 33 25 528 10
797 28 12 1128 8
797 66 25 2038 10
798 88 12 1839 8
798 86 25 1785 10
798 75 45 199 12
798 76 12 1926 8
798 32 12 1480 8
798 17 45 1674 12
798 37 45 994 12
798 43 25 447 10
798 23 12 1880 8
798 37 12 1083 8
798 72 25 2593 10
798 78 12 1519 8
798 3 25 1872 10
798 5 25 2629 10
798 9 25 1292 10
798 70 12 2707 8
798 25 25 2083 10
798 20 45 1 12
798 35 45 213 12
798 34 25 458 10
798 73 25 762 10
798 35 25 997 10
799 66 25 2756 10
799 42 12 3489 8
799 96 25 1730 10
799 7 12 3489 8
799 92 12 1589 8
799 11 25 425 10
799 0 45 212 12
799 59 12 1656 8
799 76 12 2172 8
799 66 25 195 10
799 21 12 2051 8
799 88 12 2172 8
799 95 25 2969 10
799 41 25 847 10
799 70 12 1733 8
799 81 45 1050 12
799 32 25 2756 10
799 4 25 997 10
800 73 25 928 10
800 74 25 628 10
800 48 45 1415 12
800 92 45 2108 12
800 10 12 2670 8
800 63 45 3317 12
800 16 12 2670 8
800 62 45 2195 12
800 85 25 322 10
800 15 45 1112 12
800 13 25 1679 10
800 42 45 1562 12
800 3 25 715 10
800 51 45 2852 12
800 27 25 1561 10
800 60 12 1130 8
800 8 12 3874 8
800 9 25 3327 10
800 19 45 1229 12
800 71 25 1511 10
800 76 25 444 10
800 19 25 1439 10
800 57 25 844 10
800 71 25 928 10
800 41 25 1496 10
800 79 12 3131 8
800 43 45 1209 12
800 37 45 3858 12
800 33 25 2673 10
800 95 12 2367 8
800 42 45 724 12
800 84 12 2457 8
800 74 12 2946 8
800 33 12 3035 8
800 30 25 1744 10
800 7 25 1489 10
800 13 25 77 10
800 22 12 2478 8
800 71 12 339 8
800 57 45 506 12
800 82 45 2791 12
800 47 45 783 12
800 29 25 1489 10
800 25 45 107 12
800 92 25 928 10
800 83 25 527 10
800 80 25 2497 10
800 61 45 371 12
800 42 12 1755 8
800 44 12 2874 8
800 37 12 3461 8
800 82 25 2212 10
800 77 25 279 10
800 87 12 1623 8
800 58 12 1608 8
800 68 25 652 10
801 19 12 1926 8
801 29 25 1812 10
801 84 12 477 8
801 0 25 3780 10
801 36 25 1610 10
801 27 12 3482 8
801 64 25 3780 10
801 82 25 3229 10
801 39 12 1463 8
801 34 12 1991 8
801 90 45 292 12
801 0 25 850 10
801 73 25 155 10
801 76 12 365 8
801 69 45 784 12
801 80 12 1134 8
801 59 12 1463 8
801 45 25 1812 10
801 30 45 1903 12
801 3 25 1789 10
801 16 45 1899 12
801 81 25 2477 10
801 53 45 784 12
801 31 25 2256 10
801 46 25 1416 10
801 64 12 1669 8
801 31 45 324 12
801 39 25 115 10
801 99 25 1995 10
801 0 25 628 10
801 27 25 1687 10
801 27 45 1429 12
801 45 45 2462 12
801 78 12 1614 8
801 48 25 2966 10
801 81 25 2613 10
801 7 25 2033 10
801 31 45 1339 12
801 76 12 1669 8
801 34 25 1574 10
801 14 25 779 10
801 83 12 1816 8
801 91 12 2313 8
801 59 25 2152 10
801 31 12 1355 8
802 83 45 189 12
802 58 45 1544 12
802 58 25 3092 10
802 66 45 1028 12
802 48 12 1009 8
802 10 12 785 8
802 44 25 3663 10
802 28 12 2831 8
802 89 25 2536 10
802 65 12 945 8
802 38 45 1879 12
802 18 25 3092 10
802 49 25 1331 10
802 72 25 588 10
802 62 25 195 10
802 23 45 1339 12
802 68 45 817 12
802 13 12 1477 8
802 16 12 1791 8
802 63 12 3668 8
802 31 25 1069 10
802 3 45 2449 12
802 40 25 1695 10
802 83 25 2718 10
802 73 45 2524 12
802 9 12 701 8
802 26 12 3215 8
802 36 25 241 10
802 14 25 611 10
802 5 12 1791 8
802 59 25 272 10
802 43 12 2421 8
802 65 25 2437 10
802 80 25 2752 10
802 73 25 3107 10
803 63 25 1794 10
803 6 12 1402 8
803 63 12 565 8
803 52 45 1446 12
803 70 45 2011 12
803 39 25 1825 10
803 83 12 2884 8
803 64 12 2831 8
803 58 12 2630 8
803 64 12 565 8
803 89 12 2630 8
803 17 12 1880 8
803 71 25 496 10
803 28 45 1389 12
803 58 12 1497 8
803 12 25 336 10
803 12 12 1342 8
803 35 25 329 10
803 93 25 2459 10
803 56 12 1249 8
803 41 12 252 8
803 32 45 1927 12
803 14 45 708 12
803 96 45 2769 12
803 74 45 3161 12
803 30 12 396 8
803 76 25 1492 10
803 88 25 2613 10
803 34 25 1405 10
803 18 25 2824 10
803 73 12 58 8
803 10 45 708 12
803 94 25 465 10
803 24 25 1438 10
803 54 25 329 10
803 93 12 2713 8
803 54 45 1510 12
803 20 25 269 10
803 41 25 2731 10
804 78 25 717 10
804 67 25 1744 10
804 9 12 3933 8
804 83 12 3392 8
804 42 25 3313 10
804 12 25 757 10
804 10 25 3318 10
804 44 25 718 10
804 0 25 1159 10
804 64 45 1836 12
804 64 45 0 12
804 30 25 804 10
804 74 25 534 10
804 2 45 478 12
804 75 25 1441 10
804 22 25 2824 10
804 10 12 3918 8
804 23 45 0 12
804 68 45 699 12
804 40 25 1820 10
804 56 45 2020 12
804 39 25 1101 10
804 1 45 1666 12
804 95 12 827 8
804 36 25 1817 10
804 95 25 5 10
804 69 25 3923 10
804 64 12 1104 8
804 6 25 1820 10
804 34 12 1565 8
804 43 12 24 8
804 51 45 3947 12
804 15 25 607 10
804 16 45 3389 12
804 91 25 1555 10
804 17 45 2221 12
804 80 45 1447 12
805 23 25 3865 10
805 65 45 214 12
805 95 45 1787 12
805 39 12 2172 8
805 35 25 860 10
805 29 12 2921 8
805 70 45 1069 12
805 47 45 4 12
805 55 25 205 10
805 76 45 2549 12
805 71 45 3343 12
805 73 25 3360 10
805 71 25 1087 10
805 60 25 2705 10
805 79 45 2549 12
805 79 25 1123 10
805 82 12 741 8
805 4 12 1054 8
805 39 12 1468 8
806 80 25 2617 10
806 64 45 1750 12
806 72 25 3102 10
806 25 12 1899 8
806 32 25 1708 10
806 13 25 378 10
806 64 12 1467 8
806 63 12 347 8
806 83 25 1370 10
806 64 12 1507 8
806 95 45 1465 12
806 3 25 160 10
806 58 45 3663 12
806 74 45 2802 12
806 38 12 2270 8
806 11 25 744 10
806 86 25 3208 10
806 56 45 854 12
806 36 45 3764 12
806 36 25 2625 10
806 89 25 3145 10
806 97 12 1990 8
806 75 45 53 12
807 49 12 3582 8
807 36 12 953 8
807 23 25 1145 10
807 97 45 1154 12
807 67 45 2417 12
807 91 25 1848 10
807 95 12 1118 8
807 43 45 1741 12
807 77 45 1518 12
807 9 45 2434 12
807 11 12 127 8
807 88 12 3006 8
807 55 45 3787 12
807 6 45 900 12
807 23 12 1317 8
807 75 12 3606 8
807 63 25 1767 10
807 54 12 3405 8
807 75 12 539 8
807 45 25 540 10
807 12 12 3024 8
807 83 45 847 12
807 71 25 148 10
807 84 25 52 10
807 60 45 3578 12
807 24 45 1343 12
807 66 45 418 12
807 70 45 1931 12
807 82 25 1810 10
807 47 12 3174 8
807 64 25 1821 10
807 77 45 1444 12
808 92 25 3658 10
808 92 45 3445 12
808 79 12 1386 8
808 71 25 1396 10
808 87 45 1715 12
808 40 45 1838 12
808 68 25 1529 10
808 41 25 28 10
808 16 12 918 8
808 8 45 1590 12
808 71 12 3087 8
808 77 45 1714 12
808 4 45 3238 12
808 84 25 2736 10
808 13 12 2721 8
808 94 25 1784 10
808 46 25 3036 10
808 47 45 2601 12
808 38 25 630 10
808 39 25 951 10
808 13 45 171 12
808 22 45 349 12
808 89 25 1880 10
808 16 12 1079 8
808 86 45 1940 12
808 97 12 2396 8
808 99 25 261 10
808 11 45 1703 12
808 48 12 1763 8
808 6 12 315 8
808 18 25 1699 10
808 48 12 3524 8
808 5 25 970 10
808 37 45 259 12
809 57 25 3781 10
809 43 25 1882 10
809 43 45 2519 12
809 58 45 260 12
809 39 25 1019 10
809 21 45 508 12
809 3 45 283 12
809 2 25 181 10
809 44 12 327 8
809 7 12 85 8
809 72 45 1300 12
809 82 25 946 10
809 95 25 3000 10
809 64 25 670 10
809 80 25 2703 10
809 18 25 2360 10
809 65 45 847 12
809 26 12 605 8
809 87 25 2286 10
809 43 25 3199 10
809 13 45 1986 12
809 36 25 3454 10
809 5 12 1659 8
809 88 45 895 12
809 28 45 3753 12
809 23 12 777 8
810 45 45 560 12
810 18 12 683 8
810 40 45 2533 12
810 21 25 1998 10
810 57 45 1193 12
810 39 45 104 12
810 81 25 2576 10
810 74 25 3514 10
810 53 25 1823 10
810 62 12 3673 8
810 26 25 809 10
810 96 25 1300 10
810 39 12 1153 8
810 91 12 3806 8
810 61 25 2707 10
810 91 25 614 10
811 93 12 3984 8
811 19 25 414 10
811 99 25 956 10
811 61 45 1806 12
811 52 25 1081 10
811 11 25 1297 10
811 58 45 2105 12
811 83 25 387 10
811 77 25 338 10
811 13 25 1992 10
811 43 12 3167 8
811 57 25 2551 10
811 17 25 1979 10
811 36 12 289 8
811 49 25 2896 10
811 40 25 208 10
811 94 25 2455 10
811 51 25 1585 10
811 71 25 308 10
811 20 12 1067 8
811 91 25 3395 10
811 4 45 3968 12
811 81 25 2569 10
811 75 25 458 10
811 64 25 1675 10
811 9 12 85 8
811 83 45 1196 12
811 86 25 752 10
811 83 25 2942 10
811 35 45 1714 12
811 91 45 189 12
812 47 45 479 12
812 55 25 607 10
812 87 25 1165 10
812 1 25 48 10
812 53 12 2020 8
812 61 25 309 10
812 76 25 2868 10
812 54 25 34 10
812 85 25 2868 10
812 36 25 2883 10
812 25 25 1989 10
812 1 45 1714 12
812 75 25 3070 10
812 60 45 351 12
812 31 45 1732 12
812 85 12 997 8
812 51 12 3520 8
812 78 12 2053 8
813 85 12 8 8
813 25 45 1039 12
813 4 12 2831 8
813 90 12 1784 8
813 75 25 3389 10
813 68 45 2956 12
813 93 45 312 12
813 56 45 3031 12
813 30 12 3494 8
813 98 45 1879 12
813 40 12 1756 8
813 95 25 1785 10
813 61 25 2636 10
813 48 45 817 12
814 99 12 972 8
814 49 45 1544 12
814 10 12 1336 8
814 9 25 3938 10
814 46 25 1188 10
814 8 25 539 10
814 15 25 1009 10
814 74 45 649 12
814 84 12 202 8
814 39 12 1978 8
814 80 25 1415 10
814 8 25 1650 10
814 34 45 825 12
814 29 25 2212 10
814 7 45 371 12
814 11 45 664 12
814 53 25 2945 10
814 86 12 3539 8
814 77 12 3594 8
814 75 25 696 10
814 56 12 159 8
814 63 45 3370 12
814 47 12 44 8
814 48 12 418 8
814 1 25 3878 10
814 38 45 376 12
814 17 25 454 10
814 9 25 178 10
814 84 25 1529 10
814 52 12 1709 8
814 17 45 2045 12
814 81 25 1509 10
814 16 25 2211 10
814 81 25 201 10
814 86 45 976 12
814 84 12 2269 8
814 45 12 1467 8
815 82 45 1714 12
815 4 25 3159 10
815 60 25 946 10
815 89 45 80 12
815 42 25 2016 10
815 76 25 729 10
815 69 45 3843 12
815 56 12 11 8
815 57 25 5 10
815 81 12 930 8
815 97 45 1660 12
815 87 45 1422 12
815 29 45 624 12
815 67 25 273 10
815 89 45 1714 12
815 86 25 3654 10
815 88 45 3727 12
815 77 45 1931 12
815 16 25 2300 10
815 86 25 2811 10
815 40 25 2550 10
815 49 25 3801 10
815 48 25 252 10
815 24 45 1771 12
815 2 25 599 10
815 14 12 3092 8
815 87 25 1781 10
815 12 25 2843 10
816 61 25 648 10
816 93 45 686 12
816 84 12 657 8
816 65 25 1688 10
816 32 12 951 8
816 68 12 3692 8
816 1 25 3385 10
816 22 25 804 10
816 32 25 637 10
816 16 25 1636 10
816 21 25 1255 10
816 4 25 1637 10
816 85 25 98 10
816 97 25 1927 10
816 30 25 1868 10
816 94 25 3031 10
816 79 12 970 8
816 97 45 84 12
816 90 12 1974 8
816 59 25 1126 10
816 0 12 1810 8
816 9 12 1870 8
816 9 25 3745 10
816 91 25 2762 10
816 69 25 897 10
816 34 45 3071 12
817 58 12 3415 8
817 82 25 3511 10
817 45 45 362 12
817 57 45 2213 12
817 29 25 1596 10
817 46 45 655 12
817 43 45 3273 12
817 92 12 774 8
817 15 45 118 12
817 96 45 1714 12
817 0 25 617 10
817 19 45 2481 12
817 40 12 1893 8
817 83 12 3792 8
817 89 25 103 10
817 43 12 2068 8
817 38 25 2675 10
817 58 12 2687 8
817 78 45 992 12
817 72 45 1213 12
817 78 25 581 10
817 88 12 777 8
817 64 45 1501 12
817 32 25 1970 10
817 77 25 1780 10
817 82 45 1591 12
817 55 12 1128 8
818 47 25 465 10
818 14 25 1858 10
818 43 25 1248 10
818 12 25 956 10
818 6 25 2730 10
818 87 45 204 12
818 14 45 1921 12
818 27 12 2934 8
818 63 25 2237 10
818 67 12 1174 8
818 66 25 1970 10
818 86 25 3827 10
818 98 12 1819 8
818 17 25 203 10
818 25 25 535 10
818 1 12 1186 8
818 0 25 120 10
818 0 25 3275 10
818 60 45 2688 12
818 1 25 1679 10
818 32 25 1848 10
818 79 25 1511 10
818 97 12 2323 8
818 26 25 753 10
818 15 25 2736 10
818 65 25 147 10
818 40 25 540 10
818 66 25 661 10
818 80 25 525 10
818 72 25 3264 10
818 73 25 2076 10
818 22 12 1666 8
818 93 25 1362 10
818 59 12 230 8
818 11 25 1617 10
819 22 25 2010 10
819 85 25 1675 10
819 5 25 656 10
819 43 45 1495 12
819 19 25 252 10
819 1 25 1864 10
819 37 45 1208 12
819 63 12 918 8
819 60 45 2158 12
819 84 12 2976 8
819 77 25 980 10
819 6 25 407 10
819 3 45 3807 12
819 46 12 3710 8
819 88 25 1321 10
819 19 25 2111 10
819 29 12 1870 8
819 96 12 1902 8
819 24 45 2586 12
819 32 25 790 10
819 31 25 198 10
819 52 45 2183 12
819 49 25 1510 10
819 73 12 3515 8
819 76 25 1765 10
819 91 25 1298 10
819 25 25 1845 10
820 12 45 385 12
820 47 25 927 10
820 40 12 1083 8
820 83 25 1849 10
820 93 45 3121 12
820 36 45 3504 12
820 70 25 3845 10
820 90 12 691 8
820 61 12 1543 8
820 49 12 13 8
820 90 45 143 12
820 85 12 801 8
820 71 25 3969 10
820 24 25 1841 10
820 60 25 652 10
820 36 12 476 8
820 70 25 2721 10
820 13 12 1958 8
820 7 12 3325 8
820 94 25 1823 10
820 7 25 2452 10
820 89 12 1453 8
820 59 25 2407 10
821 82 45 776 12
821 98 45 1838 12
821 43 25 1861 10
821 6 25 1668 10
821 9 45 1838 12
821 18 45 1358 12
821 60 12 1709 8
821 24 25 1758 10
821 26 12 245 8
821 63 45 433 12
821 39 25 2068 10
821 33 12 1351 8
821 26 45 510 12
821 70 45 181 12
821 39 12 1806 8
821 85 25 1847 10
821 85 25 2092 10
821 82 25 535 10
821 57 12 918 8
821 15 25 3322 10
821 45 45 731 12
821 74 45 2974 12
821 11 12 1135 8
821 50 12 2580 8
821 22 25 3827 10
821 73 45 3973 12
821 4 12 908 8
821 21 25 1705 10
822 80 12 2804 8
822 59 25 2540 10
822 1 45 1539 12
822 79 45 3673 12
822 30 25 3935 10
822 15 25 3206 10
822 11 25 784 10
822 37 45 1714 12
822 78 12 451 8
822 76 25 1970 10
822 80 12 3688 8
822 77 45 3673 12
822 9 25 460 10
822 65 45 1589 12
822 22 12 3504 8
822 20 25 1881 10
822 64 25 1069 10
822 67 45 2956 12
822 63 25 2829 10
822 65 45 630 12
822 4 45 1110 12
822 95 12 3141 8
822 40 45 825 12
822 90 25 240 10
822 27 45 869 12
822 89 12 1907 8
822 87 25 2076 10
822 8 12 357 8
822 17 25 2392 10
822 80 25 1501 10
822 39 45 3901 12
822 37 25 1646 10
822 33 12 1168 8
822 13 45 1272 12
822 0 12 831 8
823 61 25 2723 10
823 85 45 1462 12
823 21 12 3204 8
823 42 12 1357 8
823 25 12 2027 8
823 67 45 605 12
823 25 45 3857 12
823 16 12 1149 8
823 28 25 1362 10
823 30 12 3854 8
823 90 12 3483 8
823 61 12 1149 8
823 81 25 2043 10
823 37 45 3011 12
823 43 25 2132 10
823 98 12 466 8
823 38 12 3969 8
823 51 25 308 10
823 75 25 1970 10
823 80 25 1377 10
823 84 45 1446 12
823 67 45 3611 12
823 30 25 883 10
823 13 25 3979 10
823 90 45 229 12
823 79 25 26 10
823 15 25 3958 10
823 81 25 2092 10
823 72 25 2966 10
823 9 25 816 10
823 29 25 1521 10
823 14 12 739 8
824 30 12 771 8
824 40 25 2376 10
824 21 45 1265 12
824 10 12 1796 8
824 48 12 2616 8
824 43 12 1581 8
824 87 25 1210 10
824 59 45 936 12
824 14 25 2007 10
824 78 12 583 8
824 23 25 165 10
824 78 25 624 10
824 56 12 69 8
824 84 25 22 10
824 94 12 25 8
824 62 45 1272 12
824 18 25 1260 10
824 5 45 344 12
824 0 12 3918 8
824 47 45 1289 12
824 10 25 589 10
824 35 25 1148 10
824 92 25 2956 10
824 33 25 612 10
824 52 25 611 10
824 82 25 791 10
824 45 25 506 10
825 93 12 701 8
825 69 25 1610 10
825 7 25 1493 10
825 17 25 153 10
825 36 12 1482 8
825 95 12 1787 8
825 71 45 3888 12
825 94 25 1383 10
825 55 25 1976 10
825 90 12 3982 8
825 46 45 2833 12
825 47 45 880 12
825 36 45 2832 12
825 40 25 2661 10
825 89 25 2455 10
825 6 25 3574 10
825 75 12 1670 8
825 12 12 3983 8
825 25 25 2117 10
826 16 45 1714 12
826 40 12 1881 8
826 73 12 3374 8
826 16 12 1686 8
826 15 45 3215 12
826 38 45 655 12
826 66 45 1733 12
826 8 25 70 10
826 69 12 1314 8
826 34 12 772 8
826 62 25 2043 10
826 63 25 1036 10
826 50 25 482 10
826 21 12 2902 8
826 26 45 3715 12
826 81 25 907 10
826 13 45 376 12
827 30 25 729 10
827 97 45 708 12
827 0 25 3340 10
827 9 12 3298 8
827 52 25 3460 10
827 18 12 3677 8
827 50 45 3203 12
827 0 12 88 8
827 24 12 2020 8
827 90 45 3031 12
827 91 45 1760 12
827 88 25 3533 10
827 39 25 1354 10
827 46 12 2547 8
827 58 12 2193 8
827 82 45 1664 12
827 5 25 784 10
827 60 45 1009 12
828 24 12 338 8
828 62 25 1069 10
828 1 25 456 10
828 78 45 512 12
828 5 45 515 12
828 17 45 268 12
828 86 45 222 12
828 92 25 1896 10
828 50 25 655 10
828 90 12 2706 8
828 56 12 1534 8
828 36 45 2833 12
828 62 12 1455 8
828 28 45 453 12
828 50 25 538 10
828 91 45 264 12
828 38 12 276 8
828 44 25 3169 10
828 65 45 3101 12
828 30 12 1847 8
828 62 12 514 8
828 11 45 220 12
828 6 25 1786 10
828 53 25 1638 10
828 34 25 2478 10
828 99 12 464 8
828 14 25 572 10
828 49 12 2616 8
828 30 45 1967 12
829 94 12 2622 8
829 9 12 2254 8
829 66 25 384 10
829 65 25 3296 10
829 64 45 1711 12
829 62 45 159 12
829 22 25 1036 10
829 2 25 927 10
829 79 25 2629 10
829 9 25 454 10
829 77 45 2039 12
829 45 25 1969 10
829 35 45 2233 12
829 93 12 1443 8
829 23 25 1036 10
829 73 12 824 8
829 68 45 1564 12
829 28 25 3489 10
829 33 25 1508 10
829 28 45 1339 12
829 81 25 3970 10
829 28 25 1758 10
829 4 45 560 12
829 9 25 1758 10
829 18 12 391 8
829 81 45 1310 12
829 13 25 539 10
829 79 45 453 12
829 33 45 1059 12
829 45 12 1420 8
829 11 12 1374 8
829 7 45 3819 12
829 14 12 202 8
830 56 45 1714 12
830 79 45 3031 12
830 79 25 1071 10
830 52 25 355 10
830 8 25 3385 10
830 31 25 3694 10
830 18 25 1392 10
830 6 25 25 10
830 33 12 1916 8
830 81 45 1357 12
830 17 25 3031 10
830 45 25 3970 10
830 10 12 1336 8
830 56 25 3022 10
830 50 25 52 10
830 51 25 1716 10
831 3 25 2869 10
831 7 25 3969 10
831 21 25 1370 10
831 28 25 1490 10
831 19 12 3003 8
831 10 25 1435 10
831 67 12 357 8
831 65 12 1163 8
831 95 45 2561 12
831 63 25 1258 10
831 77 12 3987 8
831 23 12 2680 8
831 29 12 1764 8
831 61 45 2940 12
831 54 45 3387 12
831 93 25 955 10
831 12 45 3009 12
831 76 45 3550 12
831 89 25 355 10
832 70 45 1506 12
832 51 25 2916 10
832 23 12 1580 8
832 38 12 1646 8
832 15 12 977 8
832 87 45 1443 12
832 73 25 386 10
832 72 25 1318 10
832 74 45 3011 12
832 49 12 259 8
832 66 25 283 10
832 8 45 1366 12
832 79 25 1101 10
832 13 45 1406 12
832 71 12 1151 8
832 1 45 1824 12
832 90 45 2343 12
832 77 25 1984 10
832 77 45 1120 12
832 46 25 946 10
832 28 25 2115 10
832 0 12 1524 8
833 40 45 1357 12
833 65 45 3519 12
833 11 45 1929 12
833 37 25 3109 10
833 55 45 687 12
833 35 45 2449 12
833 2 45 839 12
833 52 25 2222 10
833 35 25 623 10
833 17 12 164 8
833 86 45 2878 12
833 98 25 3591 10
833 56 45 3723 12
833 71 12 2278 8
834 91 45 1438 12
834 5 25 1691 10
834 99 12 104 8
834 7 25 1195 10
834 95 25 1178 10
834 44 25 1424 10
834 69 12 2220 8
834 39 45 1794 12
834 24 45 3720 12
834 34 45 1764 12
834 62 25 3845 10
834 46 12 526 8
834 54 12 2791 8
834 61 12 2791 8
834 39 45 2602 12
834 76 12 2686 8
834 81 25 2593 10
834 52 12 1433 8
834 98 25 538 10
834 18 45 252 12
834 55 45 1691 12
834 6 25 1822 10
834 40 45 2230 12
834 44 25 812 10
835 77 12 435 8
835 11 12 1168 8
835 71 45 687 12
835 90 45 1506 12
835 72 45 2580 12
835 29 12 1168 8
835 31 25 1725 10
835 35 25 460 10
835 45 45 3593 12
835 60 25 642 10
835 96 25 3306 10
835 21 12 755 8
835 91 25 2589 10
835 32 12 2279 8
835 47 12 704 8
835 11 45 385 12
835 78 45 286 12
835 69 25 295 10
835 60 25 916 10
835 31 25 1821 10
835 69 45 1484 12
835 39 12 1430 8
835 71 25 1050 10
835 0 25 675 10
835 48 12 435 8
835 55 25 1662 10
835 19 25 3373 10
835 19 25 3443 10
835 62 45 1456 12
835 97 25 2916 10
835 5 25 2589 10
836 19 25 510 10
836 56 25 3486 10
836 13 25 1568 10
836 24 25 2616 10
836 46 25 1637 10
836 18 25 506 10
836 19 12 3852 8
836 34 12 2023 8
836 95 25 3513 10
836 37 25 510 10
836 66 45 592 12
836 59 12 2791 8
836 58 25 684 10
836 96 45 1632 12
836 5 25 252 10
836 66 12 284 8
836 40 25 1334 10
836 52 25 1033 10
836 51 25 1561 10
836 51 12 180 8
836 16 25 240 10
836 53 45 1823 12
836 83 25 161 10
836 96 45 1847 12
836 15 12 54 8
836 72 25 1840 10
836 57 12 365 8
836 82 45 1533 12
836 11 12 3415 8
836 88 12 488 8
836 28 12 1453 8
836 86 12 365 8
836 16 25 2683 10
836 7 25 3857 10
837 38 25 2723 10
837 54 45 3778 12
837 70 25 3652 10
837 84 25 3879 10
837 60 25 3513 10
837 38 45 832 12
837 28 12 1013 8
837 7 25 64 10
837 38 25 3878 10
837 74 12 1480 8
837 93 12 2838 8
837 39 25 1295 10
837 94 12 1871 8
837 53 12 476 8
837 68 25 3958 10
837 65 25 738 10
837 91 25 1542 10
837 14 45 165 12
837 18 45 1008 12
837 78 12 3842 8
837 40 25 64 10
837 66 12 3314 8
837 91 25 3513 10
837 51 25 64 10
837 86 25 1927 10
837 66 25 3513 10
837 48 25 1753 10
837 79 25 2281 10
837 31 45 283 12
837 14 12 427 8
838 99 25 1667 10
838 19 45 399 12
838 78 45 341 12
838 90 25 681 10
838 50 45 2959 12
838 61 12 1854 8
838 46 25 2300 10
838 28 25 3290 10
838 0 12 1872 8
838 11 12 365 8
838 8 25 234 10
838 37 45 1346 12
838 53 12 1271 8
838 21 25 3241 10
838 68 25 1064 10
838 69 25 1924 10
838 56 25 1686 10
838 80 25 3469 10
838 94 12 1978 8
838 84 25 131 10
838 77 12 3715 8
838 68 12 1454 8
838 20 45 3268 12
839 14 12 1013 8
839 13 25 3109 10
839 53 45 398 12
839 95 12 1454 8
839 2 45 3203 12
839 62 25 1068 10
839 4 12 951 8
839 86 25 1068 10
839 28 12 929 8
839 18 12 3852 8
839 99 25 1254 10
839 65 25 1068 10
839 75 12 893 8
839 48 45 825 12
839 0 12 3899 8
839 81 45 1652 12
839 66 25 1489 10
839 57 12 2202 8
839 65 45 601 12
839 23 25 1707 10
839 67 25 2304 10
839 27 45 1506 12
839 53 45 1506 12
839 79 25 506 10
839 43 45 1711 12
839 31 45 1506 12
839 28 45 1506 12
839 55 45 2519 12
839 90 45 779 12
839 97 25 386 10
839 25 12 1014 8
839 65 25 1102 10
839 39 12 2946 8
839 67 25 3969 10
839 72 25 2629 10
839 79 25 1758 10
839 3 25 1974 10
839 93 45 1353 12
839 90 12 3552 8
839 4 12 3714 8
839 74 45 825 12
839 74 25 1974 10
840 36 25 867 10
840 39 25 3794 10
840 24 12 2053 8
840 97 25 502 10
840 99 45 351 12
840 36 12 255 8
840 41 25 3529 10
840 10 12 2053 8
840 73 45 1714 12
840 62 45 3777 12
840 95 45 268 12
840 49 25 252 10
840 9 25 997 10
840 80 45 2633 12
840 78 25 997 10
840 89 25 997 10
840 58 45 4 12
840 94 25 2861 10
840 37 25 928 10
840 14 25 3984 10
840 29 45 3538 12
840 18 25 236 10
840 47 25 124 10
840 90 12 3511 8
840 84 25 845 10
841 67 25 2233 10
841 70 45 1030 12
841 3 25 1027 10
841 23 25 147 10
841 24 12 1093 8
841 21 12 2814 8
841 50 25 3248 10
841 30 25 1027 10
841 56 12 1014 8
841 30 45 4 12
841 69 12 1014 8
841 89 25 1334 10
841 54 12 667 8
841 14 25 1526 10
841 77 12 2054 8
841 97 25 3241 10
841 2 12 303 8
841 2 12 2767 8
841 12 45 4 12
841 48 12 1429 8
841 3 12 1463 8
841 50 25 1415 10
841 38 25 1970 10
841 5 12 1507 8
841 2 45 3764 12
841 69 12 3981 8
841 87 45 3282 12
841 42 45 708 12
841 40 25 673 10
841 11 12 125 8
841 91 45 2959 12
842 17 25 1869 10
842 6 45 269 12
842 81 25 366 10
842 67 12 61 8
842 42 12 2097 8
842 69 12 583 8
842 54 45 1346 12
842 49 45 3142 12
842 96 12 3375 8
842 54 45 1355 12
842 61 45 404 12
842 66 25 2550 10
842 52 45 84 12
842 52 12 3130 8
842 24 12 526 8
842 61 12 3130 8
842 70 25 1675 10
842 69 45 3764 12
842 19 25 747 10
842 64 25 204 10
842 27 45 1788 12
842 40 25 1537 10
842 78 45 599 12
842 9 25 1634 10
842 48 25 3559 10
842 66 25 1566 10
842 74 25 3677 10
842 96 45 3853 12
842 19 45 210 12
842 32 25 1792 10
842 10 25 3512 10
842 63 12 693 8
842 58 25 1970 10
842 28 12 1589 8
842 66 12 3452 8
842 42 12 3535 8
842 8 12 3535 8
842 79 45 1406 12
842 21 45 3802 12
843 64 45 1320 12
843 63 45 1099 12
843 40 25 581 10
843 83 25 3451 10
843 38 45 648 12
843 12 25 1407 10
843 88 45 135 12
843 19 12 110 8
843 39 45 2852 12
843 85 45 478 12
843 13 45 118 12
843 13 12 2690 8
843 50 25 861 10
843 59 45 1193 12
843 14 12 1525 8
843 7 45 405 12
843 48 12 2458 8
843 35 25 1443 10
843 84 25 2243 10
843 13 12 3552 8
843 32 25 1471 10
843 86 12 758 8
843 74 45 1950 12
843 92 12 2957 8
843 66 12 54 8
843 38 45 560 12
843 74 25 1334 10
843 80 25 1512 10
843 65 25 3411 10
843 16 12 3452 8
843 4 25 308 10
843 66 45 368 12
843 11 12 2603 8
843 44 25 2373 10
843 39 45 817 12
843 9 25 552 10
843 14 45 1859 12
843 63 12 1952 8
843 24 45 3609 12
843 20 45 588 12
843 23 12 3715 8
843 33 12 3164 8
843 49 25 1843 10
843 57 45 1429 12
844 47 25 506 10
844 92 12 2068 8
844 80 25 1392 10
844 60 12 2624 8
844 32 45 1024 12
844 95 25 1575 10
844 77 25 845 10
844 34 45 1714 12
844 66 45 1714 12
844 99 45 1714 12
844 4 12 1624 8
844 77 25 1817 10
844 2 45 210 12
844 48 45 3605 12
844 18 45 1407 12
844 73 25 3458 10
844 1 12 3375 8
844 11 25 119 10
844 45 25 2869 10
844 95 45 481 12
844 84 12 55 8
844 74 12 1756 8
844 47 45 2956 12
844 71 12 657 8
844 12 45 572 12
844 6 25 506 10
844 52 25 1718 10
844 19 12 1709 8
844 60 25 1028 10
844 28 25 588 10
844 8 25 2332 10
845 42 12 486 8
845 63 25 2811 10
845 58 12 1519 8
845 38 12 69 8
845 86 25 1261 10
845 24 45 3041 12
845 39 25 584 10
845 1 25 223 10
845 7 45 1248 12
845 0 25 2811 10
845 53 25 1298 10
845 41 25 1928 10
845 50 25 1368 10
845 47 45 3237 12
845 11 45 2930 12
845 89 25 520 10
845 70 25 174 10
845 13 45 351 12
845 81 12 411 8
845 80 45 807 12
845 63 25 1707 10
845 33 12 1148 8
845 61 25 314 10
845 34 12 284 8
845 16 45 3586 12
845 58 12 1854 8
845 78 25 2824 10
845 94 25 2613 10
845 14 12 1382 8
845 73 45 687 12
845 45 45 687 12
845 71 45 687 12
845 89 45 687 12
845 27 45 1328 12
846 72 12 3715 8
846 46 25 2225 10
846 28 45 1367 12
846 89 25 2048 10
846 48 45 1367 12
846 0 45 1636 12
846 14 25 556 10
846 88 12 345 8
846 49 45 259 12
846 71 12 832 8
846 6 25 1397 10
846 29 25 2525 10
846 52 25 1704 10
846 15 25 2656 10
846 57 45 1380 12
846 29 25 384 10
846 44 25 861 10
846 4 12 3535 8
846 2 45 2599 12
846 94 12 1731 8
846 84 45 887 12
846 5 25 3521 10
846 98 25 1288 10
846 0 25 2613 10
846 79 12 526 8
846 96 25 662 10
846 29 25 1688 10
846 27 25 3521 10
846 88 45 1293 12
846 57 45 2611 12
846 80 25 2439 10
847 13 25 1821 10
847 17 12 863 8
847 28 12 2181 8
847 64 12 1580 8
847 69 12 1073 8
847 47 25 650 10
847 3 45 1411 12
847 71 12 401 8
847 66 12 499 8
847 59 12 1625 8
847 46 12 2670 8
847 12 12 2607 8
847 49 25 996 10
848 99 25 3248 10
848 39 25 543 10
848 45 12 3991 8
848 96 45 2205 12
848 87 12 1918 8
848 64 45 1940 12
848 27 45 708 12
848 71 12 896 8
848 82 25 3248 10
848 94 12 1150 8
848 42 45 1227 12
848 41 12 171 8
848 28 12 1717 8
848 6 25 1204 10
848 32 45 1736 12
848 10 45 3666 12
848 78 45 605 12
848 95 25 1028 10
848 86 25 1313 10
848 34 45 972 12
848 77 45 1154 12
848 49 12 563 8
848 7 45 1978 12
848 73 45 687 12
849 78 25 809 10
849 83 25 1429 10
849 97 12 1915 8
849 1 25 1298 10
849 62 25 2550 10
849 99 25 1595 10
849 72 25 353 10
849 1 12 1482 8
849 6 12 171 8
849 50 45 3405 12
849 80 12 44 8
849 46 25 426 10
849 45 25 1203 10
849 14 25 1080 10
849 79 45 1102 12
849 83 12 3375 8
849 23 45 2154 12
849 65 25 1481 10
849 71 12 1765 8
849 13 12 1737 8
849 9 12 1880 8
849 34 12 683 8
849 67 25 2652 10
849 12 25 2992 10
849 72 12 365 8
849 14 25 451 10
849 54 45 1075 12
849 98 45 1330 12
849 8 45 557 12
849 35 12 235 8
849 99 45 1379 12
849 49 12 3729 8
849 84 45 381 12
849 52 25 33 10
849 56 12 1463 8
849 87 12 337 8
849 8 12 1709 8
849 16 25 1392 10
849 83 25 1392 10
850 26 45 3799 12
850 29 45 2706 12
850 57 25 3536 10
850 41 12 3375 8
850 45 25 3999 10
850 22 25 3775 10
850 5 45 2434 12
850 93 25 1504 10
850 80 45 1047 12
850 94 45 3282 12
850 88 45 3467 12
850 90 45 535 12
850 36 25 3318 10
850 48 12 1717 8
850 16 25 245 10
850 1 45 311 12
850 70 25 2308 10
850 39 25 301 10
850 52 12 874 8
850 5 12 2516 8
850 63 12 2921 8
850 98 45 987 12
850 98 45 2417 12
850 44 45 224 12
850 1 45 3361 12
851 33 25 1362 10
851 21 12 3164 8
851 26 45 222 12
851 8 45 405 12
851 39 12 3453 8
851 9 45 3112 12
851 25 45 2774 12
851 99 12 1384 8
851 98 25 997 10
851 73 25 471 10
851 14 25 1831 10
851 67 12 539 8
851 17 45 415 12
851 79 25 804 10
851 19 12 2500 8
851 7 12 1783 8
851 58 25 2398 10
851 84 25 920 10
851 27 12 1572 8
851 11 12 337 8
852 89 45 1933 12
852 31 45 1627 12
852 75 25 2636 10
852 10 12 678 8
852 4 12 2627 8
852 25 45 2885 12
852 37 25 233 10
852 56 25 3885 10
852 36 25 1185 10
852 79 25 2123 10
852 67 45 1470 12
852 86 45 2878 12
852 93 12 1922 8
852 19 12 1543 8
852 40 25 298 10
852 61 25 373 10
852 4 45 687 12
852 30 45 236 12
852 77 25 1504 10
852 25 25 2007 10
853 45 12 656 8
853 39 12 2555 8
853 83 25 3955 10
853 53 12 1035 8
853 21 45 2758 12
853 1 45 1828 12
853 21 45 753 12
853 51 25 2198 10
853 30 25 1412 10
853 11 45 1112 12
853 98 25 1555 10
853 33 12 1546 8
853 29 45 764 12
853 37 45 1890 12
853 29 45 1733 12
853 75 25 1495 10
853 81 12 740 8
853 67 45 600 12
853 14 25 2455 10
853 67 25 3386 10
853 36 25 1897 10
853 49 45 1581 12
853 57 45 3853 12
853 73 45 1421 12
853 1 25 806 10
853 15 25 1645 10
853 5 25 2723 10
853 7 45 1990 12
853 22 12 381 8
854 12 45 3876 12
854 53 25 1285 10
854 81 25 1658 10
854 20 25 3553 10
854 9 45 2878 12
854 5 12 2670 8
854 47 12 514 8
854 29 25 1955 10
854 55 25 1102 10
854 67 25 1313 10
854 79 25 950 10
854 45 12 481 8
854 63 25 352 10
854 5 12 1733 8
854 36 25 33 10
854 90 25 2721 10
854 76 25 3286 10
854 94 25 336 10
854 79 12 1123 8
854 28 25 638 10
854 14 25 261 10
854 40 12 2934 8
854 78 45 527 12
854 4 25 569 10
854 94 12 3482 8
855 92 45 1085 12
855 32 25 1329 10
855 76 25 2482 10
855 56 12 2152 8
855 68 25 1807 10
855 35 12 1704 8
855 13 25 1578 10
855 94 12 1447 8
855 32 25 2023 10
855 19 25 673 10
855 38 25 1317 10
855 75 12 3143 8
855 49 25 414 10
856 5 12 570 8
856 76 45 1480 12
856 92 25 3811 10
856 17 25 3350 10
856 63 25 3350 10
856 86 12 3794 8
856 57 45 2434 12
856 2 45 464 12
856 60 45 614 12
856 13 12 1380 8
856 69 45 3038 12
856 75 45 2930 12
856 80 45 989 12
856 74 45 1017 12
856 19 45 1703 12
856 79 12 3707 8
856 66 45 2069 12
856 37 25 1802 10
856 3 25 2141 10
856 70 12 1821 8
856 40 25 1512 10
856 43 25 1802 10
856 99 12 1453 8
856 83 45 3033 12
856 62 25 3996 10
856 96 25 1428 10
856 42 12 1104 8
856 83 45 677 12
856 15 25 1120 10
856 49 25 2977 10
857 34 12 1565 8
857 23 45 3041 12
857 87 25 272 10
857 39 12 538 8
857 54 12 1123 8
857 9 12 2915 8
857 87 12 1475 8
857 93 45 3857 12
857 52 25 1561 10
857 78 12 386 8
857 42 12 169 8
857 91 45 1343 12
857 96 45 587 12
857 12 25 3350 10
857 59 45 2080 12
857 47 12 554 8
857 4 45 601 12
857 95 45 296 12
857 72 12 2921 8
857 83 25 1496 10
857 81 45 484 12
857 93 25 729 10
857 92 12 1124 8
857 10 25 2996 10
857 13 25 717 10
857 17 25 494 10
857 63 45 2154 12
857 59 25 1033 10
857 57 12 93 8
857 38 12 2797 8
857 98 25 2542 10
857 83 45 3027 12
857 76 45 1831 12
857 99 45 1639 12
857 79 25 736 10
858 37 12 1784 8
858 79 12 3715 8
858 41 12 126 8
858 22 45 399 12
858 46 25 1100 10
858 68 25 1847 10
858 31 25 2541 10
858 53 12 115 8
858 48 25 431 10
858 65 25 2945 10
858 75 12 1755 8
858 38 12 955 8
858 99 12 2915 8
858 30 25 548 10
858 8 25 298 10
858 61 45 1916 12
858 13 25 294 10
858 95 25 3866 10
858 73 12 3715 8
858 31 25 3360 10
858 63 45 994 12
858 11 45 2281 12
858 57 45 994 12
858 54 12 2872 8
858 97 12 1247 8
858 20 25 1960 10
858 77 45 1714 12
858 1 45 687 12
858 99 12 966 8
858 41 12 3715 8
859 29 25 1350 10
859 33 45 3637 12
859 64 12 3511 8
859 73 25 2958 10
859 20 45 973 12
859 97 25 1492 10
859 35 25 2503 10
859 10 25 1417 10
859 81 45 2065 12
859 5 12 2697 8
859 51 45 817 12
859 12 25 211 10
859 61 45 987 12
859 80 45 3389 12
859 0 45 433 12
859 76 25 3128 10
859 67 25 3144 10
859 76 45 994 12
859 49 25 3385 10
859 12 25 482 10
859 81 12 1714 8
860 34 25 1827 10
860 21 12 563 8
860 21 12 699 8
860 12 45 2769 12
860 3 12 627 8
860 12 12 1274 8
860 42 45 2699 12
860 15 25 3109 10
860 5 25 1025 10
860 55 25 1875 10
860 26 25 3137 10
860 40 45 1110 12
860 49 25 1558 10
860 80 45 547 12
860 4 25 3937 10
860 50 12 864 8
860 88 45 53 12
860 79 45 2136 12
860 85 12 2152 8
860 41 25 1970 10
861 60 45 802 12
861 97 45 1344 12
861 22 12 929 8
861 33 45 935 12
861 51 25 1228 10
861 36 45 1711 12
861 65 25 130 10
861 76 45 2677 12
861 38 25 2788 10
861 34 12 418 8
861 28 25 2398 10
861 56 45 2221 12
861 58 45 3278 12
861 76 25 656 10
861 18 12 6 8
861 8 25 1362 10
861 44 12 2925 8
861 38 12 41 8
862 59 45 1355 12
862 11 12 2152 8
862 71 25 3070 10
862 96 45 3986 12
862 83 12 3452 8
862 59 45 3637 12
862 76 45 3748 12
862 83 25 1110 10
862 85 25 3532 10
862 57 12 667 8
862 82 25 118 10
862 34 25 1461 10
862 57 12 3678 8
862 66 25 1492 10
862 18 45 1501 12
862 61 45 450 12
862 69 25 804 10
862 21 45 351 12
862 20 25 2250 10
862 81 25 1263 10
862 72 25 915 10
862 56 45 1510 12
862 36 25 729 10
862 43 12 1625 8
862 48 12 983 8
862 42 45 2644 12
862 78 25 997 10
862 92 45 1873 12
863 21 45 218 12
863 43 12 391 8
863 70 45 2819 12
863 84 45 1039 12
863 74 25 3270 10
863 41 12 1129 8
863 46 25 1970 10
863 57 12 1490 8
863 17 25 2766 10
863 62 45 2067 12
863 0 25 451 10
863 76 25 1566 10
863 61 25 2191 10
863 53 45 3237 12
863 68 25 1234 10
863 45 45 3133 12
863 56 25 2823 10
863 81 25 2452 10
863 68 45 919 12
863 54 12 1345 8
863 36 12 2637 8
863 82 25 102 10
863 28 25 463 10
863 11 12 1558 8
863 25 45 2609 12
863 2 25 2907 10
863 3 45 3748 12
863 81 12 3215 8
863 21 12 1179 8
863 1 45 1302 12
863 63 25 525 10
863 22 25 202 10
863 25 25 2907 10
863 8 45 503 12
863 99 25 447 10
863 74 45 1198 12
863 51 25 1145 10
863 50 25 1862 10
863 16 12 2270 8
863 95 25 3708 10
863 3 25 3016 10
864 34 45 454 12
864 98 45 3794 12
864 14 25 785 10
864 84 45 2385 12
864 31 25 486 10
864 7 45 431 12
864 76 25 2412 10
864 30 45 3268 12
864 71 45 3059 12
864 70 12 875 8
864 35 45 453 12
864 61 45 2804 12
864 67 12 327 8
864 72 45 715 12
864 97 12 1794 8
864 78 12 3465 8
864 24 45 1333 12
864 29 12 2057 8
864 3 45 989 12
864 70 45 375 12
864 3 45 310 12
864 97 25 3969 10
864 96 12 3141 8
864 47 25 618 10
864 68 12 1185 8
864 4 25 3511 10
864 5 25 2259 10
864 1 25 2234 10
864 54 25 692 10
864 59 45 375 12
864 54 45 3027 12
864 30 45 2810 12
864 16 12 3842 8
864 42 25 2823 10
864 98 25 2372 10
864 6 25 2766 10
864 52 12 2498 8
864 40 45 2094 12
864 82 45 3059 12
864 45 25 876 10
864 69 12 3164 8
864 70 45 601 12
864 95 12 940 8
864 63 45 1584 12
864 70 45 1286 12
864 10 25 981 10
864 10 12 699 8
864 91 12 195 8
865 34 45 2765 12
865 47 45 1627 12
865 41 12 1088 8
865 74 12 2258 8
865 77 25 3621 10
865 82 45 2519 12
865 61 12 115 8
865 78 12 427 8
865 52 25 3327 10
865 84 45 2324 12
865 61 45 343 12
865 86 12 827 8
865 20 45 3764 12
865 74 25 3251 10
865 71 12 3792 8
865 69 12 1763 8
865 11 25 692 10
865 47 25 2629 10
865 88 25 1705 10
865 59 25 1205 10
865 84 25 60 10
865 79 12 3842 8
865 18 25 1784 10
865 55 45 1781 12
865 98 25 309 10
865 4 45 614 12
865 5 45 321 12
865 33 45 343 12
865 49 12 1383 8
865 35 25 2081 10
865 45 45 3966 12
865 36 25 1405 10
865 58 25 2757 10
865 7 25 1510 10
865 73 45 1808 12
865 47 25 2182 10
865 86 12 1397 8
865 12 25 407 10
866 62 25 1112 10
866 22 25 1311 10
866 4 45 2980 12
866 86 12 1574 8
866 26 25 593 10
866 54 45 639 12
866 28 45 2769 12
866 36 45 3149 12
866 53 25 2992 10
866 75 25 2625 10
866 99 12 953 8
866 67 25 68 10
866 68 12 25 8
866 65 12 90 8
866 12 45 715 12
866 38 45 2650 12
866 29 25 873 10
866 7 12 735 8
866 97 45 3592 12
866 97 45 751 12
866 54 12 714 8
866 27 45 840 12
866 20 25 3229 10
866 9 25 2503 10
866 53 12 3794 8
866 58 25 888 10
867 27 45 687 12
867 2 25 2043 10
867 93 45 2395 12
867 24 45 3966 12
867 97 12 8 8
867 90 45 584 12
867 37 25 3825 10
867 9 25 1970 10
867 14 12 2607 8
867 99 12 3225 8
867 65 25 2043 10
867 77 12 1756 8
867 0 12 3744 8
867 9 45 687 12
867 78 45 3787 12
867 87 12 1681 8
867 91 12 3594 8
867 43 45 1731 12
867 25 45 687 12
867 28 25 3825 10
867 74 12 655 8
867 2 12 8 8
867 64 25 969 10
867 52 25 1444 10
867 76 25 2281 10
867 95 25 3738 10
867 30 12 2389 8
867 41 45 648 12
867 22 45 668 12
867 10 25 261 10
867 47 25 906 10
867 8 25 778 10
867 14 25 3748 10
867 69 12 2928 8
867 61 45 515 12
868 57 25 1700 10
868 12 45 3203 12
868 64 25 2820 10
868 86 25 924 10
868 94 12 203 8
868 36 25 2756 10
868 74 12 1854 8
868 40 12 758 8
868 67 25 3796 10
868 55 12 203 8
868 59 25 150 10
868 24 25 1708 10
868 25 12 1274 8
868 85 45 590 12
868 76 12 2152 8
868 78 45 2796 12
869 28 12 1198 8
869 11 25 410 10
869 70 12 3524 8
869 21 25 2675 10
869 29 25 2654 10
869 96 25 58 10
869 9 25 734 10
869 20 25 3439 10
869 8 12 1480 8
869 39 12 1408 8
869 8 45 1156 12
869 79 25 1053 10
869 70 12 758 8
869 83 45 3456 12
869 71 25 1532 10
869 4 12 1645 8
869 43 12 2426 8
869 39 25 609 10
869 46 25 3984 10
869 9 25 3188 10
869 9 45 2992 12
869 73 12 1355 8
870 75 12 476 8
870 21 45 3438 12
870 87 25 3604 10
870 1 12 526 8
870 26 12 2623 8
870 47 12 2873 8
870 1 12 553 8
870 19 45 1965 12
870 43 45 84 12
870 13 45 1173 12
870 42 25 2992 10
870 88 25 1110 10
870 6 45 1884 12
870 77 25 3898 10
870 19 12 1088 8
870 29 45 2106 12
870 4 45 2890 12
870 39 25 906 10
870 30 25 2869 10
870 90 25 366 10
870 87 25 345 10
870 66 45 1422 12
870 6 45 118 12
870 83 25 1118 10
870 70 25 2169 10
870 28 12 1554 8
870 73 45 3853 12
870 47 45 3853 12
870 72 25 3549 10
870 17 25 2730 10
870 2 25 1036 10
871 39 45 3481 12
871 17 25 851 10
871 1 12 3426 8
871 26 45 1927 12
871 56 12 3045 8
871 30 25 2234 10
871 80 12 203 8
871 55 45 892 12
871 53 45 1132 12
871 63 25 2920 10
871 14 25 205 10
871 10 25 979 10
871 60 25 3898 10
871 69 25 32 10
871 32 25 1502 10
871 63 12 1211 8
871 83 45 1322 12
871 74 12 3045 8
871 69 25 1708 10
871 11 25 1450 10
871 22 25 883 10
871 32 45 1783 12
871 34 12 1266 8
871 20 45 3183 12
871 4 45 422 12
871 29 45 326 12
871 92 45 968 12
871 62 25 1090 10
871 2 25 3188 10
871 33 12 3143 8
871 64 45 1533 12
871 29 25 2531 10
871 3 25 3952 10
871 97 25 3458 10
871 18 45 1380 12
871 89 12 514 8
871 53 25 1062 10
871 99 45 1059 12
871 28 25 969 10
871 18 45 3085 12
871 66 12 2279 8
871 3 12 2279 8
871 85 45 1899 12
871 39 25 2503 10
871 67 12 2279 8
871 2 12 693 8
871 42 12 3643 8
871 75 25 574 10
871 80 25 1848 10
871 42 25 2478 10
871 89 12 1880 8
871 41 12 3143 8
871 51 45 3538 12
872 22 12 2152 8
872 50 12 1013 8
872 35 45 89 12
872 28 25 2152 10
872 6 45 3853 12
872 9 12 1175 8
872 53 45 269 12
872 83 45 320 12
872 33 45 453 12
872 49 25 1591 10
872 13 45 98 12
872 21 12 1646 8
872 92 12 3937 8
872 63 25 240 10
872 66 12 537 8
872 17 12 801 8
872 19 12 3981 8
872 67 25 2268 10
872 72 25 1110 10
872 78 45 118 12
872 13 25 339 10
872 8 25 2942 10
872 30 45 1751 12
872 82 25 324 10
872 1 25 3298 10
872 13 12 761 8
872 26 25 180 10
872 69 45 3602 12
872 16 12 1292 8
872 96 12 115 8
872 46 25 1069 10
872 43 25 68 10
872 8 25 2101 10
872 87 25 1686 10
872 67 12 2152 8
872 12 12 2340 8
872 36 45 1636 12
872 20 25 1471 10
872 45 12 3678 8
872 92 25 86 10
872 39 45 687 12
872 37 45 3268 12
872 30 12 245 8
872 72 45 1193 12
872 24 25 1347 10
872 15 12 3387 8
872 35 12 2068 8
872 39 12 1141 8
872 20 25 2656 10
872 31 12 3678 8
873 2 25 876 10
873 26 12 2250 8
873 40 12 537 8
873 78 12 537 8
873 7 25 525 10
873 30 45 1191 12
873 18 12 706 8
873 44 12 476 8
873 3 12 3387 8
873 0 12 2871 8
873 18 45 1672 12
873 88 12 2068 8
873 20 25 719 10
873 32 45 584 12
873 68 25 1903 10
873 78 25 640 10
873 44 25 1689 10
873 1 25 685 10
873 73 12 1952 8
873 98 45 1981 12
873 95 45 2810 12
873 7 25 2675 10
873 25 45 3961 12
873 15 12 3954 8
873 23 25 2034 10
873 54 45 1191 12
873 20 12 537 8
873 28 25 3502 10
873 18 12 706 8
873 23 12 679 8
873 3 25 1798 10
873 58 45 3673 12
873 9 25 224 10
873 69 25 955 10
873 47 12 535 8
873 6 25 1902 10
873 29 25 2183 10
873 64 25 845 10
873 49 25 232 10
874 85 45 3504 12
874 78 25 1059 10
874 69 45 341 12
874 63 25 2793 10
874 96 25 3022 10
874 63 45 1965 12
874 51 25 579 10
874 55 25 119 10
874 32 25 1842 10
874 19 25 1449 10
874 40 12 546 8
874 32 45 1372 12
874 54 25 1647 10
874 63 45 351 12
874 5 25 1713 10
874 6 25 1059 10
874 17 12 2340 8
874 21 25 3692 10
874 55 12 1032 8
874 41 25 1267 10
874 32 12 2192 8
874 50 12 1245 8
874 75 25 1816 10
874 66 25 3088 10
874 57 25 1197 10
874 35 12 708 8
874 90 12 2990 8
874 93 25 1457 10
874 18 25 1277 10
874 43 12 2400 8
874 6 45 877 12
874 57 25 1212 10
874 64 45 715 12
874 49 12 2068 8
874 57 45 80 12
874 16 45 341 12
874 55 12 3982 8
874 38 45 715 12
874 1 25 3325 10
874 61 45 1965 12
874 48 25 1237 10
874 4 12 82 8
874 23 12 1168 8
874 95 12 847 8
874 20 45 2154 12
875 67 12 203 8
875 61 25 588 10
875 63 45 2602 12
875 89 25 1629 10
875 88 25 1145 10
875 81 45 3926 12
875 65 25 773 10
875 30 25 1347 10
875 31 12 1358 8
875 94 25 192 10
875 40 25 3621 10
875 8 25 1347 10
875 51 45 1892 12
875 17 45 1955 12
875 66 12 1164 8
875 30 25 2828 10
875 53 12 2106 8
875 51 12 2721 8
875 86 25 1713 10
875 73 45 1852 12
875 26 25 1195 10
875 4 25 459 10
875 32 25 644 10
875 76 25 3621 10
875 97 45 1173 12
876 9 12 645 8
876 61 12 1382 8
876 7 25 1018 10
876 93 45 2942 12
876 78 25 719 10
876 10 45 4 12
876 74 25 2362 10
876 54 12 1382 8
876 93 12 831 8
876 2 45 922 12
876 6 45 156 12
876 67 25 3 10
876 9 25 1879 10
876 97 25 3188 10
876 19 45 1198 12
876 40 25 1067 10
876 58 25 3257 10
876 75 25 798 10
876 36 25 3257 10
876 37 45 817 12
876 12 12 3064 8
876 2 12 350 8
876 75 12 3222 8
876 61 12 3177 8
876 52 25 1305 10
876 37 45 2775 12
876 20 25 1529 10
876 5 25 2555 10
876 68 25 850 10
876 94 12 3375 8
876 39 25 410 10
876 94 12 112 8
876 33 12 3965 8
876 68 25 616 10
876 56 25 70 10
876 13 25 616 10
876 42 45 922 12
876 7 25 33 10
876 45 12 115 8
876 14 45 1422 12
876 24 12 1610 8
877 45 45 1510 12
877 24 45 2181 12
877 19 25 3022 10
877 50 45 1193 12
877 2 12 1439 8
877 90 12 793 8
877 99 25 1617 10
877 73 25 310 10
877 50 25 233 10
877 88 25 596 10
877 25 12 793 8
877 43 25 1069 10
877 3 25 1481 10
877 93 25 2478 10
877 99 12 563 8
877 57 25 695 10
877 25 45 2094 12
877 1 25 3222 10
877 49 12 2324 8
877 21 12 1421 8
877 78 25 705 10
877 42 25 1842 10
877 42 12 1693 8
877 25 45 382 12
877 34 25 946 10
877 80 12 1684 8
877 27 12 2815 8
877 73 45 3503 12
877 28 12 864 8
877 24 12 1524 8
877 32 25 574 10
877 5 45 484 12
877 5 25 1999 10
877 58 25 1040 10
877 42 45 3242 12
877 11 25 2669 10
877 86 45 1986 12
877 55 12 3592 8
877 67 25 1634 10
877 65 45 585 12
877 44 12 1869 8
877 85 12 2957 8
877 88 45 3583 12
877 58 12 1082 8
877 54 45 422 12
877 51 25 3661 10
877 9 45 2106 12
877 93 25 1847 10
877 5 45 656 12
877 51 45 3961 12
877 38 25 3312 10
877 64 25 1512 10
877 92 25 851 10
877 34 12 115 8
877 42 45 3605 12
877 51 25 316 10
877 4 25 1036 10
877 99 12 861 8
877 54 25 1203 10
877 29 12 726 8
877 7 12 3822 8
877 27 12 69 8
877 9 45 3802 12
878 4 25 3188 10
878 4 25 795 10
878 23 12 506 8
878 20 12 168 8
878 41 12 1558 8
878 41 25 1635 10
878 38 45 3030 12
878 43 45 739 12
878 3 25 637 10
878 45 45 1272 12
878 48 25 592 10
878 0 45 3016 12
878 36 25 2892 10
878 65 25 3867 10
878 6 45 551 12
878 90 12 771 8
878 17 12 90 8
878 49 45 739 12
878 85 45 3016 12
878 48 45 1828 12
878 17 12 3842 8
878 30 45 3864 12
878 12 12 1797 8
878 51 45 1009 12
878 97 25 1391 10
878 78 12 1442 8
878 71 12 1543 8
878 75 25 1978 10
878 53 12 2396 8
878 99 45 994 12
878 46 45 1050 12
878 76 25 3852 10
878 5 12 1045 8
878 59 25 1391 10
878 22 12 1032 8
878 84 12 1653 8
878 5 12 2990 8
878 72 12 506 8
878 11 25 1295 10
878 67 25 189 10
878 38 25 915 10
878 65 25 1794 10
878 83 45 3750 12
878 95 25 492 10
878 85 25 3272 10
878 5 12 2258 8
878 92 45 1566 12
878 63 45 3888 12
878 93 25 190 10
878 92 45 551 12
878 47 12 2193 8
878 0 45 2852 12
878 32 25 3591 10
878 83 25 998 10
878 62 25 3867 10
878 3 25 3867 10
878 9 25 2625 10
878 30 12 855 8
878 75 25 2186 10
878 72 45 2791 12
878 51 12 679 8
878 89 12 855 8
878 99 45 3457 12
878 5 45 3215 12
878 21 25 340 10
879 89 12 2172 8
879 33 45 3249 12
879 22 25 1563 10
879 27 25 271 10
879 5 45 859 12
879 31 45 2706 12
879 82 25 1817 10
879 25 25 712 10
879 98 25 3633 10
879 66 12 3746 8
879 95 45 2154 12
879 64 12 1474 8
879 43 25 3733 10
879 93 25 384 10
879 6 25 200 10
879 6 25 1993 10
879 70 25 363 10
879 40 45 3864 12
879 36 25 3952 10
879 25 12 2707 8
879 45 25 197 10
879 42 25 3694 10
879 75 12 3136 8
879 12 12 1697 8
879 96 12 2445 8
879 49 25 1016 10
879 17 25 1745 10
879 0 12 1711 8
879 42 25 544 10
879 56 12 1173 8
879 38 45 1389 12
879 73 12 771 8
879 24 25 2169 10
879 3 25 2636 10
879 94 12 1590 8
879 51 45 788 12
880 57 12 848 8
880 37 45 225 12
880 23 25 206 10
880 60 45 1361 12
880 68 12 3006 8
880 49 25 954 10
880 74 25 1673 10
880 18 45 3175 12
880 80 45 1361 12
880 28 45 3772 12
880 0 45 1389 12
880 16 12 1063 8
880 95 45 1361 12
880 18 12 1294 8
880 11 25 2625 10
880 5 25 859 10
880 60 45 2106 12
880 40 25 1561 10
880 83 25 1995 10
880 14 25 1561 10
880 92 45 591 12
880 89 25 919 10
880 8 45 588 12
880 33 45 591 12
880 49 25 3763 10
880 31 12 1294 8
880 4 25 1203 10
880 99 25 275 10
880 4 25 942 10
880 27 25 1329 10
880 57 12 283 8
880 75 12 647 8
880 44 25 437 10
880 46 45 913 12
880 8 45 2004 12
880 80 25 1417 10
880 19 12 1684 8
881 7 25 336 10
881 29 45 1039 12
881 4 45 254 12
881 14 25 297 10
881 87 25 437 10
881 26 12 2776 8
881 65 25 3735 10
881 68 12 793 8
881 83 12 322 8
881 50 12 2776 8
881 97 25 757 10
881 49 12 2776 8
881 61 25 1598 10
881 54 12 2722 8
881 31 45 913 12
881 31 45 1173 12
881 61 45 197 12
881 26 12 149 8
881 58 25 1532 10
881 52 12 842 8
881 11 25 1448 10
881 43 25 458 10
881 55 45 1380 12
881 38 25 969 10
881 34 45 72 12
881 16 25 590 10
881 56 12 2949 8
881 41 25 2559 10
881 95 12 2776 8
881 29 25 640 10
881 47 25 2823 10
881 60 12 3153 8
882 35 12 2611 8
882 52 12 1405 8
882 0 45 2830 12
882 92 25 3604 10
882 84 12 1872 8
882 28 25 1307 10
882 12 25 2904 10
882 17 45 2010 12
882 84 45 371 12
882 64 25 2625 10
882 89 12 1863 8
882 4 25 593 10
882 40 25 308 10
882 68 45 630 12
882 58 12 1590 8
882 13 45 3133 12
882 51 12 2989 8
882 33 25 2883 10
882 64 45 2221 12
882 25 25 2662 10
882 39 12 1848 8
882 25 12 429 8
882 86 25 1267 10
882 79 12 848 8
882 6 25 2651 10
883 10 25 286 10
883 74 25 2942 10
883 5 45 958 12
883 93 45 1402 12
883 79 25 286 10
883 5 45 311 12
883 63 25 678 10
883 45 12 2279 8
883 93 25 1986 10
883 18 12 2868 8
883 95 12 350 8
883 69 25 2553 10
883 55 12 800 8
883 96 25 406 10
883 34 12 1227 8
883 76 25 1708 10
883 14 12 2227 8
883 41 25 1167 10
883 44 12 2234 8
883 71 25 1193 10
883 32 45 3840 12
883 84 45 68 12
883 52 25 3735 10
883 86 25 3728 10
883 92 25 3735 10
883 22 45 1417 12
883 33 45 3030 12
883 15 25 1125 10
883 94 45 3121 12
884 73 45 71 12
884 49 12 279 8
884 57 25 675 10
884 66 25 1330 10
884 91 25 254 10
884 94 12 2721 8
884 56 25 573 10
884 53 25 1904 10
884 11 45 1868 12
884 41 25 368 10
884 8 45 2676 12
884 66 12 3733 8
884 14 25 368 10
884 78 25 1014 10
884 47 45 341 12
884 4 12 3132 8
884 72 12 1611 8
884 39 25 795 10
884 8 12 791 8
884 42 12 1093 8
884 64 45 668 12
884 29 45 303 12
884 6 25 3534 10
884 23 25 2292 10
884 1 12 592 8
884 23 12 691 8
884 99 12 1694 8
884 2 45 664 12
884 61 12 565 8
884 97 25 3062 10
884 11 45 2279 12
884 64 25 2550 10
884 21 25 1789 10
884 97 45 3228 12
884 21 25 2373 10
884 40 12 2279 8
884 30 25 1835 10
884 36 12 901 8
884 88 45 2639 12
884 10 45 2956 12
885 31 12 1294 8
885 34 12 502 8
885 6 25 3114 10
885 27 12 605 8
885 85 25 3735 10
885 74 12 1102 8
885 13 45 2314 12
885 57 12 1391 8
885 34 25 2927 10
885 12 25 119 10
885 68 25 1190 10
885 89 25 824 10
885 40 12 3592 8
885 61 12 2921 8
885 83 25 3290 10
885 69 12 1495 8
885 29 25 1045 10
885 87 25 3835 10
885 95 12 3198 8
885 9 12 3217 8
885 15 25 747 10
885 61 45 2244 12
885 85 12 2193 8
885 3 45 2158 12
885 92 12 565 8
885 23 25 1209 10
885 9 12 139 8
885 34 12 15 8
885 53 45 547 12
885 92 25 2393 10
885 91 25 220 10
885 42 25 3780 10
885 98 25 86 10
885 13 45 199 12
885 67 45 3794 12
886 22 12 1665 8
886 11 25 3769 10
886 50 12 123 8
886 16 45 3367 12
886 4 12 2420 8
886 39 25 3161 10
886 55 12 1082 8
886 32 25 831 10
886 63 45 1707 12
886 96 12 3438 8
886 96 12 1298 8
886 30 45 715 12
886 10 25 2032 10
886 44 25 1712 10
886 30 25 695 10
886 29 12 3282 8
886 85 12 940 8
886 58 12 245 8
886 29 25 3455 10
886 74 45 1783 12
886 8 45 3050 12
886 7 25 423 10
886 1 12 327 8
886 86 12 2163 8
886 73 25 2177 10
886 31 12 2426 8
886 26 45 1473 12
886 79 25 2927 10
886 22 25 3 10
886 80 12 3822 8
886 74 12 2426 8
886 1 45 527 12
886 91 12 1911 8
886 43 45 913 12
886 17 12 2982 8
886 4 25 1065 10
886 78 25 886 10
886 31 45 2652 12
886 79 12 11 8
886 94 12 1448 8
886 2 45 2012 12
886 0 45 407 12
886 97 12 279 8
886 76 25 1464 10
886 3 45 847 12
886 35 25 2998 10
886 54 25 202 10
886 28 45 968 12
886 82 25 2183 10
886 67 45 2611 12
886 16 12 3649 8
886 40 12 1152 8
886 14 25 1489 10
886 60 25 247 10
886 57 45 529 12
886 60 25 77 10
886 13 45 478 12
886 83 45 2474 12
886 18 12 994 8
887 83 45 1868 12
887 13 45 839 12
887 99 45 1868 12
887 99 45 3273 12
887 88 45 281 12
887 79 25 3389 10
887 57 25 731 10
887 15 25 630 10
887 3 25 334 10
887 22 25 2192 10
887 51 12 3917 8
887 92 12 2776 8
887 72 25 712 10
887 60 25 1718 10
887 68 45 1584 12
887 9 25 1744 10
887 95 12 3669 8
887 17 25 3374 10
887 62 25 2543 10
887 89 25 1145 10
887 98 12 2622 8
887 58 45 1996 12
887 64 45 1352 12
887 64 25 205 10
887 83 25 1921 10
887 84 25 1417 10
887 35 45 1745 12
887 42 45 2903 12
887 20 25 935 10
887 37 12 2776 8
887 79 45 1352 12
887 63 45 1352 12
887 26 12 2152 8
887 0 25 1561 10
887 52 25 334 10
888 52 25 2607 10
888 72 45 228 12
888 6 12 3145 8
888 85 12 670 8
888 28 12 922 8
888 62 25 386 10
888 10 12 1485 8
888 4 25 3733 10
888 48 45 1253 12
888 76 12 3727 8
888 7 12 1442 8
888 82 12 2152 8
888 98 25 2927 10
888 95 25 1163 10
888 96 12 1717 8
888 71 25 1254 10
888 35 25 860 10
888 41 45 132 12
888 35 25 755 10
888 20 25 3780 10
888 26 45 1636 12
888 64 12 1178 8
888 45 12 704 8
888 3 12 169 8
888 69 45 1333 12
888 7 25 1646 10
888 77 25 525 10
888 64 25 1761 10
888 43 25 1532 10
888 26 12 169 8
888 82 45 614 12
888 98 25 3843 10
888 59 12 1217 8
888 19 25 438 10
888 45 25 908 10
888 41 25 2725 10
888 96 12 3849 8
888 46 25 1000 10
889 25 12 279 8
889 90 12 1911 8
889 67 45 405 12
889 95 45 3749 12
889 50 12 1448 8
889 3 25 198 10
889 35 45 1608 12
889 35 25 950 10
889 22 25 672 10
889 12 45 1414 12
889 7 25 1027 10
889 30 25 1360 10
889 46 12 861 8
889 91 45 197 12
889 95 45 1353 12
889 83 12 1440 8
889 87 45 1302 12
889 98 25 132 10
889 78 25 1863 10
889 29 12 877 8
890 48 25 2625 10
890 30 25 3501 10
890 29 12 708 8
890 76 25 525 10
890 83 12 1223 8
890 61 45 3584 12
890 47 25 3910 10
890 78 12 169 8
890 46 25 1099 10
890 67 12 3412 8
890 82 12 3855 8
890 71 12 1705 8
890 74 45 1868 12
890 68 45 1628 12
890 33 12 1125 8
890 13 25 494 10
890 96 25 1836 10
890 17 12 2545 8
890 60 12 908 8
890 22 25 2942 10
890 19 12 3806 8
890 66 45 267 12
890 54 12 1863 8
890 55 45 913 12
890 82 12 1476 8
890 29 25 308 10
890 40 12 1476 8
890 34 25 477 10
890 1 25 1924 10
891 87 25 1108 10
891 61 25 3671 10
891 69 45 199 12
891 61 25 800 10
891 71 12 3343 8
891 69 25 1195 10
891 96 25 3501 10
891 90 25 1565 10
891 4 45 3355 12
891 49 25 356 10
891 58 12 2735 8
891 65 25 1571 10
891 22 12 3874 8
891 36 45 2769 12
891 10 12 955 8
891 22 25 596 10
891 74 45 1229 12
891 94 12 922 8
891 67 45 578 12
891 53 45 687 12
891 13 12 401 8
891 5 25 2269 10
891 19 45 1074 12
891 57 25 3505 10
891 4 25 652 10
891 40 25 1561 10
891 53 25 652 10
891 44 45 331 12
891 98 12 2580 8
891 36 12 2957 8
891 1 25 1405 10
891 73 12 2343 8
891 71 45 3765 12
891 61 45 3533 12
891 57 25 3554 10
892 1 45 1936 12
892 3 12 1150 8
892 94 25 633 10
892 26 45 2992 12
892 33 12 279 8
892 34 45 1630 12
892 30 12 704 8
892 7 45 2724 12
892 90 12 316 8
892 59 12 1619 8
892 3 25 2225 10
892 79 12 51 8
892 73 12 54 8
892 11 45 3518 12
892 62 12 908 8
892 65 25 402 10
892 28 45 1733 12
892 80 25 836 10
892 87 45 3582 12
892 28 25 3023 10
892 0 45 1803 12
892 80 12 1178 8
892 12 25 461 10
892 22 25 1870 10
892 68 12 2705 8
892 25 25 1578 10
892 28 25 3556 10
892 37 25 2536 10
892 4 45 1998 12
892 71 25 1956 10
892 15 45 1566 12
892 89 45 883 12
892 29 12 1720 8
892 36 25 2074 10
892 53 45 2515 12
892 90 25 3925 10
892 55 45 135 12
892 79 12 2432 8
892 95 45 1847 12
892 8 25 2117 10
892 48 45 1715 12
892 48 45 2879 12
892 71 25 2736 10
892 56 25 3925 10
892 66 25 3925 10
892 44 12 3936 8
892 22 25 2923 10
892 12 25 1880 10
892 82 45 3120 12
892 28 12 3225 8
892 5 45 370 12
892 28 12 430 8
892 96 12 3294 8
892 5 45 1273 12
892 94 45 293 12
892 42 45 3109 12
892 2 12 1211 8
892 18 25 493 10
892 2 45 1803 12
892 86 25 69 10
892 70 45 3824 12
893 36 25 975 10
893 58 25 3643 10
893 62 25 2054 10
893 92 25 737 10
893 0 25 1183 10
893 97 25 496 10
893 55 45 1703 12
893 18 45 486 12
893 8 12 1546 8
893 38 25 269 10
893 89 45 1703 12
893 21 25 475 10
893 92 45 1868 12
893 28 25 1126 10
893 9 45 1411 12
893 9 45 1130 12
893 17 12 651 8
893 7 12 2279 8
893 18 12 1593 8
893 59 45 976 12
893 53 25 3781 10
893 6 45 253 12
893 74 45 1714 12
893 87 25 1195 10
893 97 12 3374 8
893 97 45 935 12
893 4 12 758 8
893 13 25 3137 10
893 95 25 2992 10
893 0 12 1500 8
893 51 25 1970 10
893 22 12 777 8
893 32 25 2152 10
893 70 45 260 12
893 47 25 183 10
893 9 45 1758 12
893 28 45 1931 12
893 55 12 2892 8
893 27 45 527 12
893 84 12 499 8
893 16 25 1262 10
893 52 25 297 10
893 23 25 2762 10
893 55 25 2322 10
893 94 12 2480 8
893 70 25 570 10
893 93 45 3238 12
893 48 45 1988 12
893 81 45 3027 12
893 51 45 253 12
893 98 12 1734 8
893 48 25 3929 10
894 64 45 944 12
894 42 12 3136 8
894 10 25 2281 10
894 20 45 1173 12
894 92 45 1173 12
894 87 25 634 10
894 83 45 3145 12
894 74 12 683 8
894 17 45 1603 12
894 24 25 1521 10
894 83 25 677 10
894 16 25 1455 10
894 87 12 597 8
894 77 45 1328 12
894 20 45 7 12
894 99 25 842 10
894 80 12 1669 8
894 92 45 1366 12
894 68 25 842 10
894 82 45 1328 12
894 53 12 2831 8
894 66 12 476 8
894 22 45 1463 12
894 98 25 14 10
894 88 45 2330 12
894 2 45 1783 12
894 59 25 1845 10
894 69 25 1180 10
894 7 12 537 8
894 57 12 1150 8
894 44 25 736 10
894 70 45 1402 12
894 35 25 871 10
894 11 45 1427 12
894 32 25 406 10
894 43 45 1733 12
894 19 45 2780 12
894 63 45 3840 12
894 71 25 537 10
894 71 45 991 12
894 15 12 2791 8
894 73 25 1864 10
894 95 12 3182 8
894 34 45 661 12
894 3 12 1171 8
894 87 45 1075 12
894 36 25 2593 10
894 24 45 3145 12
894 5 45 1130 12
894 1 45 2065 12
894 11 12 2791 8
895 62 45 3196 12
895 77 25 426 10
895 57 25 32 10
895 78 45 2405 12
895 67 45 3445 12
895 8 25 556 10
895 17 45 1422 12
895 70 45 2411 12
895 97 25 87 10
895 8 12 100 8
895 79 25 140 10
895 98 25 1729 10
895 21 45 1427 12
895 97 12 115 8
895 58 25 1575 10
895 12 25 3621 10
895 1 12 1481 8
895 26 12 542 8
895 95 25 1180 10
895 56 45 1284 12
895 74 25 1501 10
895 81 12 922 8
895 8 25 1896 10
895 19 25 1313 10
895 39 12 3860 8
895 46 25 2308 10
895 31 12 3177 8
895 46 25 1126 10
895 26 25 3024 10
895 87 25 1370 10
895 85 45 3009 12
895 35 12 944 8
895 95 25 3088 10
895 22 12 925 8
895 0 25 446 10
895 6 25 1894 10
895 92 45 1780 12
895 22 25 3088 10
895 39 45 3101 12
895 38 12 2068 8
895 9 45 591 12
895 56 25 3264 10
896 80 45 79 12
896 49 45 369 12
896 26 12 401 8
896 35 25 2812 10
896 34 25 2668 10
896 59 45 3610 12
896 42 25 1308 10
896 99 25 3272 10
896 25 45 3595 12
896 13 45 3050 12
896 61 25 2820 10
896 32 25 390 10
896 45 25 2455 10
896 80 45 2062 12
896 56 12 781 8
896 7 25 3290 10
896 63 25 3798 10
896 32 25 883 10
896 96 45 913 12
896 59 25 826 10
896 69 12 1585 8
896 94 25 118 10
896 93 25 511 10
896 82 12 3686 8
896 29 25 1600 10
897 74 25 3829 10
897 52 45 973 12
897 57 12 3107 8
897 27 12 3164 8
897 19 45 2424 12
897 70 25 795 10
897 99 45 1940 12
897 21 25 1803 10
897 78 45 3027 12
897 4 12 229 8
897 59 12 2594 8
897 64 45 870 12
897 82 25 3016 10
897 99 45 484 12
897 62 45 3395 12
897 87 12 989 8
897 86 45 1608 12
897 41 25 2765 10
897 16 12 1590 8
897 90 12 967 8
897 3 25 1321 10
897 23 25 2902 10
898 57 25 1841 10
898 33 25 1237 10
898 61 45 1920 12
898 61 12 3072 8
898 41 45 1955 12
898 55 45 3432 12
898 78 45 3824 12
898 2 45 837 12
898 17 25 2902 10
898 61 12 2700 8
898 2 12 477 8
898 6 25 2996 10
898 90 12 3734 8
898 53 25 700 10
898 80 45 3567 12
898 71 25 2958 10
898 10 12 88 8
898 33 25 1475 10
898 54 25 1354 10
898 11 25 1275 10
898 6 25 328 10
898 42 25 3525 10
898 99 45 1885 12
898 68 25 1203 10
898 88 25 1496 10
898 20 12 699 8
898 30 12 3282 8
898 42 45 3145 12
898 39 12 855 8
898 95 12 1146 8
898 98 25 2363 10
898 77 45 2484 12
898 11 12 749 8
898 18 45 1680 12
898 69 25 1082 10
898 42 25 214 10
898 90 12 1225 8
898 46 12 154 8
898 88 25 1855 10
898 24 25 645 10
898 82 12 82 8
898 82 25 89 10
898 59 25 1018 10
898 96 25 1236 10
899 20 25 928 10
899 9 25 3292 10
899 36 12 2806 8
899 67 12 2500 8
899 15 12 3981 8
899 22 25 348 10
899 63 25 1529 10
899 26 12 897 8
899 3 45 1907 12
899 98 45 267 12
899 47 12 3744 8
899 67 25 3030 10
899 62 45 404 12
899 60 45 267 12
899 47 12 391 8
899 44 25 3506 10
899 54 12 2445 8
899 87 12 1596 8
899 82 25 888 10
899 17 25 1855 10
899 40 25 3704 10
899 73 45 433 12
899 72 12 1763 8
899 42 25 494 10
899 76 25 745 10
899 17 12 1530 8
899 37 45 1432 12
899 41 45 1773 12
899 53 25 2091 10
899 10 25 851 10
899 56 12 1693 8
899 52 25 1108 10
899 18 45 1714 12
899 67 12 1335 8
899 28 25 1117 10
899 56 12 3983 8
899 56 45 1294 12
899 4 45 1294 12
899 71 12 1342 8
899 71 25 3397 10
899 65 25 1510 10
899 36 25 680 10
899 37 25 1186 10
900 73 12 1291 8
900 45 12 3734 8
900 2 25 314 10
900 28 25 2147 10
900 74 25 3644 10
900 37 45 420 12
900 3 12 316 8
900 92 12 2561 8
900 67 25 3012 10
900 8 25 656 10
900 98 25 235 10
900 98 25 1703 10
900 10 45 1762 12
900 63 25 1165 10
900 16 25 3851 10
900 78 45 1796 12
900 29 25 2322 10
900 25 12 1709 8
900 29 45 1568 12
900 77 25 432 10
900 8 25 3572 10
900 25 25 3161 10
900 97 12 2957 8
900 38 45 2109 12
900 55 25 579 10
900 84 45 301 12
900 32 25 811 10
900 97 45 3567 12
900 10 45 1363 12
900 87 45 1060 12
900 82 45 1353 12
901 31 25 928 10
901 78 45 3145 12
901 38 45 431 12
901 42 45 399 12
901 14 25 3342 10
901 35 25 3536 10
901 25 45 1868 12
901 86 25 1026 10
901 56 12 1720 8
901 5 25 2723 10
901 9 25 3092 10
901 6 45 1427 12
901 65 25 1190 10
901 8 12 214 8
901 27 25 1799 10
901 26 25 2013 10
901 82 25 3290 10
901 48 45 2152 12
901 78 45 1920 12
901 10 45 359 12
901 68 25 746 10
901 36 25 2987 10
901 20 25 1108 10
901 39 25 1499 10
901 65 45 3764 12
901 85 12 100 8
901 18 25 2723 10
901 44 45 3461 12
901 23 25 2052 10
901 37 25 475 10
901 94 25 3831 10
901 58 45 715 12
901 47 45 855 12
901 99 45 715 12
901 21 45 1055 12
901 70 25 147 10
901 6 45 1248 12
901 50 25 1284 10
901 69 12 1246 8
901 96 12 1168 8
901 84 12 1252 8
901 27 45 3373 12
901 77 25 3514 10
902 17 45 2727 12
902 43 45 977 12
902 48 45 1363 12
902 31 25 2185 10
902 62 12 3576 8
902 6 12 1536 8
902 96 12 699 8
902 5 25 3677 10
902 97 25 2477 10
902 37 25 2869 10
902 51 25 1520 10
902 75 45 1050 12
902 25 25 1596 10
902 44 12 2384 8
902 87 12 3036 8
902 58 45 2073 12
902 16 12 54 8
902 62 25 240 10
902 12 25 189 10
902 78 12 1134 8
902 24 25 2736 10
902 91 45 2749 12
902 68 45 438 12
902 60 45 1715 12
902 5 12 3727 8
902 68 25 368 10
902 29 45 203 12
902 7 45 856 12
903 16 25 1836 10
903 20 25 1532 10
903 68 12 1588 8
903 45 12 1629 8
903 69 12 3733 8
903 58 45 1446 12
903 18 12 628 8
903 43 45 3014 12
903 23 12 2420 8
903 99 25 1086 10
903 45 25 974 10
903 87 45 1446 12
903 20 25 957 10
903 52 25 1086 10
903 82 25 1244 10
903 99 12 1594 8
903 44 25 1021 10
903 16 45 344 12
903 68 25 2436 10
903 87 12 880 8
903 53 25 1722 10
903 44 25 709 10
903 36 12 199 8
903 45 25 1418 10
903 82 25 211 10
903 82 25 488 10
903 29 25 1806 10
903 20 12 318 8
903 66 45 3840 12
904 79 12 1959 8
904 92 12 699 8
904 17 25 546 10
904 44 25 1579 10
904 11 45 124 12
904 58 25 1848 10
904 0 45 481 12
904 71 25 709 10
904 63 12 2597 8
904 95 25 1512 10
904 41 12 871 8
904 52 12 2399 8
904 30 45 1857 12
904 7 25 3717 10
904 44 25 27 10
904 78 12 2680 8
904 30 25 1561 10
904 11 25 1262 10
904 16 12 918 8
904 60 12 645 8
904 63 25 1520 10
904 89 45 1109 12
904 94 25 889 10
904 99 12 3747 8
904 81 25 872 10
904 89 45 913 12
905 99 12 3830 8
905 96 25 3501 10
905 96 25 2618 10
905 33 45 1785 12
905 62 12 2700 8
905 36 25 1713 10
905 43 45 1301 12
905 3 12 1125 8
905 4 45 840 12
905 26 12 727 8
905 13 25 3534 10
905 34 25 2079 10
905 56 12 275 8
905 10 25 1262 10
905 31 45 96 12
905 80 25 1307 10
905 83 25 2128 10
905 10 45 913 12
905 84 12 2340 8
905 88 25 1732 10
905 18 45 1387 12
905 31 12 3375 8
905 54 25 1732 10
905 0 45 243 12
905 8 25 3397 10
905 86 25 1903 10
905 25 45 1736 12
905 74 25 3319 10
905 63 25 3825 10
905 58 45 2606 12
905 8 12 2152 8
905 98 25 1263 10
905 87 12 649 8
905 18 25 618 10
905 97 45 1522 12
905 22 25 1959 10
905 57 12 3810 8
905 48 45 1199 12
905 3 25 445 10
905 36 25 436 10
905 86 25 3286 10
905 90 45 2930 12
905 74 45 602 12
905 50 45 484 12
905 68 45 1929 12
905 12 12 1490 8
905 32 45 1399 12
905 7 25 879 10
905 48 45 3336 12
905 51 25 928 10
906 34 25 1446 10
906 71 25 1816 10
906 7 45 1429 12
906 90 12 2896 8
906 96 12 406 8
906 70 12 881 8
906 89 12 865 8
906 25 25 1562 10
906 70 12 608 8
906 90 25 3738 10
906 39 45 318 12
906 61 45 2197 12
906 42 25 2519 10
906 79 12 772 8
906 70 25 423 10
906 25 25 2128 10
906 59 25 1208 10
906 70 45 2652 12
906 13 25 1177 10
906 43 25 1038 10
906 33 25 675 10
906 40 25 877 10
906 12 25 597 10
906 75 12 652 8
906 0 45 3847 12
906 42 12 1419 8
906 57 25 3502 10
906 85 12 1246 8
906 98 12 2261 8
906 64 25 826 10
906 49 25 1794 10
906 9 12 3449 8
906 4 25 102 10
906 80 25 2074 10
906 75 12 474 8
906 16 25 2927 10
906 24 25 1750 10
906 12 25 2945 10
906 72 12 161 8
906 85 12 3827 8
906 70 25 390 10
906 97 12 1079 8
906 18 25 460 10
906 31 12 1778 8
906 75 25 877 10
906 54 25 1612 10
906 41 25 1282 10
906 38 12 925 8
906 39 25 3738 10
906 62 25 2869 10
907 33 45 3554 12
907 2 45 687 12
907 12 12 2234 8
907 79 25 2601 10
907 42 12 385 8
907 8 45 3926 12
907 58 12 2181 8
907 70 25 3286 10
907 73 12 2561 8
907 3 25 1429 10
907 88 25 3738 10
907 25 45 687 12
907 57 25 617 10
907 49 25 641 10
907 56 45 1129 12
907 13 25 1930 10
907 66 45 2699 12
907 84 45 621 12
907 54 25 3738 10
907 36 45 3961 12
907 70 12 3663 8
907 54 25 1673 10
907 25 12 171 8
907 26 45 1781 12
907 63 45 527 12
907 36 12 3677 8
907 5 45 477 12
907 69 25 1281 10
907 64 12 2797 8
907 98 25 1042 10
907 70 45 906 12
907 95 25 2908 10
907 6 25 1532 10
907 65 25 1532 10
907 78 25 3999 10
907 11 25 789 10
907 8 25 2266 10
907 45 25 1912 10
907 18 25 891 10
907 71 45 1327 12
908 17 25 1825 10
908 75 45 3285 12
908 19 45 536 12
908 59 45 144 12
908 15 25 1862 10
908 30 25 3623 10
908 79 45 3865 12
908 67 25 147 10
908 35 12 1961 8
908 42 25 2397 10
908 19 25 845 10
908 54 25 1513 10
908 78 25 3632 10
908 71 25 640 10
908 59 25 1496 10
908 73 25 147 10
908 24 45 3727 12
908 8 25 1745 10
908 77 25 3731 10
908 47 25 2820 10
908 4 45 1715 12
908 43 45 3524 12
908 73 12 80 8
908 43 25 1969 10
908 78 25 3030 10
908 88 25 2823 10
908 27 25 2607 10
909 28 45 1654 12
909 62 12 2545 8
909 87 12 3748 8
909 14 25 571 10
909 78 25 1732 10
909 43 12 540 8
909 44 45 991 12
909 13 25 2269 10
909 99 45 2186 12
909 95 45 1506 12
909 13 25 1872 10
909 59 25 511 10
909 22 25 1643 10
909 1 45 1986 12
909 81 25 2043 10
909 8 12 1525 8
909 22 12 429 8
909 1 25 1706 10
909 35 25 2464 10
909 72 12 1004 8
909 27 45 3000 12
909 55 12 2172 8
909 14 25 2757 10
909 99 12 749 8
909 40 12 2059 8
909 65 12 2574 8
909 69 25 2757 10
909 0 12 1419 8
909 47 25 1705 10
909 9 25 3439 10
909 3 45 1209 12
909 40 12 444 8
909 54 45 3550 12
909 9 25 623 10
909 15 25 2757 10
909 99 45 204 12
909 29 12 1035 8
910 49 12 3839 8
910 56 25 2191 10
910 70 25 1455 10
910 29 25 642 10
910 13 12 1356 8
910 13 12 604 8
910 89 45 1931 12
910 42 25 482 10
910 26 12 1814 8
910 93 45 3840 12
910 37 25 673 10
910 25 25 136 10
910 74 45 477 12
910 44 25 86 10
910 44 25 1501 10
910 35 45 1733 12
910 76 45 2592 12
910 85 25 2408 10
910 77 25 904 10
910 33 25 3245 10
910 89 12 1646 8
910 25 12 2707 8
910 83 12 652 8
910 22 45 2450 12
910 78 12 3576 8
910 10 12 1167 8
910 73 25 2115 10
910 6 12 682 8
910 63 12 1440 8
910 32 25 1713 10
910 80 45 1806 12
910 13 45 1398 12
911 81 45 240 12
911 92 45 1112 12
911 48 12 2710 8
911 8 25 1108 10
911 13 12 291 8
911 14 45 3169 12
911 25 12 1665 8
911 99 45 2742 12
911 13 45 155 12
911 7 45 1652 12
911 51 25 1810 10
911 31 45 3657 12
911 77 45 3160 12
911 58 12 2472 8
911 87 45 1646 12
911 30 25 565 10
911 69 25 1794 10
911 96 25 1831 10
911 61 25 68 10
911 68 12 477 8
911 69 25 328 10
911 7 45 346 12
911 88 25 3441 10
911 87 25 2069 10
911 82 25 492 10
911 83 12 1572 8
911 54 12 3822 8
911 26 25 1106 10
911 95 45 1803 12
911 64 25 1955 10
911 53 12 2172 8
911 58 45 1100 12
911 81 45 2949 12
911 50 25 2232 10
911 89 45 1515 12
911 38 25 2321 10
911 52 12 526 8
911 68 12 1764 8
911 97 12 797 8
911 17 25 1730 10
912 91 45 2879 12
912 75 45 1907 12
912 53 25 1604 10
912 93 12 2640 8
912 64 25 2977 10
912 8 45 1586 12
912 56 45 825 12
912 39 45 362 12
912 62 25 2108 10
912 86 12 1527 8
912 27 45 2288 12
912 23 25 1806 10
912 87 25 3085 10
912 78 45 2688 12
912 46 25 932 10
912 21 12 1812 8
912 51 25 1163 10
912 30 25 1614 10
912 33 12 1614 8
912 58 12 3692 8
912 52 45 2688 12
912 82 45 2688 12
912 56 12 1554 8
912 48 45 2073 12
912 41 45 2688 12
912 48 25 95 10
912 26 45 292 12
912 46 12 3539 8
912 26 45 596 12
912 33 45 388 12
912 72 12 3830 8
912 89 45 3662 12
912 26 45 3367 12
912 4 12 994 8
912 10 25 1236 10
912 32 12 2459 8
912 35 12 1083 8
912 43 45 510 12
912 60 12 198 8
912 96 12 2640 8
912 26 12 363 8
912 9 25 465 10
912 26 45 741 12
912 22 45 2730 12
912 36 25 611 10
912 62 25 1817 10
912 98 25 1840 10
912 87 45 1366 12
912 80 25 1110 10
912 80 45 3112 12
912 59 25 2162 10
912 5 12 703 8
912 3 12 1298 8
912 8 12 384 8
912 20 12 2270 8
912 47 25 1794 10
912 5 25 2536 10
912 8 45 1269 12
912 0 25 2562 10
912 63 12 1298 8
912 64 12 1130 8
912 43 45 1328 12
912 14 12 791 8
913 3 25 1650 10
913 64 25 2115 10
913 20 25 1947 10
913 43 25 2882 10
913 21 45 600 12
913 82 25 993 10
913 53 45 1773 12
913 88 45 1276 12
913 96 12 473 8
913 42 45 1877 12
913 64 25 1009 10
913 64 45 3753 12
913 2 45 1534 12
913 95 45 1402 12
913 28 45 799 12
913 10 45 2063 12
913 1 25 1718 10
913 79 45 1333 12
913 83 12 350 8
913 7 12 1284 8
913 70 12 1770 8
913 39 12 2496 8
913 66 25 1474 10
913 82 25 845 10
913 95 12 776 8
913 24 25 2559 10
913 79 45 837 12
913 97 12 415 8
913 55 12 1705 8
913 27 25 3995 10
913 83 12 959 8
913 17 12 1614 8
913 58 12 3713 8
913 44 25 1390 10
913 48 12 2345 8
913 8 25 3024 10
913 37 25 635 10
913 65 25 571 10
913 70 25 860 10
913 5 25 2183 10
913 36 45 1655 12
913 7 25 3999 10
913 54 45 3442 12
913 3 12 2974 8
913 61 25 928 10
913 55 25 3636 10
913 77 45 166 12
913 29 45 7 12
913 39 25 1510 10
913 74 25 1919 10
913 14 25 1510 10
913 79 25 130 10
913 59 12 2921 8
914 79 12 3198 8
914 75 12 1893 8
914 33 25 3620 10
914 53 45 1023 12
914 77 25 1757 10
914 84 25 3301 10
914 73 45 708 12
914 76 45 1796 12
914 72 25 140 10
914 95 25 634 10
914 55 25 2070 10
914 19 45 486 12
914 95 45 3285 12
914 98 25 2559 10
914 39 45 1256 12
914 44 12 1599 8
914 60 25 1068 10
914 37 25 2415 10
914 58 12 2388 8
914 54 25 951 10
914 44 25 845 10
914 91 45 1564 12
914 13 25 732 10
914 95 45 3344 12
914 42 25 4 10
914 39 12 1828 8
914 17 45 2487 12
914 90 12 1335 8
914 19 25 279 10
914 45 25 3738 10
914 36 25 511 10
914 50 45 1986 12
914 73 25 2455 10
915 41 45 2780 12
915 29 45 3973 12
915 30 25 970 10
915 28 25 1831 10
916 9 45 1745 12
916 25 45 163 12
916 34 45 2221 12
916 59 25 3319 10
916 43 12 1718 8
916 95 25 908 10
916 23 25 2777 10
916 95 25 3819 10
916 85 25 3227 10
916 35 25 1263 10
916 23 25 2536 10
916 92 45 1806 12
916 49 25 3296 10
916 16 12 118 8
916 96 25 1973 10
916 82 45 1353 12
916 11 25 957 10
916 14 25 1424 10
916 28 12 3295 8
916 86 25 1862 10
916 77 25 3290 10
916 6 45 327 12
916 93 25 1431 10
917 83 45 1490 12
917 4 25 2286 10
917 52 45 949 12
917 41 12 925 8
917 3 12 1784 8
917 68 12 1718 8
917 92 12 3464 8
917 95 25 1767 10
917 33 12 1913 8
917 48 45 3071 12
917 6 25 1177 10
917 9 25 1707 10
917 18 45 267 12
917 25 25 556 10
917 95 12 1180 8
917 46 25 383 10
917 93 45 1390 12
917 30 25 589 10
917 25 12 1932 8
917 20 25 1032 10
917 84 12 1589 8
917 80 12 1013 8
917 92 45 66 12
917 23 12 1116 8
917 40 25 3851 10
917 98 45 984 12
917 76 45 1100 12
918 83 25 2272 10
918 70 25 2518 10
918 5 45 3605 12
918 28 25 1171 10
918 60 12 1990 8
918 43 25 2090 10
918 38 25 1542 10
918 54 45 1971 12
918 43 12 1083 8
918 5 25 2731 10
918 93 12 2803 8
918 90 25 1345 10
918 89 12 286 8
918 61 12 1294 8
918 73 45 1745 12
918 32 12 3322 8
918 76 45 2759 12
918 27 25 3952 10
918 5 25 2034 10
918 66 45 2383 12
918 54 25 2115 10
918 13 12 2710 8
918 46 45 1490 12
918 22 45 3637 12
918 20 25 1324 10
918 31 25 1354 10
918 86 25 3658 10
918 79 25 942 10
918 99 25 2247 10
918 72 12 1596 8
918 62 25 2683 10
918 63 45 1515 12
918 89 25 2629 10
918 85 25 2629 10
918 48 25 3735 10
918 43 25 19 10
918 51 12 3987 8
918 18 25 684 10
918 96 25 1027 10
918 2 25 1313 10
918 89 45 949 12
918 72 45 7 12
918 85 45 648 12
918 4 25 2437 10
919 46 25 3386 10
919 99 25 3385 10
919 60 25 3819 10
919 3 25 324 10
919 92 12 3804 8
919 57 45 716 12
919 43 45 687 12
919 2 25 2617 10
919 13 25 455 10
919 23 12 1571 8
919 24 25 1359 10
919 5 45 716 12
919 97 25 1864 10
919 8 25 3704 10
919 43 45 1759 12
919 0 12 396 8
919 98 12 396 8
919 83 25 1464 10
919 81 45 1508 12
919 35 25 1373 10
919 76 45 3011 12
919 89 25 1653 10
919 89 45 1523 12
919 17 12 396 8
919 74 25 368 10
919 6 45 807 12
919 39 25 336 10
919 57 12 1875 8
919 21 25 1019 10
919 78 45 3054 12
919 1 45 1873 12
919 38 45 85 12
919 9 45 1313 12
919 16 12 1665 8
919 9 25 1319 10
919 33 45 1454 12
919 2 45 807 12
919 42 25 2931 10
919 55 12 3485 8
919 49 25 1771 10
919 88 12 3602 8
919 48 25 939 10
919 99 25 16 10
919 37 25 741 10
919 15 45 1628 12
919 97 12 1024 8
919 68 12 3265 8
919 67 45 3840 12
919 46 12 3343 8
919 37 25 1939 10
919 57 25 3819 10
919 54 25 1489 10
919 84 45 3843 12
919 8 25 1193 10
919 9 25 2131 10
919 6 25 1575 10
919 49 45 1454 12
919 76 12 2106 8
919 2 25 447 10
919 32 45 1360 12
919 87 25 1489 10
919 45 45 2180 12
919 82 12 1356 8
919 98 12 1960 8
919 32 12 357 8
920 0 12 347 8
920 10 45 1213 12
920 40 45 649 12
920 73 12 1291 8
920 32 12 1945 8
920 8 12 990 8
920 54 25 1347 10
920 9 25 228 10
920 82 25 574 10
920 68 25 1171 10
920 21 12 1481 8
920 52 25 1321 10
920 79 12 1294 8
920 67 25 1156 10
920 73 25 3525 10
920 62 25 1663 10
920 46 45 318 12
920 55 25 1988 10
920 99 12 24 8
920 68 45 235 12
920 29 12 347 8
920 17 25 1163 10
920 84 25 168 10
920 98 45 997 12
920 81 25 43 10
920 48 45 1229 12
920 49 25 1882 10
920 16 45 2890 12
920 75 45 869 12
920 27 45 2999 12
920 99 45 3360 12
920 75 12 93 8
920 51 25 1297 10
920 47 45 310 12
920 4 12 2270 8
920 88 45 295 12
920 29 25 2160 10
920 84 45 2524 12
920 96 12 3204 8
920 10 12 405 8
920 98 12 897 8
920 9 12 3198 8
920 36 45 1780 12
920 7 12 24 8
920 67 45 1322 12
920 7 45 2800 12
921 82 25 705 10
921 61 45 726 12
921 6 45 2879 12
921 27 45 515 12
921 64 45 1379 12
921 67 12 2259 8
921 12 25 981 10
921 39 25 2702 10
921 61 12 2874 8
921 21 25 1464 10
921 15 25 2101 10
921 23 45 2866 12
921 19 25 374 10
921 79 45 840 12
921 93 45 855 12
921 19 25 741 10
921 48 45 3764 12
921 69 45 29 12
921 5 12 2959 8
921 48 25 2766 10
921 89 12 1335 8
921 59 12 2664 8
921 26 25 2205 10
921 21 12 532 8
921 85 12 3504 8
921 0 25 1688 10
921 81 25 2643 10
921 67 25 3451 10
921 37 25 1362 10
921 33 25 1518 10
921 50 12 758 8
921 79 45 3285 12
921 30 12 930 8
921 3 25 2434 10
921 86 45 2391 12
921 14 12 1335 8
921 15 25 684 10
921 28 45 1477 12
921 40 25 1814 10
921 70 12 2957 8
921 50 12 2256 8
921 74 25 3925 10
921 19 12 1589 8
921 84 25 593 10
922 34 25 1204 10
922 64 12 1477 8
922 0 25 780 10
922 22 25 1921 10
922 37 25 468 10
922 13 25 2658 10
922 50 25 855 10
922 86 25 3312 10
922 4 12 2561 8
922 98 25 2082 10
922 88 45 2619 12
922 27 25 1444 10
922 37 45 1512 12
922 16 25 718 10
922 40 25 231 10
922 5 25 2717 10
922 56 25 3819 10
922 26 45 3998 12
922 0 45 212 12
922 88 12 1356 8
922 78 25 494 10
922 29 45 1769 12
922 88 25 469 10
922 95 25 3206 10
922 42 12 3343 8
922 76 25 1710 10
922 86 45 2265 12
922 90 25 479 10
922 52 25 1998 10
922 66 25 2861 10
922 78 25 458 10
923 32 12 3948 8
923 21 45 1399 12
923 96 25 759 10
923 85 12 1614 8
923 92 12 1703 8
923 56 25 2302 10
923 69 45 156 12
923 32 25 3501 10
923 47 45 1712 12
923 81 12 2945 8
923 92 25 3537 10
923 11 45 227 12
923 58 12 24 8
923 73 25 2610 10
923 72 25 3012 10
923 35 25 1368 10
923 5 12 3441 8
923 71 25 356 10
923 64 12 3345 8
923 35 25 16 10
923 87 25 1026 10
923 8 45 611 12
923 8 12 3918 8
924 36 45 1970 12
924 72 25 3872 10
924 98 12 476 8
924 17 12 1585 8
924 75 12 1013 8
924 44 12 1383 8
924 21 45 3966 12
924 19 12 83 8
924 61 45 1422 12
924 91 12 32 8
924 65 12 2635 8
924 81 25 1604 10
924 48 45 1802 12
924 7 25 2536 10
924 64 25 1589 10
924 88 12 2795 8
924 70 25 1202 10
924 74 12 1013 8
924 83 25 3973 10
924 66 25 1448 10
924 73 12 2278 8
924 48 25 590 10
924 34 45 2474 12
924 24 25 297 10
925 92 45 3014 12
925 5 25 3085 10
925 72 12 1646 8
925 72 45 1783 12
925 31 25 598 10
925 73 45 3936 12
925 90 45 1130 12
925 79 25 3273 10
925 31 12 189 8
925 78 12 3375 8
925 64 12 1849 8
925 51 25 3085 10
925 42 45 590 12
925 42 25 691 10
925 92 12 1168 8
925 57 25 2290 10
925 74 25 340 10
925 44 45 1344 12
925 36 45 1340 12
925 56 12 3438 8
925 66 25 3536 10
925 20 45 1639 12
925 52 25 897 10
925 46 25 651 10
925 48 25 19 10
925 56 12 1253 8
926 80 45 392 12
926 73 12 827 8
926 12 25 2295 10
926 47 12 1385 8
926 16 25 2675 10
926 91 12 176 8
926 95 12 242 8
926 36 25 1404 10
926 48 25 1712 10
926 72 45 1593 12
926 1 45 1716 12
926 25 25 506 10
926 20 45 2157 12
926 61 45 2188 12
926 77 12 2059 8
926 96 25 850 10
926 84 25 1183 10
926 25 45 189 12
926 35 25 14 10
926 92 12 1101 8
926 33 25 1511 10
926 72 45 1490 12
926 32 12 276 8
926 12 25 3319 10
926 41 25 803 10
926 53 45 2121 12
926 74 12 2085 8
926 35 12 424 8
926 31 12 3958 8
926 90 25 1407 10
926 7 12 1124 8
926 65 25 3161 10
926 51 12 2700 8
926 27 45 542 12
926 44 45 2365 12
926 28 25 3536 10
926 75 25 848 10
927 72 25 52 10
927 84 45 1898 12
927 64 25 1803 10
927 33 12 486 8
927 34 25 3350 10
927 56 25 120 10
927 71 25 676 10
927 58 12 2776 8
927 7 12 2710 8
927 49 25 637 10
927 69 25 1615 10
927 91 25 1704 10
927 59 12 2710 8
927 52 45 1287 12
927 14 12 173 8
927 14 45 2561 12
927 65 12 3299 8
927 87 45 2795 12
927 17 45 84 12
927 48 45 2633 12
927 48 25 293 10
927 42 25 3501 10
927 91 12 1416 8
927 53 25 709 10
927 0 45 1857 12
927 64 45 1159 12
927 37 45 3760 12
927 75 25 950 10
927 70 12 1416 8
927 4 45 1650 12
927 39 12 2966 8
927 4 25 70 10
927 27 25 2503 10
927 96 12 771 8
927 33 25 817 10
927 46 45 376 12
927 35 12 1391 8
927 68 25 1415 10
928 5 25 1878 10
928 26 45 1811 12
928 25 45 3318 12
928 7 25 1085 10
928 7 25 2718 10
928 23 45 1357 12
928 7 25 1709 10
928 58 12 2603 8
928 69 45 486 12
928 66 25 1898 10
928 61 45 729 12
928 47 45 1682 12
928 28 25 647 10
928 16 45 3242 12
928 37 45 3177 12
928 93 25 2385 10
928 75 12 1967 8
928 91 12 924 8
928 94 25 1775 10
928 4 45 3905 12
928 50 25 1623 10
928 3 45 1986 12
928 18 25 3645 10
928 70 25 1054 10
928 32 45 2819 12
928 30 45 2682 12
929 36 12 203 8
929 35 25 355 10
929 63 25 635 10
929 0 45 3172 12
929 18 25 658 10
929 22 12 1375 8
929 9 12 74 8
929 17 12 341 8
929 66 25 2559 10
929 47 12 0 8
929 70 25 285 10
929 29 45 596 12
929 71 12 990 8
929 89 45 1198 12
929 86 25 2854 10
929 38 12 3225 8
929 21 45 24 12
929 21 45 136 12
929 25 25 3546 10
929 55 25 2670 10
929 90 25 1540 10
929 46 12 3355 8
929 74 25 3188 10
929 83 45 590 12
929 50 12 509 8
929 41 25 589 10
929 13 12 1656 8
929 90 25 34 10
929 13 25 1102 10
929 93 12 1755 8
929 53 12 1416 8
929 8 12 82 8
929 2 12 3664 8
929 32 45 3344 12
929 70 25 3113 10
929 73 25 590 10
929 65 45 3161 12
929 15 12 3399 8
929 51 12 1095 8
929 62 12 2851 8
929 51 12 3483 8
929 47 45 1830 12
929 74 25 798 10
929 66 45 570 12
929 66 45 1112 12
929 85 25 1922 10
929 69 12 571 8
929 64 12 2202 8
929 51 45 1406 12
929 47 45 2810 12
929 61 25 1347 10
929 0 25 1806 10
929 51 12 411 8
929 46 25 595 10
929 54 25 32 10
929 36 45 484 12
929 58 25 854 10
929 13 25 3677 10
929 95 45 229 12
929 93 45 936 12
929 62 12 1408 8
929 16 25 1848 10
930 84 45 2853 12
930 45 45 310 12
930 80 25 1471 10
930 87 25 2784 10
930 62 25 188 10
930 64 25 3585 10
930 32 12 3164 8
930 80 45 1417 12
930 76 45 802 12
930 59 12 875 8
930 24 12 449 8
930 91 25 1438 10
930 90 12 1720 8
930 66 25 209 10
930 85 45 553 12
930 61 12 3178 8
930 86 12 1186 8
930 22 45 2255 12
930 67 12 1454 8
930 51 25 3609 10
930 31 45 668 12
930 60 45 1357 12
930 63 25 2812 10
930 70 45 389 12
930 57 12 3029 8
930 12 25 2132 10
930 70 45 2677 12
930 12 25 64 10
930 81 45 692 12
930 19 25 3206 10
930 9 25 241 10
930 30 45 2745 12
930 52 12 2990 8
930 18 45 100 12
930 88 12 1804 8
930 42 25 32 10
930 92 12 2152 8
931 11 25 1718 10
931 11 45 1054 12
931 30 25 2132 10
931 57 12 1336 8
931 30 12 2256 8
931 0 12 269 8
931 22 25 922 10
931 14 45 3059 12
931 45 12 331 8
931 91 12 711 8
931 8 25 211 10
931 73 45 3464 12
931 45 12 1619 8
931 3 25 1530 10
931 56 25 3306 10
931 75 45 63 12
931 55 25 447 10
931 72 45 2729 12
931 51 25 2123 10
931 67 25 1300 10
931 44 12 502 8
931 85 25 1650 10
931 75 25 1105 10
931 24 45 2157 12
931 70 25 1604 10
931 99 12 777 8
931 91 25 2377 10
931 6 12 901 8
931 69 25 3451 10
931 27 45 310 12
931 99 12 901 8
931 42 25 3306 10
931 41 45 626 12
931 71 12 1794 8
931 27 25 2256 10
931 89 45 608 12
931 88 12 1589 8
931 91 25 3224 10
931 47 45 1655 12
932 54 25 2716 10
932 39 45 1495 12
932 55 12 3874 8
932 26 25 645 10
932 46 45 3524 12
932 84 25 1673 10
932 78 45 156 12
932 94 12 1077 8
932 6 12 2603 8
932 40 12 27 8
932 10 25 788 10
932 20 45 1109 12
932 97 12 192 8
932 55 25 535 10
932 25 45 738 12
932 49 12 1253 8
932 97 25 1490 10
932 58 12 1080 8
932 83 12 800 8
932 62 12 3009 8
932 3 25 1673 10
932 7 12 343 8
932 27 12 629 8
932 81 25 2054 10
932 58 12 214 8
932 66 25 2306 10
932 12 45 72 12
932 85 25 3022 10
932 11 45 1596 12
933 52 25 716 10
933 88 25 2862 10
933 5 45 588 12
933 48 25 3084 10
933 23 25 1614 10
933 96 12 645 8
933 36 12 3219 8
933 21 12 1223 8
933 71 25 1450 10
933 83 45 1758 12
933 10 25 1429 10
933 97 45 2592 12
933 91 12 3792 8
933 93 25 2862 10
933 66 12 2172 8
933 24 25 3540 10
933 28 25 203 10
933 59 25 2682 10
933 31 45 667 12
933 20 25 1897 10
933 91 45 3911 12
933 52 12 3060 8
933 16 45 3411 12
933 52 25 2032 10
933 12 45 2534 12
933 32 45 3338 12
933 76 45 3175 12
933 1 45 1149 12
933 79 12 430 8
933 71 25 2897 10
933 83 25 3603 10
933 83 25 90 10
933 68 25 1438 10
933 59 25 3831 10
933 33 12 1481 8
933 99 45 3278 12
933 4 25 1753 10
933 59 45 1008 12
933 41 25 691 10
933 1 25 1418 10
933 90 45 1603 12
933 44 25 2272 10
933 37 12 3970 8
933 73 12 2091 8
933 86 45 1885 12
933 32 25 932 10
933 57 12 198 8
933 84 25 3012 10
933 80 45 373 12
933 23 25 1687 10
933 87 25 3501 10
933 93 25 3012 10
933 40 12 2091 8
934 14 12 203 8
934 54 45 1581 12
934 6 45 1429 12
934 32 25 2804 10
934 29 25 539 10
934 66 25 282 10
934 96 12 1343 8
934 34 45 1662 12
934 8 25 1940 10
934 31 25 3604 10
934 21 45 233 12
934 73 12 80 8
934 37 12 1447 8
934 0 25 2377 10
934 27 12 476 8
934 93 45 1658 12
934 5 45 671 12
934 43 45 1714 12
934 22 25 3940 10
934 27 45 572 12
934 95 45 2060 12
934 97 25 1143 10
934 61 25 789 10
934 22 45 2161 12
934 40 12 82 8
934 29 25 3296 10
934 73 45 2260 12
934 1 25 77 10
934 66 25 3604 10
934 14 12 744 8
934 67 25 668 10
934 65 45 2886 12
934 54 45 1118 12
934 25 25 253 10
934 47 12 3714 8
934 65 45 1199 12
934 31 45 3504 12
934 77 25 1862 10
934 32 25 1862 10
934 43 45 1441 12
934 29 25 856 10
934 95 25 1409 10
934 74 45 168 12
934 7 45 1714 12
934 62 12 1623 8
934 96 12 1951 8
934 96 25 1275 10
934 61 25 2957 10
934 86 25 357 10
934 4 45 715 12
934 86 12 309 8
934 1 12 220 8
934 17 25 2467 10
934 19 45 624 12
934 36 45 2923 12
934 41 25 1993 10
934 84 12 1490 8
934 13 45 2600 12
934 14 45 2932 12
935 83 25 1509 10
935 89 12 796 8
935 61 45 2079 12
935 19 45 1981 12
935 88 45 2672 12
935 92 25 279 10
935 36 45 2952 12
935 35 12 2020 8
935 37 45 135 12
935 36 25 2625 10
935 35 12 2817 8
935 74 25 1378 10
935 38 45 1370 12
935 64 45 1075 12
935 22 25 1163 10
935 92 25 2152 10
935 24 45 599 12
935 14 12 3515 8
935 24 45 2154 12
935 73 45 194 12
935 17 12 1616 8
935 34 25 1689 10
935 51 12 71 8
935 93 25 809 10
935 24 25 486 10
935 16 25 1880 10
935 69 12 1702 8
935 28 25 1880 10
935 92 25 1239 10
935 28 25 1160 10
935 77 25 2714 10
935 42 25 1090 10
935 89 45 429 12
935 86 25 64 10
935 52 12 1101 8
935 58 45 3145 12
935 34 45 3840 12
935 80 12 2118 8
935 35 45 1486 12
935 96 45 1005 12
935 99 45 1120 12
935 29 25 1195 10
935 77 45 2529 12
935 3 12 1854 8
935 14 45 385 12
935 38 12 1252 8
935 73 45 3353 12
935 5 45 1363 12
935 20 12 1481 8
935 98 45 2498 12
935 89 25 2852 10
935 40 12 1708 8
935 97 25 1069 10
936 50 25 3922 10
936 62 45 497 12
936 84 45 1783 12
936 43 25 527 10
936 43 12 667 8
936 63 25 610 10
936 35 45 283 12
936 35 25 733 10
936 12 25 1167 10
936 38 12 3718 8
936 81 12 3816 8
936 59 25 3549 10
936 57 45 242 12
936 65 45 968 12
936 17 12 1994 8
936 27 25 1646 10
936 68 25 2778 10
936 88 12 2957 8
936 22 12 1414 8
936 66 25 3107 10
936 34 25 3157 10
936 52 45 393 12
936 21 12 1186 8
936 65 25 1360 10
936 84 25 390 10
936 29 25 64 10
936 41 25 699 10
936 7 25 1373 10
936 23 45 3395 12
936 99 45 515 12
936 99 45 3336 12
936 70 12 2706 8
936 68 45 439 12
936 32 25 2712 10
936 14 45 292 12
936 55 45 870 12
936 37 45 1564 12
936 79 25 1937 10
936 4 25 239 10
936 6 25 2756 10
936 87 25 3334 10
936 30 25 2221 10
936 18 45 2765 12
936 52 45 1678 12
936 30 25 297 10
936 81 25 409 10
936 21 25 1660 10
936 55 25 626 10
936 66 25 1496 10
936 97 45 1613 12
936 3 25 1803 10
936 5 25 144 10
936 36 25 2470 10
936 15 12 2815 8
936 23 25 1000 10
936 62 12 3346 8
937 61 45 1495 12
937 99 25 1507 10
937 42 45 324 12
937 65 12 1414 8
937 87 25 3137 10
937 33 45 508 12
937 25 45 55 12
937 33 12 1413 8
937 19 45 2600 12
937 65 25 1998 10
937 36 25 453 10
937 17 12 2091 8
937 77 45 3815 12
937 41 45 2832 12
937 76 12 1490 8
937 61 12 3132 8
937 59 25 1476 10
937 14 12 1006 8
937 8 12 377 8
937 33 25 956 10
937 82 25 144 10
937 70 45 818 12
937 56 25 1069 10
937 71 25 1110 10
937 10 25 1217 10
937 9 45 2152 12
937 63 12 345 8
937 60 25 2649 10
937 49 25 478 10
937 85 12 3677 8
937 80 25 338 10
937 74 12 220 8
937 82 25 182 10
937 30 45 1199 12
937 30 25 3145 10
937 36 25 3544 10
937 84 12 1252 8
937 78 45 2600 12
937 58 12 814 8
937 51 12 385 8
937 64 25 1563 10
938 73 25 1636 10
938 88 12 2690 8
938 65 25 2027 10
938 29 45 3699 12
938 46 12 304 8
938 11 12 3111 8
938 11 25 1929 10
938 62 45 3881 12
938 75 12 1253 8
938 98 12 2476 8
938 71 12 587 8
938 95 25 3514 10
938 14 12 3244 8
938 36 25 2199 10
938 88 45 2373 12
938 80 25 3513 10
938 8 45 63 12
938 36 45 3485 12
938 67 25 1627 10
938 63 25 748 10
938 38 25 1308 10
938 99 25 1792 10
938 18 25 225 10
938 34 25 2434 10
938 45 25 1673 10
938 75 12 155 8
938 92 45 1502 12
938 5 25 3775 10
938 0 25 1718 10
938 45 25 3016 10
938 93 45 3023 12
938 76 25 588 10
938 96 25 1969 10
938 29 45 3739 12
938 57 45 2107 12
938 29 45 353 12
939 67 25 888 10
939 17 25 1275 10
939 94 25 1679 10
939 41 25 3655 10
939 14 25 1849 10
939 18 25 1771 10
939 83 12 1328 8
939 75 12 2990 8
939 36 25 79 10
939 91 25 1520 10
939 40 25 506 10
939 74 25 534 10
939 34 45 1717 12
939 32 45 1358 12
939 54 12 1485 8
939 67 45 3426 12
939 35 12 1691 8
939 97 45 1589 12
939 2 45 365 12
939 17 25 231 10
939 87 45 1998 12
939 85 25 3085 10
939 81 25 3824 10
939 66 25 1844 10
939 0 25 2996 10
939 54 25 1462 10
939 79 45 3578 12
939 17 45 92 12
939 6 45 1346 12
939 50 12 2990 8
939 45 25 1732 10
939 38 12 3093 8
939 75 25 1904 10
939 41 25 1391 10
939 30 45 774 12
939 72 45 1972 12
939 19 25 511 10
939 94 45 1859 12
939 42 25 3549 10
939 88 25 630 10
939 51 12 40 8
939 72 45 1492 12
939 99 25 650 10
939 6 45 3411 12
939 92 12 1826 8
939 93 12 2989 8
939 0 25 1111 10
939 49 12 31 8
939 36 12 1467 8
940 42 45 956 12
940 25 12 1420 8
940 52 12 2172 8
940 70 45 1760 12
940 68 25 3501 10
940 79 12 1646 8
940 60 45 3621 12
940 87 12 1420 8
940 86 25 20 10
940 27 45 2551 12
940 65 45 2500 12
940 93 45 553 12
940 87 25 981 10
940 32 25 811 10
940 85 45 1211 12
940 58 12 3452 8
940 29 45 1914 12
940 93 25 3487 10
940 32 45 3336 12
940 83 45 553 12
940 83 25 109 10
940 73 25 1428 10
940 33 12 202 8
940 5 25 715 10
940 81 12 1420 8
940 71 25 1160 10
940 76 45 1959 12
940 64 25 3518 10
940 52 25 144 10
940 26 25 581 10
940 64 25 527 10
940 71 12 3827 8
940 87 45 553 12
940 69 25 2649 10
940 38 12 616 8
940 25 12 645 8
940 35 12 1420 8
940 13 45 2746 12
940 80 25 3195 10
940 8 25 599 10
940 35 45 1914 12
940 18 45 528 12
940 14 12 774 8
940 92 45 1720 12
940 99 25 2764 10
940 54 25 1155 10
940 37 25 969 10
940 76 45 1971 12
940 39 25 2838 10
940 11 45 319 12
940 18 45 1914 12
940 61 25 2198 10
940 53 12 158 8
940 16 12 1386 8
940 43 45 3180 12
940 32 25 2198 10
940 2 12 357 8
940 96 12 761 8
940 7 45 1357 12
940 46 45 2533 12
940 97 12 499 8
940 42 25 2805 10
940 18 12 3259 8
940 65 25 3171 10
940 3 45 2650 12
940 6 25 652 10
940 2 12 1932 8
940 33 12 3375 8
940 97 25 1167 10
940 24 25 2337 10
941 51 25 1520 10
941 59 25 485 10
941 82 25 2209 10
941 55 45 3086 12
941 35 12 164 8
941 41 25 2613 10
941 61 45 3489 12
941 69 25 3109 10
941 14 25 2716 10
941 32 12 2389 8
941 25 25 3546 10
941 28 25 1688 10
941 12 25 811 10
941 92 12 1688 8
941 98 45 293 12
941 9 12 2680 8
941 49 25 238 10
941 27 45 1590 12
941 39 12 809 8
941 42 45 144 12
941 19 25 1200 10
941 33 25 2081 10
941 70 12 2770 8
941 83 45 1443 12
941 98 45 992 12
941 19 12 435 8
941 77 12 691 8
941 2 25 1710 10
941 59 45 366 12
941 83 25 1718 10
941 35 25 1110 10
941 60 12 268 8
941 58 25 2209 10
941 17 25 2835 10
941 44 25 710 10
941 77 45 1134 12
941 34 45 3285 12
941 8 45 1134 12
941 12 25 758 10
941 98 25 2272 10
941 46 12 1440 8
941 43 25 1772 10
941 62 12 3651 8
941 59 45 1480 12
941 74 25 1521 10
941 17 25 2736 10
941 53 45 478 12
941 77 45 2759 12
941 25 12 27 8
941 18 45 3749 12
941 99 25 1279 10
941 66 25 831 10
941 53 45 1575 12
941 76 25 1962 10
941 50 12 1294 8
941 42 45 1048 12
941 41 12 729 8
941 60 25 1044 10
941 67 12 895 8
941 56 12 1486 8
941 82 25 1848 10
941 95 25 2515 10
941 68 12 2254 8
942 39 45 1914 12
942 3 45 1914 12
942 6 45 1914 12
942 85 25 105 10
942 52 45 1468 12
942 24 25 3374 10
942 76 25 991 10
942 91 25 70 10
942 62 25 769 10
942 7 45 230 12
942 34 25 1786 10
942 82 12 983 8
942 80 45 3489 12
942 44 25 366 10
942 88 12 396 8
942 50 12 2259 8
942 18 12 874 8
942 87 45 2395 12
942 80 25 2091 10
942 89 45 854 12
942 98 12 603 8
942 40 12 3191 8
942 61 25 1510 10
942 19 45 1357 12
942 48 12 3550 8
942 7 12 726 8
942 23 25 1011 10
942 12 45 1468 12
942 22 25 1411 10
942 4 45 1756 12
942 64 25 955 10
942 38 12 914 8
942 6 45 170 12
942 23 45 2832 12
942 2 25 1644 10
942 47 25 1260 10
942 20 25 2300 10
942 43 12 491 8
942 10 45 2242 12
942 82 25 1730 10
942 93 25 831 10
942 74 25 2652 10
942 6 25 1409 10
942 57 45 2515 12
942 32 25 3845 10
942 16 45 104 12
942 45 25 2393 10
942 28 25 2552 10
942 36 45 1632 12
942 33 45 344 12
942 25 12 1748 8
942 24 12 1413 8
942 12 25 588 10
942 17 12 1588 8
942 37 25 919 10
942 34 45 800 12
942 65 25 946 10
942 24 12 1418 8
942 64 12 2210 8
942 93 25 1767 10
943 68 25 729 10
943 56 25 635 10
943 62 12 3405 8
943 4 25 3699 10
943 44 45 564 12
943 72 45 1808 12
943 30 45 984 12
943 75 25 1197 10
943 11 12 3713 8
943 88 25 3069 10
943 75 25 691 10
943 22 12 679 8
943 4 25 1036 10
943 90 45 2575 12
943 93 12 2208 8
943 53 45 1914 12
943 57 25 629 10
943 64 45 2949 12
943 51 12 2932 8
943 85 12 959 8
943 24 25 1305 10
943 23 12 960 8
943 36 45 151 12
943 6 25 3978 10
943 39 45 3595 12
943 85 45 168 12
943 59 25 390 10
943 19 45 3208 12
943 11 45 1596 12
943 58 25 1407 10
943 56 25 1024 10
943 63 45 72 12
943 76 12 3084 8
943 10 25 1700 10
943 41 45 1873 12
943 42 45 1080 12
943 67 45 1080 12
943 92 25 3502 10
943 43 45 908 12
943 9 25 2983 10
943 2 45 2755 12
943 76 45 1677 12
943 61 45 3172 12
943 8 25 2586 10
943 63 12 3858 8
943 31 45 2814 12
943 22 12 1686 8
943 33 45 1430 12
943 28 45 1238 12
943 67 25 198 10
943 73 25 1046 10
943 76 45 2089 12
943 68 25 2890 10
943 31 25 465 10
944 45 25 1977 10
944 5 12 832 8
944 56 25 376 10
944 38 12 1944 8
944 28 25 1124 10
944 9 25 1402 10
944 6 25 3109 10
944 43 25 161 10
944 49 12 3087 8
944 93 45 883 12
944 8 25 2389 10
944 66 12 264 8
944 17 25 3224 10
944 7 12 3649 8
944 0 25 1712 10
944 23 25 1504 10
944 76 45 1099 12
944 94 45 855 12
944 91 12 896 8
944 12 25 573 10
944 46 12 2990 8
944 11 45 2615 12
944 11 12 1414 8
944 15 25 1086 10
944 53 45 2021 12
944 97 25 344 10
944 27 25 310 10
944 23 45 855 12
944 82 25 1807 10
944 28 25 1970 10
944 66 12 1412 8
944 49 45 627 12
944 20 25 3609 10
944 70 25 763 10
944 65 12 3644 8
944 47 12 2975 8
944 81 12 880 8
944 58 12 3644 8
944 60 25 1847 10
944 67 45 1089 12
944 98 25 1398 10
944 88 12 3713 8
944 48 12 3358 8
944 78 45 214 12
944 77 12 1945 8
944 15 45 1914 12
945 1 12 404 8
945 8 45 1762 12
945 52 25 3437 10
945 51 45 754 12
945 11 25 1227 10
945 44 25 1334 10
945 20 45 1432 12
945 47 25 1227 10
945 4 25 3692 10
945 60 45 934 12
945 34 25 1385 10
945 56 12 1720 8
945 4 45 739 12
945 46 12 63 8
945 42 12 3282 8
945 43 12 2824 8
945 16 25 3281 10
945 95 12 1638 8
945 67 12 3540 8
945 12 12 2823 8
945 1 12 173 8
945 94 12 1717 8
945 25 45 536 12
945 54 45 3081 12
945 6 12 1343 8
945 74 45 1339 12
945 21 12 2843 8
945 19 45 1521 12
945 97 45 3081 12
945 92 12 914 8
945 9 25 2068 10
945 75 45 1339 12
945 39 45 3000 12
945 40 25 2016 10
946 40 25 2572 10
946 25 45 2158 12
946 92 45 2807 12
946 16 25 691 10
946 9 25 3229 10
946 69 45 859 12
946 77 45 3965 12
946 5 45 84 12
946 0 25 1714 10
946 32 12 289 8
946 26 45 1361 12
946 42 45 1730 12
946 75 45 3231 12
946 12 45 3081 12
946 50 25 1300 10
946 93 25 502 10
946 34 12 1079 8
946 5 45 1631 12
946 6 25 181 10
946 52 12 655 8
946 52 45 1089 12
946 47 12 3148 8
946 76 25 828 10
946 81 25 1509 10
946 32 25 1112 10
946 49 45 1521 12
946 77 25 762 10
946 13 12 2382 8
946 31 25 2400 10
946 25 12 2478 8
946 28 12 2382 8
946 71 45 369 12
946 24 25 969 10
946 0 25 2217 10
946 12 25 2942 10
946 64 25 1112 10
946 38 45 407 12
946 6 12 812 8
946 6 25 1172 10
946 16 12 523 8
946 96 12 2254 8
946 73 25 1561 10
946 29 12 218 8
946 29 12 864 8
947 57 25 946 10
947 91 25 1461 10
947 11 12 2932 8
947 68 45 56 12
947 5 12 2615 8
947 70 25 691 10
947 50 25 3292 10
947 95 25 3474 10
947 51 25 1296 10
947 96 25 111 10
947 77 25 625 10
947 23 25 3497 10
947 82 45 1089 12
947 42 25 675 10
947 17 25 3102 10
947 32 12 1192 8
947 70 25 657 10
947 28 45 1762 12
947 78 45 1055 12
947 24 12 3346 8
947 59 25 352 10
947 46 25 691 10
947 69 25 3409 10
947 99 25 3103 10
947 9 12 3705 8
947 10 25 785 10
947 12 25 63 10
947 16 25 2243 10
947 7 12 836 8
947 96 12 3707 8
947 37 12 477 8
947 47 45 3990 12
947 51 25 946 10
947 6 25 1571 10
947 19 45 0 12
947 73 45 3911 12
947 12 45 1054 12
947 6 25 3706 10
947 64 12 495 8
947 45 25 2795 10
948 56 25 197 10
948 59 45 1964 12
948 88 25 2574 10
948 5 25 1318 10
948 39 25 749 10
948 93 45 839 12
948 17 45 1931 12
948 21 45 126 12
948 43 45 126 12
948 69 25 1718 10
948 13 45 2879 12
948 49 12 1779 8
948 5 25 469 10
948 81 25 1732 10
948 11 12 1812 8
948 28 45 1932 12
948 56 45 2403 12
948 54 12 2575 8
948 55 45 2877 12
948 66 25 1856 10
948 65 25 2661 10
948 80 25 286 10
948 36 45 3945 12
948 29 12 1386 8
948 11 25 3987 10
948 59 25 2712 10
948 80 45 757 12
948 61 45 3285 12
948 78 25 1257 10
948 54 45 2496 12
948 38 25 540 10
948 0 45 1255 12
948 53 25 2279 10
948 66 25 439 10
948 68 45 1065 12
948 33 45 2896 12
948 42 12 2002 8
948 54 25 2998 10
948 80 45 833 12
948 3 12 444 8
948 22 45 2727 12
948 46 45 2362 12
948 32 25 3222 10
948 72 45 2205 12
948 66 25 3767 10
948 98 25 595 10
948 33 12 217 8
948 82 45 1971 12
948 81 25 373 10
948 51 25 1850 10
948 48 25 421 10
948 26 45 462 12
948 32 12 2476 8
948 10 25 2829 10
948 74 25 1575 10
948 93 25 1305 10
948 60 12 162 8
948 23 45 3964 12
948 35 25 3263 10
949 20 25 144 10
949 52 25 945 10
949 30 25 3296 10
949 91 45 2992 12
949 27 25 1099 10
949 90 25 2439 10
949 63 25 1945 10
949 32 45 2897 12
949 74 45 742 12
949 27 12 243 8
949 31 45 551 12
949 48 25 3646 10
949 69 25 463 10
949 80 45 267 12
949 98 12 1796 8
949 78 45 275 12
949 72 45 597 12
949 81 45 1272 12
949 93 45 1430 12
949 30 45 742 12
949 33 25 1924 10
949 90 25 955 10
949 54 45 599 12
949 81 12 1891 8
949 33 45 674 12
949 68 25 1882 10
949 89 12 57 8
949 50 25 144 10
949 20 12 922 8
949 45 25 150 10
949 39 45 2833 12
949 58 45 583 12
949 51 12 3018 8
949 38 25 611 10
949 38 45 3226 12
949 97 12 2957 8
949 80 45 2368 12
949 90 25 1026 10
949 74 25 922 10
949 80 25 2034 10
949 1 25 2589 10
949 99 12 1357 8
949 27 12 3733 8
949 56 45 832 12
949 96 25 1703 10
949 72 12 985 8
949 54 25 2152 10
949 3 45 3321 12
949 60 25 214 10
949 57 25 1416 10
949 33 45 1053 12
949 96 45 1248 12
949 62 12 1248 8
949 17 25 719 10
950 99 12 1726 8
950 3 25 463 10
950 99 45 1721 12
950 4 12 124 8
950 90 45 1134 12
950 51 25 831 10
950 69 12 3006 8
950 85 45 3582 12
950 17 45 1409 12
950 54 25 245 10
950 12 25 254 10
950 41 45 127 12
950 91 25 704 10
950 39 45 2342 12
950 5 25 29 10
950 91 25 1872 10
950 29 25 1205 10
950 80 25 2459 10
950 23 45 2688 12
950 54 12 3169 8
950 78 25 3585 10
950 61 25 1134 10
950 1 25 922 10
950 13 25 1463 10
950 90 25 2883 10
950 8 45 1130 12
950 75 45 2288 12
950 69 12 427 8
950 62 12 394 8
950 27 45 2255 12
950 44 25 2838 10
950 1 25 2290 10
950 31 12 316 8
950 66 12 384 8
950 71 45 754 12
950 30 45 42 12
950 97 45 986 12
950 83 25 3114 10
950 96 12 1048 8
950 10 12 3464 8
950 96 45 1766 12
950 28 25 1687 10
950 93 25 562 10
950 41 25 996 10
950 15 12 574 8
950 86 45 1668 12
950 51 25 1674 10
950 3 45 340 12
950 11 45 214 12
950 47 25 712 10
950 36 25 599 10
950 19 25 1310 10
950 73 25 1866 10
950 96 25 1623 10
950 60 45 2692 12
950 76 12 1981 8
950 14 45 375 12
950 94 45 135 12
950 16 45 1613 12
950 6 45 2676 12
950 91 25 2412 10
950 66 25 969 10
951 40 45 2879 12
951 61 25 382 10
951 93 45 2006 12
951 15 45 1602 12
951 37 25 269 10
951 48 12 914 8
951 11 25 337 10
951 36 25 3921 10
951 70 25 81 10
951 21 45 2500 12
951 33 12 1720 8
951 27 25 231 10
951 34 45 1773 12
951 63 45 575 12
951 85 25 1100 10
951 56 45 3997 12
951 40 25 1428 10
951 40 45 2796 12
951 91 45 98 12
951 96 25 2118 10
951 25 25 178 10
951 39 12 1270 8
951 31 45 2399 12
951 8 25 2322 10
951 71 12 2369 8
951 99 45 1553 12
951 75 25 3389 10
951 77 45 1914 12
951 89 45 1109 12
951 74 25 503 10
951 95 12 277 8
951 17 12 265 8
951 9 25 1069 10
951 46 12 2301 8
951 38 45 1505 12
951 39 25 2493 10
951 65 25 1308 10
951 80 25 1741 10
951 42 12 71 8
951 46 45 3840 12
951 5 25 1699 10
951 5 45 3615 12
951 51 25 3631 10
951 94 12 3858 8
952 7 12 3485 8
952 10 25 2788 10
952 49 25 1396 10
952 63 12 3327 8
952 94 12 1002 8
952 17 45 313 12
952 80 25 1806 10
952 65 45 2749 12
952 25 45 1127 12
952 84 25 3454 10
952 66 45 3321 12
952 14 45 2592 12
952 97 45 478 12
952 69 12 95 8
952 78 12 1835 8
952 82 12 1319 8
952 41 12 735 8
952 94 25 2453 10
952 22 25 2279 10
952 6 12 3478 8
952 40 45 592 12
952 42 25 2536 10
952 10 25 424 10
952 57 12 1906 8
952 72 25 445 10
952 0 45 197 12
952 85 45 2811 12
952 67 25 319 10
952 98 12 501 8
952 91 25 1782 10
952 81 12 1068 8
953 90 25 2475 10
953 82 25 2003 10
953 74 45 304 12
953 29 12 1802 8
953 32 12 427 8
953 16 25 1277 10
953 10 25 925 10
953 93 12 1275 8
953 39 45 269 12
953 77 45 481 12
953 49 12 3164 8
953 12 25 1371 10
953 34 25 2217 10
953 84 12 1876 8
953 13 25 734 10
953 31 25 3529 10
953 87 25 1510 10
953 97 25 630 10
953 91 25 436 10
953 15 45 1339 12
953 30 25 3561 10
953 12 25 3851 10
953 38 45 141 12
953 39 25 2629 10
953 61 45 1328 12
953 25 25 3328 10
953 9 25 3206 10
953 71 12 860 8
953 69 25 3819 10
953 80 25 511 10
953 53 25 795 10
953 61 25 1806 10
953 30 25 3029 10
954 35 25 734 10
954 90 45 319 12
954 14 25 3920 10
954 72 12 384 8
954 88 25 1067 10
954 63 45 1355 12
954 12 25 1765 10
954 10 12 1270 8
954 89 45 1687 12
954 12 25 1119 10
954 58 12 1722 8
954 5 12 603 8
954 15 45 1794 12
954 34 12 1449 8
954 90 25 3929 10
954 59 25 3016 10
954 20 25 463 10
954 47 25 1643 10
954 24 25 1765 10
954 25 25 1374 10
954 78 25 3831 10
954 82 12 3343 8
954 65 25 714 10
954 73 45 210 12
954 14 45 518 12
954 86 45 259 12
954 15 12 2458 8
954 16 12 1416 8
954 19 25 2945 10
954 18 12 1720 8
954 35 45 216 12
954 60 45 1477 12
954 40 25 511 10
954 68 25 1403 10
954 48 45 2796 12
954 84 45 990 12
954 14 25 3403 10
954 5 45 1773 12
954 13 12 2606 8
954 2 12 985 8
954 35 25 1635 10
954 72 25 1330 10
954 49 25 181 10
954 55 25 1675 10
954 70 25 150 10
954 3 25 269 10
954 20 25 240 10
954 37 25 1784 10
954 0 45 872 12
954 95 25 1784 10
954 66 25 848 10
954 79 25 2781 10
954 62 45 398 12
954 66 12 801 8
954 76 25 1279 10
954 96 45 1571 12
954 76 12 423 8
954 96 12 1466 8
954 58 45 896 12
954 58 45 3353 12
954 51 45 580 12
955 89 25 562 10
955 11 12 1476 8
955 92 25 955 10
955 12 45 2575 12
955 45 45 584 12
955 89 45 3278 12
955 64 25 40 10
955 47 12 63 8
955 81 45 3865 12
955 16 25 3141 10
955 20 25 978 10
955 33 25 744 10
955 27 12 1641 8
955 60 25 1917 10
955 54 45 2126 12
955 18 25 760 10
955 73 25 1160 10
955 36 45 1477 12
955 10 12 1246 8
955 36 25 3171 10
955 77 25 2820 10
955 81 45 3524 12
955 12 12 3948 8
955 8 25 3038 10
955 0 25 1107 10
955 66 25 2169 10
955 89 12 112 8
955 22 45 1965 12
955 43 25 2538 10
955 13 45 2383 12
955 33 12 1932 8
955 14 25 589 10
955 19 25 1290 10
955 59 25 1363 10
955 9 45 1674 12
955 7 12 1779 8
955 46 12 1615 8
955 0 12 1778 8
955 76 25 3314 10
955 6 25 3193 10
955 89 25 614 10
955 21 25 969 10
955 46 45 2496 12
955 32 45 2853 12
955 76 25 201 10
955 56 25 3188 10
955 42 12 904 8
955 58 25 153 10
955 28 25 850 10
956 62 25 1880 10
956 4 12 942 8
956 41 12 1206 8
956 43 25 1979 10
956 74 25 3999 10
956 56 12 523 8
956 41 45 183 12
956 93 45 2732 12
956 98 45 1521 12
956 35 45 968 12
956 1 45 3121 12
956 64 25 593 10
956 60 12 1102 8
956 26 25 1003 10
956 32 45 3578 12
956 24 25 91 10
956 3 12 2687 8
956 79 25 1622 10
956 99 12 57 8
956 74 12 206 8
956 3 12 350 8
956 62 25 2463 10
956 68 25 3494 10
956 37 45 2309 12
956 40 12 2954 8
956 63 25 1117 10
956 28 12 3191 8
956 22 25 1730 10
956 45 12 3975 8
956 85 12 2169 8
956 19 25 710 10
956 90 45 3050 12
957 6 45 2597 12
957 33 45 3439 12
957 6 25 3418 10
957 61 12 384 8
957 57 12 1421 8
957 70 25 1143 10
957 4 25 3561 10
957 99 25 1803 10
957 36 12 3874 8
957 35 25 3561 10
957 29 12 682 8
957 86 12 3018 8
957 93 25 319 10
957 27 25 454 10
957 10 12 1126 8
957 95 25 1371 10
957 43 25 3987 10
957 15 25 3502 10
957 88 25 535 10
957 0 25 147 10
957 85 25 1344 10
957 22 12 3983 8
957 47 12 1646 8
957 64 45 1048 12
957 3 45 399 12
957 79 45 1422 12
957 50 12 2725 8
957 91 12 2358 8
957 97 45 3442 12
957 24 12 1386 8
957 56 25 3620 10
957 61 12 955 8
957 45 12 161 8
957 18 25 3344 10
957 46 25 744 10
957 8 12 1720 8
957 47 45 3471 12
957 44 25 1370 10
957 48 12 2590 8
958 41 12 158 8
958 64 25 160 10
958 76 25 2466 10
958 93 45 464 12
958 70 25 2828 10
958 63 25 917 10
958 64 25 969 10
958 93 25 1889 10
958 80 12 1695 8
958 95 25 2595 10
958 3 45 3285 12
958 95 25 2828 10
958 1 12 1009 8
958 21 25 716 10
958 64 45 2138 12
958 13 45 3911 12
958 45 12 2250 8
958 84 12 3355 8
958 18 12 918 8
958 14 45 1521 12
958 46 12 1726 8
958 51 12 1619 8
958 63 25 1462 10
958 56 45 3287 12
958 45 12 1560 8
958 44 45 292 12
958 75 45 1521 12
958 38 25 1499 10
958 18 12 1416 8
958 4 25 508 10
958 78 25 2721 10
958 34 25 1770 10
958 91 25 1710 10
958 81 45 133 12
958 46 45 870 12
958 27 25 1782 10
958 75 25 2257 10
958 50 25 2302 10
958 81 12 3229 8
959 35 25 2268 10
959 22 25 1679 10
959 13 25 2637 10
959 9 12 1314 8
959 1 25 1195 10
959 18 12 475 8
959 54 12 1756 8
959 75 25 269 10
959 27 12 990 8
959 93 12 1625 8
959 30 12 1490 8
959 20 25 588 10
959 54 12 241 8
959 6 25 77 10
959 85 25 1267 10
959 4 25 3519 10
959 22 45 2959 12
959 88 25 2152 10
959 12 12 404 8
960 84 25 1144 10
960 29 25 2794 10
960 53 25 3788 10
960 4 25 1351 10
960 63 45 423 12
960 37 25 2600 10
960 99 45 1269 12
960 32 45 1269 12
960 69 25 640 10
960 20 25 1522 10
960 97 12 1542 8
960 64 12 541 8
960 57 25 2576 10
960 27 25 1923 10
960 56 45 1063 12
960 31 45 362 12
960 14 45 913 12
960 93 45 2195 12
960 4 45 2147 12
960 70 12 1638 8
960 20 45 859 12
960 60 12 603 8
960 10 12 427 8
960 32 45 3208 12
960 89 45 2233 12
960 20 45 1091 12
960 77 12 427 8
960 59 45 1832 12
960 94 25 156 10
960 31 25 3022 10
960 58 12 2270 8
960 95 25 691 10
960 40 45 3578 12
960 85 12 532 8
960 69 25 2117 10
960 27 12 451 8
961 79 12 1257 8
961 64 25 2634 10
961 90 25 1794 10
961 80 45 1268 12
961 83 12 155 8
961 7 12 1249 8
961 51 45 382 12
961 30 12 1720 8
961 48 45 3908 12
961 20 12 748 8
961 27 25 630 10
961 79 12 1606 8
961 73 12 1779 8
961 57 25 2257 10
961 46 25 1348 10
961 67 25 352 10
961 8 45 1720 12
961 93 12 2169 8
961 82 25 1546 10
961 71 12 1861 8
961 2 45 769 12
961 18 25 867 10
961 40 45 2062 12
961 29 25 416 10
961 8 45 3364 12
961 2 45 1788 12
961 83 25 2073 10
961 96 45 626 12
961 71 45 1069 12
961 19 25 3437 10
961 79 25 1772 10
961 82 12 1657 8
961 7 45 292 12
961 16 25 355 10
961 93 25 1821 10
961 73 25 438 10
961 38 25 3518 10
961 22 25 2823 10
961 4 45 1955 12
961 26 25 2156 10
961 69 12 2556 8
961 22 25 1060 10
961 40 45 3370 12
961 22 45 510 12
961 85 12 655 8
961 54 45 988 12
961 23 25 142 10
961 56 25 303 10
961 65 45 415 12
961 31 25 1922 10
961 13 25 1629 10
961 7 12 2871 8
961 20 25 3978 10
961 82 12 1869 8
962 91 12 2064 8
962 26 25 1541 10
962 21 25 309 10
962 23 45 393 12
962 6 12 1656 8
962 39 25 1161 10
962 9 45 3926 12
962 84 45 1903 12
962 55 25 1161 10
962 16 25 1474 10
962 93 25 1803 10
962 11 25 836 10
962 79 45 1774 12
962 41 45 1109 12
962 53 25 1821 10
962 28 45 1196 12
962 89 25 3893 10
962 22 25 1042 10
962 92 25 1709 10
962 79 12 587 8
962 79 12 1579 8
962 61 25 751 10
962 35 12 3484 8
962 40 12 3048 8
962 97 25 1165 10
962 45 25 27 10
962 87 25 1401 10
962 89 25 811 10
962 34 45 3966 12
962 58 25 1610 10
962 2 45 1444 12
962 5 45 1109 12
962 66 45 2245 12
962 78 45 2956 12
962 1 12 3811 8
962 56 45 147 12
962 35 25 359 10
962 14 12 95 8
962 42 12 506 8
962 78 25 1279 10
962 18 25 686 10
962 71 25 119 10
962 77 25 509 10
962 55 45 592 12
962 64 25 340 10
962 63 25 340 10
962 84 25 556 10
962 21 25 150 10
962 11 12 1354 8
962 11 25 288 10
962 25 12 703 8
962 25 25 3748 10
962 43 25 1224 10
962 8 25 2168 10
962 74 25 1151 10
963 91 25 2408 10
963 61 25 2824 10
963 8 45 2195 12
963 86 12 3975 8
963 20 25 3921 10
963 53 25 1956 10
963 66 25 2207 10
963 44 25 1126 10
963 93 12 2458 8
963 50 45 311 12
963 40 12 1806 8
963 52 45 1290 12
963 44 12 3713 8
963 24 25 2250 10
963 76 12 616 8
963 38 25 1712 10
963 31 45 936 12
963 96 25 1712 10
963 68 12 1013 8
963 20 25 2439 10
963 85 12 2707 8
963 32 12 956 8
963 77 45 1389 12
963 77 12 2896 8
963 55 45 406 12
963 80 12 1454 8
963 48 25 399 10
963 55 12 1454 8
963 85 25 2290 10
963 82 12 652 8
963 68 25 136 10
963 34 25 509 10
963 18 12 1148 8
963 69 25 589 10
963 23 12 1355 8
963 95 25 3631 10
963 5 25 2415 10
963 24 45 470 12
963 27 12 848 8
963 54 12 88 8
963 48 25 3536 10
963 65 25 253 10
963 72 45 3101 12
963 18 45 304 12
963 78 45 626 12
963 1 25 1842 10
963 46 25 1068 10
963 91 25 161 10
963 6 45 2432 12
963 24 45 1198 12
963 69 45 1061 12
963 75 25 2304 10
963 60 25 1003 10
963 74 25 750 10
963 83 25 1575 10
963 18 25 599 10
963 64 12 1123 8
963 7 25 334 10
963 66 25 1088 10
964 99 25 3188 10
964 38 25 1848 10
964 25 12 1792 8
964 82 45 1129 12
964 49 25 1165 10
964 33 12 1347 8
964 7 25 2383 10
964 85 45 1717 12
964 67 45 2403 12
964 22 45 1318 12
964 73 25 1123 10
964 81 12 340 8
964 42 45 510 12
964 52 25 3012 10
964 87 25 224 10
964 85 25 2363 10
964 37 45 1916 12
964 35 12 3734 8
964 69 25 1321 10
964 68 12 1796 8
964 78 25 562 10
964 26 25 684 10
964 66 45 1456 12
964 11 25 378 10
964 85 12 1954 8
964 82 25 1209 10
964 45 45 2062 12
964 97 25 1784 10
964 56 45 1109 12
964 27 25 2160 10
964 0 25 2503 10
964 4 25 3798 10
964 0 45 328 12
964 42 25 1785 10
964 37 45 2229 12
964 39 12 2974 8
964 70 45 440 12
964 9 12 571 8
964 1 12 2967 8
964 77 12 462 8
964 61 45 1564 12
964 68 25 1168 10
964 77 25 562 10
964 97 12 3178 8
964 51 25 3109 10
964 67 12 741 8
964 18 25 320 10
964 66 45 1676 12
964 74 12 1797 8
964 99 45 934 12
964 5 45 272 12
964 11 25 1463 10
964 11 12 339 8
964 61 12 1150 8
964 32 25 899 10
964 83 45 557 12
964 22 12 603 8
964 50 12 1391 8
964 25 12 383 8
965 75 25 147 10
965 52 45 165 12
965 49 12 2921 8
965 93 25 969 10
965 9 25 2425 10
965 41 25 3657 10
965 14 45 1563 12
965 83 45 3567 12
965 93 25 153 10
965 34 25 277 10
965 45 25 3831 10
965 59 25 153 10
965 74 45 2362 12
965 27 25 477 10
965 4 25 263 10
965 62 25 477 10
965 26 45 144 12
965 98 45 1699 12
965 80 12 2028 8
965 77 12 199 8
965 76 45 3824 12
965 22 45 1397 12
965 61 45 1446 12
965 27 12 1474 8
965 88 12 57 8
965 8 45 980 12
965 79 12 3155 8
965 18 45 1211 12
965 64 45 2152 12
965 37 25 3561 10
965 36 25 2477 10
965 84 25 1603 10
965 87 25 355 10
965 88 25 1420 10
965 55 25 1036 10
965 11 25 728 10
965 84 25 993 10
965 36 25 1710 10
965 81 45 3121 12
965 57 12 1054 8
965 62 45 2213 12
965 99 45 984 12
965 95 25 2978 10
965 96 45 651 12
965 64 25 932 10
965 28 12 931 8
965 61 12 2957 8
965 58 25 1079 10
965 57 12 2222 8
965 94 25 815 10
965 20 25 815 10
965 57 12 1761 8
965 37 45 869 12
965 26 25 920 10
965 1 45 1732 12
965 19 45 1422 12
965 38 25 2504 10
965 48 12 700 8
965 72 12 1819 8
965 23 25 826 10
965 17 12 1130 8
965 2 45 667 12
965 23 25 565 10
965 80 25 1313 10
965 85 45 2327 12
965 27 25 198 10
965 40 25 3262 10
965 56 12 1442 8
965 50 12 3327 8
966 41 25 2436 10
966 68 12 406 8
966 76 45 934 12
966 24 25 384 10
966 57 45 2440 12
966 31 25 3139 10
966 90 12 2951 8
966 94 25 1732 10
966 48 25 3529 10
966 16 45 1832 12
966 23 12 1748 8
966 77 45 1269 12
966 50 25 2057 10
966 65 12 2815 8
966 4 12 1458 8
966 82 25 3409 10
966 55 25 1438 10
966 33 45 1293 12
966 35 25 3885 10
966 14 25 2497 10
966 47 12 15 8
966 5 25 661 10
966 32 25 1020 10
966 59 45 1293 12
966 88 45 1397 12
966 94 12 406 8
966 10 12 651 8
966 37 25 661 10
966 83 12 2358 8
966 18 12 3858 8
966 80 25 40 10
966 54 45 2903 12
966 48 25 635 10
966 15 25 3514 10
966 94 45 1627 12
966 54 12 3673 8
966 21 12 1207 8
966 51 12 2335 8
966 26 25 1732 10
966 23 12 535 8
966 6 25 1178 10
966 8 12 561 8
966 10 45 1309 12
966 3 25 2062 10
966 64 25 1088 10
966 6 12 3511 8
967 96 45 2758 12
967 47 12 990 8
967 15 12 1517 8
967 55 12 612 8
967 52 25 3748 10
967 1 12 100 8
967 52 12 2358 8
967 37 45 896 12
967 47 25 3224 10
967 34 45 1996 12
967 80 12 897 8
967 7 12 612 8
967 38 45 2897 12
967 59 12 3178 8
967 57 45 3020 12
967 23 25 1922 10
967 11 12 990 8
967 38 25 1331 10
967 30 45 1838 12
967 52 12 2989 8
967 29 45 406 12
967 62 25 334 10
967 19 25 2539 10
967 81 45 2242 12
967 34 25 2733 10
967 16 25 2551 10
967 27 25 3502 10
967 83 45 648 12
967 33 25 187 10
967 17 25 628 10
967 50 45 3016 12
967 89 45 2242 12
967 96 45 2897 12
967 63 45 643 12
967 3 25 1510 10
967 27 25 552 10
967 56 45 2694 12
967 43 25 3519 10
967 31 12 385 8
967 36 12 97 8
967 15 12 1448 8
967 50 12 918 8
967 25 45 2897 12
967 83 25 887 10
967 64 45 1048 12
967 65 45 55 12
967 41 12 599 8
967 70 45 3027 12
968 9 12 1227 8
968 24 25 613 10
968 76 45 1125 12
968 42 25 2128 10
968 75 12 1720 8
968 28 12 3673 8
968 59 25 297 10
968 22 12 1788 8
968 14 25 2675 10
968 84 45 3720 12
968 94 25 2996 10
968 31 12 1176 8
968 99 12 1253 8
968 72 12 611 8
968 48 12 2279 8
968 63 12 2725 8
968 34 25 1802 10
968 93 25 2105 10
968 49 45 1124 12
968 75 45 2464 12
968 30 45 2464 12
968 78 45 3059 12
968 11 25 1174 10
968 31 25 390 10
968 84 45 1765 12
968 56 45 2592 12
968 70 12 2273 8
968 79 45 2592 12
968 79 45 3059 12
968 47 45 326 12
968 78 25 1443 10
968 65 45 420 12
968 31 45 3533 12
968 61 45 1537 12
968 73 25 1596 10
968 20 12 1481 8
968 69 25 3604 10
968 52 12 2343 8
968 35 25 1448 10
968 96 25 3286 10
968 36 45 3031 12
968 67 45 1293 12
968 51 12 1625 8
968 11 12 220 8
968 36 25 657 10
968 45 45 115 12
968 81 45 1884 12
968 6 45 292 12
968 25 25 1917 10
968 35 25 1489 10
968 13 45 399 12
968 68 12 3874 8
968 94 12 2572 8
968 44 45 3121 12
968 59 45 399 12
968 58 25 2892 10
968 4 25 2522 10
968 52 45 599 12
968 89 45 3847 12
968 10 25 2415 10
968 60 25 1629 10
968 28 12 563 8
969 39 45 715 12
969 5 25 3016 10
969 5 45 3569 12
969 77 25 3940 10
969 5 25 2503 10
969 52 25 1280 10
969 44 12 3087 8
969 73 45 174 12
969 62 45 870 12
969 16 45 2158 12
969 12 25 1917 10
969 33 45 3405 12
969 98 45 1809 12
969 82 25 3398 10
969 49 45 126 12
969 70 12 357 8
969 2 12 951 8
969 77 45 1224 12
969 11 25 1465 10
969 32 25 969 10
969 33 45 3450 12
969 11 25 969 10
969 31 45 402 12
969 87 25 1208 10
969 81 45 2419 12
969 17 12 3003 8
969 86 25 3398 10
969 41 45 2403 12
969 31 12 2631 8
969 31 12 429 8
969 89 12 1720 8
969 48 25 1363 10
969 94 25 498 10
969 90 45 2873 12
969 10 45 1646 12
969 42 25 1558 10
969 73 45 1628 12
969 0 25 826 10
969 30 45 928 12
969 48 45 1758 12
969 42 25 433 10
969 32 45 1635 12
969 1 25 3825 10
969 32 25 896 10
969 81 25 750 10
969 82 45 1635 12
969 8 45 3981 12
969 81 25 692 10
969 53 12 2279 8
969 81 12 662 8
969 88 25 650 10
969 61 25 994 10
969 47 12 41 8
969 31 25 3960 10
969 11 25 3290 10
969 14 25 1914 10
970 31 25 2655 10
970 92 12 2088 8
970 98 45 404 12
970 96 25 1571 10
970 1 12 906 8
970 65 25 3328 10
970 28 25 261 10
970 79 25 673 10
970 94 45 1758 12
970 92 45 260 12
970 34 25 2928 10
970 75 25 1117 10
970 83 12 951 8
970 77 12 3962 8
970 8 25 2847 10
970 82 25 872 10
970 96 25 148 10
970 46 25 2553 10
970 87 12 430 8
970 1 12 657 8
970 0 25 141 10
970 30 25 3505 10
970 59 12 1466 8
970 85 25 2521 10
970 77 25 2125 10
970 33 12 902 8
970 25 45 639 12
970 90 25 3827 10
970 44 25 76 10
970 79 45 1393 12
970 83 12 1907 8
970 57 12 427 8
970 42 12 255 8
970 95 12 1630 8
970 65 25 1313 10
970 88 25 637 10
970 0 25 2074 10
970 77 25 1846 10
970 71 12 1174 8
970 29 25 1395 10
970 55 25 1967 10
970 83 25 3619 10
971 34 12 3736 8
971 1 45 626 12
971 83 45 127 12
971 55 25 1709 10
971 6 12 34 8
971 59 45 697 12
971 59 12 3248 8
971 64 25 2362 10
971 62 25 473 10
971 30 25 1902 10
971 98 25 3132 10
971 93 25 1236 10
971 74 25 2854 10
971 81 25 1732 10
971 97 12 406 8
971 4 25 1839 10
971 98 45 1579 12
971 77 25 755 10
971 89 45 1043 12
971 49 45 989 12
971 9 12 1704 8
971 50 12 388 8
971 20 45 1654 12
971 33 25 646 10
971 38 12 3970 8
971 56 12 1442 8
971 52 45 264 12
971 88 12 2735 8
971 47 45 2183 12
971 6 25 848 10
971 69 12 855 8
971 97 25 1529 10
971 8 45 1756 12
971 27 12 1720 8
971 74 45 1862 12
971 68 45 1224 12
971 5 45 1048 12
971 30 25 2523 10
971 91 45 55 12
971 46 25 2303 10
971 6 45 2832 12
971 59 12 2250 8
971 42 12 1482 8
971 4 45 2649 12
971 68 12 1608 8
971 95 45 1640 12
971 26 45 3569 12
971 31 25 415 10
971 82 45 1323 12
971 99 45 1640 12
971 0 12 343 8
971 50 25 2459 10
971 31 25 3384 10
971 74 25 3513 10
971 28 12 1482 8
971 24 25 1521 10
971 61 45 1490 12
971 91 12 2680 8
971 31 25 1802 10
971 39 25 350 10
971 85 25 373 10
971 79 12 827 8
971 48 12 696 8
971 68 45 1595 12
971 31 25 2362 10
971 44 45 1224 12
972 51 12 1731 8
972 48 12 3225 8
972 22 25 1871 10
972 33 45 1632 12
972 37 12 1443 8
972 49 25 1163 10
972 34 25 2798 10
972 30 12 1915 8
972 75 45 944 12
972 64 12 384 8
972 58 45 1080 12
972 6 25 3313 10
972 68 25 790 10
972 45 25 1399 10
972 91 12 2990 8
972 24 45 1248 12
972 52 12 491 8
972 66 12 206 8
972 24 25 684 10
972 68 25 1825 10
972 45 12 1009 8
972 3 25 3748 10
972 58 25 684 10
972 56 25 2798 10
972 85 25 1234 10
972 29 12 1990 8
972 71 12 578 8
972 88 25 3940 10
972 24 12 3765 8
972 32 12 2827 8
972 56 12 1606 8
972 84 12 1321 8
972 73 25 779 10
972 82 25 490 10
972 21 12 804 8
972 55 45 2229 12
972 47 12 294 8
972 35 12 350 8
972 20 12 1079 8
972 42 12 2565 8
972 12 25 2207 10
972 7 45 765 12
972 37 12 3792 8
972 14 45 461 12
972 4 45 181 12
972 1 12 3191 8
972 83 25 3165 10
972 45 45 1852 12
972 93 12 282 8
972 16 12 1783 8
972 9 25 365 10
972 38 25 461 10
972 86 45 274 12
972 91 25 453 10
972 90 25 2198 10
972 47 12 3246 8
972 75 45 2115 12
972 65 25 1279 10
972 1 45 765 12
973 27 12 2527 8
973 2 45 151 12
973 29 25 3138 10
973 57 25 2453 10
973 67 12 495 8
973 43 45 983 12
973 48 25 1904 10
973 5 12 918 8
973 67 12 2509 8
973 52 45 2115 12
973 55 25 2818 10
973 15 25 252 10
973 69 12 3888 8
973 6 25 1581 10
973 46 12 1274 8
973 19 45 1402 12
973 1 12 2147 8
973 70 25 3385 10
973 48 12 1177 8
973 89 12 994 8
973 10 45 439 12
973 0 12 541 8
973 73 25 1740 10
973 0 25 2927 10
973 31 45 1884 12
973 38 45 1421 12
973 3 12 1976 8
973 7 45 818 12
973 67 25 1840 10
973 69 25 1532 10
973 72 12 1490 8
973 15 45 67 12
974 17 25 672 10
974 14 12 1969 8
974 19 12 884 8
974 10 25 328 10
974 3 45 2729 12
974 78 25 3694 10
974 55 25 228 10
974 27 45 2729 12
974 79 45 2729 12
974 19 12 139 8
974 0 12 314 8
974 68 25 225 10
974 13 12 3678 8
974 57 12 1614 8
974 60 45 208 12
974 71 25 201 10
974 1 12 2367 8
974 43 45 1500 12
974 78 45 2729 12
974 30 45 2208 12
974 80 12 2404 8
974 38 45 3807 12
974 96 12 952 8
974 74 25 148 10
974 99 12 2590 8
974 44 25 1161 10
974 64 45 216 12
974 51 25 3314 10
974 60 45 333 12
974 61 25 3559 10
974 4 12 47 8
974 64 25 1161 10
974 95 12 1384 8
974 37 45 2654 12
974 33 12 1606 8
974 1 12 208 8
974 28 45 2158 12
974 41 12 2928 8
974 57 25 2515 10
974 3 45 2464 12
974 97 12 2705 8
975 21 25 2300 10
975 14 45 465 12
975 12 45 1686 12
975 25 25 2081 10
975 5 45 1365 12
975 23 25 3218 10
975 16 45 1130 12
975 97 12 1797 8
975 37 45 1635 12
975 68 12 3768 8
975 30 25 2957 10
975 67 12 297 8
975 32 12 2588 8
975 41 12 609 8
975 59 12 1298 8
975 82 25 1784 10
975 51 25 386 10
975 11 25 631 10
975 87 12 1725 8
975 20 45 1809 12
975 70 45 54 12
975 90 12 2691 8
975 29 45 1579 12
975 74 12 3171 8
975 84 45 582 12
975 73 25 142 10
975 55 25 2396 10
975 60 12 517 8
975 99 25 1873 10
975 70 12 3415 8
975 8 25 1499 10
975 66 25 3623 10
975 14 45 3960 12
975 96 25 1509 10
975 18 25 386 10
975 92 25 2003 10
975 65 12 508 8
975 60 45 1898 12
975 5 12 1578 8
975 7 45 2843 12
975 18 45 1586 12
975 27 45 2208 12
976 77 25 2094 10
976 79 25 552 10
976 51 12 2609 8
976 92 25 1428 10
976 40 45 1358 12
976 53 25 975 10
976 72 25 1155 10
976 81 12 848 8
976 90 45 3826 12
976 75 25 850 10
976 47 25 140 10
976 54 25 1305 10
976 55 25 1180 10
976 66 25 1604 10
976 76 12 1722 8
976 53 12 3341 8
976 31 25 258 10
976 31 12 40 8
976 84 12 1611 8
976 97 25 3955 10
976 52 25 1646 10
976 39 12 608 8
976 72 25 458 10
976 47 25 907 10
976 52 12 755 8
976 62 45 1560 12
976 43 12 1347 8
976 32 45 1358 12
976 28 25 2454 10
976 86 45 518 12
976 32 25 288 10
976 65 25 418 10
976 23 45 1747 12
976 43 25 877 10
976 26 12 1230 8
976 22 45 3915 12
976 97 25 1939 10
976 39 45 3318 12
976 27 25 1793 10
976 23 45 2260 12
976 88 45 1326 12
976 89 45 3753 12
976 91 25 574 10
976 97 12 1478 8
976 56 25 1438 10
976 7 45 919 12
976 38 25 3502 10
976 29 45 1380 12
976 77 25 672 10
976 3 25 3655 10
976 42 12 3954 8
976 20 25 102 10
976 15 12 3415 8
976 14 25 1575 10
976 1 45 1358 12
976 25 25 1753 10
976 18 25 640 10
976 71 25 2396 10
976 94 12 2208 8
976 9 12 3765 8
976 97 25 1354 10
976 98 45 2399 12
976 32 12 27 8
976 78 12 294 8
976 21 12 2722 8
976 16 25 2890 10
976 43 25 152 10
976 16 25 2396 10
976 90 12 890 8
976 79 45 1109 12
976 53 45 2639 12
976 92 25 1390 10
976 58 12 3540 8
976 10 12 1623 8
976 46 45 3031 12
976 1 12 1720 8
977 92 45 1157 12
977 36 12 2163 8
977 65 12 1796 8
977 38 25 675 10
977 82 45 3753 12
977 85 25 1967 10
977 85 45 2426 12
977 83 12 245 8
977 30 12 3341 8
977 78 12 379 8
977 9 25 1789 10
977 42 25 3016 10
977 8 12 93 8
977 37 25 969 10
977 37 25 1589 10
977 35 45 1986 12
977 49 45 3287 12
977 27 25 1106 10
977 49 12 3582 8
977 92 12 1124 8
977 27 25 1789 10
977 54 25 253 10
977 53 25 1402 10
977 89 45 1237 12
977 88 12 384 8
977 20 12 2371 8
977 71 25 1099 10
977 36 25 1279 10
977 75 12 910 8
977 49 25 738 10
977 12 25 1291 10
977 48 12 910 8
977 10 45 1109 12
977 69 12 2791 8
977 82 12 2624 8
977 29 25 607 10
977 7 45 404 12
977 94 25 3845 10
977 95 25 424 10
977 7 12 1335 8
977 80 25 269 10
977 42 25 1305 10
977 20 25 1366 10
977 49 25 756 10
977 95 25 2363 10
977 99 45 657 12
977 15 45 12 12
977 59 25 2958 10
977 28 25 788 10
977 27 45 337 12
977 5 25 3843 10
977 86 25 1019 10
977 89 45 875 12
977 73 25 1772 10
977 90 12 1118 8
977 93 12 578 8
977 6 25 3292 10
977 3 12 1719 8
977 60 25 1203 10
977 67 25 3360 10
977 98 12 1828 8
977 10 25 1438 10
977 11 25 1108 10
977 12 45 1920 12
977 36 25 3005 10
977 5 25 807 10
977 72 12 1657 8
977 51 25 3395 10
977 66 45 398 12
977 31 45 1300 12
977 67 12 704 8
977 21 25 580 10
977 57 25 3858 10
977 6 25 788 10
977 51 12 1966 8
977 38 45 2819 12
977 36 45 1927 12
977 60 12 3178 8
977 81 25 1784 10
977 21 45 1043 12
977 32 25 1390 10
977 96 12 1571 8
977 50 25 2381 10
977 68 12 1606 8
977 94 25 2437 10
977 19 12 1386 8
977 2 25 1331 10
978 49 25 502 10
978 38 12 2445 8
978 29 25 2654 10
978 42 12 3833 8
978 63 25 1631 10
978 17 12 599 8
978 29 25 1959 10
978 48 45 2373 12
978 94 45 753 12
978 16 25 1026 10
978 98 12 2121 8
978 5 25 3022 10
978 12 45 333 12
978 90 45 1783 12
978 32 45 997 12
978 80 12 2851 8
978 59 12 2121 8
978 40 25 253 10
978 75 45 3142 12
978 51 12 901 8
978 75 45 344 12
978 78 12 1720 8
978 90 45 1197 12
978 18 45 3598 12
978 80 25 1789 10
978 75 25 1789 10
978 52 45 2654 12
978 74 25 1481 10
978 5 25 3961 10
978 25 45 228 12
978 5 25 2484 10
978 61 45 2498 12
978 58 25 2623 10
978 68 45 3263 12
978 12 12 2855 8
978 75 12 1102 8
978 18 12 1815 8
979 1 25 2658 10
979 2 25 272 10
979 84 25 285 10
979 92 25 2054 10
979 68 25 2132 10
979 53 12 704 8
979 2 25 817 10
979 36 12 259 8
979 16 25 631 10
979 23 25 1165 10
979 32 45 1447 12
979 49 25 3286 10
979 58 25 3245 10
979 71 25 306 10
979 26 45 1822 12
979 70 25 1350 10
979 22 25 2652 10
979 66 45 1664 12
979 61 25 44 10
979 58 25 2198 10
979 1 25 1705 10
979 11 25 1471 10
979 49 25 2128 10
979 48 25 804 10
979 45 25 705 10
979 61 12 1125 8
979 84 45 1480 12
979 1 12 2623 8
979 5 25 2892 10
979 60 25 338 10
979 42 12 102 8
979 39 12 1571 8
979 67 12 1362 8
979 71 45 2755 12
979 86 25 426 10
979 87 25 1160 10
979 37 45 3372 12
979 91 12 2915 8
979 51 25 330 10
979 85 45 420 12
979 6 12 3001 8
979 11 45 343 12
980 90 45 1891 12
980 13 45 3965 12
980 41 25 1603 10
980 69 25 2652 10
980 27 12 1412 8
980 18 25 3694 10
980 56 45 2945 12
980 3 45 1502 12
980 96 12 95 8
980 97 12 968 8
980 39 12 2279 8
980 39 12 734 8
980 58 12 1358 8
980 95 25 3218 10
980 52 45 1781 12
980 0 25 3360 10
980 56 12 468 8
980 40 12 3034 8
980 96 25 1212 10
980 32 25 432 10
980 5 12 942 8
980 44 45 697 12
980 18 45 3067 12
980 45 12 1013 8
980 17 25 84 10
980 63 25 1242 10
980 28 12 727 8
980 9 25 476 10
980 65 25 1643 10
980 73 45 150 12
980 15 25 786 10
980 71 45 1822 12
980 56 12 1303 8
980 50 12 3888 8
980 18 45 150 12
980 95 12 340 8
981 4 25 1311 10
981 93 25 1161 10
981 38 12 603 8
981 56 45 1034 12
981 38 45 1986 12
981 3 12 3673 8
981 10 12 359 8
981 91 45 2806 12
981 57 12 1306 8
981 20 25 1840 10
981 41 12 2207 8
981 42 12 1397 8
981 23 12 268 8
981 16 25 1876 10
981 87 45 1679 12
981 37 25 3022 10
981 70 12 1347 8
981 50 25 1917 10
981 63 25 3801 10
981 5 45 1313 12
981 83 25 2698 10
981 83 25 3092 10
981 73 25 1917 10
982 79 12 289 8
982 67 12 1177 8
982 47 25 1450 10
982 78 12 1814 8
982 10 25 3901 10
982 64 12 3485 8
982 24 12 3954 8
982 31 25 390 10
982 6 25 2610 10
982 89 25 2616 10
982 12 45 1095 12
982 35 25 1108 10
982 54 12 744 8
982 52 45 3765 12
982 56 45 3653 12
982 91 25 2822 10
982 20 25 932 10
982 99 45 392 12
982 7 45 648 12
982 16 12 902 8
982 12 45 1060 12
982 33 12 1748 8
982 65 25 371 10
982 49 45 1866 12
982 7 25 314 10
982 5 12 1126 8
982 48 45 2854 12
982 85 25 2669 10
982 59 12 1500 8
982 5 12 1696 8
982 79 25 924 10
982 23 12 2622 8
982 51 45 252 12
982 97 12 3464 8
982 18 45 2942 12
982 39 25 2407 10
982 65 12 381 8
982 7 45 196 12
982 67 45 3353 12
982 3 25 1591 10
982 22 25 2093 10
982 22 25 1713 10
982 44 25 3845 10
982 55 25 1880 10
982 80 25 2353 10
982 64 45 3911 12
982 85 25 1390 10
982 73 45 1868 12
982 8 25 791 10
982 58 25 340 10
982 72 25 1450 10
982 48 12 1737 8
982 85 45 1157 12
982 85 25 308 10
982 89 12 1737 8
982 46 12 1141 8
982 84 25 1750 10
982 74 25 791 10
982 13 25 599 10
982 35 25 1922 10
982 12 25 2652 10
982 84 25 1402 10
982 92 25 317 10
982 22 25 2762 10
983 63 25 3314 10
983 29 25 1471 10
983 82 45 834 12
983 88 25 763 10
983 37 45 1575 12
983 82 25 20 10
983 66 45 1823 12
983 65 25 1962 10
983 78 12 318 8
983 36 12 245 8
983 92 25 20 10
983 25 25 3923 10
983 51 25 2183 10
983 4 25 345 10
983 19 25 581 10
983 50 12 399 8
983 43 12 2345 8
983 80 45 1004 12
983 94 25 3825 10
983 88 12 2627 8
983 10 45 1477 12
983 48 45 852 12
983 30 45 1899 12
983 65 25 1794 10
983 13 45 1387 12
983 31 12 495 8
983 35 12 399 8
983 16 25 1871 10
983 81 45 55 12
983 45 25 1084 10
983 11 12 3003 8
983 23 45 3974 12
983 18 45 218 12
983 47 12 2269 8
983 59 45 1853 12
983 62 25 142 10
983 7 45 3144 12
983 21 45 710 12
983 50 45 302 12
983 50 25 3108 10
983 92 25 1414 10
983 15 25 599 10
983 42 25 599 10
983 86 45 1245 12
983 6 12 122 8
983 81 25 811 10
983 12 45 692 12
983 24 45 3997 12
983 22 25 2082 10
983 86 45 2568 12
983 6 45 1193 12
983 82 25 1692 10
983 22 25 352 10
983 70 25 869 10
983 57 25 1983 10
984 86 25 762 10
984 76 12 3707 8
984 18 25 283 10
984 49 45 3981 12
984 50 25 3937 10
984 1 12 2640 8
984 8 45 928 12
984 30 12 1653 8
984 4 12 1095 8
984 72 12 3415 8
984 45 25 3969 10
984 9 25 705 10
984 67 25 3624 10
984 87 12 331 8
984 1 12 2957 8
984 92 25 3188 10
984 77 45 171 12
984 87 25 1084 10
984 69 25 613 10
984 62 12 3707 8
984 91 12 2640 8
984 73 25 581 10
984 83 25 1253 10
984 37 45 1916 12
984 53 25 2722 10
984 87 45 1759 12
984 12 12 1821 8
984 92 45 687 12
984 83 25 2996 10
984 74 45 213 12
984 96 25 198 10
984 57 45 704 12
984 7 12 3485 8
984 16 25 1416 10
984 95 25 1192 10
984 0 12 1130 8
984 81 25 2669 10
984 95 25 1279 10
984 78 45 2021 12
984 84 12 1164 8
985 14 25 795 10
985 0 25 2266 10
985 23 25 1204 10
985 65 25 101 10
985 5 12 1608 8
985 4 45 337 12
985 39 25 2300 10
985 72 25 15 10
985 13 12 3317 8
985 21 12 3317 8
985 3 12 3130 8
985 21 45 541 12
985 37 45 3396 12
985 50 25 236 10
985 50 25 368 10
985 15 45 1553 12
985 47 45 2914 12
985 55 25 1852 10
985 37 12 931 8
985 82 45 385 12
985 84 25 2623 10
985 52 45 393 12
985 21 45 2834 12
985 34 45 2834 12
985 47 45 1300 12
985 22 12 3875 8
985 2 25 845 10
985 0 12 1637 8
985 28 25 1036 10
985 60 12 571 8
985 2 12 2768 8
985 90 45 1828 12
985 0 25 3360 10
985 37 25 1853 10
985 34 25 161 10
985 46 25 1917 10
985 56 45 1293 12
985 8 45 1107 12
985 45 25 2007 10
985 40 45 600 12
985 37 45 600 12
985 47 25 371 10
985 37 25 1758 10
985 30 25 254 10
985 34 25 1787 10
985 52 45 2727 12
985 67 25 1398 10
985 81 25 2123 10
985 29 25 3105 10
985 10 25 811 10
985 94 25 1476 10
985 64 12 824 8
985 1 45 595 12
986 48 45 1177 12
986 20 45 1427 12
986 38 25 1895 10
986 44 25 2560 10
986 59 45 1193 12
986 37 25 1397 10
986 67 45 1441 12
986 1 25 1439 10
986 54 25 2948 10
986 4 25 2032 10
986 38 12 3424 8
986 44 45 2399 12
986 39 12 2770 8
986 49 45 3567 12
986 86 25 1623 10
986 17 25 101 10
986 48 12 832 8
986 39 25 1027 10
986 26 25 2300 10
986 89 45 2343 12
986 10 45 612 12
986 60 25 1927 10
986 58 12 860 8
986 1 25 1461 10
986 82 12 2770 8
986 98 12 2770 8
986 49 25 2996 10
986 59 25 1711 10
986 76 12 3752 8
986 81 45 1093 12
986 8 12 3453 8
986 59 45 1421 12
986 99 25 2243 10
986 64 12 797 8
986 33 25 253 10
986 36 12 1284 8
986 18 25 641 10
987 9 12 1703 8
987 79 12 1703 8
987 13 45 1 12
987 25 25 507 10
987 17 12 1703 8
987 64 25 2541 10
987 19 25 343 10
987 11 45 2484 12
987 0 25 425 10
987 0 25 3536 10
987 77 25 1998 10
987 31 25 1190 10
987 6 25 312 10
987 24 12 863 8
987 20 45 765 12
987 5 12 2207 8
987 72 45 3050 12
987 70 25 1177 10
987 37 45 2986 12
987 82 25 3 10
987 84 12 2700 8
987 91 12 150 8
987 20 45 420 12
987 94 12 2710 8
987 40 45 1245 12
987 51 25 1639 10
987 15 25 1875 10
987 74 12 1794 8
987 0 45 267 12
987 97 12 809 8
987 16 25 1946 10
988 61 45 1611 12
988 16 45 1783 12
988 38 12 1623 8
988 3 45 928 12
988 73 12 427 8
988 66 45 913 12
988 28 25 1464 10
988 88 12 1784 8
988 41 12 1314 8
988 35 25 2996 10
988 72 45 928 12
988 69 25 1929 10
988 90 45 842 12
988 76 25 1130 10
988 58 25 3229 10
988 88 25 3145 10
988 48 45 389 12
988 47 25 1757 10
988 69 12 1755 8
988 49 25 552 10
988 98 12 1434 8
988 97 12 1976 8
988 53 12 1434 8
988 42 12 860 8
988 82 45 481 12
988 12 45 872 12
988 50 25 253 10
988 79 45 1940 12
988 87 25 3940 10
988 63 25 1069 10
988 60 45 2659 12
988 17 12 1436 8
988 77 45 913 12
988 57 12 71 8
988 2 45 519 12
989 6 45 145 12
989 29 25 2010 10
989 32 12 1766 8
989 21 45 896 12
989 84 45 1206 12
989 20 25 2415 10
989 82 12 1249 8
989 46 12 1249 8
989 45 45 572 12
989 29 25 2721 10
989 88 25 2071 10
989 63 45 1510 12
989 15 12 604 8
989 47 45 3011 12
989 13 25 2010 10
989 15 45 991 12
989 48 25 1285 10
989 29 25 2415 10
989 97 25 1541 10
989 83 25 252 10
989 31 25 157 10
989 11 45 1749 12
989 69 25 1539 10
989 26 45 834 12
989 1 25 1092 10
989 35 25 1098 10
989 36 25 742 10
989 1 45 972 12
989 5 25 348 10
989 22 12 571 8
989 48 25 742 10
989 31 45 1030 12
989 50 12 708 8
989 56 25 3505 10
989 33 45 1855 12
989 44 25 2552 10
989 84 12 1681 8
989 0 25 2217 10
989 63 12 744 8
989 70 12 1013 8
989 4 45 1940 12
989 65 25 744 10
989 20 45 524 12
989 65 25 729 10
989 24 25 2625 10
989 61 12 603 8
989 62 45 630 12
989 54 25 1084 10
989 1 25 1521 10
989 58 25 2652 10
989 73 12 931 8
989 40 45 3926 12
989 85 25 3852 10
989 26 45 1457 12
989 13 25 432 10
989 20 25 819 10
989 11 45 1940 12
989 21 12 401 8
990 85 25 3085 10
990 41 12 102 8
990 77 45 2866 12
990 82 25 2849 10
990 86 45 1124 12
990 9 25 680 10
990 1 45 399 12
990 26 12 2396 8
990 87 45 1161 12
990 65 25 2830 10
990 44 12 1149 8
990 0 45 1380 12
990 33 12 2915 8
990 19 25 1947 10
990 16 25 1384 10
990 37 45 359 12
990 38 25 386 10
990 99 25 368 10
990 98 25 3747 10
990 47 12 3855 8
990 67 45 1630 12
990 26 12 3664 8
990 98 45 356 12
990 90 25 2652 10
990 98 12 3048 8
990 26 12 3048 8
990 91 12 2545 8
990 69 25 1579 10
990 73 45 356 12
990 10 45 1163 12
990 91 12 2005 8
990 13 45 2819 12
990 85 25 1253 10
990 85 12 345 8
990 63 25 946 10
990 8 12 3282 8
990 57 25 3652 10
990 6 45 1627 12
990 6 45 1734 12
990 40 12 3602 8
990 40 25 1784 10
990 40 45 2882 12
990 59 25 2712 10
990 41 45 869 12
990 51 45 3064 12
990 77 25 3314 10
990 60 25 1965 10
990 77 12 853 8
990 42 25 1784 10
990 67 12 3174 8
990 39 12 1454 8
990 56 25 456 10
990 36 25 2722 10
990 31 12 1571 8
990 20 12 463 8
990 86 45 1662 12
990 32 25 2582 10
990 69 12 3355 8
990 60 25 51 10
990 39 25 1947 10
990 21 25 826 10
990 93 25 593 10
991 49 45 1269 12
991 13 25 1045 10
991 18 25 1888 10
991 38 25 3441 10
991 94 45 1783 12
991 32 45 2930 12
991 94 25 881 10
991 74 25 1962 10
991 92 25 1852 10
991 9 45 1179 12
991 71 45 1177 12
991 50 25 1852 10
991 74 25 1852 10
991 29 12 2697 8
991 53 12 1927 8
991 84 25 931 10
991 60 25 3936 10
991 21 45 3038 12
991 34 25 1922 10
991 18 25 1829 10
991 77 25 2610 10
991 26 45 1522 12
991 38 25 297 10
991 43 25 834 10
991 63 12 3215 8
991 99 25 246 10
991 80 12 1409 8
991 98 45 992 12
991 87 12 488 8
991 77 25 2128 10
991 40 25 2117 10
991 93 45 293 12
991 79 12 1336 8
991 76 12 1554 8
991 67 25 1894 10
991 54 25 1827 10
991 37 25 1853 10
991 8 25 2039 10
991 74 25 640 10
991 77 12 501 8
991 58 12 1383 8
991 22 12 3265 8
991 70 25 3137 10
991 13 25 571 10
991 1 25 1430 10
991 26 25 956 10
991 0 25 3159 10
991 6 25 3113 10
991 35 45 2592 12
991 87 45 463 12
991 61 12 90 8
991 89 12 1193 8
992 45 12 1355 8
992 11 12 1841 8
992 82 25 1605 10
992 70 12 161 8
992 3 45 3623 12
992 17 25 640 10
992 35 12 3011 8
992 65 25 3 10
992 45 45 869 12
992 10 45 12 12
992 14 12 1178 8
992 12 45 1443 12
992 16 12 693 8
992 99 45 527 12
992 12 25 1134 10
992 56 25 2523 10
992 98 25 2723 10
992 26 25 3170 10
992 40 25 3973 10
992 5 45 1293 12
992 57 25 1134 10
992 52 25 417 10
992 54 12 27 8
992 0 45 1749 12
992 53 25 1712 10
992 1 25 2612 10
992 84 45 3867 12
992 94 25 937 10
992 31 25 2636 10
992 5 12 1024 8
992 39 25 1489 10
992 16 45 1293 12
992 36 45 1822 12
992 89 25 1705 10
992 16 12 112 8
992 79 25 2232 10
992 2 45 590 12
992 79 25 1330 10
992 30 12 810 8
992 68 45 994 12
992 18 45 3815 12
992 23 45 3360 12
992 64 12 1657 8
992 12 25 1163 10
992 9 25 2115 10
992 3 12 3011 8
992 68 45 1822 12
992 79 25 1709 10
992 51 25 539 10
993 27 25 2916 10
993 47 25 657 10
993 0 25 2916 10
993 86 25 262 10
993 5 45 2194 12
993 37 25 3708 10
993 39 12 418 8
993 90 45 2637 12
993 37 12 1835 8
993 71 12 3210 8
993 59 45 16 12
993 75 12 2152 8
993 23 45 888 12
993 81 25 1804 10
993 60 25 867 10
993 0 25 2892 10
993 9 25 1430 10
993 14 25 3144 10
993 34 25 432 10
993 3 25 40 10
993 91 45 3772 12
993 85 12 261 8
993 76 25 3591 10
993 18 25 2652 10
993 91 45 944 12
993 55 12 218 8
993 61 25 1383 10
993 7 45 1238 12
993 48 25 444 10
993 52 25 3649 10
994 45 25 760 10
994 44 25 2300 10
994 72 45 1268 12
994 94 12 3975 8
994 56 12 3464 8
994 99 12 1477 8
994 20 25 3338 10
994 50 45 870 12
994 70 12 1477 8
994 80 25 178 10
994 61 12 122 8
994 9 45 2670 12
994 7 25 615 10
994 53 25 2032 10
994 95 25 1948 10
994 32 25 123 10
994 74 25 3137 10
994 23 12 1434 8
994 49 12 71 8
994 29 25 801 10
994 8 45 3110 12
994 24 12 1443 8
994 88 12 1207 8
994 8 12 789 8
994 95 45 3329 12
994 96 45 1764 12
994 78 45 3548 12
994 43 25 1360 10
994 60 25 2246 10
994 30 25 1922 10
994 70 25 2523 10
994 62 25 2009 10
994 70 12 379 8
994 21 45 1506 12
994 2 45 1028 12
994 37 12 1382 8
994 56 12 1216 8
994 25 25 2246 10
994 86 45 3504 12
994 17 12 379 8
994 40 25 3729 10
994 77 12 3592 8
994 69 12 1332 8
994 73 25 1418 10
994 93 45 2882 12
994 54 12 379 8
995 74 12 827 8
995 8 25 206 10
995 21 25 2707 10
995 83 45 3121 12
995 30 25 366 10
995 86 12 902 8
995 53 25 1650 10
995 39 12 27 8
995 52 25 2397 10
995 44 25 540 10
995 63 45 2041 12
995 2 45 3238 12
995 72 12 2851 8
995 41 45 180 12
995 45 25 2736 10
995 5 25 85 10
995 49 45 1690 12
995 41 25 251 10
995 11 45 947 12
995 0 12 656 8
995 30 45 982 12
995 23 12 796 8
995 14 12 2121 8
995 22 12 3246 8
995 42 25 3973 10
995 65 25 1640 10
996 31 45 304 12
996 90 25 1319 10
996 31 25 492 10
996 7 25 729 10
996 21 25 1308 10
996 80 12 777 8
996 95 25 2701 10
996 79 12 1481 8
996 86 45 906 12
996 65 25 1646 10
996 79 25 2586 10
996 86 12 2976 8
996 26 25 33 10
996 3 45 854 12
996 87 25 115 10
996 58 25 1489 10
996 31 45 1766 12
996 35 12 1313 8
996 83 25 2275 10
996 31 45 1916 12
996 23 45 1916 12
996 22 45 2423 12
996 82 12 1047 8
996 76 25 3314 10
996 96 12 3827 8
996 47 45 888 12
996 74 45 3876 12
996 78 25 269 10
996 39 25 1803 10
996 85 12 966 8
996 54 25 3423 10
996 10 25 1489 10
996 79 25 1680 10
996 99 12 3902 8
996 68 25 2731 10
996 74 45 3504 12
996 81 25 3084 10
996 14 25 3879 10
996 94 25 1513 10
996 70 25 111 10
996 27 12 3973 8
996 99 45 3699 12
996 25 25 3335 10
997 8 45 2692 12
997 89 25 618 10
997 74 25 210 10
997 37 25 1772 10
997 97 25 3360 10
997 11 25 1496 10
997 72 25 2931 10
997 96 12 955 8
997 13 12 468 8
997 56 25 717 10
997 53 25 2393 10
997 90 25 1324 10
997 98 45 719 12
997 14 12 88 8
997 91 25 1018 10
997 92 12 922 8
997 42 25 1699 10
997 33 25 979 10
997 12 45 304 12
997 21 25 1718 10
997 62 25 2308 10
997 1 12 3986 8
997 56 45 1076 12
997 86 45 3419 12
997 73 45 1463 12
997 69 25 3494 10
997 2 25 1650 10
997 68 25 1689 10
997 25 12 2335 8
997 12 25 1391 10
997 44 45 3657 12
997 75 25 1699 10
997 60 25 1036 10
997 83 45 691 12
997 12 25 2843 10
997 43 45 1760 12
998 58 45 527 12
998 96 12 1490 8
998 6 12 339 8
998 66 25 650 10
998 98 45 1091 12
998 87 45 1804 12
998 51 25 1429 10
998 61 45 1506 12
998 55 25 3856 10
998 51 45 214 12
998 8 25 2942 10
998 6 45 2796 12
998 95 45 2654 12
998 80 25 436 10
998 48 45 25 12
998 56 25 1067 10
998 41 45 988 12
998 40 45 1117 12
998 23 25 1532 10
998 19 25 2843 10
998 36 45 2221 12
998 90 45 2213 12
998 53 25 787 10
998 71 45 854 12
998 97 25 1965 10
998 97 12 2426 8
998 39 25 383 10
998 15 12 748 8
998 69 12 960 8
998 17 12 1088 8
998 83 25 1850 10
998 23 45 856 12
998 37 12 2254 8
998 56 25 3442 10
998 27 25 1282 10
998 46 12 3515 8
998 97 45 580 12
998 29 45 3067 12
998 79 25 1456 10
998 16 12 3811 8
998 97 25 2523 10
998 82 25 1595 10
999 28 25 3523 10
999 56 25 670 10
999 55 45 2402 12
999 6 25 592 10
999 57 25 3016 10
999 19 45 536 12
999 60 12 1515 8
999 10 25 149 10
999 12 45 435 12
999 92 25 3312 10
999 69 12 611 8
999 53 45 1762 12
999 93 25 845 10
999 55 12 2227 8
999 30 12 2 8
999 3 25 539 10
999 25 45 1671 12
999 28 25 1713 10
999 23 25 1713 10
999 98 25 1324 10
999 25 25 1324 10
999 12 45 3853 12
999 15 12 968 8
999 22 12 922 8
999 12 45 28 12
999 98 25 3699 10
999 79 45 3560 12
999 39 25 3656 10
999 3 12 3982 8
999 88 25 1578 10
999 42 45 1269 12
999 45 12 1812 8
999 48 45 1065 12
999 26 25 429 10
999 69 45 92 12
999 1 25 506 10
999 88 45 216 12
999 76 25 465 10
999 32 45 2164 12
999 90 25 3646 10
999 97 45 2810 12
999 28 45 2032 12
999 18 45 1269 12
999 14 25 719 10
999 63 25 719 10
999 36 12 545 8
999 33 12 1525 8
999 84 45 1495 12
999 38 45 237 12
999 87 45 3996 12
999 13 45 732 12
999 55 12 1908 8
999 55 25 2979 10
999 79 25 3872 10
999 6 45 2952 12
999 19 25 2260 10
999 40 12 906 8
999 52 45 976 12
1000 98 45 2958 12
1000 96 12 3752 8
1000 6 25 630 10
1000 92 45 78 12
1000 16 25 1105 10
1000 25 25 625 10
1000 68 25 1210 10
1000 77 25 589 10
1000 12 45 465 12
1000 44 45 456 12
1000 57 45 2314 12
1000 67 45 456 12
1000 78 12 893 8
1000 36 25 1177 10
1000 99 45 3419 12
1000 74 12 1253 8
1000 9 45 1755 12
1000 69 12 1351 8
1000 82 25 319 10
1000 27 12 2446 8
1000 53 45 1701 12
1000 74 25 2016 10
1000 0 45 465 12
1000 96 12 2170 8
1000 65 25 1520 10
1000 25 12 2005 8
1000 90 12 1862 8
1000 46 45 222 12
1000 66 25 3107 10
1000 72 25 618 10
1000 54 25 573 10
1000 64 45 1611 12
1000 38 45 3840 12
1000 34 12 198 8
1000 37 25 25 10
1000 39 45 3242 12
1000 82 25 1993 10
1000 70 25 534 10
1000 96 45 672 12
1000 37 25 373 10
1000 62 25 479 10
1000 96 45 510 12
1000 61 25 214 10
1000 41 45 3009 12
1000 53 12 2982 8
1001 70 12 1434 8
1001 55 25 3940 10
1001 5 25 383 10
1001 14 25 1992 10
1001 36 12 2509 8
1001 47 12 884 8
1001 52 25 3016 10
1001 66 25 1195 10
1001 92 25 578 10
1001 46 25 3109 10
1001 11 12 463 8
1001 65 12 1070 8
1001 48 25 3373 10
1001 29 12 508 8
1001 9 25 1074 10
1001 18 45 3715 12
1001 67 25 344 10
1001 47 25 113 10
1001 93 25 131 10
1001 66 45 2419 12
1001 79 45 1370 12
1001 93 25 1856 10
1001 89 25 3850 10
1001 59 25 1771 10
1001 13 12 468 8
1001 96 45 1855 12
1001 4 45 1309 12
1001 26 12 2732 8
1001 89 45 1309 12
1001 1 12 1294 8
1001 87 25 446 10
1001 31 25 2565 10
1001 51 12 1525 8
1001 50 25 3226 10
1001 88 25 3325 10
1001 88 12 1186 8
1001 53 25 3794 10
1001 50 25 3702 10
1001 54 12 1443 8
1001 19 25 1745 10
1002 84 25 1580 10
1002 3 12 740 8
1002 89 25 1617 10
1002 30 25 1471 10
1002 95 12 653 8
1002 50 12 1149 8
1002 64 25 1262 10
1002 22 12 2652 8
1002 79 12 241 8
1002 58 25 2869 10
1002 28 25 2156 10
1002 19 45 2137 12
1002 73 45 143 12
1002 81 25 3960 10
1002 16 25 2736 10
1002 18 25 1566 10
1002 59 25 2480 10
1002 28 45 1590 12
1002 96 25 2156 10
1002 76 12 293 8
1002 20 45 208 12
1002 37 25 2523 10
1002 23 12 343 8
1002 67 12 1777 8
1002 66 45 1498 12
1003 60 25 1789 10
1003 55 45 547 12
1003 12 25 390 10
1003 27 12 1745 8
1003 88 12 679 8
1003 18 12 1134 8
1003 85 12 897 8
1003 51 12 3375 8
1003 95 12 656 8
1003 98 45 716 12
1003 39 45 2524 12
1003 59 45 626 12
1003 63 25 568 10
1003 84 25 589 10
1003 47 25 3658 10
1003 10 45 2974 12
1003 88 12 1088 8
1003 92 45 1988 12
1003 52 45 1273 12
1003 41 25 223 10
1003 60 12 3178 8
1003 93 12 2713 8
1003 67 45 1465 12
1003 74 25 1578 10
1003 91 12 1047 8
1003 99 25 2353 10
1003 4 45 1465 12
1003 83 12 491 8
1003 60 25 3224 10
1003 98 25 1054 10
1003 56 25 934 10
1003 66 25 937 10
1003 23 25 1880 10
1003 72 25 2217 10
1003 84 12 3597 8
1003 13 45 3840 12
1003 89 12 701 8
1003 79 25 2493 10
1003 99 25 594 10
1003 42 45 3120 12
1003 78 45 3640 12
1003 3 45 310 12
1003 38 12 526 8
1003 45 45 923 12
1003 12 25 3925 10
1003 19 25 1622 10
1003 50 25 2217 10
1003 74 25 49 10
1003 15 25 2152 10
1003 53 25 3655 10
1003 41 12 3160 8
1003 93 25 2620 10
1003 48 45 982 12
1003 5 45 376 12
1003 16 25 382 10
1004 13 45 1339 12
1004 27 45 2780 12
1004 58 45 629 12
1004 94 12 874 8
1004 77 45 917 12
1004 23 25 3704 10
1004 5 25 880 10
1004 38 45 166 12
1004 53 45 1593 12
1004 84 25 1573 10
1004 67 45 2511 12
1004 57 25 3107 10
1004 2 12 3133 8
1004 74 12 553 8
1004 25 25 3704 10
1004 12 25 2336 10
1004 58 12 2208 8
1004 4 45 664 12
1004 56 25 1496 10
1004 53 45 2546 12
1004 11 25 1052 10
1004 81 25 3208 10
1004 39 45 440 12
1004 7 12 2203 8
1004 40 45 832 12
1004 6 45 2867 12
1004 34 45 2434 12
1004 29 12 1720 8
1004 33 25 1946 10
1004 73 45 2434 12
1004 21 12 1589 8
1004 21 25 807 10
1004 92 12 848 8
1004 97 25 3107 10
1004 74 25 2552 10
1004 19 45 1625 12
1004 2 45 318 12
1004 42 45 2417 12
1004 47 45 268 12
1004 88 45 1636 12
1004 6 25 1431 10
1004 53 25 732 10
1004 79 25 1578 10
1004 43 12 1483 8
1004 59 12 350 8
1004 70 12 406 8
1004 12 45 486 12
1004 29 45 2709 12
1004 29 25 421 10
1004 93 45 2670 12
1004 30 25 2722 10
1004 61 25 2351 10
1004 22 25 620 10
1004 83 12 2806 8
1004 11 45 1052 12
1004 4 25 1848 10
1004 31 25 2391 10
1004 11 25 1890 10
1004 95 45 2959 12
1004 98 25 429 10
1004 52 45 3271 12
1005 52 25 2920 10
1005 25 45 3170 12
1005 11 45 2004 12
1005 86 45 1580 12
1005 85 25 3523 10
1005 42 25 2207 10
1005 33 25 3617 10
1005 48 25 546 10
1005 70 25 1513 10
1005 34 25 752 10
1005 41 45 2769 12
1005 48 45 136 12
1005 90 45 847 12
1005 93 25 1095 10
1005 24 25 2840 10
1005 13 12 3975 8
1005 94 45 1635 12
1005 14 45 1063 12
1005 21 45 1514 12
1005 76 25 3107 10
1005 90 25 101 10
1005 10 12 1792 8
1005 69 45 2195 12
1005 77 25 732 10
1005 37 45 602 12
1005 92 12 1921 8
1005 95 12 1921 8
1005 77 25 132 10
1005 20 12 496 8
1005 42 25 732 10
1005 66 12 1653 8
1005 28 12 1921 8
1005 79 25 861 10
1005 15 45 996 12
1005 23 25 2654 10
1005 58 12 505 8
1005 78 25 2186 10
1005 43 45 2587 12
1005 4 12 888 8
1005 39 45 2225 12
1005 13 45 832 12
1005 58 12 1536 8
1005 69 45 3472 12
1005 12 45 2225 12
1005 21 45 2257 12
1005 45 25 1424 10
1005 13 45 833 12
1005 57 25 1521 10
1005 22 45 832 12
1005 9 45 837 12
1005 27 45 2492 12
1006 41 45 3623 12
1006 69 25 1363 10
1006 9 45 580 12
1006 83 12 1024 8
1006 33 25 1636 10
1006 51 25 2336 10
1006 70 12 990 8
1006 81 25 2029 10
1006 65 25 2523 10
1006 24 12 930 8
1006 21 45 1636 12
1006 55 12 1763 8
1006 19 12 554 8
1006 67 25 3885 10
1006 35 25 2207 10
1006 76 25 2966 10
1006 64 25 3286 10
1006 34 12 1477 8
1006 14 25 1675 10
1006 2 45 0 12
1006 31 25 1548 10
1006 82 25 2931 10
1006 53 25 1548 10
1006 78 45 1328 12
1006 28 25 1321 10
1006 20 45 150 12
1006 89 12 2372 8
1006 29 12 1307 8
1006 95 25 3872 10
1007 45 25 1934 10
1007 16 25 1753 10
1007 11 12 275 8
1007 90 12 475 8
1007 28 25 831 10
1007 6 12 3454 8
1007 14 12 546 8
1007 16 25 1463 10
1007 80 12 1385 8
1007 93 25 1974 10
1007 51 45 1808 12
1007 65 12 1146 8
1007 61 12 1589 8
1007 98 25 2392 10
1007 86 25 3241 10
1007 22 25 2916 10
1007 11 12 3827 8
1007 17 45 3026 12
1007 36 25 702 10
1007 97 25 1948 10
1007 92 12 3141 8
1007 43 45 1668 12
1007 88 25 34 10
1007 90 12 3524 8
1007 33 45 747 12
1007 19 25 1853 10
1007 59 25 3676 10
1007 28 25 509 10
1007 26 45 124 12
1007 47 12 389 8
1007 81 25 2438 10
1007 44 25 861 10
1007 24 45 974 12
1007 7 25 410 10
1008 93 12 1756 8
1008 6 45 1421 12
1008 31 25 955 10
1008 74 25 2882 10
1008 56 25 3165 10
1008 47 25 1214 10
1008 3 12 662 8
1008 84 25 811 10
1008 74 25 2359 10
1008 74 25 1862 10
1008 68 25 1803 10
1008 32 12 3087 8
1008 4 45 2115 12
1008 51 25 3022 10
1008 78 25 127 10
1008 94 12 3327 8
1008 52 12 3208 8
1008 96 25 2996 10
1008 31 25 917 10
1008 89 45 2419 12
1008 22 45 1755 12
1008 15 12 1523 8
1008 14 45 2775 12
1008 7 12 2147 8
1008 25 45 2260 12
1008 94 45 1465 12
1008 43 25 814 10
1008 32 45 2794 12
1008 35 25 3165 10
1008 41 25 16 10
1008 27 25 1931 10
1009 60 25 771 10
1009 88 45 147 12
1009 77 25 2942 10
1009 68 45 1806 12
1009 22 25 3955 10
1009 32 45 671 12
1009 8 25 1920 10
1009 30 25 632 10
1009 2 12 2957 8
1009 85 25 2979 10
1009 60 12 1525 8
1009 16 12 278 8
1009 43 12 2915 8
1009 25 25 87 10
1009 28 45 1658 12
1009 60 25 192 10
1009 18 45 527 12
1009 73 25 1668 10
1009 14 25 3692 10
1009 32 12 755 8
1009 30 25 1338 10
1009 23 12 1869 8
1009 83 25 2302 10
1009 45 45 2077 12
1009 81 25 2005 10
1009 84 25 3529 10
1009 44 12 265 8
1009 3 25 3389 10
1009 73 25 3403 10
1009 89 25 937 10
1009 51 45 199 12
1009 77 25 663 10
1010 31 12 47 8
1010 12 12 883 8
1010 76 25 1208 10
1010 78 45 527 12
1010 5 12 3452 8
1010 70 25 3439 10
1010 93 45 527 12
1010 45 45 527 12
1010 97 25 1489 10
1010 51 12 532 8
1010 38 25 16 10
1010 20 25 3977 10
1010 2 25 370 10
1010 39 25 1263 10
1010 84 25 2595 10
1010 45 45 1149 12
1010 78 45 602 12
1010 79 12 3382 8
1010 9 25 3528 10
1010 17 25 2126 10
1010 64 45 3926 12
1010 81 45 156 12
1010 30 12 1518 8
1010 61 25 2141 10
1010 5 12 1024 8
1010 10 45 1590 12
1010 31 25 1418 10
1010 41 45 1774 12
1010 87 12 26 8
1010 9 12 2860 8
1010 41 12 2957 8
1010 86 25 1407 10
1010 24 12 2860 8
1010 96 12 401 8
1010 92 25 3521 10
1010 42 25 3513 10
1010 47 25 2363 10
1011 77 25 3398 10
1011 58 45 301 12
1011 28 25 1868 10
1011 70 12 795 8
1011 64 12 1720 8
1011 10 25 889 10
1011 5 45 624 12
1011 13 45 3763 12
1011 69 45 527 12
1011 48 25 590 10
1011 85 45 1415 12
1011 85 12 95 8
1011 67 45 989 12
1011 29 45 267 12
1011 17 45 3550 12
1011 41 45 1873 12
1011 70 12 809 8
1011 65 45 3843 12
1011 2 12 3259 8
1011 51 45 902 12
1011 99 12 1842 8
1011 55 12 2854 8
1011 17 25 2407 10
1011 29 45 1005 12
1011 53 45 1714 12
1011 25 45 541 12
1011 52 25 3005 10
1011 54 45 3489 12
1011 59 25 1227 10
1011 64 25 2652 10
1011 71 45 2593 12
1011 94 12 922 8
1011 9 12 1252 8
1011 82 45 1085 12
1011 83 45 1564 12
1011 33 25 593 10
1011 68 45 1923 12
1011 30 45 1415 12
1011 41 45 1089 12
1011 5 12 90 8
1011 16 45 431 12
1011 53 12 3694 8
1011 37 45 518 12
1011 26 25 2314 10
1011 62 45 1517 12
1011 94 25 883 10
1011 44 12 662 8
1011 6 25 1275 10
1011 96 25 1361 10
1011 83 12 1641 8
1011 20 25 445 10
1012 23 12 357 8
1012 84 25 3606 10
1012 8 12 2627 8
1012 49 25 368 10
1012 25 45 2391 12
1012 52 25 1719 10
1012 15 12 875 8
1012 97 25 574 10
1012 64 12 2385 8
1012 97 12 418 8
1012 65 45 54 12
1012 76 12 2812 8
1012 99 12 2979 8
1012 66 12 2478 8
1012 83 12 1377 8
1012 91 12 1024 8
1012 41 25 3810 10
1012 3 25 1415 10
1012 27 12 599 8
1012 59 12 1088 8
1012 4 25 2453 10
1012 41 45 2453 12
1012 6 25 799 10
1012 6 12 535 8
1012 89 25 2381 10
1012 64 45 1590 12
1012 69 45 362 12
1012 61 12 1314 8
1012 72 45 2201 12
1012 35 45 2492 12
1012 23 25 2423 10
1012 34 25 2536 10
1012 56 25 851 10
1012 29 45 1238 12
1012 39 45 2201 12
1012 95 45 484 12
1012 96 25 785 10
1012 8 45 973 12
1012 25 25 1133 10
1012 90 12 57 8
1012 86 25 1205 10
1012 83 12 2861 8
1012 36 45 118 12
1012 31 12 1581 8
1012 87 25 2423 10
1012 6 25 3085 10
1012 16 12 713 8
1012 51 25 3169 10
1012 41 45 1148 12
1012 53 25 802 10
1012 71 25 418 10
1012 69 25 736 10
1013 27 45 1921 12
1013 15 45 1824 12
1013 6 25 1044 10
1013 12 45 2597 12
1013 24 45 3120 12
1013 36 25 1276 10
1013 9 12 418 8
1013 98 25 1875 10
1013 36 25 3629 10
1013 15 25 302 10
1013 65 45 1355 12
1013 93 45 624 12
1013 92 45 1349 12
1013 64 45 1732 12
1013 66 25 1318 10
1013 30 45 1465 12
1013 88 25 2385 10
1013 13 12 706 8
1013 48 45 1422 12
1013 62 45 3211 12
1013 94 25 108 10
1013 68 45 1564 12
1013 66 25 1709 10
1013 41 25 1534 10
1013 81 25 2226 10
1013 29 45 123 12
1013 73 45 2903 12
1013 74 25 2549 10
1013 35 45 1986 12
1013 10 25 1534 10
1013 86 25 426 10
1013 44 12 604 8
1013 93 45 1590 12
1013 25 45 2688 12
1014 43 25 1635 10
1014 53 25 1872 10
1014 94 12 1834 8
1014 94 25 2836 10
1014 73 45 1109 12
1014 44 45 2189 12
1014 52 25 2918 10
1014 33 12 2316 8
1014 74 25 3418 10
1014 84 12 223 8
1014 2 25 3332 10
1014 30 45 1885 12
1014 13 45 1289 12
1014 98 25 2523 10
1014 97 12 1936 8
1014 82 25 2523 10
1014 90 12 1434 8
1014 44 25 1635 10
1014 91 25 2661 10
1014 55 45 1890 12
1014 7 45 399 12
1014 48 12 1624 8
1014 3 25 1448 10
1014 18 45 3059 12
1014 31 25 1448 10
1014 52 25 2523 10
1014 7 25 1444 10
1014 35 25 1448 10
1014 18 25 3418 10
1014 5 25 2523 10
1014 82 25 1448 10
1014 90 25 2523 10
1014 91 25 2958 10
1014 26 12 1246 8
1015 16 12 1893 8
1015 82 45 1679 12
1015 58 25 417 10
1015 18 12 2919 8
1015 45 12 3421 8
1015 44 45 1997 12
1015 43 45 399 12
1015 37 45 1720 12
1015 66 45 1931 12
1015 34 25 1561 10
1015 53 25 991 10
1015 72 25 3489 10
1015 92 25 845 10
1015 25 12 1390 8
1015 48 25 1099 10
1015 47 25 3489 10
1015 22 25 3585 10
1015 46 12 1241 8
1015 5 12 1314 8
1015 62 45 938 12
1015 30 45 2637 12
1015 28 45 1630 12
1015 79 12 1207 8
1015 19 12 1811 8
1015 48 25 2353 10
1015 9 45 2804 12
1015 39 12 499 8
1015 58 12 3447 8
1015 58 45 3743 12
1015 84 25 3012 10
1015 9 25 1059 10
1015 74 12 1953 8
1015 93 25 1029 10
1015 47 25 3621 10
1015 79 12 2371 8
1016 64 45 566 12
1016 36 25 20 10
1016 0 12 897 8
1016 9 45 2755 12
1016 51 45 1055 12
1016 66 12 2705 8
1016 67 45 2755 12
1016 19 25 3029 10
1016 35 45 1654 12
1016 59 25 705 10
1016 56 25 371 10
1016 38 25 417 10
1016 24 45 1508 12
1016 21 25 2928 10
1016 21 25 1639 10
1016 17 12 883 8
1016 82 12 1440 8
1016 62 45 2644 12
1016 92 25 636 10
1016 78 12 3903 8
1016 98 45 198 12
1016 76 12 2990 8
1016 74 25 1639 10
1016 8 25 1673 10
1016 90 25 416 10
1016 34 12 3874 8
1016 63 45 2485 12
1016 91 25 1781 10
1016 45 25 1296 10
1016 46 25 253 10
1016 14 25 447 10
1016 40 12 1750 8
1016 39 25 160 10
1016 13 25 3702 10
1016 43 25 20 10
1016 62 45 2593 12
1016 38 25 1050 10
1016 33 25 3775 10
1017 84 25 272 10
1017 81 45 1179 12
1017 91 25 355 10
1017 76 12 1014 8
1017 53 25 3262 10
1017 65 12 69 8
1017 29 25 443 10
1017 46 25 1990 10
1017 1 25 58 10
1017 80 45 1623 12
1017 49 45 3215 12
1017 75 25 20 10
1017 65 12 3204 8
1017 29 45 321 12
1017 6 45 1856 12
1017 57 45 1003 12
1017 24 12 3412 8
1017 43 25 334 10
1017 8 45 1500 12
1017 39 25 1393 10
1017 90 25 987 10
1017 79 25 596 10
1017 6 25 1945 10
1017 14 45 2896 12
1017 2 45 611 12
1017 70 12 1249 8
1017 44 12 3448 8
1017 13 12 668 8
1017 96 45 1965 12
1017 79 12 54 8
1017 77 25 2381 10
1017 62 25 647 10
1017 65 45 253 12
1017 6 25 1617 10
1017 15 45 2383 12
1017 92 25 2391 10
1017 20 12 1764 8
1017 44 25 2302 10
1017 92 45 2195 12
1017 92 25 3999 10
1017 55 12 1674 8
1017 12 45 1052 12
1017 81 25 127 10
1018 90 25 488 10
1018 82 25 356 10
1018 96 12 668 8
1018 64 25 1112 10
1018 31 45 2383 12
1018 27 25 623 10
1018 45 25 1635 10
1018 45 25 815 10
1018 47 45 3120 12
1018 70 25 228 10
1018 5 25 1713 10
1018 54 25 1873 10
1018 78 45 2383 12
1018 95 45 3743 12
1018 13 25 630 10
1018 49 12 1558 8
1018 92 45 2496 12
1018 8 12 3870 8
1018 96 45 679 12
1018 9 25 3900 10
1018 81 25 2775 10
1018 49 25 1806 10
1018 66 45 3239 12
1018 43 25 630 10
1018 44 25 1330 10
1018 45 25 552 10
1018 42 45 2688 12
1018 57 45 2688 12
1018 88 25 1383 10
1018 49 12 154 8
1018 97 45 2591 12
1018 34 25 623 10
1018 33 25 2756 10
1018 56 45 1125 12
1018 20 25 2096 10
1018 47 25 1183 10
1018 68 25 2863 10
1018 87 45 3239 12
1018 83 12 1606 8
1018 44 12 2372 8
1018 79 12 1211 8
1019 72 25 1532 10
1019 48 45 1316 12
1019 90 12 2946 8
1019 99 25 425 10
1019 89 12 873 8
1019 98 25 1151 10
1019 61 25 848 10
1019 60 45 1773 12
1019 47 45 3998 12
1019 84 25 1591 10
1019 62 25 2314 10
1019 36 45 3627 12
1019 28 12 429 8
1019 90 25 3240 10
1019 96 12 910 8
1019 58 25 3534 10
1019 91 12 2594 8
1019 83 25 2097 10
1019 62 45 183 12
1019 25 45 2588 12
1019 39 12 11 8
1019 11 12 806 8
1019 71 25 662 10
1019 78 25 911 10
1019 56 25 1236 10
1019 90 12 353 8
1019 43 25 1704 10
1019 13 45 1950 12
1019 76 25 2500 10
1019 60 25 852 10
1019 10 12 729 8
1019 54 45 229 12
1019 52 45 1778 12
1019 53 45 2974 12
1019 13 45 1590 12
1019 21 12 2059 8
1019 81 25 2972 10
1019 85 45 1522 12
1019 41 25 1931 10
1019 93 45 818 12
1019 99 25 3075 10
1019 77 25 2669 10
1019 91 12 3182 8
1019 21 45 1375 12
1019 9 25 1714 10
1019 50 25 2669 10
1019 58 45 1075 12
1019 59 12 1054 8
1019 28 12 3136 8
1019 0 25 453 10
1019 3 12 2152 8
1019 8 45 1075 12
1019 0 45 1828 12
1019 71 45 3764 12
1019 35 25 2551 10
1019 47 12 1611 8
1020 75 12 1619 8
1020 2 25 704 10
1020 80 12 857 8
1020 4 25 719 10
1020 32 12 2382 8
1020 47 45 3673 12
1020 23 45 1346 12
1020 64 25 2828 10
1020 12 25 1430 10
1020 62 25 719 10
1020 60 25 1921 10
1020 87 45 802 12
1020 21 45 888 12
1020 22 25 1967 10
1020 72 25 484 10
1020 39 25 1729 10
1020 85 45 289 12
1020 61 25 305 10
1020 13 12 1132 8
1020 89 25 2828 10
1020 82 45 1975 12
1020 45 45 1507 12
1020 55 12 3461 8
1020 74 25 1313 10
1020 42 12 500 8
1020 4 45 1859 12
1020 80 25 2248 10
1020 12 25 1521 10
1020 21 45 3753 12
1020 13 25 942 10
1020 81 25 1112 10
1020 36 25 899 10
1020 23 25 3059 10
1020 58 12 1709 8
1020 28 12 2588 8
1020 64 12 2851 8
1020 30 12 930 8
1020 49 45 949 12
1021 53 12 3171 8
1021 27 45 3810 12
1021 69 25 1922 10
1021 25 25 3120 10
1021 42 12 3045 8
1021 54 45 3442 12
1021 78 12 997 8
1021 80 12 701 8
1021 43 12 1594 8
1021 38 12 3282 8
1021 87 25 3120 10
1021 14 25 1142 10
1021 98 45 3569 12
1021 2 25 3994 10
1021 50 12 895 8
1021 68 25 2775 10
1021 64 45 3753 12
1021 39 45 1563 12
1021 8 25 1203 10
1021 36 25 2992 10
1021 12 45 1780 12
1021 64 45 1873 12
1021 39 45 143 12
1021 56 45 3605 12
1021 59 45 310 12
1021 16 45 3419 12
1021 60 12 902 8
1021 18 25 160 10
1021 68 25 3699 10
1021 61 25 40 10
1021 7 25 2497 10
1021 51 45 1873 12
1022 31 25 1094 10
1022 55 45 600 12
1022 56 45 2706 12
1022 89 25 127 10
1022 81 25 831 10
1022 19 25 831 10
1022 80 25 406 10
1022 7 25 7 10
1022 76 25 1931 10
1022 75 25 2056 10
1022 65 12 3581 8
1022 78 45 1463 12
1022 73 45 2802 12
1022 73 45 3602 12
1022 26 12 211 8
1022 67 25 3263 10
1022 69 45 337 12
1022 40 12 1681 8
1022 34 25 831 10
1022 11 45 2986 12
1022 47 25 3263 10
1022 11 25 1499 10
1022 64 25 438 10
1022 40 45 1764 12
1022 14 12 1476 8
1022 75 25 1595 10
1022 24 25 7 10
1022 59 25 592 10
1022 97 12 2372 8
1022 67 12 3176 8
1022 17 12 1802 8
1023 74 45 818 12
1023 53 45 3502 12
1023 12 25 3915 10
1023 15 25 908 10
1023 95 12 2316 8
1023 88 12 1253 8
1023 81 25 2168 10
1023 12 45 994 12
1023 46 45 2453 12
1023 15 25 2847 10
1023 44 25 395 10
1023 50 45 1098 12
1023 57 25 2248 10
1023 72 12 3874 8
1023 8 12 1192 8
1023 34 25 425 10
1023 57 25 3891 10
1023 39 12 2919 8
1023 32 25 634 10
1023 47 25 573 10
1023 66 25 1840 10
1023 46 45 2343 12
1023 78 45 726 12
1023 13 25 302 10
1023 53 12 2234 8
1023 84 12 2234 8
1023 62 25 2574 10
1023 16 45 2194 12
1023 99 45 3502 12
1023 87 45 2343 12
1023 74 25 3029 10
1023 43 25 150 10
1023 15 45 3097 12
1023 44 12 2367 8
1024 3 45 626 12
1024 58 45 264 12
1024 45 25 1155 10
1024 96 25 535 10
1024 43 25 1263 10
1024 15 45 2688 12
1024 21 45 1680 12
1024 67 12 3852 8
1024 60 12 206 8
1024 68 25 3107 10
1024 81 25 3012 10
1024 41 12 233 8
1024 94 12 2203 8
1024 94 25 1629 10
1024 61 12 2921 8
1024 94 12 171 8
1024 15 25 3604 10
1024 74 45 264 12
1024 92 45 2670 12
1024 3 45 2255 12
1024 13 25 2391 10
1024 36 45 2670 12
1024 44 12 1497 8
1024 93 12 3421 8
1024 4 12 908 8
1024 9 25 2340 10
1024 51 12 2172 8
1024 79 45 3569 12
1024 46 12 1351 8
1024 61 25 3955 10
1024 90 45 2597 12
1024 79 12 1430 8
1024 92 25 2446 10
1024 68 25 3241 10
1024 68 45 269 12
1024 38 45 2896 12
1024 43 45 174 12
1024 92 45 1004 12
1024 88 25 1318 10
1024 49 12 1231 8
1024 46 25 3059 10
1024 38 25 435 10
1024 56 45 842 12
1024 53 12 1608 8
1024 89 45 3809 12
1024 34 45 3787 12
1024 14 25 3679 10
1024 4 25 3272 10
1024 89 45 404 12
1024 13 25 3272 10
1024 4 25 1880 10
1024 26 25 2675 10
1024 69 25 608 10
1024 45 25 2669 10
1024 96 25 351 10
1024 8 12 1705 8
1024 23 45 1846 12
1024 98 12 3842 8
1025 24 12 2057 8
1025 19 12 1623 8
1025 78 25 2094 10
1025 99 12 2989 8
1025 72 25 924 10
1025 79 45 3208 12
1025 72 12 1674 8
1025 81 12 93 8
1025 32 45 3965 12
1025 77 25 3955 10
1025 57 45 3518 12
1025 72 25 931 10
1025 56 25 3872 10
1025 52 45 3033 12
1025 15 45 1066 12
1025 16 12 3341 8
1025 24 12 495 8
1025 50 12 925 8
1025 56 25 3606 10
1025 68 25 1230 10
1025 32 45 44 12
1025 81 45 267 12
1025 97 12 1443 8
1025 49 25 2261 10
1025 51 12 3182 8
1025 80 25 831 10
1025 15 12 3810 8
1025 20 25 1492 10
1025 51 12 1443 8
1025 55 25 636 10
1025 48 25 2023 10
1026 27 25 2824 10
1026 13 25 3154 10
1026 70 45 2915 12
1026 73 25 2243 10
1026 96 12 886 8
1026 77 12 3141 8
1026 60 12 294 8
1026 8 25 3209 10
1026 9 25 2250 10
1026 10 12 3784 8
1026 67 45 1939 12
1026 1 12 51 8
1026 14 25 2422 10
1026 98 12 3299 8
1026 82 12 966 8
1026 24 45 2603 12
1026 94 25 2373 10
1026 75 45 1365 12
1026 92 25 2749 10
1026 76 45 2791 12
1026 57 12 1619 8
1026 11 12 500 8
1026 4 45 944 12
1026 2 12 739 8
1026 71 12 3375 8
1026 61 25 2118 10
1026 76 25 596 10
1026 42 45 859 12
1026 99 12 2910 8
1026 90 45 2942 12
1026 44 25 1785 10
1026 93 45 3508 12
1026 55 45 2746 12
1026 60 25 3024 10
1026 4 25 131 10
1027 4 25 1418 10
1027 8 12 3426 8
1027 48 45 212 12
1027 94 45 2684 12
1027 85 25 861 10
1027 27 45 1766 12
1027 87 45 3794 12
1027 51 25 1508 10
1027 31 25 1476 10
1027 72 25 1831 10
1027 79 12 3048 8
1027 42 25 1789 10
1027 18 12 702 8
1027 21 45 473 12
1027 5 45 164 12
1027 84 25 2322 10
1027 84 25 1612 10
1027 52 45 630 12
1027 66 25 1967 10
1027 56 12 855 8
1027 73 25 1069 10
1027 8 25 1256 10
1027 62 45 528 12
1027 81 25 815 10
1027 37 45 3278 12
1027 92 45 1998 12
1027 75 25 502 10
1027 70 45 1766 12
1027 54 25 1171 10
1027 66 12 1164 8
1027 11 45 1804 12
1027 80 12 1095 8
1027 75 45 1774 12
1027 7 25 119 10
1027 7 25 2975 10
1027 78 12 532 8
1028 42 12 1776 8
1028 87 25 3620 10
1028 45 25 2739 10
1028 6 12 1908 8
1028 94 12 3830 8
1028 62 12 970 8
1028 17 12 1413 8
1028 46 25 1574 10
1028 87 45 1307 12
1028 14 25 503 10
1028 56 45 2107 12
1028 82 12 1812 8
1028 44 12 3734 8
1028 71 25 342 10
1028 24 12 717 8
1028 10 45 2194 12
1028 95 12 835 8
1028 49 45 810 12
1028 28 45 362 12
1028 90 12 2088 8
1028 3 25 596 10
1028 86 25 1747 10
1028 91 45 1245 12
1028 11 45 9 12
1028 20 25 1465 10
1028 45 25 342 10
1029 72 12 316 8
1029 64 12 1920 8
1029 73 12 118 8
1029 90 12 2258 8
1029 61 12 3888 8
1029 13 12 1361 8
1029 52 12 1594 8
1029 84 12 3178 8
1029 74 25 1135 10
1029 1 45 1394 12
1029 75 45 2314 12
1029 64 12 3982 8
1029 90 12 1594 8
1029 72 45 1326 12
1029 11 25 3655 10
1029 61 25 1848 10
1029 88 25 3505 10
1029 41 12 3093 8
1029 42 12 294 8
1030 22 12 3299 8
1030 65 25 348 10
1030 89 12 1164 8
1030 94 25 3935 10
1030 17 25 3306 10
1030 47 12 1428 8
1030 78 12 887 8
1030 73 12 645 8
1030 34 25 136 10
1030 44 45 1921 12
1030 38 25 1713 10
1030 22 12 2466 8
1030 26 25 814 10
1030 47 25 2407 10
1030 20 25 2332 10
1030 69 45 3011 12
1030 45 12 1899 8
1030 88 45 3177 12
1030 38 25 117 10
1030 64 25 1040 10
1030 97 25 1040 10
1031 64 25 904 10
1031 21 25 717 10
1031 50 12 391 8
1031 82 45 791 12
1031 26 25 784 10
1031 80 12 793 8
1031 69 25 1123 10
1031 50 45 3477 12
1031 14 25 2183 10
1031 36 25 3127 10
1031 43 25 2480 10
1031 3 45 545 12
1031 43 25 2842 10
1031 75 25 2862 10
1031 88 12 1990 8
1031 94 12 2860 8
1031 40 12 2270 8
1031 69 25 32 10
1031 73 25 3208 10
1031 94 12 1428 8
1031 12 45 2877 12
1031 57 25 222 10
1031 7 12 71 8
1031 3 25 1180 10
1031 23 12 895 8
1031 25 25 1831 10
1031 33 25 1561 10
1031 14 25 539 10
1031 50 45 1010 12
1031 69 25 1880 10
1031 90 12 741 8
1031 24 25 2475 10
1031 64 45 381 12
1031 12 45 1566 12
1031 28 45 554 12
1031 17 12 389 8
1031 36 12 679 8
1031 20 25 3031 10
1031 58 25 1330 10
1031 55 45 667 12
1031 83 12 929 8
1031 64 45 260 12
1031 59 12 1870 8
1032 78 25 375 10
1032 44 45 1623 12
1032 69 12 897 8
1032 70 25 1998 10
1032 3 12 1477 8
1032 19 12 1815 8
1032 81 12 3084 8
1032 57 25 109 10
1032 48 45 2779 12
1032 27 12 291 8
1032 28 25 3012 10
1032 67 25 2828 10
1032 73 45 3884 12
1032 20 12 3176 8
1032 98 45 0 12
1032 31 12 3122 8
1032 53 12 185 8
1032 35 45 2814 12
1032 61 12 161 8
1032 95 25 3533 10
1032 59 45 991 12
1032 96 45 2945 12
1032 5 12 2500 8
1032 57 25 3937 10
1032 32 12 1573 8
1032 49 12 848 8
1032 92 45 2145 12
1032 4 25 2452 10
1032 64 12 73 8
1033 28 45 60 12
1033 6 12 1045 8
1033 86 25 2551 10
1033 25 12 3511 8
1033 85 45 3884 12
1033 43 25 552 10
1033 28 12 1594 8
1033 46 12 1440 8
1033 73 45 1830 12
1033 67 12 1646 8
1033 19 25 3188 10
1033 16 12 2027 8
1033 53 12 169 8
1033 71 45 580 12
1033 87 45 2415 12
1033 40 25 269 10
1033 61 45 1518 12
1033 80 45 3110 12
1033 72 12 3839 8
1033 46 12 1123 8
1033 68 45 293 12
1033 85 12 1047 8
1033 16 45 3508 12
1033 83 25 1012 10
1033 50 25 836 10
1033 73 45 2649 12
1033 0 25 1753 10
1034 0 45 2080 12
1034 83 25 2675 10
1034 25 45 1766 12
1034 32 12 89 8
1034 21 45 2403 12
1034 41 12 2594 8
1034 7 45 1777 12
1034 18 45 3482 12
1034 88 12 1249 8
1034 97 25 3490 10
1034 44 25 2373 10
1034 80 45 1518 12
1034 41 45 393 12
1034 10 45 1766 12
1034 85 45 3477 12
1034 47 45 1766 12
1034 7 25 2779 10
1034 78 12 2747 8
1034 44 12 1033 8
1034 49 25 1205 10
1034 9 12 1750 8
1034 24 12 1594 8
1034 49 25 1350 10
1034 33 12 394 8
1034 75 25 22 10
1034 58 25 3551 10
1034 37 25 1775 10
1034 22 25 3632 10
1034 48 25 97 10
1034 82 25 2038 10
1034 98 12 781 8
1034 34 45 302 12
1034 56 25 1948 10
1034 66 45 1975 12
1035 49 25 1265 10
1035 45 45 1093 12
1035 89 25 3662 10
1035 60 25 1053 10
1035 60 25 3644 10
1035 45 45 3282 12
1035 22 12 3713 8
1035 90 25 1880 10
1035 28 45 1091 12
1035 66 25 1640 10
1035 0 25 3906 10
1035 14 25 1056 10
1035 32 12 1123 8
1035 41 25 1639 10
1035 11 12 1717 8
1035 71 25 444 10
1035 41 25 3529 10
1035 86 25 871 10
1035 21 25 3824 10
1035 5 12 1841 8
1035 17 12 1945 8
1035 92 25 2037 10
1035 25 25 932 10
1035 30 25 2675 10
1035 31 45 439 12
1035 28 45 1179 12
1035 10 25 19 10
1035 45 25 3024 10
1035 92 25 2154 10
1035 75 45 481 12
1036 34 12 345 8
1036 21 45 2046 12
1036 84 45 3541 12
1036 51 45 398 12
1036 52 25 1798 10
1036 8 25 2225 10
1036 63 12 1641 8
1036 87 45 949 12
1036 97 45 1690 12
1036 11 45 1102 12
1036 46 25 286 10
1036 54 45 1654 12
1036 63 12 2433 8
1036 47 25 2225 10
1036 51 25 1285 10
1036 84 25 2946 10
1036 78 25 2677 10
1036 17 25 3222 10
1036 78 25 1005 10
1036 75 25 3222 10
1036 47 25 855 10
1037 14 45 1999 12
1037 91 12 1268 8
1037 28 12 3845 8
1037 79 25 1333 10
1037 58 25 2654 10
1037 54 25 3673 10
1037 17 12 1437 8
1037 29 45 1595 12
1037 49 25 480 10
1037 35 45 1008 12
1037 97 25 2704 10
1037 32 25 2551 10
1037 65 12 1749 8
1037 6 12 3003 8
1037 54 45 1293 12
1037 81 25 2130 10
1037 86 45 3237 12
1037 82 25 2551 10
1037 30 25 3751 10
1037 60 45 3477 12
1037 10 45 1396 12
1037 59 45 976 12
1037 9 45 291 12
1037 34 45 1370 12
1037 53 25 1203 10
1037 49 25 2096 10
1037 85 25 1967 10
1037 38 25 1637 10
1038 62 45 520 12
1038 64 45 1039 12
1038 38 45 324 12
1038 54 45 939 12
1038 17 12 1173 8
1038 4 25 70 10
1038 48 25 1112 10
1038 72 12 1130 8
1038 34 25 2767 10
1038 2 25 2389 10
1038 8 45 2580 12
1038 20 12 1945 8
1038 10 45 2804 12
1038 87 25 656 10
1038 0 45 3884 12
1038 34 45 324 12
1038 64 25 261 10
1038 35 25 1812 10
1038 93 12 535 8
1038 18 25 1284 10
1038 30 45 324 12
1038 34 45 181 12
1038 30 25 3163 10
1038 36 25 1812 10
1038 53 12 652 8
1038 26 12 2091 8
1038 13 45 66 12
1038 9 25 1895 10
1039 36 12 3606 8
1039 73 12 1489 8
1039 55 25 590 10
1039 57 45 441 12
1039 78 25 1262 10
1039 36 25 438 10
1039 5 45 2538 12
1039 80 45 1773 12
1039 25 12 1013 8
1039 53 45 340 12
1039 5 25 762 10
1039 9 25 1716 10
1039 2 25 236 10
1039 93 25 1396 10
1039 45 12 2476 8
1039 58 45 301 12
1039 61 25 2500 10
1039 75 12 1123 8
1039 68 45 968 12
1039 65 45 906 12
1039 58 25 417 10
1039 58 25 1931 10
1039 42 25 3120 10
1039 24 25 2383 10
1039 95 45 708 12
1039 68 25 36 10
1039 42 45 2688 12
1039 72 12 2627 8
1039 12 12 1853 8
1039 2 12 3246 8
1039 41 12 136 8
1039 91 45 2052 12
1039 35 25 1171 10
1039 10 25 1318 10
1039 87 12 3948 8
1039 16 45 2912 12
1039 32 45 989 12
1039 9 12 3937 8
1039 41 45 207 12
1039 34 12 832 8
1040 56 45 3460 12
1040 36 12 541 8
1040 23 12 951 8
1040 68 12 532 8
1040 82 12 541 8
1040 70 45 381 12
1040 70 25 762 10
1040 80 25 1636 10
1040 53 25 851 10
1040 91 12 2596 8
1040 14 25 1068 10
1040 92 25 2073 10
1040 25 25 3286 10
1040 6 25 2820 10
1040 79 45 1677 12
1040 54 45 1389 12
1040 28 45 1389 12
1040 25 25 1598 10
1040 48 12 2957 8
1040 7 45 54 12
1040 17 25 1394 10
1040 34 25 572 10
1040 59 12 171 8
1040 34 25 1350 10
1040 34 25 1177 10
1040 43 25 640 10
1040 74 25 1359 10
1040 90 25 946 10
1040 60 12 789 8
1040 77 25 2152 10
1040 81 25 716 10
1040 99 45 1424 12
1040 62 25 1899 10
1041 61 25 1122 10
1041 45 12 391 8
1041 69 45 1109 12
1041 91 25 3914 10
1041 42 25 877 10
1041 40 12 3811 8
1041 93 25 445 10
1041 47 25 3057 10
1041 80 45 2777 12
1041 34 45 118 12
1041 10 25 515 10
1041 72 12 3539 8
1041 2 25 2353 10
1041 50 45 1463 12
1041 50 25 1673 10
1041 36 25 1195 10
1041 54 12 1527 8
1041 77 45 1463 12
1041 99 12 1355 8
1041 32 25 1810 10
1041 69 12 634 8
1041 98 25 2862 10
1041 85 45 896 12
1041 30 12 71 8
1041 82 25 2911 10
1041 1 25 190 10
1041 10 12 2804 8
1041 96 12 1572 8
1042 75 25 1855 10
1042 4 45 642 12
1042 75 45 2229 12
1042 95 45 1806 12
1042 25 12 2686 8
1042 79 25 198 10
1042 70 45 687 12
1042 99 45 239 12
1042 16 25 3389 10
1042 95 45 82 12
1042 13 12 3707 8
1042 95 45 883 12
1042 88 25 371 10
1042 36 12 1437 8
1042 83 25 2183 10
1042 99 25 3318 10
1042 91 12 2369 8
1042 8 45 1733 12
1042 66 45 519 12
1042 31 12 3174 8
1042 12 25 363 10
1042 16 45 3700 12
1042 32 25 1361 10
1042 93 45 2524 12
1042 45 25 2315 10
1043 76 25 1145 10
1043 82 25 2541 10
1043 8 25 785 10
1043 16 45 2597 12
1043 74 45 1085 12
1043 68 45 286 12
1043 41 25 1099 10
1043 85 25 113 10
1043 34 12 1179 8
1043 51 45 1939 12
1043 84 45 267 12
1043 47 45 242 12
1043 53 12 1271 8
1043 93 12 1796 8
1043 23 12 2500 8
1043 9 25 76 10
1044 8 25 1821 10
1044 17 25 498 10
1044 51 25 1036 10
1044 8 12 77 8
1044 12 12 1594 8
1044 13 12 3573 8
1044 21 25 987 10
1044 91 45 2599 12
1044 25 45 261 12
1044 36 25 981 10
1044 10 25 3929 10
1044 76 12 3929 8
1044 97 12 381 8
1044 48 25 90 10
1044 81 45 2926 12
1044 6 12 2335 8
1045 69 25 3936 10
1045 2 45 870 12
1045 40 25 2500 10
1045 99 12 3827 8
1045 40 12 3029 8
1045 30 25 2523 10
1045 63 25 3995 10
1045 11 12 3602 8
1045 93 25 2523 10
1045 42 25 1396 10
1045 37 12 301 8
1045 62 12 3902 8
1045 2 25 1638 10
1045 47 45 3112 12
1045 66 25 452 10
1045 37 25 2818 10
1045 18 25 318 10
1045 28 25 799 10
1045 94 25 2523 10
1045 27 25 1476 10
1045 11 12 791 8
1045 68 45 3753 12
1045 6 45 127 12
1045 39 25 453 10
1045 22 12 743 8
1045 94 25 1785 10
1045 53 25 1161 10
1045 22 25 34 10
1045 72 25 1068 10
1045 68 45 3180 12
1045 41 45 2485 12
1045 86 25 1718 10
1045 69 12 785 8
1045 12 12 795 8
1045 22 45 2485 12
1045 1 12 1089 8
1045 22 25 626 10
1045 9 12 1440 8
1046 29 12 897 8
1046 58 45 2444 12
1046 30 45 1628 12
1046 98 25 731 10
1046 44 45 427 12
1046 28 25 1907 10
1046 14 25 3007 10
1046 42 25 3487 10
1046 64 12 1386 8
1046 65 25 2717 10
1046 91 25 2243 10
1046 5 45 3536 12
1046 70 45 1996 12
1046 35 25 282 10
1046 74 12 301 8
1046 43 25 3625 10
1046 36 25 2003 10
1046 65 12 314 8
1046 77 12 569 8
1046 66 25 1452 10
1046 86 12 1994 8
1046 49 12 301 8
1046 8 25 1495 10
1046 3 45 536 12
1046 67 45 1080 12
1046 39 45 1297 12
1046 69 45 1177 12
1046 0 25 3511 10
1046 73 25 1929 10
1046 8 25 1113 10
1046 96 45 180 12
1047 43 25 1939 10
1047 70 12 1752 8
1047 90 45 484 12
1047 30 45 836 12
1047 96 12 3341 8
1047 69 12 3006 8
1047 74 45 3271 12
1047 72 12 2354 8
1047 97 12 796 8
1047 17 25 49 10
1047 98 12 3343 8
1047 99 45 2046 12
1047 50 25 511 10
1047 59 12 51 8
1047 97 25 3661 10
1047 4 45 484 12
1047 8 12 563 8
1047 18 25 93 10
1047 11 45 389 12
1047 86 45 1735 12
1047 36 45 1986 12
1047 8 12 3839 8
1047 68 25 150 10
1047 72 25 3907 10
1047 96 12 207 8
1047 7 12 859 8
1047 92 25 3385 10
1047 33 25 1725 10
1047 97 25 350 10
1047 54 25 1465 10
1047 33 25 1942 10
1047 8 12 939 8
1047 66 25 3643 10
1047 61 45 1008 12
1047 97 12 806 8
1047 89 25 3824 10
1048 48 12 2713 8
1048 3 12 864 8
1048 75 25 150 10
1048 99 12 702 8
1048 6 45 1245 12
1048 69 12 702 8
1048 6 45 2890 12
1048 62 25 333 10
1048 80 45 2180 12
1048 20 45 630 12
1048 80 45 2642 12
1048 88 45 939 12
1048 60 45 3071 12
1048 55 25 2030 10
1048 57 25 2054 10
1048 27 25 1285 10
1048 16 25 2522 10
1048 44 12 2915 8
1048 26 25 2154 10
1048 48 25 1979 10
1048 21 12 415 8
1048 29 12 2207 8
1048 2 25 2593 10
1048 11 12 1252 8
1049 2 12 400 8
1049 82 25 1394 10
1049 24 12 2398 8
1049 16 12 220 8
1049 26 12 1650 8
1049 58 45 1563 12
1049 22 45 267 12
1049 60 45 1393 12
1049 80 25 1338 10
1049 97 45 900 12
1049 50 45 715 12
1049 46 25 510 10
1049 72 45 2832 12
1049 26 12 844 8
1049 37 45 2024 12
1049 45 45 2251 12
1049 53 25 3395 10
1049 9 25 3257 10
1049 83 12 1317 8
1049 63 25 384 10
1049 88 45 1528 12
1049 57 25 3529 10
1049 58 45 1948 12
1049 64 12 3077 8
1050 23 12 1356 8
1050 7 12 1167 8
1050 13 12 331 8
1050 51 25 69 10
1050 99 12 1645 8
1050 43 25 1922 10
1050 65 45 25 12
1050 56 12 734 8
1050 17 25 749 10
1050 12 12 1525 8
1050 29 25 467 10
1050 81 25 2946 10
1050 53 12 806 8
1050 31 45 3317 12
1050 79 45 1372 12
1050 40 25 1455 10
1050 11 25 643 10
1050 84 45 1196 12
1050 64 12 1356 8
1050 90 45 3544 12
1050 69 45 715 12
1050 6 25 279 10
1050 86 45 1560 12
1050 66 12 3761 8
1050 4 12 1164 8
1050 42 25 446 10
1051 6 25 261 10
1051 71 25 1025 10
1051 22 12 350 8
1051 56 25 1882 10
1051 49 25 3264 10
1051 37 25 1634 10
1051 53 45 2343 12
1051 94 45 3336 12
1051 63 12 1153 8
1051 18 45 1294 12
1051 85 25 1448 10
1051 7 25 3979 10
1051 88 25 386 10
1051 21 12 1701 8
1051 75 25 386 10
1051 38 45 545 12
1051 95 45 1608 12
1051 66 12 2234 8
1051 3 25 1082 10
1051 93 25 831 10
1052 98 12 691 8
1052 27 25 451 10
1052 35 25 1489 10
1052 50 25 3556 10
1052 10 12 559 8
1052 6 45 564 12
1052 96 12 1252 8
1052 33 45 2382 12
1052 73 25 1024 10
1052 15 45 791 12
1052 20 12 2932 8
1052 47 25 319 10
1052 39 25 861 10
1052 10 45 1322 12
1052 84 12 812 8
1052 16 12 970 8
1052 67 12 1623 8
1052 79 12 3827 8
1052 69 25 742 10
1052 90 12 1450 8
1052 91 25 525 10
1052 98 45 1830 12
1052 48 12 1482 8
1052 55 25 1267 10
1052 52 12 904 8
1052 77 12 2932 8
1052 93 45 1238 12
1052 46 45 484 12
1052 31 25 1605 10
1052 19 12 3061 8
1052 56 25 3154 10
1052 91 25 415 10
1052 78 25 1350 10
1053 86 45 78 12
1053 76 45 346 12
1053 36 12 3048 8
1053 39 12 758 8
1053 99 25 1673 10
1053 89 25 831 10
1053 57 45 1328 12
1053 19 25 1350 10
1053 64 12 702 8
1053 67 25 1396 10
1053 50 12 1251 8
1053 33 25 3525 10
1053 17 45 2974 12
1053 21 25 2262 10
1053 1 45 949 12
1053 84 25 224 10
1053 36 25 875 10
1053 57 12 787 8
1053 18 12 612 8
1053 82 25 352 10
1053 3 25 654 10
1053 91 25 752 10
1053 26 25 453 10
1053 80 25 2823 10
1053 36 25 1300 10
1053 56 25 2168 10
1053 35 25 2102 10
1053 49 25 2262 10
1053 42 45 2802 12
1053 60 25 2804 10
1053 9 25 831 10
1053 15 25 831 10
1053 39 25 831 10
1053 22 12 1959 8
1053 73 45 1442 12
1053 7 45 1149 12
1053 14 25 762 10
1053 31 45 1780 12
1053 42 45 132 12
1053 81 25 476 10
1053 85 25 2525 10
1053 8 12 3048 8
1053 15 12 2915 8
1053 83 45 321 12
1053 51 45 3610 12
1053 78 12 2932 8
1053 21 25 2262 10
1053 51 25 1848 10
1054 61 25 3746 10
1054 19 12 2974 8
1054 33 45 738 12
1054 31 45 940 12
1054 57 45 2814 12
1054 83 25 1513 10
1054 82 25 831 10
1054 80 45 2806 12
1054 26 25 1234 10
1054 58 25 719 10
1054 56 25 1455 10
1054 67 12 392 8
1054 59 25 2887 10
1054 40 25 2123 10
1054 94 25 681 10
1054 97 25 831 10
1054 45 45 2899 12
1054 41 12 1384 8
1054 15 45 3208 12
1054 44 45 968 12
1054 90 25 3145 10
1054 28 25 889 10
1054 20 25 3512 10
1054 17 45 2755 12
1054 64 12 8 8
1054 11 25 130 10
1054 33 25 2824 10
1054 1 25 2571 10
1054 54 12 2932 8
1054 41 25 125 10
1054 33 25 2073 10
1054 41 25 1970 10
1054 28 25 340 10
1054 18 25 203 10
1054 94 25 814 10
1054 76 25 2314 10
1054 18 45 346 12
1054 76 25 1036 10
1054 68 25 2057 10
1054 78 12 2868 8
1054 85 45 1500 12
1054 11 25 634 10
1055 71 12 3204 8
1055 88 12 139 8
1055 30 25 2123 10
1055 56 25 314 10
1055 56 12 1719 8
1055 15 25 861 10
1055 16 45 1602 12
1055 25 25 144 10
1055 49 25 1993 10
1055 36 25 3048 10
1056 43 45 2603 12
1056 64 25 3742 10
1056 69 25 3024 10
1056 55 12 69 8
1056 52 12 970 8
1056 43 25 2523 10
1056 16 25 431 10
1056 16 25 3314 10
1056 71 45 2989 12
1056 49 12 69 8
1056 26 25 3763 10
1056 60 12 477 8
1056 89 45 1107 12
1056 69 25 353 10
1056 54 12 1553 8
1056 60 25 1150 10
1056 45 45 2853 12
1056 24 45 56 12
1057 0 25 3901 10
1057 85 12 860 8
1057 39 12 494 8
1057 66 45 1986 12
1057 33 25 811 10
1057 9 45 1986 12
1057 56 45 1986 12
1057 43 12 902 8
1057 52 25 2081 10
1057 57 25 3901 10
1057 62 25 3819 10
1057 23 45 439 12
1057 94 12 2081 8
1057 39 25 68 10
1057 10 45 1199 12
1057 77 25 1490 10
1057 8 12 1485 8
1057 79 12 1625 8
1057 82 45 2064 12
1057 45 45 2064 12
1057 71 45 1370 12
1057 57 12 1512 8
1057 53 45 229 12
1057 71 25 2302 10
1057 16 25 672 10
1057 38 45 3586 12
1058 17 12 3129 8
1058 76 25 3296 10
1058 77 25 502 10
1058 69 12 1512 8
1058 97 45 516 12
1058 17 25 2613 10
1058 14 45 1563 12
1058 43 45 3370 12
1058 59 25 1658 10
1058 97 45 2230 12
1058 91 25 940 10
1058 7 45 1714 12
1058 65 25 915 10
1058 31 45 540 12
1058 56 25 2649 10
1058 93 45 516 12
1058 41 25 1578 10
1058 40 45 1500 12
1058 35 12 968 8
1058 75 12 756 8
1058 27 45 1916 12
1058 0 45 575 12
1058 62 25 2669 10
1058 72 12 2121 8
1059 98 45 934 12
1059 30 12 1186 8
1059 32 25 1823 10
1059 62 25 1805 10
1059 28 45 2244 12
1059 1 25 446 10
1059 34 45 686 12
1059 84 45 934 12
1059 61 12 1576 8
1059 56 25 2454 10
1059 91 12 3939 8
1059 32 12 814 8
1059 69 12 526 8
1059 45 12 3029 8
1059 1 45 1773 12
1059 66 25 953 10
1059 43 12 3962 8
1059 39 45 301 12
1059 29 45 1357 12
1059 31 45 939 12
1059 23 45 1783 12
1059 14 25 2669 10
1059 38 45 558 12
1059 10 25 2389 10
1059 71 25 3668 10
1059 39 12 1361 8
1059 48 25 476 10
1059 66 25 2793 10
1059 4 45 3888 12
1059 15 25 3306 10
1059 59 25 1471 10
1059 2 12 3916 8
1059 43 25 390 10
1059 32 12 1102 8
1059 67 25 1100 10
1059 71 45 3807 12
1059 28 45 1736 12
1059 53 12 3029 8
1059 52 25 3389 10
1059 77 45 2195 12
1059 64 12 1870 8
1059 41 12 3498 8
1059 86 12 316 8
1059 33 45 3888 12
1059 0 25 2781 10
1059 23 12 2575 8
1059 68 45 3278 12
1059 83 25 3114 10
1059 16 45 2718 12
1059 40 25 3851 10
1059 33 25 1722 10
1059 64 25 502 10
1059 96 25 2308 10
1059 35 25 3731 10
1059 43 45 558 12
1059 69 12 2780 8
1059 50 45 1122 12
1060 75 45 1859 12
1060 84 45 2542 12
1060 91 45 547 12
1060 41 45 1736 12
1060 21 12 1529 8
1060 1 45 1324 12
1060 20 25 231 10
1060 5 45 155 12
1060 71 45 1920 12
1060 53 25 905 10
1060 26 45 7 12
1060 6 45 56 12
1060 27 25 844 10
1060 18 12 1608 8
1060 23 12 2051 8
1060 52 25 153 10
1060 81 25 2958 10
1060 61 45 3180 12
1060 62 25 2169 10
1060 20 45 385 12
1060 31 45 3180 12
1060 77 45 2642 12
1060 38 12 1606 8
1060 99 45 2233 12
1060 14 45 3180 12
1060 45 25 2132 10
1060 60 45 1780 12
1060 18 25 2949 10
1060 34 12 343 8
1060 37 12 1047 8
1060 25 45 2799 12
1060 49 45 212 12
1060 4 45 310 12
1060 15 25 1172 10
1060 6 25 3629 10
1060 95 12 1330 8
1060 87 25 1418 10
1060 69 45 346 12
1060 8 25 1287 10
1060 58 45 648 12
1060 56 45 648 12
1060 83 45 2652 12
1060 65 25 131 10
1060 10 45 648 12
1060 74 12 2575 8
1060 22 25 1012 10
1060 42 25 1680 10
1060 95 12 2064 8
1060 51 25 2949 10
1060 71 25 2130 10
1060 11 12 434 8
1060 55 45 2265 12
1060 94 25 2033 10
1060 25 25 1455 10
1060 50 25 1457 10
1060 8 25 1143 10
1060 15 12 1926 8
1060 21 12 1386 8
1060 93 25 2422 10
1060 69 12 1476 8
1060 22 25 3296 10
1060 30 12 385 8
1060 93 12 1593 8
1060 53 12 3677 8
1061 91 12 3251 8
1061 81 25 981 10
1061 57 12 1945 8
1061 11 25 2537 10
1061 30 25 981 10
1061 10 25 2186 10
1061 78 12 1146 8
1061 24 45 1691 12
1061 37 25 3409 10
1061 75 45 2080 12
1061 52 25 1086 10
1061 70 25 2805 10
1061 58 45 585 12
1061 68 25 332 10
1061 1 12 2700 8
1061 4 45 1847 12
1061 2 25 811 10
1061 78 12 629 8
1061 87 12 3982 8
1061 18 12 1815 8
1061 84 25 3306 10
1061 32 12 3969 8
1061 38 12 2760 8
1061 13 12 155 8
1061 71 25 3572 10
1061 73 25 2517 10
1061 73 25 680 10
1061 6 25 1288 10
1061 77 45 3043 12
1061 67 45 2730 12
1061 47 12 1425 8
1061 58 25 1785 10
1061 19 45 3802 12
1061 56 45 3904 12
1061 25 25 1613 10
1061 47 25 956 10
1061 36 12 1152 8
1061 17 45 1690 12
1061 66 45 1847 12
1061 83 25 3012 10
1061 70 25 3088 10
1061 3 45 2158 12
1061 96 12 1791 8
1061 99 45 292 12
1061 55 45 1691 12
1061 9 25 3474 10
1061 50 45 992 12
1061 53 45 3378 12
1061 80 25 390 10
1061 97 45 292 12
1061 39 45 3373 12
1061 89 45 1689 12
1061 37 25 3027 10
1061 59 25 3397 10
1061 89 45 1635 12
1061 2 45 1801 12
1061 62 25 353 10
1061 59 12 1474 8
1061 48 25 1396 10
1061 96 25 1875 10
1061 51 25 712 10
1061 83 45 1635 12
1061 26 25 386 10
1061 33 12 229 8
1061 80 45 407 12
1061 6 45 934 12
1062 91 25 907 10
1062 6 25 3397 10
1062 80 25 231 10
1062 97 45 1380 12
1062 25 12 3792 8
1062 36 45 949 12
1062 33 25 2290 10
1062 36 25 231 10
1062 4 25 3385 10
1062 79 25 574 10
1062 13 45 1422 12
1062 96 45 2062 12
1062 76 45 2062 12
1062 34 45 1596 12
1062 98 25 1717 10
1062 6 25 1068 10
1062 36 45 1443 12
1062 18 12 2630 8
1062 56 45 1988 12
1062 70 25 792 10
1062 22 12 1474 8
1062 12 45 3586 12
1062 90 12 494 8
1062 79 25 1263 10
1062 64 45 2399 12
1062 8 12 2220 8
1062 52 25 2717 10
1062 19 12 1719 8
1062 53 25 443 10
1062 95 25 2393 10
1062 0 12 3748 8
1062 82 25 677 10
1062 22 12 195 8
1062 28 45 2719 12
1062 31 25 3925 10
1062 64 12 2768 8
1062 16 12 1720 8
1062 20 25 2412 10
1062 3 12 1606 8
1062 82 25 1394 10
1062 75 25 2054 10
1062 90 45 2755 12
1062 39 25 3195 10
1062 77 25 2207 10
1062 7 45 2561 12
1062 33 45 1511 12
1062 28 12 516 8
1062 59 45 1293 12
1062 0 12 2561 8
1062 44 25 1086 10
1062 99 25 3544 10
1062 62 12 2890 8
1062 93 25 2523 10
1062 15 45 1511 12
1062 23 12 421 8
1062 71 45 233 12
1062 66 12 1474 8
1062 13 12 421 8
1062 26 45 802 12
1062 80 45 624 12
1062 92 45 802 12
1062 22 25 1354 10
1062 61 12 1343 8
1062 41 12 269 8
1062 52 25 2279 10
1062 70 25 3154 10
1062 65 25 1691 10
1062 9 25 1194 10
1062 22 25 96 10
1063 52 25 1851 10
1063 6 12 3748 8
1063 22 45 3298 12
1063 26 45 1446 12
1063 98 45 341 12
1063 4 45 802 12
1063 73 12 2085 8
1063 55 25 105 10
1063 37 45 880 12
1063 35 12 2278 8
1063 13 25 2455 10
1063 45 12 2706 8
1063 70 45 934 12
1063 24 25 2455 10
1063 34 45 341 12
1063 45 12 3171 8
1063 54 45 3840 12
1063 30 45 1338 12
1063 59 12 1849 8
1063 61 25 609 10
1063 8 12 245 8
1063 38 12 1919 8
1063 48 12 3327 8
1063 65 12 2722 8
1063 37 12 464 8
1063 6 45 832 12
1063 4 12 1577 8
1063 64 45 2983 12
1063 15 45 1248 12
1063 80 45 1758 12
1063 53 12 438 8
1063 51 25 2131 10
1063 66 45 2538 12
1063 35 25 1832 10
1063 78 45 674 12
1063 1 25 1947 10
1063 16 45 802 12
1064 55 45 2062 12
1064 75 12 563 8
1064 50 12 2068 8
1064 5 45 1583 12
1064 98 25 4 10
1064 80 12 2498 8
1064 10 12 1709 8
1064 40 25 2669 10
1064 46 25 1102 10
1064 40 45 3043 12
1064 5 25 2669 10
1064 33 45 3997 12
1064 19 25 638 10
1064 47 25 374 10
1064 57 25 1285 10
1064 60 45 2383 12
1064 28 25 1761 10
1064 96 12 1794 8
1064 38 12 3395 8
1064 39 25 3353 10
1064 53 25 1188 10
1064 32 12 2142 8
1064 6 45 527 12
1064 10 45 2383 12
1064 4 12 970 8
1064 10 12 2445 8
1064 20 25 2523 10
1064 28 25 690 10
1064 73 25 2523 10
1064 70 12 278 8
1064 29 45 2383 12
1064 74 12 3874 8
1064 78 45 715 12
1064 74 25 3353 10
1064 59 12 1976 8
1065 57 25 1324 10
1065 21 25 1412 10
1065 99 25 736 10
1065 36 45 951 12
1065 91 45 212 12
1065 2 25 2946 10
1065 77 45 580 12
1065 53 25 1725 10
1065 94 45 1838 12
1065 54 45 1927 12
1065 22 12 379 8
1065 56 25 3994 10
1065 75 45 1736 12
1065 7 25 3706 10
1065 57 45 1920 12
1065 8 25 937 10
1065 94 45 3496 12
1065 66 12 8 8
1065 37 25 3163 10
1065 78 25 1282 10
1065 48 25 1161 10
1065 11 45 1814 12
1065 79 25 594 10
1065 45 25 469 10
1065 41 45 1388 12
1065 43 12 1543 8
1065 70 25 352 10
1065 33 45 1707 12
1065 92 45 854 12
1066 10 45 378 12
1066 1 12 3664 8
1066 84 25 975 10
1066 44 25 101 10
1066 33 45 1329 12
1066 74 25 101 10
1066 98 25 1784 10
1066 99 25 1110 10
1066 92 45 3161 12
1066 30 25 417 10
1066 89 25 338 10
1066 42 12 1152 8
1066 82 25 1435 10
1066 0 12 2932 8
1066 90 45 2511 12
1066 43 25 69 10
1066 13 45 1107 12
1066 1 25 819 10
1066 85 25 3528 10
1066 17 25 905 10
1066 73 45 34 12
1066 45 45 643 12
1066 86 12 2575 8
1066 72 25 3455 10
1066 6 25 3825 10
1066 33 45 664 12
1066 31 45 3282 12
1066 88 12 605 8
1066 50 25 202 10
1066 15 12 864 8
1066 97 45 365 12
1066 45 25 1471 10
1066 78 25 3340 10
1066 31 25 309 10
1066 73 25 855 10
1066 40 25 1188 10
1066 11 12 1411 8
1066 45 45 239 12
1066 76 45 1927 12
1066 60 25 3969 10
1066 12 25 1355 10
1066 2 12 235 8
1066 22 45 141 12
1066 25 12 1918 8
1066 92 45 1783 12
1066 44 45 1075 12
1066 18 25 1782 10
1066 45 25 2607 10
1066 14 45 1075 12
1066 98 25 969 10
1066 35 45 692 12
1066 14 25 644 10
1066 82 45 206 12
1066 34 25 443 10
1066 69 25 478 10
1066 96 45 1075 12
1066 7 45 1075 12
1066 38 25 1464 10
1066 3 25 490 10
1066 42 45 3594 12
1066 26 25 443 10
1066 92 25 969 10
1067 42 25 455 10
1067 84 12 2588 8
1067 76 25 1563 10
1067 43 45 3723 12
1067 54 25 1761 10
1067 31 45 1293 12
1067 67 45 1511 12
1067 22 12 945 8
1067 74 45 585 12
1067 65 25 443 10
1067 39 45 1714 12
1067 80 45 2759 12
1067 94 25 2355 10
1067 48 12 494 8
1067 28 25 269 10
1067 42 45 3361 12
1067 62 12 914 8
1067 86 45 1288 12
1067 81 12 1842 8
1067 0 25 3353 10
1067 78 25 2054 10
1067 72 12 23 8
1067 57 25 231 10
1067 15 12 3602 8
1067 0 12 1204 8
1067 67 25 2082 10
1067 6 12 1818 8
1067 31 45 3764 12
1068 20 25 811 10
1068 93 45 2399 12
1068 13 45 518 12
1068 57 12 2106 8
1068 49 25 1435 10
1068 76 12 95 8
1068 97 12 758 8
1068 57 25 40 10
1068 21 25 2124 10
1068 79 25 2123 10
1068 4 25 3224 10
1068 39 25 2129 10
1069 16 12 702 8
1069 90 25 2843 10
1069 65 25 123 10
1069 17 45 2399 12
1069 0 12 702 8
1069 99 12 2118 8
1069 69 45 1028 12
1069 92 25 1931 10
1069 94 25 140 10
1069 90 25 3827 10
1069 47 25 3222 10
1069 40 12 2193 8
1069 41 45 518 12
1069 58 45 1983 12
1069 53 45 2062 12
1069 29 45 1743 12
1069 99 12 3852 8
1069 18 45 3760 12
1069 3 25 390 10
1069 66 12 1008 8
1069 45 25 1628 10
1069 51 25 2300 10
1069 53 25 1659 10
1069 62 25 2737 10
1069 29 12 3009 8
1069 49 25 235 10
1069 40 12 1008 8
1069 69 25 2302 10
1069 6 25 443 10
1069 22 45 2383 12
1069 11 25 443 10
1069 48 45 1193 12
1069 4 12 259 8
1069 63 25 1009 10
1069 30 45 423 12
1070 15 25 852 10
1070 61 25 3148 10
1070 80 12 792 8
1070 36 45 2062 12
1070 79 12 77 8
1070 28 25 2355 10
1070 42 25 1197 10
1070 91 12 1047 8
1070 41 25 1273 10
1070 54 12 3565 8
1070 50 25 814 10
1070 8 25 1580 10
1070 91 25 2279 10
1070 66 25 2459 10
1070 96 45 321 12
1070 2 25 1026 10
1070 75 25 3645 10
1070 69 25 74 10
1070 7 45 908 12
1070 36 12 1380 8
1070 69 25 2302 10
1070 78 25 2106 10
1070 3 12 384 8
1071 92 12 901 8
1071 59 25 1343 10
1071 48 25 231 10
1071 0 12 867 8
1071 83 45 1030 12
1071 1 12 1110 8
1071 72 12 385 8
1071 66 12 160 8
1071 65 25 2034 10
1071 17 25 2038 10
1071 71 45 2659 12
1071 35 25 160 10
1071 27 25 1036 10
1071 38 25 1789 10
1071 35 25 723 10
1071 87 25 3318 10
1071 20 25 85 10
1071 52 25 1347 10
1071 90 12 1842 8
1071 30 12 289 8
1071 30 45 839 12
1071 4 12 1391 8
1071 83 25 1782 10
1071 34 45 949 12
1071 51 25 595 10
1071 99 45 56 12
1071 97 25 1484 10
1071 40 25 279 10
1071 61 45 56 12
1071 12 12 772 8
1071 0 12 1870 8
1071 37 12 429 8
1071 83 12 2686 8
1071 34 45 1060 12
1071 2 25 318 10
1071 58 25 2132 10
1071 88 25 1371 10
1071 84 25 508 10
1071 49 45 1224 12
1071 79 45 433 12
1071 24 25 2736 10
1071 29 45 253 12
1071 87 12 1442 8
1071 70 25 424 10
1071 70 25 3451 10
1071 59 45 2383 12
1071 77 25 1561 10
1071 69 25 371 10
1071 58 25 1408 10
1071 50 25 491 10
1071 39 25 3451 10
1072 59 25 1321 10
1072 36 12 462 8
1072 17 45 849 12
1072 61 12 208 8
1072 77 12 1480 8
1072 39 45 3550 12
1072 92 25 937 10
1072 0 12 1653 8
1072 36 45 1680 12
1072 52 45 2800 12
1072 27 12 88 8
1072 11 25 2438 10
1072 87 12 1466 8
1072 65 12 90 8
1072 35 12 82 8
1072 62 12 1519 8
1072 21 45 333 12
1072 36 25 1107 10
1072 85 25 1937 10
1072 32 25 1714 10
1072 35 45 949 12
1072 61 12 997 8
1072 16 12 2163 8
1072 76 45 2956 12
1072 62 25 3955 10
1072 69 12 1089 8
1072 56 12 2590 8
1072 57 45 1832 12
1072 72 25 1251 10
1072 55 45 1245 12
1072 10 25 1675 10
1072 81 12 1557 8
1072 14 12 3222 8
1072 27 25 1557 10
1072 30 12 2637 8
1072 5 45 1340 12
1072 59 25 736 10
1072 86 25 1794 10
1072 62 12 967 8
1072 12 25 2094 10
1072 25 25 1761 10
1072 43 45 2732 12
1073 11 25 64 10
1073 31 45 962 12
1073 91 25 2090 10
1073 66 25 814 10
1073 15 45 3818 12
1073 55 45 3743 12
1073 98 12 1720 8
1073 79 12 1908 8
1073 21 25 3970 10
1073 18 12 1696 8
1073 86 12 1063 8
1073 58 45 1485 12
1073 5 45 1764 12
1073 62 12 1351 8
1073 26 25 924 10
1073 74 25 748 10
1073 81 12 500 8
1073 86 25 1224 10
1073 60 25 1753 10
1073 23 45 418 12
1073 37 45 3910 12
1073 96 25 1311 10
1073 33 25 757 10
1073 34 25 828 10
1073 20 12 2804 8
1073 31 25 390 10
1073 90 25 1193 10
1073 61 25 3451 10
1073 39 12 476 8
1073 74 25 3397 10
1073 89 25 1566 10
1074 69 25 344 10
1074 26 12 1731 8
1074 66 45 1349 12
1074 97 45 399 12
1074 69 12 2234 8
1074 89 25 2470 10
1074 67 12 710 8
1074 70 12 605 8
1074 60 45 318 12
1074 67 12 1019 8
1074 5 25 1753 10
1074 16 12 462 8
1074 53 12 603 8
1074 6 25 136 10
1074 12 25 1709 10
1074 8 12 3969 8
1074 74 12 2670 8
1074 81 12 3412 8
1074 78 25 2266 10
1074 16 12 1842 8
1074 70 12 3003 8
1074 52 12 3314 8
1074 58 12 1225 8
1074 18 25 1847 10
1074 37 25 1082 10
1074 26 25 970 10
1074 74 25 310 10
1074 36 25 390 10
1074 70 45 1591 12
1074 54 12 2824 8
1074 95 25 1563 10
1074 26 45 1868 12
1074 90 45 1245 12
1074 18 45 2431 12
1074 72 12 2002 8
1074 17 25 672 10
1074 91 25 2470 10
1074 99 45 2047 12
1074 82 25 200 10
1074 80 25 1751 10
1074 77 25 421 10
1074 42 25 2920 10
1074 88 45 2974 12
1074 4 25 1998 10
1074 41 12 1660 8
1075 23 25 1195 10
1075 36 25 1203 10
1075 10 45 1193 12
1075 21 25 2321 10
1075 85 25 928 10
1075 57 25 1455 10
1075 42 25 2393 10
1075 47 25 3533 10
1075 73 25 321 10
1075 79 12 2747 8
1075 65 45 231 12
1075 35 12 3454 8
1075 53 45 2769 12
1075 72 25 1168 10
1075 51 25 1180 10
1075 41 12 535 8
1075 69 25 2526 10
1075 5 12 1815 8
1075 85 12 1815 8
1075 32 25 355 10
1075 18 45 118 12
1075 7 45 599 12
1075 93 12 3415 8
1075 35 12 2747 8
1075 70 25 1399 10
1075 98 25 490 10
1075 26 25 640 10
1075 58 12 3343 8
1075 21 25 986 10
1075 22 45 100 12
1075 91 45 954 12
1075 71 25 760 10
1075 77 12 1708 8
1075 94 45 1179 12
1076 16 12 1756 8
1076 53 45 1707 12
1076 23 12 1207 8
1076 55 25 2464 10
1076 87 45 419 12
1076 94 45 2877 12
1076 87 12 1207 8
1076 21 25 1990 10
1076 8 25 2455 10
1076 75 25 757 10
1076 70 25 3424 10
1076 45 45 1936 12
1076 57 25 269 10
1076 48 12 1356 8
1076 64 25 520 10
1076 21 12 1356 8
1076 4 12 1356 8
1076 38 25 3149 10
1076 96 45 2383 12
1076 50 12 1779 8
1076 23 45 3496 12
1076 91 12 384 8
1076 51 12 1812 8
1076 37 12 38 8
1076 40 25 520 10
1076 26 25 122 10
1076 12 45 2383 12
1076 10 25 2523 10
1076 5 25 2955 10
1076 3 25 2436 10
1077 16 25 1960 10
1077 99 25 308 10
1077 8 45 3739 12
1077 87 25 218 10
1077 83 25 1881 10
1077 40 12 3006 8
1077 96 45 3617 12
1077 53 12 1443 8
1077 78 12 3581 8
1077 72 25 62 10
1077 90 25 1355 10
1077 89 25 719 10
1077 95 45 3835 12
1077 53 12 1748 8
1077 76 12 3204 8
1077 31 12 1653 8
1077 34 25 1354 10
1077 77 12 2713 8
1077 86 25 575 10
1078 34 12 1414 8
1078 97 25 2455 10
1078 71 12 1988 8
1078 44 25 3209 10
1078 4 25 1953 10
1078 64 25 1288 10
1078 14 12 476 8
1078 30 12 95 8
1078 57 12 699 8
1078 91 45 783 12
1078 54 12 15 8
1078 42 12 925 8
1078 48 12 971 8
1078 10 25 1324 10
1078 66 45 1975 12
1078 16 12 977 8
1078 91 25 612 10
1078 29 25 2883 10
1078 58 45 1248 12
1078 77 12 1842 8
1078 93 12 1252 8
1078 63 25 974 10
1078 37 12 2203 8
1078 75 45 3050 12
1078 53 45 956 12
1078 1 45 344 12
1078 82 12 1351 8
1078 36 45 3609 12
1078 32 45 2078 12
1079 67 45 2371 12
1079 6 25 806 10
1079 61 45 840 12
1079 47 25 3585 10
1079 56 25 3696 10
1079 23 45 560 12
1079 26 12 1153 8
1079 54 25 3585 10
1079 5 25 806 10
1079 1 25 3248 10
1079 30 45 3237 12
1079 5 25 3840 10
1079 63 25 259 10
1079 36 12 2458 8
1079 45 45 1059 12
1079 30 25 1227 10
1079 40 12 2747 8
1079 18 45 1866 12
1079 99 45 1100 12
1079 20 12 1558 8
1079 24 12 2185 8
1079 48 25 2559 10
1080 15 45 1595 12
1080 7 25 2073 10
1080 20 25 3885 10
1080 6 45 264 12
1080 92 12 1558 8
1080 57 25 282 10
1080 33 12 508 8
1080 31 12 3198 8
1080 61 25 1408 10
1080 96 45 1623 12
1080 55 45 1623 12
1080 52 12 1561 8
1080 47 45 2930 12
1080 35 12 3145 8
1080 52 25 390 10
1080 94 25 1360 10
1080 51 12 508 8
1080 81 12 2831 8
1080 83 12 345 8
1080 55 25 69 10
1080 81 45 3884 12
1080 89 45 1662 12
1080 79 45 1419 12
1080 16 45 1419 12
1080 80 25 3301 10
1080 77 12 499 8
1080 58 45 1700 12
1080 62 25 1361 10
1081 76 45 28 12
1081 46 25 2920 10
1081 83 12 1207 8
1081 98 12 1468 8
1081 66 45 3981 12
1081 67 25 102 10
1081 1 45 1931 12
1081 92 45 3127 12
1081 10 45 906 12
1081 2 45 3594 12
1081 9 25 1484 10
1081 96 45 906 12
1081 41 25 1360 10
1081 12 45 2592 12
1081 13 45 28 12
1081 99 25 515 10
1081 0 25 3093 10
1081 21 25 297 10
1081 31 45 2195 12
1081 41 12 2432 8
1081 73 45 261 12
1081 75 25 3825 10
1081 24 25 1953 10
1081 16 12 3827 8
1081 66 25 1418 10
1081 27 25 3070 10
1081 82 25 324 10
1081 66 25 1313 10
1081 8 45 2239 12
1081 6 25 2600 10
1081 71 25 2891 10
1081 95 12 1579 8
1081 78 25 2152 10
1081 28 12 3421 8
1081 82 45 1537 12
1081 71 12 3088 8
1081 56 25 424 10
1081 49 45 816 12
1081 22 25 906 10
1081 46 25 383 10
1081 67 25 383 10
1081 81 25 790 10
1081 6 45 1272 12
1081 24 12 2670 8
1081 10 45 1423 12
1081 77 45 2077 12
1081 32 25 1561 10
1081 10 12 2768 8
1081 88 45 806 12
1081 47 45 292 12
1081 22 45 3226 12
1081 51 25 2523 10
1081 65 45 133 12
1081 29 25 179 10
1081 29 12 2400 8
1081 23 25 1331 10
1081 10 25 2381 10
1081 83 12 3405 8
1081 73 25 1076 10
1081 50 12 2700 8
1081 83 25 1285 10
1081 86 45 3881 12
1081 32 12 1198 8
1081 8 25 1076 10
1081 97 25 1076 10
1082 62 25 3403 10
1082 65 45 345 12
1082 29 12 3084 8
1082 57 25 1396 10
1082 66 25 2972 10
1082 56 12 41 8
1082 88 12 3918 8
1082 52 25 2039 10
1082 41 12 532 8
1082 73 25 246 10
1082 47 25 853 10
1082 52 12 3918 8
1082 59 45 100 12
1082 80 25 2476 10
1082 4 45 3623 12
1082 95 12 1008 8
1082 84 25 3742 10
1082 63 25 1030 10
1082 53 45 2461 12
1082 97 25 3007 10
1082 27 12 771 8
1082 59 45 1971 12
1082 74 25 2523 10
1082 91 12 1861 8
1082 59 12 2335 8
1082 29 25 1617 10
1082 75 25 1124 10
1082 29 45 3120 12
1082 53 45 1632 12
1082 38 25 1121 10
1082 20 12 1343 8
1082 78 45 1112 12
1082 17 12 1641 8
1082 95 12 1499 8
1082 77 12 3989 8
1082 81 12 365 8
1082 94 25 2152 10
1082 34 25 1313 10
1082 87 45 1028 12
1082 6 12 2915 8
1082 92 12 1110 8
1082 35 25 702 10
1082 22 12 2915 8
1082 5 25 3197 10
1082 45 25 3197 10
1082 77 25 1688 10
1082 12 45 2930 12
1082 83 12 1779 8
1082 2 25 927 10
1082 17 45 1155 12
1082 40 25 2978 10
1082 26 45 3127 12
1082 14 45 2286 12
1082 24 12 594 8
1082 83 25 1239 10
1082 81 45 1300 12
1082 89 45 181 12
1082 37 25 3696 10
1082 9 45 3361 12
1082 81 45 605 12
1082 62 12 1745 8
1082 89 45 976 12
1082 13 12 220 8
1082 95 25 417 10
1083 1 45 385 12
1083 85 25 1914 10
1083 91 12 1571 8
1083 75 25 2414 10
1083 26 45 2161 12
1083 34 25 3723 10
1083 97 12 2890 8
1083 22 25 2052 10
1083 57 25 3540 10
1083 69 12 1309 8
1083 17 12 1811 8
1083 66 45 1804 12
1083 91 25 455 10
1083 90 45 2105 12
1083 0 12 2690 8
1083 25 12 1811 8
1083 34 45 3491 12
1083 76 12 2884 8
1083 29 12 2543 8
1083 9 12 1868 8
1083 98 25 120 10
1083 73 12 2652 8
1083 51 25 1461 10
1083 93 25 1784 10
1083 92 25 1059 10
1083 48 25 1195 10
1083 83 12 2828 8
1083 10 12 618 8
1083 31 45 783 12
1083 24 25 645 10
1083 77 45 1224 12
1083 1 25 3599 10
1083 8 25 2569 10
1083 83 45 2109 12
1083 55 25 269 10
1083 87 25 56 10
1083 17 12 1499 8
1083 86 45 2383 12
1083 61 12 1142 8
1083 7 45 2229 12
1084 13 25 358 10
1084 87 25 1049 10
1084 87 12 2165 8
1084 17 45 1831 12
1084 82 12 359 8
1084 4 25 888 10
1084 99 12 3733 8
1084 73 25 383 10
1084 72 25 383 10
1084 0 45 1093 12
1084 3 45 253 12
1084 73 12 1794 8
1084 36 45 944 12
1084 95 12 744 8
1084 75 25 1591 10
1084 59 25 1425 10
1084 85 25 1600 10
1084 68 45 2195 12
1084 54 25 899 10
1084 12 25 551 10
1084 58 12 169 8
1084 99 25 1471 10
1084 6 12 3673 8
1084 45 45 1733 12
1084 56 45 2878 12
1084 62 25 3175 10
1084 64 25 3549 10
1084 8 12 1669 8
1084 54 25 3798 10
1084 7 25 1412 10
1084 97 25 3553 10
1084 19 12 1870 8
1084 88 25 1448 10
1084 22 25 429 10
1084 75 45 807 12
1085 28 12 1519 8
1085 54 45 1314 12
1085 66 25 907 10
1085 87 12 971 8
1085 66 25 802 10
1085 13 45 776 12
1085 1 25 3831 10
1085 47 45 1243 12
1085 67 45 3023 12
1085 68 25 1958 10
1085 87 12 1787 8
1085 85 45 1759 12
1085 75 45 3075 12
1085 72 45 1107 12
1085 51 12 1619 8
1085 23 45 1050 12
1085 77 12 1298 8
1085 77 12 1772 8
1085 64 25 1561 10
1085 91 12 884 8
1085 67 25 2946 10
1085 46 25 3024 10
1085 80 12 1681 8
1085 67 25 3831 10
1085 58 12 1870 8
1085 71 45 76 12
1085 64 12 241 8
1085 80 12 315 8
1085 9 12 61 8
1085 24 25 708 10
1085 63 45 138 12
1085 86 25 3831 10
1085 37 12 1252 8
1085 65 25 3831 10
1085 75 12 1589 8
1085 53 25 3831 10
1085 81 45 994 12
1085 48 45 994 12
1085 90 45 423 12
1085 9 45 1385 12
1085 51 45 423 12
1085 8 25 3565 10
1085 96 45 1522 12
1085 48 45 788 12
1085 15 12 430 8
1085 48 25 1961 10
1085 99 45 296 12
1085 82 25 376 10
1085 64 45 2659 12
1085 3 45 728 12
1085 80 12 95 8
1085 28 45 1714 12
1085 85 25 3384 10
1085 34 12 691 8
1085 61 45 2374 12
1085 84 45 1490 12
1085 98 25 1416 10
1085 19 45 1125 12
1085 7 25 1165 10
1085 87 45 63 12
1085 5 25 119 10
1085 91 25 2465 10
1085 82 45 415 12
1085 56 12 1802 8
1085 41 12 1332 8
1085 63 45 1109 12
1085 33 45 3825 12
1085 55 45 206 12
1085 88 25 201 10
1085 41 25 871 10
1085 68 25 476 10
1085 50 25 201 10
1085 15 25 1183 10
1085 13 25 3016 10
1085 15 25 2916 10
1085 41 45 1346 12
1085 77 25 201 10
1085 55 12 1225 8
1085 46 12 1063 8
1085 78 12 951 8
1085 65 12 1893 8
1085 15 45 2457 12
1085 63 12 3029 8
1085 28 45 3560 12
1085 86 25 1561 10
1085 57 12 449 8
1085 48 12 3945 8
1085 47 45 1393 12
1085 90 12 1835 8
1085 68 25 3059 10
1085 39 25 2690 10
1085 56 45 1109 12
1085 35 25 2690 10
1085 11 45 218 12
1085 51 25 1561 10
1085 48 45 1052 12
1086 86 12 241 8
1086 83 45 206 12
1086 65 25 2101 10
1086 56 45 699 12
1086 75 25 1699 10
1086 98 12 1387 8
1086 92 25 2101 10
1086 89 45 1560 12
1086 50 12 571 8
1086 84 25 2942 10
1086 17 12 24 8
1086 8 12 1387 8
1086 12 12 3902 8
1086 10 25 2718 10
1086 14 25 1702 10
1086 24 25 715 10
1086 91 25 2955 10
1086 8 12 1430 8
1086 59 12 3677 8
1086 75 12 1024 8
1086 34 25 247 10
1086 87 25 941 10
1086 83 25 2942 10
1086 70 12 1168 8
1086 3 25 750 10
1086 78 25 734 10
1086 93 12 499 8
1086 59 25 788 10
1086 55 25 626 10
1086 4 45 3343 12
1086 30 25 2843 10
1086 52 25 395 10
1086 75 25 214 10
1086 77 12 1507 8
1086 54 25 111 10
1086 44 12 1854 8
1086 7 12 1854 8
1086 7 12 1387 8
1086 16 12 1387 8
1086 82 45 1076 12
1086 97 45 956 12
1086 82 25 1841 10
1086 59 12 942 8
1086 30 12 1242 8
1086 93 45 1437 12
1086 17 25 3154 10
1086 53 45 1719 12
1086 74 12 1497 8
1086 51 45 1075 12
1086 99 25 873 10
1087 46 25 883 10
1087 72 45 1313 12
1087 34 12 123 8
1087 98 12 2851 8
1087 83 12 3122 8
1087 52 25 1321 10
1087 9 25 3523 10
1087 51 12 563 8
1087 36 45 1655 12
1087 58 25 136 10
1087 42 25 1037 10
1087 65 25 2160 10
1087 65 25 1489 10
1087 91 45 1424 12
1087 86 45 2195 12
1087 24 12 1713 8
1087 5 12 2984 8
1087 40 45 3964 12
1087 59 25 446 10
1087 38 25 708 10
1087 20 12 1710 8
1087 18 25 465 10
1087 53 25 1953 10
1087 56 12 1945 8
1087 83 25 2826 10
1087 8 12 502 8
1087 68 12 841 8
1087 87 25 1595 10
1087 32 45 3085 12
1087 16 45 1039 12
1087 54 25 589 10
1087 4 25 3502 10
1087 29 25 2522 10
1087 53 25 1142 10
1087 78 25 2636 10
1087 1 12 88 8
1087 23 25 784 10
1087 74 45 590 12
1087 21 25 2152 10
1087 52 25 4 10
1087 45 25 716 10
1087 20 45 1632 12
1087 18 25 3328 10
1087 76 12 122 8
1087 61 12 548 8
1087 19 25 589 10
1087 67 12 331 8
1087 78 25 3281 10
1087 54 25 3281 10
1087 94 25 2636 10
1087 7 25 1636 10
1087 51 45 2977 12
1088 72 25 168 10
1088 81 45 253 12
1088 27 25 1583 10
1088 81 25 479 10
1088 46 12 1013 8
1088 79 12 772 8
1088 74 25 446 10
1088 40 12 57 8
1088 32 25 1561 10
1088 93 25 3521 10
1088 23 12 1954 8
1088 4 25 1821 10
1088 28 45 388 12
1088 65 12 2803 8
1088 68 45 2672 12
1088 37 12 884 8
1088 10 25 261 10
1088 92 12 3752 8
1088 8 45 2041 12
1088 69 45 2078 12
1088 18 25 1566 10
1088 12 12 1802 8
1088 36 25 3529 10
1088 68 12 1210 8
1088 0 12 2527 8
1088 56 45 906 12
1088 54 45 454 12
1088 28 25 553 10
1088 34 12 1158 8
1088 14 25 675 10
1088 59 45 648 12
1088 27 25 2128 10
1088 90 45 1873 12
1088 99 12 217 8
1088 90 12 217 8
1088 0 25 446 10
1088 44 12 1893 8
1088 19 12 647 8
1088 67 45 2755 12
1088 56 45 2041 12
1088 39 12 2820 8
1088 88 12 85 8
1088 93 25 2321 10
1088 53 45 209 12
1088 90 12 977 8
1088 85 12 3448 8
1088 69 45 3847 12
1088 69 12 3448 8
1088 11 25 3434 10
1088 25 12 139 8
1088 11 45 461 12
1088 93 25 780 10
1088 52 25 715 10
1088 26 45 2855 12
1088 47 45 1927 12
1088 57 25 1258 10
1088 54 25 118 10
1088 92 45 1830 12
1088 5 12 418 8
1088 71 25 1876 10
1088 66 25 2931 10
1088 89 25 334 10
1088 56 25 506 10
1088 20 25 3969 10
1088 80 25 2045 10
1088 87 25 3652 10
1088 97 25 1054 10
1088 9 25 2420 10
1088 71 25 3556 10
1088 74 25 1949 10
1088 95 25 3979 10
1088 6 25 2805 10
1089 32 25 588 10
1089 85 25 1214 10
1089 69 25 1499 10
1089 25 25 1965 10
1089 30 12 176 8
1089 96 45 1322 12
1089 62 45 74 12
1089 7 25 42 10
1089 92 45 74 12
1089 87 12 1089 8
1089 63 45 1306 12
1089 30 12 1063 8
1089 85 25 3927 10
1089 49 45 1762 12
1089 53 25 1239 10
1089 17 25 2890 10
1089 68 12 2776 8
1089 0 25 571 10
1089 56 45 1463 12
1089 89 45 802 12
1089 26 25 1359 10
1089 30 25 684 10
1089 52 25 2182 10
1089 36 25 3981 10
1089 59 25 3281 10
1089 32 25 168 10
1089 45 25 1782 10
1089 13 12 3938 8
1089 57 45 1283 12
1089 77 45 3318 12
1089 65 45 2077 12
1089 19 45 3554 12
1089 26 12 1063 8
1089 65 12 3448 8
1089 68 25 1214 10
1089 81 12 1625 8
1089 83 12 2590 8
1089 49 25 161 10
1089 96 45 1674 12
1089 91 25 1502 10
1089 15 25 1979 10
1089 30 45 840 12
1089 96 12 622 8
1089 15 12 1953 8
1089 61 12 3938 8
1089 96 45 2554 12
1089 78 12 1437 8
1089 57 12 3018 8
1089 76 25 2843 10
1089 78 45 1159 12
1089 17 45 3765 12
1089 74 25 877 10
1089 72 25 676 10
1089 70 45 2930 12
1089 83 45 1423 12
1089 6 12 781 8
1089 0 25 1177 10
1089 2 25 1561 10
1089 40 12 1909 8
1089 52 45 289 12
1089 39 45 2115 12
1089 76 12 652 8
1089 16 25 780 10
1089 66 45 74 12
1089 48 12 1497 8
1089 6 12 1646 8
1089 52 25 168 10
1089 55 45 95 12
1089 43 25 1600 10
1089 59 25 1262 10
1089 70 25 2186 10
1089 57 25 1275 10
1089 78 25 2614 10
1089 78 12 3295 8
1089 8 12 1641 8
1089 67 25 1804 10
1089 76 12 968 8
1089 20 25 3451 10
1089 67 12 2207 8
1090 49 25 2840 10
1090 64 12 1437 8
1090 64 12 884 8
1090 31 12 547 8
1090 34 12 2622 8
1090 40 25 3652 10
1090 13 12 1303 8
1090 59 25 3652 10
1090 7 45 1991 12
1090 64 25 548 10
1090 59 25 897 10
1090 70 25 1262 10
1090 85 25 1311 10
1090 74 12 3376 8
1090 43 25 3353 10
1090 88 25 602 10
1090 66 25 1710 10
1090 6 12 1646 8
1090 69 12 1780 8
1090 86 25 347 10
1090 79 25 2464 10
1090 30 12 1427 8
1090 59 25 593 10
1090 54 45 92 12
1090 21 25 2762 10
1090 0 25 715 10
1090 42 25 1033 10
1090 1 25 822 10
1090 20 45 657 12
1090 93 45 1394 12
1090 15 12 3681 8
1090 78 25 997 10
1090 23 25 1866 10
1090 53 25 2330 10
1090 23 45 3967 12
1090 10 45 1157 12
1090 56 25 2539 10
1090 74 25 1448 10
1090 63 45 2929 12
1090 16 45 2392 12
1090 69 25 1708 10
1090 77 25 1284 10
1090 97 12 2 8
1090 4 25 997 10
1090 93 25 1635 10
1090 21 12 2838 8
1090 84 45 286 12
1090 50 25 1882 10
1091 84 12 3899 8
1091 47 25 2908 10
1091 66 45 2554 12
1091 78 25 2908 10
1091 27 12 71 8
1091 74 45 433 12
1091 73 25 602 10
1091 87 12 1489 8
1091 75 12 24 8
1091 76 25 2455 10
1091 78 45 11 12
1091 51 12 771 8
1091 0 25 2775 10
1091 53 25 1501 10
1091 1 25 2826 10
1091 4 12 235 8
1091 49 45 1518 12
1091 11 25 3397 10
1091 46 12 1623 8
1091 38 45 3380 12
1091 3 12 2466 8
1091 29 45 85 12
1091 33 45 2154 12
1091 85 12 2420 8
1091 35 45 1338 12
1091 94 45 3926 12
1091 80 12 2915 8
1091 99 25 534 10
1091 44 12 173 8
1091 78 45 1209 12
1091 64 25 2191 10
1091 57 25 210 10
1091 34 25 491 10
1091 83 25 527 10
1091 6 25 102 10
1091 23 45 1780 12
1092 15 25 1816 10
1092 84 25 1785 10
1092 2 25 1014 10
1092 15 45 1955 12
1092 21 25 3099 10
1092 85 25 1740 10
1092 53 45 1456 12
1092 88 12 653 8
1092 58 45 987 12
1092 5 45 60 12
1092 30 45 585 12
1092 84 45 585 12
1092 19 45 1034 12
1092 96 25 2927 10
1092 94 25 1850 10
1092 54 45 667 12
1092 94 45 3273 12
1092 95 45 1363 12
1092 91 25 855 10
1092 14 12 2500 8
1092 4 25 2415 10
1092 73 12 1411 8
1092 56 25 1785 10
1092 53 25 22 10
1092 40 12 3045 8
1092 53 45 976 12
1092 94 45 3594 12
1092 78 25 2144 10
1092 22 12 115 8
1092 23 45 1393 12
1092 65 25 2822 10
1092 33 45 1940 12
1092 21 45 1940 12
1092 17 25 262 10
1092 37 12 1622 8
1092 38 25 201 10
1092 77 12 896 8
1092 42 25 2060 10
1092 84 25 1056 10
1092 57 25 2261 10
1092 77 12 1500 8
1092 82 25 967 10
1092 29 25 2942 10
1092 51 25 102 10
1092 46 12 3448 8
1092 99 25 347 10
1092 98 25 969 10
1092 26 45 3453 12
1092 70 25 1668 10
1092 86 25 1850 10
1092 75 45 220 12
1092 17 25 1799 10
1092 95 45 2419 12
1092 73 45 1846 12
1092 19 12 180 8
1092 51 45 1030 12
1092 70 45 2065 12
1092 8 45 1465 12
1092 9 12 945 8
1092 45 45 29 12
1092 72 25 1019 10
1092 55 12 121 8
1092 52 25 683 10
1092 85 25 1047 10
1092 58 12 394 8
1092 13 45 1628 12
1092 34 45 1971 12
1092 99 25 1170 10
1092 38 25 2616 10
1092 83 12 997 8
1092 62 45 917 12
1092 12 12 526 8
1092 53 45 1193 12
1092 21 25 1205 10
1092 48 25 1931 10
1092 95 25 780 10
1092 7 45 1782 12
1092 55 25 2523 10
1092 14 25 1285 10
1092 70 12 1130 8
1092 85 45 2942 12
1092 0 45 3489 12
1092 11 25 1931 10
1092 47 45 1518 12
1092 78 45 3489 12
1093 43 25 1461 10
1093 24 45 1848 12
1093 43 12 93 8
1093 81 45 78 12
1093 22 25 2275 10
1093 13 25 2097 10
1093 16 25 3577 10
1093 38 45 2415 12
1093 43 12 2873 8
1093 21 12 2258 8
1093 34 25 1791 10
1093 22 25 1585 10
1093 83 45 78 12
1093 96 45 1988 12
1093 39 25 233 10
1093 7 12 1430 8
1093 97 25 2014 10
1093 96 45 2580 12
1093 34 12 88 8
1093 9 12 2572 8
1093 42 12 1173 8
1093 9 12 1497 8
1093 97 25 3229 10
1093 53 45 160 12
1093 76 25 643 10
1093 30 25 978 10
1093 62 45 1690 12
1093 49 45 914 12
1093 55 25 1566 10
1093 8 25 1829 10
1093 79 45 1157 12
1093 26 45 1339 12
1093 56 25 2014 10
1093 40 45 3145 12
1093 55 12 3448 8
1093 41 45 1593 12
1093 88 45 1506 12
1093 32 45 80 12
1093 23 12 1233 8
1093 88 25 927 10
1093 30 45 2136 12
1093 40 45 151 12
1093 6 12 3136 8
1093 15 12 2795 8
1093 57 25 570 10
1093 4 12 261 8
1093 86 45 1628 12
1093 90 45 921 12
1093 60 45 1879 12
1093 10 25 3107 10
1093 4 25 1014 10
1093 64 12 2674 8
1093 91 45 1134 12
1093 31 12 3454 8
1093 91 25 2538 10
1093 34 25 683 10
1093 74 25 1000 10
1093 40 45 2932 12
1093 56 45 604 12
1093 27 12 3309 8
1093 93 25 518 10
1093 44 45 2080 12
1093 0 25 2073 10
1093 28 12 1625 8
1093 70 25 1843 10
1093 26 45 2080 12
1093 44 45 524 12
1093 16 12 1625 8
1093 22 12 2335 8
1093 66 25 927 10
1093 6 25 2102 10
1093 1 25 228 10
1093 53 25 1490 10
1093 56 45 346 12
1093 64 45 524 12
1093 23 25 525 10
1093 7 25 1511 10
1094 93 12 710 8
1094 45 25 3224 10
1094 78 45 3657 12
1094 64 45 1 12
1094 25 25 3513 10
1094 42 45 1689 12
1094 16 25 2652 10
1094 90 12 2674 8
1094 22 25 1794 10
1094 71 45 2437 12
1094 29 25 1368 10
1094 78 12 1641 8
1094 36 25 2475 10
1094 20 25 1856 10
1094 54 25 2407 10
1094 32 25 3668 10
1094 10 45 1648 12
1094 43 45 1916 12
1094 2 25 1969 10
1094 9 25 1525 10
1094 2 45 3753 12
1094 11 25 1245 10
1094 83 45 3853 12
1094 99 25 2407 10
1094 34 12 2354 8
1094 68 45 1402 12
1094 78 45 761 12
1094 13 25 875 10
1094 77 45 2551 12
1094 35 12 2635 8
1094 71 25 797 10
1094 4 25 2669 10
1094 93 25 1183 10
1094 14 12 3375 8
1094 55 12 331 8
1094 64 45 2444 12
1094 9 25 3952 10
1094 49 12 248 8
1094 41 25 1027 10
1094 59 25 2948 10
1094 29 45 13 12
1094 56 45 679 12
1094 35 25 2314 10
1094 56 12 1453 8
1094 49 45 1566 12
1094 17 45 1521 12
1094 62 25 1650 10
1094 80 25 3292 10
1094 11 45 2554 12
1094 46 12 3714 8
1094 29 45 1125 12
1094 28 25 450 10
1094 13 25 802 10
1094 6 12 291 8
1094 72 25 3343 10
1094 3 25 2060 10
1094 33 25 626 10
1094 91 45 2718 12
1094 58 25 811 10
1094 25 25 254 10
1094 7 25 1094 10
1094 18 25 2281 10
1094 94 45 3744 12
1094 64 12 3421 8
1094 67 25 336 10
1094 82 25 258 10
1094 88 12 1358 8
1094 81 25 2466 10
1094 29 12 3906 8
1094 27 25 486 10
1094 53 12 636 8
1094 86 25 1496 10
1094 70 12 647 8
1094 32 12 1607 8
1094 14 12 1358 8
1094 82 12 1364 8
1095 47 25 6 10
1095 60 12 1909 8
1095 10 25 3016 10
1095 20 45 1920 12
1095 6 45 11 12
1095 45 12 3576 8
1095 6 25 181 10
1095 33 25 120 10
1095 84 25 1974 10
1095 71 25 125 10
1095 3 12 3461 8
1095 52 25 1100 10
1095 92 25 3434 10
1095 46 25 581 10
1095 81 45 1627 12
1095 42 12 2457 8
1095 33 25 2844 10
1095 86 25 3247 10
1095 67 45 3924 12
1095 60 45 540 12
1095 35 25 473 10
1095 55 45 1636 12
1095 23 12 3461 8
1095 47 45 3594 12
1095 93 25 3016 10
1095 68 25 1974 10
1095 80 25 3413 10
1095 61 12 3117 8
1095 58 12 1893 8
1095 15 45 832 12
1095 70 25 383 10
1095 8 25 3490 10
1095 21 45 2257 12
1095 41 25 2126 10
1095 42 45 3084 12
1095 55 12 1593 8
1095 97 25 435 10
1095 81 12 2367 8
1095 14 25 156 10
1095 68 25 945 10
1095 51 25 225 10
1095 56 12 3900 8
1095 56 25 801 10
1095 80 25 1054 10
1095 87 25 1731 10
1095 33 12 3682 8
1095 33 25 2475 10
1095 4 45 1093 12
1095 59 45 630 12
1095 9 45 3101 12
1095 99 25 1023 10
1095 52 25 417 10
1095 89 25 417 10
1095 0 25 3565 10
1095 93 12 74 8
1095 96 25 1100 10
1095 18 25 1566 10
1095 76 25 1510 10
1095 29 45 2664 12
1095 21 25 623 10
1095 82 12 1276 8
1095 31 12 1450 8
1095 79 25 3644 10
1095 87 12 1276 8
1095 48 25 1880 10
1095 97 25 1126 10
1095 30 25 2948 10
1095 75 45 433 12
1095 51 12 1893 8
1095 44 25 1927 10
1096 50 12 1198 8
1096 19 45 1419 12
1096 59 45 283 12
1096 92 45 1125 12
1096 1 25 240 10
1096 49 25 2052 10
1096 42 25 3398 10
1096 26 45 136 12
1096 77 25 1604 10
1096 24 12 179 8
1096 49 25 366 10
1096 85 45 1510 12
1096 47 45 869 12
1096 33 25 3927 10
1096 31 45 1876 12
1096 92 12 930 8
1096 52 12 2747 8
1096 56 12 3489 8
1096 40 12 1763 8
1096 29 45 1766 12
1096 32 25 1798 10
1096 55 45 2403 12
1096 40 45 1518 12
1096 9 12 3406 8
1096 60 25 785 10
1096 7 25 3138 10
1096 1 45 1388 12
1096 65 45 352 12
1096 97 12 345 8
1096 37 25 753 10
1096 3 45 1016 12
1096 67 12 1252 8
1096 30 25 2475 10
1096 53 12 1420 8
1096 33 25 656 10
1096 88 25 3398 10
1096 26 25 2129 10
1096 58 45 1016 12
1096 83 25 359 10
1096 66 45 2324 12
1096 55 25 2071 10
1096 28 45 1579 12
1096 47 45 435 12
1096 80 25 3655 10
1096 79 25 2165 10
1096 86 45 1370 12
1096 44 45 1370 12
1096 73 25 1133 10
1096 60 45 135 12
1096 29 45 558 12
1096 93 25 1258 10
1096 82 45 191 12
1096 47 25 3418 10
1096 58 25 2436 10
1096 28 25 492 10
1096 55 45 2471 12
1096 33 25 2436 10
1096 98 12 1907 8
1096 85 25 867 10
1096 61 25 1782 10
1096 97 45 141 12
1096 72 25 969 10
1096 92 12 1501 8
1096 5 45 3772 12
1096 55 25 1843 10
1096 94 12 1501 8
1096 88 25 2436 10
1097 28 45 1696 12
1097 59 25 1036 10
1097 32 45 311 12
1097 94 25 1638 10
1097 65 45 1517 12
1097 46 25 3864 10
1097 87 12 118 8
1097 40 12 118 8
1097 67 25 1921 10
1097 55 25 1804 10
1097 82 45 3389 12
1097 37 25 394 10
1097 68 25 1961 10
1097 72 25 1727 10
1097 35 45 216 12
1097 27 12 1342 8
1097 39 45 3807 12
1097 16 12 294 8
1097 7 12 208 8
1097 96 25 2475 10
1097 32 45 3881 12
1097 30 12 305 8
1097 41 45 1637 12
1097 8 45 3489 12
1097 24 25 1812 10
1097 29 25 1761 10
1097 2 25 1317 10
1097 43 25 1520 10
1097 57 25 1638 10
1097 22 45 151 12
1097 69 45 1224 12
1097 5 45 935 12
1097 22 25 2475 10
1097 44 45 171 12
1097 65 45 1518 12
1097 34 45 3477 12
1097 47 45 1346 12
1097 9 25 2775 10
1097 54 45 715 12
1097 52 45 894 12
1097 91 25 1836 10
1097 4 12 2882 8
1097 70 45 913 12
1097 78 45 453 12
1097 14 45 514 12
1097 91 25 467 10
1097 64 25 3062 10
1097 3 12 2670 8
1097 16 25 579 10
1097 1 25 1557 10
1097 34 12 247 8
1097 71 12 1543 8
1097 69 25 152 10
1097 64 25 1635 10
1097 17 12 202 8
1097 4 45 1699 12
1097 16 25 1639 10
1097 35 25 1638 10
1097 24 25 3395 10
1098 46 25 1457 10
1098 76 25 2507 10
1098 98 45 3822 12
1098 43 45 212 12
1098 86 45 1943 12
1098 80 25 2745 10
1098 93 45 544 12
1098 20 45 2875 12
1098 65 45 1627 12
1098 55 45 1535 12
1098 61 25 540 10
1098 80 45 3175 12
1098 78 25 3978 10
1098 34 25 2574 10
1098 25 45 2807 12
1098 9 45 2432 12
1098 3 25 3920 10
1098 41 25 1714 10
1098 53 25 1960 10
1098 80 25 2392 10
1098 98 45 2371 12
1098 34 25 2144 10
1098 80 25 1351 10
1098 4 25 673 10
1098 34 25 1922 10
1098 72 45 2481 12
1098 24 25 3165 10
1098 7 45 3215 12
1098 82 45 1616 12
1098 41 45 1510 12
1098 76 45 3215 12
1098 81 12 583 8
1098 66 45 1402 12
1098 55 45 3175 12
1098 94 25 51 10
1098 37 12 1848 8
1098 85 25 1939 10
1098 42 25 2671 10
1098 20 12 596 8
1098 19 12 88 8
1098 7 25 1604 10
1098 66 45 3142 12
1098 34 25 3107 10
1098 58 25 532 10
1098 96 12 3827 8
1098 93 25 868 10
1098 47 45 1446 12
1098 22 25 3107 10
1098 96 12 2915 8
1098 83 45 2853 12
1098 78 25 2574 10
1098 36 12 1490 8
1098 55 25 3107 10
1098 49 45 1284 12
1099 45 25 3145 10
1099 29 45 765 12
1099 28 45 1806 12
1099 95 25 650 10
1099 13 25 1876 10
1099 46 12 1876 8
1099 54 45 3968 12
1099 76 12 1736 8
1099 60 25 760 10
1099 8 25 2522 10
1099 11 45 1859 12
1099 52 12 418 8
1099 17 25 2032 10
1099 50 45 356 12
1099 36 45 3426 12
1099 16 25 1603 10
1099 44 12 3092 8
1099 69 12 1375 8
1099 56 45 1115 12
1099 79 25 1709 10
1099 33 25 1492 10
1099 57 25 3145 10
1099 70 45 2154 12
1099 40 45 189 12
1099 40 12 2254 8
1099 68 12 532 8
1099 10 45 3333 12
1099 66 12 1991 8
1099 38 12 1490 8
1099 77 25 1351 10
1099 57 12 2068 8
1099 80 25 2854 10
1099 68 25 1288 10
1099 54 12 1490 8
1099 57 25 684 10
1099 67 25 2243 10
1099 52 45 992 12
1099 64 25 1385 10
1099 42 25 160 10
1099 90 45 825 12
1099 9 25 942 10
1099 96 12 1519 8
1099 16 45 2554 12
1099 43 25 352 10
1099 36 25 198 10
1099 65 45 1916 12
1099 89 45 290 12
1099 83 45 349 12
1099 66 25 76 10
1099 80 25 3418 10
1099 78 25 1953 10
1099 34 12 2547 8
1099 13 45 1284 12
1099 5 25 981 10
1099 21 25 240 10
1099 89 12 3438 8
1099 55 45 1780 12
1099 45 45 3477 12
1099 91 25 3898 10
1099 80 45 3598 12
1099 64 12 1097 8
1099 44 25 828 10
1099 41 12 2690 8
1099 84 25 2102 10
1099 88 25 1548 10
1099 6 45 1789 12
1099 41 12 1681 8
1099 3 12 3282 8
1099 54 12 3852 8
1099 38 45 2769 12
1099 39 25 628 10
1099 53 12 609 8
1099 94 25 965 10
1099 92 25 937 10
1099 54 12 2838 8
1099 24 25 2574 10
1099 85 45 611 12
1099 6 12 322 8
1099 3 25 1835 10
1099 81 25 2616 10
1099 12 45 183 12
1099 82 45 1521 12
1099 53 12 492 8
1099 6 45 1964 12
1099 92 45 540 12
1099 60 25 3016 10
1099 13 12 1507 8
1099 38 12 1382 8
1099 29 12 2824 8
1099 36 12 3129 8
1099 29 25 869 10
1099 82 45 1636 12
1099 34 45 2769 12
1100 62 25 1561 10
1100 19 12 301 8
1100 94 12 301 8
1100 73 12 1705 8
1100 1 45 1367 12
1100 77 25 2781 10
1100 54 12 3498 8
1100 14 12 3210 8
1100 53 25 927 10
1100 22 45 1238 12
1100 32 25 2655 10
1100 55 25 1514 10
1100 58 25 1846 10
1100 91 45 1811 12
1100 28 25 1846 10
1100 23 45 3046 12
1100 2 12 1749 8
1100 3 45 1508 12
1100 91 12 1477 8
1100 96 12 3483 8
1100 83 45 2918 12
1100 63 25 2355 10
1100 9 25 2673 10
1100 76 25 3621 10
1100 88 25 1864 10
1100 26 45 1715 12
1100 87 12 118 8
1100 91 25 3413 10
1100 51 25 425 10
1100 18 25 908 10
1100 86 12 1189 8
1100 3 25 965 10
1100 64 45 2930 12
1100 73 45 1847 12
1100 1 25 1710 10
1100 77 25 1979 10
1100 10 25 197 10
1100 82 25 2489 10
1100 89 12 396 8
1100 93 25 3443 10
1100 54 45 899 12
1100 19 45 1430 12
1100 56 12 3350 8
1100 60 45 1916 12
1100 87 45 1946 12
1100 0 45 1663 12
1100 55 12 1608 8
1100 27 25 103 10
1100 29 45 1562 12
1100 65 45 349 12
1100 70 45 3508 12
1100 75 45 1452 12
1100 10 45 3075 12
1100 95 25 2237 10
1100 54 25 431 10
1100 18 25 809 10
1100 6 45 558 12
1100 52 25 2424 10
1100 39 25 1027 10
1100 0 25 2820 10
1100 46 12 492 8
1100 4 12 1695 8
1100 21 12 2440 8
1100 70 12 51 8
1100 91 45 385 12
1100 40 45 1967 12
1100 78 45 2769 12
1100 92 25 1718 10
1100 72 25 1202 10
1100 3 25 2424 10
1100 27 25 809 10
1100 17 45 834 12
1100 25 25 1492 10
1100 78 45 292 12
1100 40 45 840 12
1100 45 45 1318 12
1100 78 25 750 10
1100 95 12 1149 8
1100 81 12 1174 8
1100 45 12 1974 8
1100 19 45 3905 12
1100 98 12 1698 8
1100 98 25 241 10
1100 17 45 2765 12
1100 4 45 1333 12
1100 73 25 3935 10
1100 93 12 3806 8
1100 76 25 3745 10
1100 28 25 3632 10
1100 13 25 1561 10
1100 99 12 3806 8
1101 80 25 339 10
1101 18 25 1395 10
1101 52 25 339 10
1101 62 25 1730 10
1101 5 45 667 12
1101 37 25 1880 10
1101 78 25 1784 10
1101 94 45 1269 12
1101 5 45 2912 12
1101 4 25 1623 10
1101 89 45 1313 12
1101 39 25 463 10
1101 74 45 1733 12
1101 36 12 1153 8
1101 21 25 3573 10
1101 77 45 1246 12
1101 67 12 3906 8
1101 1 25 3107 10
1101 27 12 2975 8
1101 69 12 115 8
1101 55 25 469 10
1101 60 25 3107 10
1101 17 25 2475 10
1101 33 45 1430 12
1101 92 45 2471 12
1101 95 45 200 12
1101 43 25 2475 10
1101 43 25 2623 10
1101 19 25 2475 10
1101 74 45 1507 12
1101 70 25 3107 10
1101 79 45 3075 12
1101 19 25 1929 10
1101 17 45 1553 12
1101 47 45 667 12
1101 30 25 1789 10
1101 2 12 118 8
1101 35 45 2902 12
1101 24 45 2402 12
1101 20 45 3404 12
1101 41 12 2680 8
1101 34 45 3064 12
1101 24 12 526 8
1101 41 25 3999 10
1101 31 25 2125 10
1101 29 45 3519 12
1101 73 12 604 8
1101 31 12 2976 8
1101 66 12 1389 8
1101 87 12 245 8
1101 74 12 245 8
1101 66 25 2375 10
1101 23 25 1888 10
1101 99 25 1784 10
1101 39 25 2531 10
1101 8 25 534 10
1101 30 45 2854 12
1101 89 45 651 12
1101 63 25 3211 10
1101 33 45 268 12
1101 17 12 2760 8
1101 92 12 1908 8
1101 8 45 687 12
1101 0 12 1231 8
1101 35 45 753 12
1101 55 45 2769 12
1101 98 12 1283 8
1101 85 25 2518 10
1101 72 45 1822 12
1101 29 25 809 10
1101 67 45 3411 12
1101 91 25 2523 10
1101 98 25 2523 10
1101 38 25 11 10
1101 93 25 848 10
1101 41 12 3939 8
1101 85 25 3756 10
1101 36 25 2722 10
1101 3 45 1061 12
1101 80 25 279 10
1101 29 25 888 10
1101 37 12 15 8
1101 94 45 1192 12
1101 54 25 3715 10
1101 57 25 1099 10
1101 92 45 1361 12
1101 12 45 1572 12
1101 98 12 1736 8
1101 48 25 2613 10
1101 37 45 1715 12
1101 90 12 3087 8
1101 69 45 227 12
1101 4 25 1234 10
1101 92 25 279 10
1101 94 12 2188 8
1101 17 12 1788 8
1101 73 45 1361 12
1101 96 12 1123 8
1102 82 45 1159 12
1102 72 12 2827 8
1102 43 45 2693 12
1102 85 45 1368 12
1102 90 45 1112 12
1102 84 25 1263 10
1102 26 12 235 8
1102 43 12 2827 8
1102 75 25 1651 10
1102 37 25 1444 10
1102 48 25 3996 10
1102 3 25 1512 10
1102 16 12 492 8
1102 63 45 2873 12
1102 26 25 1918 10
1102 11 25 2836 10
1102 42 25 1003 10
1102 61 12 1375 8
1102 85 25 1918 10
1102 23 25 3955 10
1102 52 25 3775 10
1102 51 12 1375 8
1102 46 25 1918 10
1102 33 25 1098 10
1102 47 25 744 10
1102 7 45 1368 12
1102 33 25 1758 10
1102 10 25 1758 10
1102 69 45 1502 12
1102 45 45 816 12
1102 62 25 1415 10
1102 57 25 1180 10
1102 80 25 1758 10
1102 13 25 2865 10
1102 99 25 3490 10
1102 4 25 1180 10
1102 99 25 1676 10
1102 30 25 1224 10
1102 5 45 1154 12
1102 28 12 1411 8
1102 69 25 3490 10
1102 92 45 1243 12
1102 77 45 1721 12
1102 28 25 127 10
1102 61 45 3285 12
1102 44 45 1368 12
1102 89 25 1555 10
1102 81 45 709 12
1102 94 45 3144 12
1102 83 25 3643 10
1102 31 12 2210 8
1102 63 12 2603 8
1102 54 12 887 8
1102 25 25 3070 10
1102 89 12 3678 8
1102 85 45 655 12
1102 31 25 1876 10
1102 27 45 1521 12
1102 88 45 976 12
1102 75 45 3071 12
1102 78 12 877 8
1102 94 25 429 10
1102 73 25 3585 10
1102 62 25 2739 10
1102 66 25 3334 10
1102 10 25 1043 10
1102 80 25 3418 10
1102 44 45 2709 12
1102 48 25 1883 10
1102 89 25 2322 10
1102 46 12 2855 8
1102 51 12 555 8
1102 50 12 2934 8
1102 58 12 51 8
1102 8 45 3268 12
1102 82 45 540 12
1102 78 25 1573 10
1102 34 25 1573 10
1102 98 45 1590 12
1102 5 25 2009 10
1102 36 12 1929 8
1102 91 45 1765 12
1102 26 25 2739 10
1102 88 25 1168 10
1102 55 25 1918 10
1102 12 45 237 12
1102 3 25 1610 10
1102 24 45 3945 12
1102 38 25 2500 10
1102 89 45 583 12
1102 48 12 1231 8
1102 9 25 1883 10
1102 12 25 2169 10
1102 38 25 1810 10
1102 14 12 245 8
1102 58 25 758 10
1102 30 25 2493 10
1102 27 25 3923 10
1102 79 12 739 8
1102 49 45 1765 12
1103 36 12 1054 8
1103 63 25 828 10
1103 68 12 609 8
1103 45 12 971 8
1103 18 25 453 10
1103 19 45 1715 12
1103 36 12 2369 8
1103 38 12 527 8
1103 12 25 3893 10
1103 20 25 1993 10
1103 79 25 3536 10
1103 2 45 3086 12
1103 77 12 1409 8
1103 93 45 894 12
1103 31 12 1611 8
1103 96 45 535 12
1103 65 25 790 10
1103 37 12 2426 8
1103 73 25 1298 10
1103 97 25 1298 10
1103 87 45 715 12
1103 78 12 1849 8
1103 71 45 754 12
1103 35 12 1971 8
1103 80 25 1659 10
1103 20 25 2668 10
1103 89 25 941 10
1103 18 25 3311 10
1103 41 25 2978 10
1103 68 25 2617 10
1103 63 45 648 12
1103 99 25 3022 10
1103 41 25 1628 10
1103 58 25 1360 10
1103 51 25 1044 10
1103 84 25 1699 10
1103 98 12 2116 8
1103 43 25 1659 10
1103 28 12 2492 8
1103 23 45 1933 12
1103 83 25 822 10
1103 29 25 3312 10
1103 85 25 1679 10
1103 75 25 3987 10
1103 7 25 1506 10
1103 67 12 1257 8
1103 59 45 3996 12
1103 47 45 1929 12
1104 0 12 634 8
1104 50 12 444 8
1104 61 25 745 10
1104 26 25 2412 10
1104 23 45 1116 12
1104 27 12 2674 8
1104 4 12 2599 8
1104 68 25 2484 10
1104 1 25 2436 10
1104 71 25 1005 10
1104 2 12 3707 8
1104 75 12 1969 8
1104 46 12 3441 8
1104 5 45 1846 12
1104 8 45 2534 12
1104 99 45 1051 12
1104 63 45 2945 12
1104 57 25 928 10
1104 32 45 208 12
1104 61 45 1636 12
1104 2 12 3464 8
1104 46 25 715 10
1104 6 12 384 8
1104 49 25 2128 10
1104 88 25 1591 10
1104 3 25 1195 10
1104 37 12 1765 8
1104 57 45 13 12
1104 36 45 2342 12
1104 94 45 3531 12
1104 33 25 1635 10
1104 74 45 3127 12
1104 78 45 2534 12
1104 68 45 2392 12
1104 6 25 1501 10
1104 7 25 3490 10
1104 85 25 54 10
1104 44 25 559 10
1104 68 25 1248 10
1104 5 25 920 10
1104 83 25 618 10
1104 96 45 1059 12
1104 60 25 1539 10
1104 13 25 831 10
1104 54 45 1342 12
1104 40 25 1695 10
1105 41 12 667 8
1105 77 45 2804 12
1105 40 12 1573 8
1105 9 45 711 12
1105 67 25 853 10
1105 7 45 2804 12
1105 97 12 3262 8
1105 12 45 3660 12
1105 44 45 1596 12
1105 95 45 2245 12
1105 63 12 1386 8
1105 73 25 262 10
1105 43 25 1713 10
1105 59 45 1964 12
1105 0 45 3555 12
1105 39 25 1830 10
1105 6 12 2697 8
1105 67 45 3282 12
1105 25 25 2260 10
1105 9 45 742 12
1105 25 45 1355 12
1105 92 25 3921 10
1105 36 12 3710 8
1105 45 25 3070 10
1105 20 25 1882 10
1105 87 12 2586 8
1105 76 25 1504 10
1105 0 12 761 8
1105 68 25 1165 10
1105 94 12 3874 8
1105 95 45 1446 12
1105 29 45 1106 12
1105 91 12 3454 8
1105 18 25 3059 10
1105 37 25 1355 10
1105 82 25 3756 10
1105 51 25 1186 10
1105 63 45 1822 12
1105 16 45 687 12
1105 7 45 3396 12
1105 69 45 3196 12
1105 15 45 1524 12
1105 5 45 419 12
1105 38 45 118 12
1105 85 45 2593 12
1105 50 25 43 10
1105 44 25 1758 10
1105 55 12 217 8
1105 24 45 1769 12
1105 57 25 844 10
1105 86 25 2897 10
1105 54 12 2009 8
1105 68 45 3555 12
1106 76 12 1079 8
1106 87 25 3528 10
1106 99 12 2390 8
1106 7 25 1100 10
1106 15 25 3767 10
1106 51 45 793 12
1106 86 45 439 12
1106 86 25 108 10
1106 74 12 1826 8
1106 18 12 255 8
1106 70 25 1939 10
1106 75 45 914 12
1106 99 12 1411 8
1106 88 45 1498 12
1106 34 45 439 12
1106 70 25 458 10
1106 23 12 971 8
1106 37 12 647 8
1106 94 25 3528 10
1106 93 45 1560 12
1106 43 12 2390 8
1106 20 25 282 10
1106 81 12 647 8
1106 84 12 69 8
1106 59 12 1976 8
1106 77 25 3145 10
1106 4 25 1339 10
1106 66 45 905 12
1106 39 25 2300 10
1106 99 25 1617 10
1106 25 25 2261 10
1106 48 45 540 12
1106 73 45 1903 12
1106 21 12 699 8
1106 55 12 1270 8
1106 26 25 2304 10
1106 41 45 540 12
1106 2 12 2390 8
1106 12 25 252 10
1106 73 12 971 8
1106 85 25 2560 10
1106 48 25 621 10
1106 6 45 1498 12
1106 45 25 683 10
1106 29 12 1792 8
1106 62 25 451 10
1106 42 45 2866 12
1106 26 25 3955 10
1106 86 12 1608 8
1106 55 45 2599 12
1106 15 25 1165 10
1106 18 25 1521 10
1106 53 45 1198 12
1106 74 45 2755 12
1106 88 25 2648 10
1106 91 25 792 10
1106 31 12 3489 8
1106 97 45 302 12
1106 80 25 906 10
1106 31 25 2212 10
1106 16 45 1889 12
1106 4 12 411 8
1106 63 45 1535 12
1106 62 12 771 8
1106 7 45 3273 12
1106 56 25 1922 10
1106 63 45 2804 12
1106 25 12 771 8
1106 45 12 248 8
1106 83 12 1715 8
1106 10 45 231 12
1106 55 45 2371 12
1106 78 25 1177 10
1106 78 45 1553 12
1106 75 12 2432 8
1107 9 12 1358 8
1107 93 25 81 10
1107 34 25 3226 10
1107 53 12 2452 8
1107 33 25 806 10
1107 31 45 1505 12
1107 81 25 1321 10
1107 94 45 518 12
1107 50 12 2764 8
1107 27 12 1303 8
1107 90 12 331 8
1107 24 25 792 10
1107 80 25 3973 10
1107 87 25 3016 10
1107 41 25 2891 10
1107 30 45 3096 12
1107 71 12 1623 8
1107 8 45 3595 12
1107 0 45 974 12
1107 46 12 3860 8
1107 65 25 231 10
1107 98 12 2760 8
1107 89 25 2798 10
1107 46 25 3684 10
1107 12 25 3633 10
1107 2 12 1503 8
1107 17 25 3534 10
1107 35 45 2459 12
1107 6 12 3794 8
1107 57 25 3977 10
1107 20 12 2492 8
1107 93 12 3226 8
1107 10 45 1975 12
1107 59 45 1975 12
1107 92 45 1975 12
1107 22 25 231 10
1107 1 25 465 10
1107 52 12 2492 8
1107 87 25 955 10
1107 63 45 626 12
1107 7 25 1918 10
1107 31 12 1102 8
1107 15 12 1102 8
1107 2 25 668 10
1107 62 25 1918 10
1107 65 25 3767 10
1107 3 25 1676 10
1107 15 25 3629 10
1107 43 45 1224 12
1107 94 45 1758 12
1107 95 45 2121 12
1107 12 25 1512 10
1107 52 12 3801 8
1107 58 12 331 8
1107 70 25 1361 10
1107 70 25 2707 10
1107 27 12 2469 8
1107 29 12 2469 8
1107 23 12 990 8
1107 20 45 1027 12
1107 72 12 248 8
1107 21 25 1343 10
1107 15 45 3405 12
1107 33 45 1535 12
1107 87 25 1546 10
1107 8 12 13 8
1107 97 45 1293 12
1107 72 12 848 8
1107 98 25 1444 10
1107 55 25 691 10
1107 64 45 3285 12
1107 1 25 571 10
1107 59 45 1401 12
1107 85 12 3421 8
1107 68 45 1329 12
1107 4 25 459 10
1107 90 45 3046 12
1107 67 45 3594 12
1107 29 25 1263 10
1107 0 45 1002 12
1107 54 25 3439 10
1107 78 12 1153 8
1107 11 25 558 10
1107 22 45 1002 12
1107 82 45 3046 12
1107 55 25 3654 10
1107 78 45 1402 12
1107 32 25 767 10
1107 64 12 204 8
1107 86 12 959 8
1107 53 25 1615 10
1107 46 25 125 10
1107 47 45 2245 12
1107 72 25 1794 10
1107 11 25 771 10
1108 90 25 2279 10
1108 68 25 614 10
1108 51 12 3453 8
1108 94 45 3075 12
1108 60 12 1994 8
1108 72 45 456 12
1108 61 12 1913 8
1108 54 45 1399 12
1108 2 25 1804 10
1108 43 45 1224 12
1108 86 45 2265 12
1108 11 45 639 12
1108 18 25 336 10
1108 8 45 3482 12
1108 12 45 567 12
1108 1 25 2383 10
1108 7 25 527 10
1108 65 25 3502 10
1108 30 25 147 10
1108 74 25 1900 10
1108 12 45 2633 12
1108 61 25 3209 10
1108 84 25 454 10
1108 96 45 2769 12
1108 90 12 261 8
1108 29 25 541 10
1108 53 25 1921 10
1108 46 12 3945 8
1108 94 12 2457 8
1108 75 12 1362 8
1108 61 45 126 12
1108 4 12 2921 8
1108 9 25 1799 10
1108 4 25 2131 10
1108 46 25 1939 10
1108 95 45 2810 12
1108 49 12 1185 8
1108 96 25 2436 10
1108 38 25 52 10
1108 51 12 1641 8
1108 94 12 457 8
1108 97 45 353 12
1108 4 45 2592 12
1108 73 45 2041 12
1108 46 12 3474 8
1108 28 12 3474 8
1108 37 25 1321 10
1108 88 25 2412 10
1108 29 12 571 8
1108 72 12 173 8
1108 93 25 3794 10
1108 22 25 752 10
1108 32 45 1053 12
1108 65 45 1053 12
1108 81 25 264 10
1108 11 25 352 10
1108 84 25 2820 10
1108 78 12 771 8
1108 39 25 685 10
1108 28 25 2890 10
1108 15 12 1176 8
1108 48 25 3973 10
1108 25 45 1664 12
1108 2 25 3490 10
1108 74 25 1741 10
1108 48 45 1352 12
1108 97 45 984 12
1108 61 25 3843 10
1108 61 25 105 10
1108 95 45 2365 12
1108 80 25 3024 10
1108 28 45 1160 12
1108 0 12 3729 8
1108 46 25 2415 10
1108 33 25 142 10
1108 40 45 1363 12
1108 29 45 1333 12
1108 62 45 1353 12
1108 59 25 1810 10
1108 4 25 3491 10
1108 41 25 1239 10
1108 81 12 1704 8
1108 61 25 3490 10
1109 93 25 302 10
1109 57 12 1411 8
1109 7 12 1991 8
1109 11 12 955 8
1109 65 12 1048 8
1109 85 12 777 8
1109 87 12 777 8
1109 66 12 2202 8
1109 33 25 986 10
1109 17 25 2778 10
1109 22 25 732 10
1109 65 45 1802 12
1109 81 25 144 10
1109 94 45 3570 12
1109 17 25 1840 10
1109 92 25 1133 10
1109 79 12 824 8
1109 39 25 381 10
1109 74 45 2625 12
1109 50 12 3945 8
1109 19 12 439 8
1109 38 45 629 12
1109 77 45 1567 12
1109 56 45 1164 12
1109 36 25 422 10
1109 17 25 1660 10
1109 45 12 2697 8
1109 33 45 1593 12
1109 10 25 1801 10
1109 33 25 1364 10
1109 66 12 1995 8
1109 68 45 2727 12
1109 30 45 2221 12
1109 5 45 2221 12
1109 42 45 2147 12
1109 52 12 1749 8
1109 92 12 1577 8
1109 24 25 1807 10
1109 64 45 822 12
1109 88 25 422 10
1109 62 45 1712 12
1109 41 12 599 8
1109 91 25 851 10
1109 45 12 2431 8
1109 39 45 3583 12
1109 40 25 2526 10
1109 63 12 2732 8
1109 38 25 446 10
1109 74 25 3794 10
1109 64 25 1801 10
1109 54 25 1965 10
1109 56 25 373 10
1109 88 25 2383 10
1109 38 25 424 10
1109 70 25 356 10
1109 77 25 356 10
1109 38 45 1424 12
1109 57 25 624 10
1109 45 25 198 10
1109 90 25 178 10
1109 82 12 1972 8
1109 99 12 1704 8
1109 26 12 3498 8
1109 33 12 1434 8
1109 48 12 3498 8
1109 36 45 1085 12
1109 23 45 1663 12
1109 96 25 2070 10
1109 8 45 1333 12
1109 61 12 2712 8
1109 5 25 1899 10
1109 78 12 293 8
1109 15 25 2891 10
1109 96 12 1777 8
1109 49 45 1333 12
1109 16 45 809 12
1109 58 45 2632 12
1109 52 25 1398 10
1109 21 25 1903 10
1110 6 25 42 10
1110 14 25 948 10
1110 90 45 1108 12
1110 97 12 1266 8
1110 42 45 754 12
1110 83 45 1060 12
1110 71 45 1199 12
1110 14 25 737 10
1110 72 45 1968 12
1110 81 45 68 12
1110 50 25 2126 10
1110 3 25 2106 10
1110 96 25 1361 10
1110 17 12 679 8
1110 22 45 1004 12
1110 63 25 323 10
1110 24 45 1004 12
1110 97 12 1749 8
1110 48 25 2601 10
1110 81 12 2512 8
1110 61 25 261 10
1110 96 45 919 12
1110 98 25 2833 10
1110 55 12 2369 8
1110 78 45 2749 12
1110 94 12 746 8
1110 41 25 36 10
1110 55 12 204 8
1110 12 45 2055 12
1110 34 25 2601 10
1110 40 25 1801 10
1110 46 25 1744 10
1110 3 12 3984 8
1110 69 12 73 8
1110 98 25 26 10
1110 46 25 1053 10
1110 84 45 3550 12
1110 34 45 1630 12
1110 73 45 1630 12
1110 96 25 2269 10
1110 37 12 1141 8
1110 61 12 583 8
1110 4 25 511 10
1110 91 12 2202 8
1110 92 25 424 10
1110 2 45 2417 12
1110 50 12 363 8
1110 41 45 366 12
1110 40 25 3831 10
1110 48 25 119 10
1110 98 25 1861 10
1110 44 45 3097 12
1110 37 25 804 10
1110 39 25 2478 10
1110 80 45 419 12
1110 28 25 1174 10
1110 10 12 47 8
1110 6 25 2152 10
1110 51 12 694 8
1110 62 12 1241 8
1110 91 45 1065 12
1110 12 12 2975 8
1110 69 25 2555 10
1110 84 45 429 12
1110 27 45 349 12
1110 67 25 1880 10
1110 77 25 3534 10
1110 12 25 1012 10
1110 30 25 445 10
1110 86 45 1581 12
1110 47 25 2942 10
1110 5 25 3723 10
1110 3 25 779 10
1111 35 12 1971 8
1111 99 25 1237 10
1111 84 25 2946 10
1111 31 45 2554 12
1111 23 12 3860 8
1111 20 45 2158 12
1111 57 12 3317 8
1111 19 25 2537 10
1111 92 25 1992 10
1111 42 25 1992 10
1111 42 25 202 10
1111 65 12 2213 8
1111 75 12 2202 8
1111 84 45 1590 12
1111 62 25 579 10
1111 89 45 3046 12
1111 8 45 313 12
1111 37 45 1656 12
1111 51 25 1827 10
1111 92 25 1973 10
1111 13 12 1704 8
1111 14 12 1704 8
1111 22 25 1020 10
1111 0 12 1704 8
1111 98 12 286 8
1111 71 25 1154 10
1111 11 12 1449 8
1111 15 45 2769 12
1111 32 45 1508 12
1111 47 25 705 10
1111 93 45 2769 12
1111 50 12 722 8
1111 24 12 2074 8
1111 40 25 264 10
1111 76 25 1712 10
1111 40 25 2541 10
1111 57 12 1130 8
1111 49 45 2402 12
1111 39 25 1308 10
1111 45 12 2896 8
1111 88 12 3167 8
1111 93 12 654 8
1111 29 25 2452 10
1111 34 45 269 12
1111 66 12 762 8
1111 61 25 225 10
1111 28 25 3585 10
1111 12 12 2155 8
1112 76 45 214 12
1112 94 12 2383 8
1112 48 45 1422 12
1112 14 45 1170 12
1112 94 12 1686 8
1112 8 45 2136 12
1112 64 12 118 8
1112 98 25 3439 10
1112 43 45 3780 12
1112 52 45 2753 12
1112 14 45 1578 12
1112 22 25 1915 10
1112 83 25 3747 10
1112 93 12 2492 8
1112 51 45 371 12
1112 76 45 371 12
1112 95 45 371 12
1112 32 45 371 12
1112 38 12 930 8
1112 46 12 2492 8
1112 74 45 2405 12
1112 19 25 3921 10
1112 55 25 2539 10
1112 99 12 3582 8
1112 64 12 3466 8
1112 51 12 1704 8
1112 79 45 2462 12
1112 33 45 1899 12
1112 10 12 201 8
1112 86 45 1004 12
1112 64 12 2851 8
1112 6 25 556 10
1112 17 45 3311 12
1112 98 45 370 12
1112 60 25 1718 10
1112 96 25 1718 10
1112 87 25 449 10
1112 10 12 1351 8
1112 39 45 2107 12
1112 79 25 3501 10
1112 45 25 3529 10
1112 72 25 1001 10
1112 90 12 3222 8
1112 13 12 1720 8
1112 57 45 1664 12
1112 85 25 1595 10
1112 55 45 2855 12
1112 84 25 532 10
1112 36 25 1888 10
1112 95 45 2004 12
1112 47 45 651 12
1112 31 25 351 10
1112 44 12 1298 8
1112 55 25 2395 10
1112 26 25 2144 10
1112 37 25 2144 10
1112 91 25 2261 10
1112 81 25 2144 10
1112 15 45 3161 12
1112 36 45 1238 12
1112 97 45 3640 12
1112 30 25 1769 10
1112 48 45 327 12
1113 45 25 2094 10
1113 55 25 2887 10
1113 50 25 25 10
1113 4 45 300 12
1113 62 25 456 10
1113 17 25 2094 10
1113 92 25 1344 10
1113 67 25 1344 10
1113 0 45 913 12
1113 34 25 809 10
1113 63 45 1514 12
1113 71 25 3935 10
1113 35 45 3586 12
1113 59 12 1659 8
1113 85 45 1363 12
1113 87 25 2393 10
1113 97 45 2580 12
1113 28 45 991 12
1113 40 45 613 12
1113 5 12 1141 8
1113 64 12 647 8
1113 29 12 3650 8
1113 58 25 157 10
1113 2 25 2979 10
1113 46 25 2522 10
1113 52 25 3272 10
1113 90 25 1691 10
1113 86 45 1004 12
1113 27 45 54 12
1113 9 25 2229 10
1113 5 45 3512 12
1113 89 12 901 8
1113 94 25 534 10
1113 98 25 2425 10
1113 35 25 644 10
1113 30 12 667 8
1113 91 12 3415 8
1113 68 45 1269 12
1113 80 45 1399 12
1113 19 45 2940 12
1113 70 25 927 10
1113 6 45 3973 12
1113 26 45 12 12
1113 80 25 245 10
1113 85 45 371 12
1113 50 45 371 12
1113 87 45 371 12
1113 54 45 435 12
1113 16 25 880 10
1113 27 25 2276 10
1113 34 25 2383 10
1113 58 25 3052 10
1113 67 45 878 12
1113 22 45 1208 12
1113 81 45 878 12
1113 3 45 878 12
1113 59 45 1226 12
1113 17 12 592 8
1113 37 45 3658 12
1113 53 25 273 10
1113 41 12 2833 8
1113 85 45 68 12
1113 48 45 2239 12
1113 17 25 1870 10
1113 2 25 1870 10
1113 24 45 3759 12
1113 14 25 1149 10
1113 58 25 1202 10
1113 40 25 1952 10
1113 20 45 2157 12
1113 99 45 1728 12
1113 59 12 2983 8
1113 49 12 592 8
1113 3 45 3161 12
1113 79 45 3161 12
1113 42 12 1245 8
1113 99 45 973 12
1113 67 45 611 12
1113 73 45 1326 12
1113 39 25 729 10
1113 96 12 1913 8
1113 13 12 2652 8
1113 78 12 2652 8
1113 61 12 491 8
1113 18 12 2806 8
1113 50 45 768 12
1113 83 25 2942 10
1113 16 45 419 12
1113 17 25 410 10
1113 68 45 1991 12
1113 0 25 2586 10
1113 22 25 2016 10
1113 62 12 997 8
1113 92 25 1123 10
1113 26 45 410 12
1113 94 12 173 8
1113 28 25 445 10
1113 40 45 1300 12
1113 28 25 1307 10
1113 94 45 1 12
1113 63 45 1309 12
1113 53 12 3117 8
1113 35 12 1608 8
1113 88 25 2957 10
1113 24 25 1046 10
1113 59 12 3198 8
1113 22 25 87 10
1113 16 25 1864 10
1113 13 25 1706 10
1113 10 25 1428 10
1113 64 25 1321 10
1113 77 12 741 8
1113 53 25 425 10
1113 15 25 3520 10
1113 15 25 1444 10
1113 16 45 2181 12
1113 82 12 741 8
1113 33 12 2185 8
1113 15 45 1885 12
1113 50 45 2759 12
1113 91 45 1789 12
1114 70 25 20 10
1114 79 25 3661 10
1114 8 45 1011 12
1114 80 45 1011 12
1114 16 45 1757 12
1114 8 25 13 10
1114 67 25 3439 10
1114 70 25 3741 10
1114 45 25 2828 10
1114 19 25 201 10
1114 48 25 1143 10
1114 32 25 967 10
1114 98 12 3341 8
1114 59 25 3619 10
1114 91 25 2300 10
1114 87 45 1501 12
1114 6 25 3293 10
1114 30 12 604 8
1114 42 25 1798 10
1114 23 12 1841 8
1114 2 25 1761 10
1114 4 45 155 12
1114 82 25 1927 10
1114 8 12 3975 8
1114 42 25 1866 10
1114 27 45 3220 12
1114 31 12 2915 8
1114 59 45 3237 12
1114 15 25 232 10
1114 33 12 1579 8
1114 28 45 3273 12
1114 18 45 1243 12
1114 55 45 3177 12
1114 86 25 2659 10
1114 99 25 1393 10
1114 92 45 1437 12
1114 27 45 2769 12
1114 37 12 1274 8
1114 66 45 1004 12
1114 46 12 1788 8
1114 49 45 2891 12
1114 62 12 1788 8
1114 54 25 3163 10
1114 52 25 508 10
1114 90 25 1932 10
1114 82 25 2455 10
1114 62 25 3163 10
1114 42 12 1854 8
1114 75 25 2716 10
1114 13 25 2267 10
1114 50 45 313 12
1114 5 25 2946 10
1114 31 12 1211 8
1114 94 25 2946 10
1114 83 12 971 8
1114 84 25 1069 10
1114 85 45 899 12
1114 45 12 3447 8
1114 94 12 1141 8
1114 44 25 377 10
1114 66 45 611 12
1114 74 45 1889 12
1114 73 45 439 12
1114 93 25 2039 10
1114 81 25 2247 10
1114 73 12 971 8
1114 37 45 2659 12
1114 18 45 3343 12
1114 40 25 3775 10
1114 40 12 406 8
1114 27 12 570 8
1114 44 25 1836 10
1114 20 12 2165 8
1114 41 25 2144 10
1114 34 25 1088 10
1114 19 45 1535 12
1114 26 45 1160 12
1114 46 12 977 8
1114 94 12 293 8
1114 81 12 1525 8
1114 11 12 3453 8
1114 14 25 534 10
1114 75 12 77 8
1114 57 25 1518 10
1114 44 45 2077 12
1114 43 12 1167 8
1114 41 45 560 12
1114 60 12 1653 8
1114 40 45 503 12
1114 30 12 1212 8
1114 14 45 1886 12
1114 14 12 1653 8
1114 1 25 374 10
1114 68 12 971 8
1114 84 45 2930 12
1114 70 12 3827 8
1114 91 45 2930 12
1114 21 25 628 10
1114 36 12 1374 8
1114 46 45 1194 12
1114 95 45 3591 12
1114 49 25 1546 10
1114 26 25 719 10
1114 60 25 2484 10
1114 23 25 3306 10
1114 74 25 1492 10
1114 99 45 560 12
1114 87 12 2697 8
1114 23 45 3237 12
1114 55 25 1363 10
1114 94 12 386 8
1114 4 45 3926 12
1114 27 12 989 8
1114 78 45 3236 12
1114 25 25 1132 10
1114 82 25 1903 10
1114 68 25 1846 10
1114 32 12 945 8
1114 37 25 502 10
1114 40 12 3208 8
1114 68 12 989 8
1114 45 25 1751 10
1114 1 25 1507 10
1114 58 12 2721 8
1114 38 25 1507 10
1114 45 45 705 12
1114 23 25 3215 10
1114 1 45 2769 12
1114 6 25 879 10
1114 53 25 2315 10
1114 40 25 1113 10
1114 5 45 3905 12
1114 57 45 750 12
1114 60 25 1113 10
1114 38 25 1935 10
1114 50 45 3485 12
1114 89 12 386 8
1114 1 45 1402 12
1114 18 45 3489 12
1114 76 25 1863 10
1114 39 25 3209 10
1114 96 25 478 10
1114 15 45 464 12
1114 49 45 605 12
1114 24 45 25 12
1114 8 12 1443 8
1114 75 25 2455 10
1114 37 45 708 12
1114 31 25 3775 10
1114 53 45 708 12
1114 41 45 25 12
1114 55 45 2012 12
1114 63 45 2012 12
1114 61 25 148 10
1114 54 25 1660 10
1114 67 25 3553 10
1114 12 25 2383 10
1114 43 45 1566 12
1114 53 25 1920 10
1114 87 25 867 10
1114 69 25 2067 10
1114 15 25 459 10
1114 53 45 25 12
1114 40 45 2625 12
1114 33 45 1402 12
1114 67 12 2824 8
1114 85 12 3295 8
1114 30 12 2896 8
1114 76 45 1714 12
1114 93 45 1714 12
1114 40 25 139 10
1114 86 12 3682 8
1114 82 25 1784 10
1114 55 25 207 10
1114 53 25 2464 10
1114 37 45 3489 12
1114 74 25 1036 10
1114 15 25 1036 10
1114 92 25 575 10
1114 8 25 1277 10
1114 8 12 546 8
1114 5 45 902 12
1114 65 45 2245 12
1114 99 25 397 10
1114 29 12 3135 8
1114 67 25 2173 10
1114 32 25 1591 10
1114 12 25 1962 10
1114 59 25 3116 10
1114 69 12 1008 8
1114 24 25 1652 10
1114 18 25 3505 10
1114 26 45 286 12
1114 7 12 1815 8
1114 78 45 1864 12
1114 83 25 1784 10
1114 2 12 2745 8
1114 43 25 3328 10
1114 88 45 141 12
1114 68 25 3328 10
1114 31 25 655 10
1114 29 25 1767 10
1114 1 45 3450 12
1114 80 12 3189 8
1114 6 25 3490 10
1114 60 45 2650 12
1114 52 25 1801 10
1114 95 25 3559 10
1114 66 12 2432 8
1114 14 25 436 10
1114 32 12 3130 8
1114 67 12 3421 8
1114 92 12 1703 8
1114 25 12 3421 8
1114 52 45 283 12
1114 14 25 548 10
1114 12 12 1893 8
1114 46 45 2942 12
1114 36 12 3652 8
1114 21 45 1194 12
1114 91 25 1922 10
1114 42 25 853 10
1114 33 25 851 10
1114 91 25 3445 10
1114 65 45 708 12
1114 34 45 3911 12
1114 4 45 1269 12
1114 3 25 828 10
1114 1 25 1059 10
1114 80 25 3057 10
1114 80 25 1412 10
1114 90 25 1937 10
1114 70 45 2998 12
1114 24 25 981 10
1114 34 12 2984 8
1114 39 25 841 10
1114 54 45 1939 12
1114 91 25 1059 10
1114 68 12 3713 8
1114 55 25 2060 10
1114 6 12 1009 8
1114 48 12 542 8
1114 68 45 1524 12
1114 25 25 1621 10
1114 7 45 3011 12
1114 3 25 2414 10
1114 15 25 1583 10
1114 81 12 2984 8
1114 72 25 1621 10
1114 98 25 3154 10
1114 11 45 2896 12
1114 25 12 2588 8
1114 86 45 3242 12
1114 84 25 60 10
1114 21 45 1939 12
1114 23 45 2946 12
1114 5 25 841 10
1114 86 45 1639 12
1114 11 25 3228 10
1114 73 12 3906 8
1114 65 25 272 10
1114 78 45 2732 12
1114 94 25 1168 10
1114 19 45 976 12
1114 10 12 2989 8
1114 14 45 1631 12
1114 63 45 647 12
1114 51 25 2372 10
1114 2 45 46 12
1114 73 25 671 10
1114 61 25 52 10
1114 51 45 1379 12
1114 17 45 1808 12
1114 97 12 2833 8
1114 9 45 1939 12
1114 94 12 1130 8
1114 69 25 3519 10
1114 10 12 940 8
1114 52 12 2270 8
1114 89 12 350 8
1114 8 25 3224 10
1114 56 25 1382 10
1114 27 12 95 8
1114 67 45 1586 12
1114 87 45 2484 12
1114 24 25 454 10
1114 73 45 883 12
1114 33 45 2946 12
1114 22 25 1921 10
1114 11 25 927 10
1114 41 45 132 12
1114 0 25 994 10
1114 42 12 1284 8
1114 93 25 3647 10
1114 15 45 132 12
1114 75 12 1888 8
1114 3 25 3506 10
1114 35 25 1037 10
1114 26 25 3940 10
1114 80 45 2158 12
1114 78 12 2814 8
1114 36 25 2782 10
1114 35 45 1120 12
1114 13 12 1224 8
1114 16 45 2579 12
1114 76 12 1449 8
1114 4 25 454 10
1114 3 45 1975 12
1114 5 45 3889 12
1114 7 45 3889 12
1114 65 12 3975 8
1114 88 45 2853 12
1114 10 12 505 8
1114 1 45 132 12
1114 9 12 3845 8
1114 74 25 3858 10
1114 7 25 1186 10
1114 17 25 1133 10
1115 13 12 1576 8
1115 72 45 800 12
1115 55 12 1173 8
1115 99 12 2498 8
1115 88 12 3198 8
1115 13 12 2478 8
1115 99 25 2016 10
1115 48 45 951 12
1115 90 12 768 8
1115 34 45 2936 12
1115 80 12 2301 8
1115 87 25 1749 10
1115 22 45 392 12
1115 36 12 1437 8
1115 20 25 273 10
1115 50 25 4 10
1115 33 45 1106 12
1115 68 12 1437 8
1115 56 25 159 10
1115 56 12 812 8
1115 67 12 699 8
1115 0 12 3875 8
1115 88 12 2115 8
1115 74 12 971 8
1115 65 25 1321 10
1115 48 12 971 8
1115 34 25 1321 10
1115 46 25 3311 10
1115 60 25 1117 10
1115 36 25 1612 10
1115 98 25 1940 10
1115 15 25 3163 10
1115 59 45 518 12
1115 6 45 378 12
1115 34 25 1722 10
1115 94 25 74 10
1115 23 25 1713 10
1115 89 45 989 12
1115 84 25 2132 10
1115 80 45 2047 12
1115 64 45 2727 12
1115 59 25 1471 10
1115 23 12 2732 8
1115 97 45 917 12
1115 49 45 3727 12
1115 80 12 2250 8
1115 1 25 3955 10
1115 80 25 817 10
1115 0 25 1465 10
1115 55 12 1693 8
1115 64 25 159 10
1115 69 25 3747 10
1115 87 12 102 8
1115 59 12 109 8
1115 17 25 1730 10
1115 58 25 3490 10
1115 58 25 3490 10
1115 59 12 161 8
1115 66 25 2500 10
1115 54 25 2480 10
1115 20 25 1520 10
1115 0 25 2500 10
1115 68 45 769 12
1115 33 45 1986 12
1115 73 45 2983 12
1115 30 12 2 8
1115 74 25 318 10
1115 94 45 1890 12
1115 7 25 1377 10
1115 68 25 1903 10
1115 29 25 318 10
1115 19 25 3994 10
1115 63 25 3633 10
1115 51 45 3881 12
1115 77 25 2767 10
1115 79 25 2658 10
1115 27 12 3395 8
1115 0 25 862 10
1115 72 25 1751 10
1115 58 25 1450 10
1115 92 12 1409 8
1115 37 25 1521 10
1115 46 12 755 8
1115 66 25 2523 10
1115 77 25 1617 10
1115 71 45 2912 12
1115 23 25 1747 10
1115 72 45 133 12
1115 40 45 2415 12
1115 78 12 95 8
1115 12 45 1326 12
1115 91 45 2041 12
1115 23 25 1675 10
1115 8 12 1777 8
1115 24 45 431 12
1115 27 45 1714 12
1115 37 12 1766 8
1115 56 25 2574 10
1115 41 12 341 8
1115 37 45 1023 12
1115 61 25 1922 10
1115 25 45 1764 12
1115 22 45 989 12
1115 95 45 840 12
1115 30 12 169 8
1115 91 45 412 12
1115 14 25 3360 10
1115 44 12 102 8
1115 44 45 1463 12
1115 30 25 543 10
1115 6 45 1567 12
1115 10 45 2912 12
1115 14 45 2819 12
1115 30 25 1612 10
1115 68 25 202 10
1115 0 25 2442 10
1115 17 12 55 8
1115 50 25 1288 10
1115 35 45 2644 12
1115 66 12 1223 8
1115 61 25 771 10
1115 33 25 437 10
1115 6 25 784 10
1115 10 25 771 10
1115 25 45 2746 12
1115 76 45 2746 12
1115 31 25 1612 10
1115 83 45 1380 12
1115 38 45 1380 12
1115 51 45 1380 12
1115 90 25 762 10
1115 10 25 245 10
1115 1 25 760 10
1115 81 45 2444 12
1115 31 25 345 10
1115 40 12 1777 8
1115 69 25 3741 10
1115 5 25 1391 10
1115 88 25 1110 10
1115 53 25 1391 10
1115 41 25 3031 10
1115 67 12 1665 8
1115 86 25 676 10
1115 21 12 3122 8
1115 7 25 860 10
1115 99 12 514 8
1115 64 12 3875 8
1115 89 12 3708 8
1115 97 45 1160 12
1115 89 45 1552 12
1115 16 25 2144 10
1115 7 25 386 10
1115 37 25 1161 10
1115 67 45 2128 12
1115 82 12 2814 8
1115 56 25 997 10
1115 71 25 3561 10
1115 14 25 3677 10
1115 76 25 1161 10
1115 65 45 1535 12
1115 51 45 244 12
1115 16 45 1054 12
1115 9 12 384 8
1115 46 25 3525 10
1115 5 25 652 10
1115 48 12 1174 8
1115 9 12 89 8
1115 34 25 2106 10
1115 18 25 3460 10
1115 8 45 630 12
1115 98 25 1864 10
1115 89 45 699 12
1115 99 12 225 8
1115 22 45 839 12
1115 6 45 921 12
1115 71 45 2201 12
1115 89 12 3875 8
1115 45 12 1223 8
1115 6 45 435 12
1115 62 25 3161 10
1115 1 45 2442 12
1115 57 25 418 10
1115 72 25 1644 10
1115 66 45 697 12
1115 22 25 43 10
1115 68 25 1785 10
1115 1 12 3341 8
1115 21 25 1197 10
1115 32 45 1752 12
1115 62 12 1478 8
1115 69 25 3024 10
1115 13 25 2125 10
1115 31 25 3311 10
1115 52 12 1754 8
1115 12 45 1757 12
1115 16 25 1125 10
1115 12 25 473 10
1115 78 45 596 12
1115 88 25 301 10
1115 13 12 904 8
1116 14 12 491 8
1116 47 25 1574 10
1116 37 12 2586 8
1116 53 25 2947 10
1116 17 25 1809 10
1116 5 45 2774 12
1116 45 12 827 8
1116 95 25 105 10
1116 32 25 861 10
1116 53 25 1882 10
1116 57 45 1523 12
1116 11 25 1499 10
1116 31 45 349 12
1116 4 25 2423 10
1116 42 12 430 8
1116 2 25 1958 10
1116 59 25 2423 10
1116 23 25 1065 10
1116 20 25 2298 10
1116 10 45 1246 12
1116 90 45 1330 12
1116 70 12 1783 8
1116 10 12 1710 8
1116 93 12 1579 8
1116 11 45 1011 12
1116 22 25 127 10
1116 73 45 3881 12
1116 16 45 1120 12
1116 87 25 105 10
1116 22 25 469 10
1116 17 12 316 8
1116 0 25 633 10
1116 53 45 1528 12
1116 39 25 831 10
1116 73 12 1434 8
1116 54 45 3050 12
1116 93 45 207 12
1116 11 45 1822 12
1116 19 45 2819 12
1116 29 12 971 8
1116 48 25 1785 10
1116 53 25 1321 10
1116 63 45 2759 12
1116 7 25 1785 10
1116 89 45 3203 12
1116 0 12 708 8
1116 30 12 3465 8
1116 22 45 2991 12
1116 0 25 1636 10
1116 87 45 344 12
1116 97 12 2772 8
1116 51 25 1084 10
1116 31 25 3706 10
1116 16 12 3461 8
1116 67 25 997 10
1116 6 25 1809 10
1116 69 25 945 10
1116 38 25 2917 10
1116 90 25 2400 10
1116 8 25 3858 10
1116 84 25 1081 10
1116 27 25 2908 10
1116 24 12 1158 8
1116 57 12 3969 8
1116 14 45 2759 12
1116 0 45 331 12
1116 36 25 742 10
1116 34 12 1766 8
1116 84 12 848 8
1116 93 25 3636 10
1116 78 25 1809 10
1116 59 12 1766 8
1116 50 25 2383 10
1116 99 25 2917 10
1116 68 25 3360 10
1116 5 25 826 10
1116 75 45 2047 12
1116 56 45 1339 12
1116 91 25 2946 10
1116 97 25 1591 10
1116 17 45 1965 12
1116 23 25 2917 10
1116 32 25 3188 10
1116 24 45 209 12
1116 35 45 1363 12
1116 25 45 1312 12
1116 81 25 2725 10
1116 57 45 687 12
1116 27 12 3294 8
1116 91 25 1282 10
1116 20 25 848 10
1116 11 45 141 12
1116 14 25 203 10
1116 48 45 92 12
1116 13 25 2298 10
1116 75 25 1284 10
1116 0 45 1229 12
1116 49 25 3309 10
1116 77 25 3375 10
1116 76 45 1873 12
1116 98 12 1317 8
1116 96 45 1485 12
1116 27 25 468 10
1116 40 25 286 10
1116 50 45 1589 12
1116 25 45 516 12
1116 18 12 1082 8
1116 47 25 421 10
1116 48 12 494 8
1116 56 25 2862 10
1116 74 12 956 8
1116 61 25 825 10
1116 59 12 647 8
1116 70 25 2401 10
1116 72 25 2946 10
1116 35 12 3645 8
1116 87 25 762 10
1116 74 25 432 10
1116 10 12 701 8
1116 52 25 1194 10
1116 2 25 1798 10
1116 53 25 339 10
1116 43 12 2469 8
1116 64 25 1353 10
1116 75 25 1368 10
1116 33 25 2298 10
1116 16 25 825 10
1116 17 45 895 12
1116 18 45 536 12
1116 95 12 1515 8
1116 12 45 3719 12
1116 66 25 3490 10
1116 43 45 2161 12
1116 43 45 783 12
1117 47 45 1944 12
1117 54 12 918 8
1117 92 25 115 10
1117 3 25 479 10
1117 81 12 1163 8
1117 2 12 3309 8
1117 61 12 95 8
1117 94 25 1161 10
1117 99 25 2414 10
1117 91 25 1283 10
1117 14 12 1343 8
1117 77 12 2469 8
1117 68 25 3 10
1117 57 25 1159 10
1117 65 25 1418 10
1117 22 12 961 8
1117 99 45 664 12
1117 62 25 218 10
1118 24 25 3340 10
1118 22 12 768 8
1118 64 45 2484 12
1118 82 25 93 10
1118 94 12 1110 8
1118 42 12 2860 8
1118 61 25 2423 10
1118 42 25 1827 10
1118 50 45 3149 12
1118 48 45 1575 12
1118 17 12 1223 8
1118 56 25 981 10
1118 65 25 2423 10
1118 74 25 3120 10
1118 58 25 2087 10
1119 32 25 3677 10
1119 80 12 1332 8
1119 39 25 956 10
1119 89 45 3658 12
1119 92 12 3958 8
1119 4 45 41 12
1119 51 25 1539 10
1119 16 25 190 10
1119 47 25 2503 10
1119 51 45 984 12
1119 44 45 1256 12
1119 65 25 1107 10
1119 74 25 339 10
1119 13 12 1454 8
1119 11 25 3340 10
1119 15 25 3585 10
1119 9 12 549 8
1119 43 25 981 10
1120 30 12 703 8
1120 3 45 405 12
1120 55 25 1171 10
1120 69 45 1157 12
1120 58 25 753 10
1120 25 25 633 10
1120 74 12 2088 8
1120 28 45 1885 12
1120 79 25 1300 10
1120 83 25 386 10
1120 63 25 3573 10
1120 94 12 3006 8
1120 29 45 3609 12
1120 13 25 390 10
1120 90 12 1783 8
1120 79 45 1632 12
1120 20 25 3745 10
1120 72 25 1771 10
1120 18 25 1636 10
1120 63 45 877 12
1120 54 25 231 10
1120 28 45 667 12
1120 52 12 1669 8
1120 34 25 277 10
1121 5 45 1387 12
1121 62 25 1907 10
1121 98 45 1100 12
1121 58 12 1448 8
1121 9 12 655 8
1121 8 25 831 10
1121 16 45 1060 12
1121 61 45 3380 12
1121 43 25 3636 10
1121 74 25 1475 10
1121 94 12 1815 8
1121 44 25 1263 10
1121 28 25 1710 10
1121 38 12 1527 8
1121 83 12 1710 8
1121 9 45 286 12
1121 97 45 2383 12
1121 82 12 1387 8
1121 18 12 2962 8
1121 55 25 3138 10
1121 44 45 783 12
1121 93 25 1965 10
1121 50 45 2268 12
1121 12 25 1889 10
1121 5 25 656 10
1121 54 45 44 12
1121 88 45 2625 12
1121 81 12 936 8
1121 66 45 3824 12
1121 61 12 2348 8
1121 28 25 119 10
1121 56 12 1200 8
1121 98 45 419 12
1121 94 12 1666 8
1121 16 25 2381 10
1121 54 25 85 10
1121 87 45 1329 12
1121 29 12 2637 8
1122 62 12 1481 8
1122 12 45 1112 12
1122 39 12 956 8
1122 12 25 867 10
1122 86 12 1558 8
1122 78 25 310 10
1122 88 25 3934 10
1122 19 25 1577 10
1122 35 12 3034 8
1122 84 12 3461 8
1122 75 12 2234 8
1122 75 45 2936 12
1122 61 12 379 8
1122 38 12 3195 8
1122 29 12 2814 8
1122 60 12 647 8
1122 37 12 647 8
1122 71 25 2920 10
1122 0 12 3515 8
1122 67 12 406 8
1122 28 25 814 10
1122 10 45 1056 12
1122 23 25 2523 10
1122 40 25 1973 10
1122 31 45 2887 12
1122 8 25 3704 10
1122 56 45 2891 12
1122 6 45 2600 12
1122 99 45 1286 12
1122 95 25 3206 10
1122 44 45 1566 12
1122 48 12 3458 8
1122 48 25 1965 10
1122 73 25 1825 10
1122 15 45 896 12
1123 24 25 2745 10
1123 85 12 3048 8
1123 49 12 1558 8
1123 68 45 1885 12
1123 85 45 848 12
1124 59 45 3470 12
1124 28 25 648 10
1124 1 25 64 10
1124 95 12 2791 8
1124 93 12 1749 8
1124 26 45 883 12
1124 55 25 2076 10
1124 55 25 205 10
1124 83 45 2419 12
1124 30 25 390 10
1124 40 12 2768 8
1124 27 45 2796 12
1124 4 12 1576 8
1124 43 25 2493 10
1124 71 45 761 12
1124 54 12 1383 8
1124 14 25 1023 10
1124 73 25 776 10
1124 99 12 3681 8
1124 67 25 3544 10
1124 67 25 1922 10
1124 25 12 1543 8
1124 70 12 3257 8
1124 35 45 868 12
1124 55 45 1403 12
1124 9 45 109 12
1124 63 12 2234 8
1124 82 12 3029 8
1124 23 25 111 10
1124 90 25 484 10
1124 14 45 949 12
1124 46 12 1430 8
1124 71 25 2124 10
1124 89 25 1399 10
1124 95 25 2032 10
1124 53 12 711 8
1124 68 45 389 12
1124 98 12 1355 8
1124 26 45 768 12
1124 58 25 3107 10
1124 42 12 1321 8
1124 64 12 1709 8
1124 11 25 1880 10
1124 45 12 2928 8
1124 44 45 886 12
1124 87 25 2200 10
1124 21 25 1032 10
1124 73 45 986 12
1124 32 45 1508 12
1124 16 45 3009 12
1124 43 25 3418 10
1124 47 25 1921 10
1124 97 25 1308 10
1124 45 12 1285 8
1124 38 45 1016 12
1124 59 45 1102 12
1124 48 45 1508 12
1124 57 25 1504 10
1124 81 12 11 8
1124 12 25 1803 10
1124 53 25 798 10
1124 28 25 2029 10
1124 41 45 2890 12
1124 45 25 2034 10
1125 66 45 1593 12
1125 34 25 2096 10
1125 56 12 2803 8
1125 1 25 2176 10
1125 61 45 3644 12
1125 38 12 1866 8
1125 50 25 465 10
1125 99 45 1326 12
1125 83 25 1904 10
1125 57 12 69 8
1125 86 25 3895 10
1125 81 45 345 12
1125 23 12 2637 8
1125 26 25 3865 10
1125 40 25 2397 10
1125 50 45 2152 12
1125 44 12 3801 8
1125 88 25 1929 10
1125 26 25 835 10
1125 66 12 406 8
1125 28 45 3853 12
1125 60 25 1874 10
1125 29 45 1773 12
1125 3 45 2769 12
1125 16 45 2769 12
1126 22 25 1368 10
1126 96 25 1646 10
1126 65 45 2961 12
1126 84 45 1243 12
1126 28 45 159 12
1126 99 25 2998 10
1126 9 45 198 12
1126 44 12 2630 8
1126 60 25 3443 10
1126 44 12 627 8
1126 13 45 822 12
1126 35 12 1951 8
1126 24 12 771 8
1126 63 45 1363 12
1126 11 25 1781 10
1126 78 45 886 12
1126 77 12 2754 8
1126 88 45 959 12
1126 80 25 1787 10
1126 33 12 1572 8
1126 28 25 2308 10
1126 12 45 2936 12
1126 19 12 1123 8
1126 86 12 328 8
1126 93 25 2762 10
1126 48 45 3904 12
1126 27 25 2654 10
1126 40 25 2401 10
1126 77 12 1134 8
1126 37 45 3857 12
1126 64 25 2654 10
1126 92 25 1102 10
1126 35 25 2654 10
1126 88 45 1778 12
1126 50 12 771 8
1126 0 12 2008 8
1126 13 12 3692 8
1126 96 25 150 10
1126 25 12 3827 8
1126 71 45 1981 12
1126 91 45 144 12
1126 62 12 3099 8
1126 97 45 1965 12
1126 58 25 1563 10
1126 94 45 3268 12
1126 1 25 457 10
1126 4 12 881 8
1126 38 45 896 12
1126 89 25 438 10
1126 16 25 1873 10
1126 16 25 2068 10
1126 23 45 423 12
1126 0 12 235 8
1126 93 12 605 8
1126 57 12 1079 8
1126 74 25 2662 10
1126 90 45 337 12
1126 78 25 390 10
1127 92 25 355 10
1127 39 45 3904 12
1127 63 25 2032 10
1127 14 12 2513 8
1127 80 25 3864 10
1127 65 45 419 12
1127 18 25 3978 10
1127 13 45 2314 12
1127 92 12 2706 8
1127 45 25 596 10
1127 60 45 2064 12
1127 54 25 62 10
1127 84 12 1245 8
1127 1 25 2701 10
1127 41 25 886 10
1127 45 25 3386 10
1127 13 45 2500 12
1127 21 25 872 10
1127 64 25 3385 10
1127 64 45 1590 12
1127 1 45 1590 12
1127 65 12 1921 8
1127 68 45 514 12
1127 13 45 1719 12
1127 57 45 1351 12
1127 51 25 1019 10
1127 0 12 3733 8
1127 81 45 994 12
1127 79 45 3673 12
1127 86 45 1414 12
1127 23 12 350 8
1127 74 45 2107 12
1127 18 45 3986 12
1127 42 12 713 8
1127 82 12 406 8
1127 68 25 203 10
1127 97 45 822 12
1127 77 45 904 12
1127 71 45 716 12
1127 93 25 910 10
1127 91 12 713 8
1127 50 45 2930 12
1127 49 25 614 10
1127 0 45 3415 12
1127 86 45 1500 12
1127 89 12 1572 8
1127 64 45 1464 12
1127 41 45 1464 12
1127 32 12 729 8
1127 82 25 3925 10
1127 84 25 1874 10
1127 78 12 2492 8
1127 8 12 967 8
1127 42 45 1423 12
1127 16 12 1481 8
1127 42 12 1481 8
1127 14 25 3996 10
1127 25 45 1648 12
1127 79 25 1965 10
1127 19 25 203 10
1127 55 12 339 8
1127 1 25 812 10
1127 29 12 1125 8
1127 34 45 1758 12
1127 68 12 3322 8
1127 49 25 2032 10
1127 29 25 981 10
1127 29 12 1793 8
1127 62 12 3937 8
1127 30 25 1690 10
1127 89 45 716 12
1128 70 25 1717 10
1128 96 25 3925 10
1128 3 25 1579 10
1128 6 12 1572 8
1128 31 45 1365 12
1128 37 12 3550 8
1128 70 45 1094 12
1128 82 25 612 10
1128 77 25 2804 10
1128 33 25 431 10
1128 45 25 2052 10
1128 74 12 945 8
1128 54 45 2403 12
1128 35 25 2923 10
1128 73 25 3629 10
1128 47 25 748 10
1128 4 25 1717 10
1128 54 25 3794 10
1128 73 45 1986 12
1128 83 45 1859 12
1128 37 12 1961 8
1128 81 12 838 8
1128 62 25 1262 10
1128 19 12 2234 8
1128 90 12 44 8
1128 10 25 336 10
1128 27 25 1999 10
1128 45 45 2073 12
1128 21 45 1624 12
1128 94 25 771 10
1128 23 12 541 8
1128 95 12 1745 8
1128 79 12 195 8
1128 27 45 1674 12
1128 65 12 3186 8
1128 2 25 3418 10
1128 92 45 2930 12
1128 29 12 1811 8
1128 26 25 798 10
1128 75 45 2064 12
1128 92 25 590 10
1128 23 12 2234 8
1128 76 45 1674 12
1128 8 25 3385 10
1128 13 45 3450 12
1128 46 12 150 8
1128 15 12 3351 8
1128 67 45 1715 12
1128 27 45 1329 12
1128 18 12 341 8
1128 69 12 243 8
1128 15 25 2393 10
1128 86 12 406 8
1128 14 25 2393 10
1128 80 25 1261 10
1128 77 45 817 12
1128 5 25 2131 10
1128 75 45 1108 12
1128 88 12 1427 8
1128 57 25 2478 10
1128 41 25 1068 10
1128 62 25 871 10
1128 20 45 2080 12
1128 98 25 2336 10
1128 37 25 2393 10
1128 74 25 3272 10
1128 43 12 394 8
1128 0 45 508 12
1128 93 45 3928 12
1128 79 25 1767 10
1128 22 12 235 8
1128 43 45 807 12
1128 40 12 126 8
1128 28 12 1623 8
1128 1 25 2478 10
1128 96 45 806 12
1128 5 45 1003 12
1128 20 12 3104 8
1128 9 12 255 8
1128 14 45 1109 12
1128 26 25 618 10
1128 1 12 234 8
1128 55 25 1573 10
1128 7 25 2478 10
1128 74 45 1743 12
1128 38 45 1743 12
1128 35 45 768 12
1128 87 45 3968 12
1128 47 12 339 8
1128 72 12 2008 8
1128 20 12 2372 8
1128 55 25 3723 10
1128 96 25 806 10
1128 92 25 203 10
1128 93 25 2478 10
1128 10 45 855 12
1128 28 25 2186 10
1128 61 12 3937 8
1128 82 45 2769 12
1128 22 12 1441 8
1128 13 25 1562 10
1128 2 25 62 10
1128 22 45 2264 12
1128 44 25 2679 10
1128 15 45 3809 12
1128 50 25 1817 10
1128 79 25 1087 10
1128 75 45 733 12
1128 3 45 3968 12
1128 80 45 724 12
1128 83 25 913 10
1128 46 25 828 10
1128 38 45 733 12
1128 91 12 284 8
1128 67 12 2369 8
1128 74 25 1318 10
1128 71 25 123 10
1128 69 25 2659 10
1128 74 45 2115 12
1128 13 25 2186 10
1128 54 12 429 8
1128 31 45 1916 12
1128 18 25 2393 10
1128 85 12 1223 8
1128 70 12 841 8
1128 70 25 1817 10
1128 58 25 2515 10
1128 95 12 2770 8
1128 30 25 2129 10
1129 79 12 149 8
1129 8 12 1130 8
1129 80 25 2883 10
1129 10 12 431 8
1129 77 25 1787 10
1129 23 25 1165 10
1129 46 25 1769 10
1129 50 45 3904 12
1129 47 25 1635 10
1129 73 45 1785 12
1129 36 45 1707 12
1129 73 25 2336 10
1129 48 45 541 12
1129 8 45 3715 12
1129 71 12 786 8
1129 31 12 3006 8
1129 12 12 2234 8
1129 9 12 1126 8
1129 87 12 573 8
1129 62 45 909 12
1129 73 25 2399 10
1129 77 25 1841 10
1129 20 12 700 8
1129 30 25 1177 10
1129 19 12 3206 8
1129 76 25 1787 10
1129 11 45 2383 12
1129 28 45 228 12
1129 35 25 2064 10
1129 42 45 591 12
1129 41 45 2524 12
1129 14 25 1177 10
1129 15 45 886 12
1129 96 25 972 10
1129 71 12 1841 8
1129 2 12 284 8
1129 63 45 1983 12
1129 46 45 1454 12
1129 96 25 2160 10
1129 47 45 1915 12
1129 96 25 1321 10
1129 75 12 918 8
1129 16 12 962 8
1129 13 25 657 10
1129 62 25 1794 10
1129 47 25 451 10
1129 66 12 2207 8
1129 59 25 3658 10
1129 6 12 1772 8
1129 42 25 2401 10
1129 26 12 1717 8
1129 26 25 345 10
1129 37 25 2068 10
1129 59 12 1791 8
1129 90 25 1298 10
1129 6 45 243 12
1129 1 25 2016 10
1129 40 25 1368 10
1129 39 25 1898 10
1129 48 25 3631 10
1129 72 45 657 12
1129 99 45 657 12
1129 4 25 1816 10
1129 4 45 733 12
1129 8 12 2910 8
1129 14 12 2910 8
1129 67 25 2826 10
1129 30 45 2992 12
1129 46 12 2426 8
1129 39 12 1870 8
1129 46 25 3263 10
1129 87 45 1485 12
1129 88 25 2068 10
1129 20 25 1967 10
1129 92 45 3719 12
1129 55 25 2302 10
1129 89 45 772 12
1129 9 45 3097 12
1129 27 12 3041 8
1129 73 12 1791 8
1129 88 25 3490 10
1129 43 25 3537 10
1129 66 45 567 12
1129 61 12 1313 8
1129 37 25 667 10
1129 32 25 3935 10
1129 8 45 840 12
1129 66 25 2654 10
1129 57 45 2609 12
1129 87 45 381 12
1129 32 45 3370 12
1129 61 25 1504 10
1129 61 25 974 10
1129 67 12 896 8
1129 54 25 2123 10
1129 3 25 1504 10
1129 72 25 1022 10
1129 3 45 527 12
1129 84 25 2123 10
1129 31 25 2493 10
1129 39 25 3161 10
1129 38 12 275 8
1129 12 25 1134 10
1129 60 45 2073 12
1129 57 25 1471 10
1130 17 25 566 10
1130 59 45 1075 12
1130 93 12 3694 8
1130 93 25 1714 10
1130 67 12 3678 8
1130 54 45 2120 12
1130 6 25 1816 10
1130 8 12 1135 8
1130 70 12 1580 8
1130 6 12 3454 8
1130 55 12 3412 8
1130 26 45 968 12
1130 96 45 1393 12
1130 21 25 1822 10
1130 65 45 2245 12
1130 59 45 3477 12
1130 82 45 2932 12
1130 95 25 2079 10
1130 54 25 3334 10
1130 22 25 1806 10
1130 76 45 2896 12
1130 64 45 726 12
1130 59 45 2063 12
1130 22 45 968 12
1130 49 12 875 8
1130 91 12 2631 8
1130 48 25 1171 10
1130 44 12 1766 8
1130 36 45 2769 12
1130 56 45 1778 12
1130 9 25 1276 10
1130 65 25 2302 10
1130 65 12 647 8
1130 2 25 3272 10
1130 75 25 1646 10
1130 58 12 2440 8
1130 1 45 2769 12
1130 9 12 3346 8
1130 35 45 1056 12
1130 48 25 2647 10
1130 50 25 589 10
1130 67 25 2054 10
1130 44 25 387 10
1130 70 25 111 10
1130 78 45 942 12
1130 35 45 2020 12
1130 37 12 888 8
1130 60 12 1580 8
1130 63 25 3979 10
1130 3 45 549 12
1130 14 45 345 12
1130 31 45 1839 12
1130 2 25 1805 10
1130 99 12 2814 8
1130 46 25 1462 10
1130 95 12 2868 8
1130 77 25 3257 10
1130 30 25 1530 10
1130 10 25 867 10
1130 51 25 230 10
1130 75 25 955 10
1130 88 25 1069 10
1130 37 45 2004 12
1130 90 12 2612 8
1130 8 12 1812 8
1131 65 25 1279 10
1131 21 12 3132 8
1131 29 25 1872 10
1131 18 12 767 8
1131 18 25 3487 10
1131 73 45 980 12
1131 10 25 2572 10
1131 25 25 2949 10
1131 37 45 624 12
1131 56 45 3415 12
1131 12 25 338 10
1131 47 12 2081 8
1131 76 25 3363 10
1131 34 25 1143 10
1131 55 12 3011 8
1131 31 25 3788 10
1131 9 25 336 10
1131 5 45 2126 12
1131 25 12 2760 8
1131 85 45 2769 12
1131 99 45 317 12
1131 18 25 125 10
1131 99 12 608 8
1131 42 12 1149 8
1131 50 12 259 8
1131 9 25 2917 10
1131 63 25 1745 10
1131 25 45 1646 12
1131 36 45 1809 12
1131 20 25 2526 10
1131 65 25 2453 10
1131 17 45 1080 12
1131 79 12 3153 8
1131 27 12 955 8
1131 34 45 902 12
1131 48 45 1302 12
1131 10 25 1202 10
1131 90 45 560 12
1131 65 25 231 10
1131 35 12 831 8
1131 83 25 3292 10
1131 65 45 630 12
1131 29 45 440 12
1131 69 12 2348 8
1131 18 25 3344 10
1131 45 25 1954 10
1131 29 25 1949 10
1131 25 45 2609 12
1131 64 12 605 8
1131 92 45 150 12
1131 46 12 662 8
1132 19 45 1506 12
1132 32 12 2667 8
1132 50 12 1009 8
1132 46 12 1991 8
1132 28 45 1876 12
1132 93 25 189 10
1132 55 12 1572 8
1132 24 25 3969 10
1132 90 45 3968 12
1132 47 45 3986 12
1132 52 12 1440 8
1132 52 25 152 10
1132 10 25 580 10
1132 50 45 1537 12
1132 59 12 1871 8
1132 18 45 1303 12
1132 12 25 1880 10
1132 66 45 1401 12
1132 86 25 3831 10
1132 93 12 968 8
1132 67 25 2956 10
1132 4 12 1619 8
1132 47 25 1214 10
1132 43 25 1001 10
1132 6 25 946 10
1132 49 25 1718 10
1132 1 45 3170 12
1132 9 25 1897 10
1132 96 25 1154 10
1132 27 25 103 10
1132 33 25 1962 10
1132 35 25 131 10
1132 87 25 1948 10
1132 30 45 1988 12
1132 96 45 3775 12
1132 57 45 2769 12
1132 4 45 230 12
1132 81 45 1378 12
1132 35 25 2397 10
1132 25 25 136 10
1132 95 45 1925 12
1133 15 12 1893 8
1133 93 12 1290 8
1133 78 25 717 10
1133 61 12 2250 8
1133 92 45 2877 12
1133 21 12 523 8
1133 54 45 2609 12
1133 9 12 1893 8
1133 45 12 13 8
1133 32 12 3001 8
1133 27 12 138 8
1133 55 12 2254 8
1133 4 25 111 10
1133 72 12 400 8
1133 46 25 2661 10
1133 61 25 1361 10
1133 58 25 1257 10
1133 95 25 917 10
1133 14 25 1878 10
1133 94 12 1851 8
1133 90 25 1086 10
1133 47 25 1071 10
1133 52 45 2643 12
1133 57 25 845 10
1133 19 12 850 8
1133 19 25 2091 10
1133 84 45 2586 12
1133 63 45 1584 12
1133 19 25 1318 10
1133 95 45 3927 12
1133 31 45 2587 12
1133 55 25 314 10
1134 92 12 1345 8
1134 73 45 1811 12
1134 39 12 1068 8
1134 75 25 3311 10
1134 72 12 3244 8
1134 91 45 303 12
1134 46 12 1637 8
1134 65 25 1916 10
1134 12 45 3748 12
1134 31 25 1027 10
1134 33 45 2268 12
1134 78 25 1154 10
1134 62 12 1637 8
1134 78 45 2693 12
1134 61 45 954 12
1134 67 45 917 12
1134 97 25 1989 10
1134 65 25 1350 10
1134 91 25 750 10
1134 36 45 1939 12
1134 21 12 1483 8
1134 5 25 277 10
1134 28 25 789 10
1134 13 12 2627 8
1135 1 45 3020 12
1135 60 45 1265 12
1135 97 12 303 8
1135 45 25 3973 10
1135 80 12 158 8
1135 59 25 640 10
1135 66 25 1958 10
1135 30 12 3900 8
1135 91 45 715 12
1135 49 12 3485 8
1135 0 12 1097 8
1135 2 45 123 12
1135 27 45 3033 12
1135 20 25 1084 10
1135 82 25 2613 10
1135 66 45 711 12
1136 36 45 1782 12
1136 49 45 43 12
1136 55 25 450 10
1136 59 45 658 12
1136 82 25 3029 10
1136 33 45 508 12
1136 13 45 1301 12
1136 43 12 1123 8
1136 50 45 1788 12
1136 23 25 811 10
1136 43 45 626 12
1136 43 12 1207 8
1136 64 12 3874 8
1136 27 45 1002 12
1136 76 45 3263 12
1136 49 25 1578 10
1136 93 25 1761 10
1136 89 12 758 8
1136 83 45 456 12
1136 73 25 718 10
1137 53 45 2035 12
1137 24 45 1903 12
1137 0 25 974 10
1137 86 25 119 10
1137 21 25 1761 10
1137 5 25 1368 10
1137 93 45 886 12
1137 92 25 2229 10
1137 42 12 884 8
1137 93 25 3132 10
1137 7 25 314 10
1137 39 45 1537 12
1137 64 45 2619 12
1137 3 25 2500 10
1137 57 45 1794 12
1137 28 12 3852 8
1137 38 12 1657 8
1137 56 45 1614 12
1137 59 45 99 12
1137 65 25 3157 10
1137 74 25 822 10
1137 10 45 1899 12
1137 95 25 1729 10
1137 1 25 997 10
1138 16 45 2524 12
1138 90 25 2794 10
1138 23 45 951 12
1138 10 12 1971 8
1138 12 45 1660 12
1138 43 12 3164 8
1138 55 25 1646 10
1138 49 25 3513 10
1138 67 12 2989 8
1138 46 45 1931 12
1138 48 12 2896 8
1138 7 45 2765 12
1138 34 25 1744 10
1138 82 25 347 10
1138 92 12 3602 8
1138 73 25 2522 10
1138 20 45 3031 12
1138 57 12 1722 8
1138 56 12 1334 8
1138 98 25 2826 10
1138 16 25 2504 10
1138 99 45 2208 12
1139 56 45 3481 12
1139 19 12 2745 8
1139 56 12 180 8
1139 24 25 1722 10
1139 42 12 2873 8
1139 59 12 289 8
1139 53 25 178 10
1139 41 25 2831 10
1139 19 45 2946 12
1139 45 12 2437 8
1139 83 45 3253 12
1139 43 45 2089 12
1139 43 45 1774 12
1139 44 45 1050 12
1139 62 12 235 8
1140 4 25 1258 10
1140 74 25 686 10
1140 33 45 973 12
1140 67 45 482 12
1140 41 25 1179 10
1140 91 25 1237 10
1140 35 45 2609 12
1140 88 25 1461 10
1140 29 25 2782 10
1140 74 12 994 8
1140 66 12 1411 8
1140 93 25 553 10
1140 49 25 465 10
1141 99 25 1554 10
1141 12 12 1990 8
1141 99 25 1500 10
1141 76 25 2683 10
1141 91 45 2730 12
1141 67 45 2730 12
1141 18 25 1776 10
1141 82 45 259 12
1141 86 45 968 12
1141 74 25 1816 10
1141 30 12 3343 8
1141 95 45 2091 12
1142 17 25 119 10
1142 91 12 2967 8
1142 19 45 2774 12
1142 22 25 328 10
1142 34 12 1409 8
1142 93 45 2633 12
1142 64 25 450 10
1142 13 25 20 10
1142 25 12 1164 8
1142 41 45 1758 12
1142 12 25 535 10
1142 98 45 132 12
1143 49 25 2381 10
1143 14 45 2086 12
1143 67 12 1505 8
1143 73 12 803 8
1143 37 45 704 12
1143 66 45 2337 12
1143 95 12 1358 8
1143 5 25 3893 10
1143 66 25 213 10
1143 43 45 853 12
1143 93 12 967 8
1143 58 45 1590 12
1143 0 25 1508 10
1143 69 12 791 8
1143 82 12 1794 8
1144 19 45 583 12
1144 21 25 153 10
1144 45 45 227 12
1144 94 25 1898 10
1144 75 25 2552 10
1144 2 25 852 10
1144 8 12 1048 8
1144 24 45 206 12
1144 55 25 3779 10
1144 60 25 1761 10
1144 25 45 1590 12
1144 99 12 2270 8
1144 29 12 1793 8
1144 93 25 2020 10
1144 35 45 133 12
1144 39 12 1430 8
1144 48 25 2266 10
1144 52 45 750 12
1144 85 12 758 8
1144 93 12 864 8
1144 3 12 1947 8
1144 1 45 1859 12
1144 70 45 418 12
1144 69 45 1446 12
1144 24 25 2927 10
1144 29 25 1084 10
1144 10 25 1521 10
1144 83 12 1653 8
1144 53 45 2929 12
1144 53 12 2234 8
1144 10 25 2057 10
1144 64 25 1754 10
1145 54 25 1027 10
1145 46 45 2799 12
1145 0 25 1398 10
1145 1 12 255 8
1145 44 45 2064 12
1145 93 45 1325 12
1145 76 45 1464 12
1145 88 25 2531 10
1145 97 25 1001 10
1145 86 45 2268 12
1145 37 12 1931 8
1145 44 12 435 8
1145 61 12 880 8
1145 70 25 1321 10
1145 5 45 3205 12
1145 82 25 1033 10
1145 44 25 150 10
1145 78 12 592 8
1145 5 25 1761 10
1145 26 45 3809 12
1145 53 12 3251 8
1145 69 25 1033 10
1145 53 12 3673 8
1145 54 45 267 12
1145 46 45 25 12
1145 92 25 757 10
1145 45 25 1359 10
1145 20 25 3439 10
1145 89 45 3002 12
1145 69 25 279 10
1145 81 45 1859 12
1145 47 25 2124 10
1145 72 25 332 10
1145 75 25 1917 10
1145 99 45 1463 12
1145 17 12 1107 8
1145 33 12 3734 8
1145 7 25 2162 10
1145 65 12 158 8
1145 74 12 1164 8
1145 42 12 2896 8
1145 19 25 1113 10
1145 11 12 1164 8
1145 7 25 3199 10
1145 62 12 1922 8
1145 59 25 3921 10
1145 19 25 261 10
1145 41 45 3185 12
1145 16 25 875 10
1145 5 12 1913 8
1145 64 45 1024 12
1145 45 25 1725 10
1145 32 45 1662 12
1146 96 25 2321 10
1146 75 12 1313 8
1146 79 25 1668 10
1146 37 25 541 10
1146 72 45 453 12
1146 46 25 1038 10
1146 5 25 3188 10
1146 68 12 679 8
1146 76 45 2480 12
1146 45 45 807 12
1146 63 25 1845 10
1146 29 25 102 10
1146 15 25 1789 10
1146 28 45 1965 12
1146 11 45 3928 12
1146 5 45 1355 12
1146 4 12 158 8
1146 78 25 1909 10
1146 27 12 1561 8
1146 75 12 1118 8
1146 73 25 1099 10
1146 15 25 795 10
1146 14 25 2828 10
1146 2 45 807 12
1146 53 45 1660 12
1146 5 45 601 12
1146 18 25 927 10
1146 19 45 2600 12
1146 76 25 3900 10
1146 52 45 572 12
1146 90 25 719 10
1146 65 25 178 10
1146 12 12 3119 8
1146 64 25 1024 10
1146 74 25 2477 10
1146 66 45 2911 12
1146 79 12 137 8
1146 32 12 3773 8
1146 78 12 116 8
1146 72 12 3579 8
1146 54 25 1949 10
1146 98 25 1914 10
1146 68 25 917 10
1146 16 25 997 10
1146 86 45 3908 12
1146 0 25 1525 10
1146 20 25 1368 10
1146 66 25 1875 10
1146 57 25 2393 10
1146 99 45 708 12
1146 1 25 2092 10
1146 43 45 2403 12
1146 64 25 118 10
1146 19 12 235 8
1146 64 12 787 8
1146 39 25 2636 10
1146 36 25 1804 10
1146 86 25 614 10
1146 89 12 1009 8
1146 38 45 1464 12
1147 27 25 431 10
1147 99 12 3195 8
1147 20 12 1710 8
1147 69 25 3629 10
1147 62 45 2952 12
1147 2 45 362 12
1147 86 25 65 10
1147 92 45 28 12
1147 96 45 1708 12
1147 6 12 3529 8
1147 29 25 790 10
1147 76 12 3790 8
1147 96 25 1218 10
1147 51 25 3858 10
1147 67 45 3848 12
1147 5 12 886 8
1147 24 12 1153 8
1147 30 25 677 10
1147 61 12 2234 8
1147 41 25 646 10
1147 64 12 2234 8
1147 36 12 2234 8
1147 12 25 105 10
1147 89 45 3016 12
1147 61 45 1708 12
1147 99 25 414 10
1147 73 12 3845 8
1147 62 45 1965 12
1147 95 25 2467 10
1147 11 45 855 12
1147 74 12 967 8
1147 11 25 2902 10
1147 11 45 3344 12
1147 68 25 957 10
1147 33 25 3281 10
1148 26 25 345 10
1148 13 45 1365 12
1148 92 45 1052 12
1148 50 12 2 8
1148 13 45 2378 12
1148 11 12 3794 8
1148 73 25 2500 10
1148 8 12 1314 8
1148 56 25 1081 10
1148 95 25 650 10
1148 18 12 918 8
1148 84 45 2006 12
1148 35 12 795 8
1148 57 12 2234 8
1148 96 12 2234 8
1148 63 12 2234 8
1148 33 45 2769 12
1148 70 45 2769 12
1148 10 12 2234 8
1148 27 12 1731 8
1148 89 45 603 12
1148 70 25 548 10
1148 69 25 1872 10
1148 88 45 2564 12
1148 34 25 2376 10
1148 80 25 1848 10
1148 35 12 1314 8
1148 37 25 3553 10
1148 54 25 1331 10
1148 70 25 3857 10
1148 67 25 2275 10
1148 5 12 1749 8
1148 92 25 3520 10
1148 16 12 918 8
1148 69 45 3840 12
1148 47 45 1401 12
1148 16 45 3102 12
1148 6 25 879 10
1148 19 25 1395 10
1148 10 45 807 12
1148 61 25 1529 10
1148 84 25 62 10
1149 87 45 2811 12
1149 34 12 799 8
1149 43 12 647 8
1149 20 12 1054 8
1149 24 12 429 8
1149 82 25 2675 10
1149 26 25 3973 10
1149 69 12 1793 8
1149 61 12 2399 8
1149 64 25 1912 10
1149 10 25 2784 10
1149 9 45 687 12
1149 47 25 1561 10
1149 24 45 742 12
1149 50 45 1124 12
1149 85 25 928 10
1149 62 25 810 10
1149 71 25 1480 10
1149 51 25 1901 10
1149 21 45 1916 12
1149 46 45 980 12
1149 36 45 1512 12
1149 66 12 1817 8
1149 56 25 2613 10
1149 60 25 2247 10
1149 83 12 1593 8
1149 22 12 3982 8
1149 22 45 3546 12
1149 17 45 25 12
1149 35 25 189 10
1149 11 45 1839 12
1149 47 25 2572 10
1149 57 12 3845 8
1149 72 25 1638 10
1149 36 12 486 8
1149 35 12 3374 8
1149 58 45 3457 12
1149 19 12 3981 8
1149 44 45 3457 12
1149 47 25 125 10
1150 33 25 1359 10
1150 27 25 2652 10
1150 85 12 2446 8
1150 39 25 502 10
1150 20 12 3623 8
1150 83 25 3231 10
1150 58 25 1450 10
1150 74 12 208 8
1150 4 25 843 10
1150 85 12 1870 8
1150 37 45 537 12
1150 70 12 2827 8
1150 51 45 267 12
1150 39 25 729 10
1150 77 12 1466 8
1150 42 25 3993 10
1150 92 25 302 10
1150 19 45 124 12
1150 12 25 1941 10
1150 21 12 1474 8
1150 6 45 1931 12
1150 8 45 2284 12
1150 76 12 951 8
1150 67 25 3214 10
1150 70 25 796 10
1150 45 25 3879 10
1150 8 25 2541 10
1150 25 25 574 10
1150 78 12 2241 8
1150 42 45 1089 12
1150 19 12 3139 8
1150 0 25 101 10
1150 71 12 1485 8
1150 38 25 1817 10
1150 51 45 1983 12
1150 78 25 102 10
1150 24 25 482 10
1150 59 25 101 10
1150 48 12 3792 8
1150 15 25 1373 10
1150 13 12 3374 8
1150 9 12 466 8
1150 89 25 1260 10
1150 78 25 2675 10
1150 71 45 547 12
1150 47 25 817 10
1150 53 25 43 10
1150 36 12 427 8
1150 74 45 2926 12
1150 24 45 810 12
1150 6 25 1702 10
1150 69 45 755 12
1150 79 12 3343 8
1150 0 45 755 12
1150 70 25 3654 10
1150 6 45 1379 12
1150 78 25 3728 10
1150 27 25 1575 10
1150 33 45 868 12
1150 7 45 1774 12
1150 62 25 1949 10
1150 55 12 3677 8
1150 4 12 3592 8
1150 16 25 1845 10
1150 58 12 1419 8
1150 43 25 1072 10
1150 90 25 3312 10
1150 18 12 444 8
1150 24 25 152 10
1150 70 12 890 8
1150 90 25 189 10
1150 16 12 2609 8
1150 86 45 362 12
1150 63 45 1780 12
1150 1 25 2281 10
1151 93 45 2456 12
1151 12 45 1339 12
1151 5 12 670 8
1151 7 12 3795 8
1151 65 12 3795 8
1151 54 12 3795 8
1151 45 45 1238 12
1151 8 45 1089 12
1151 74 12 2426 8
1151 47 45 1349 12
1151 2 25 2996 10
1151 72 25 1439 10
1151 96 45 222 12
1151 21 25 231 10
1151 16 25 2470 10
1151 94 25 2103 10
1151 56 12 1499 8
1151 65 45 133 12
1151 17 12 1608 8
1151 69 45 1179 12
1151 3 12 1608 8
1151 33 45 252 12
1151 15 25 2811 10
1151 19 25 2783 10
1151 66 12 1685 8
1151 81 25 1666 10
1151 17 45 1265 12
1151 56 12 1812 8
1151 98 25 876 10
1151 90 25 3103 10
1151 73 25 1928 10
1151 88 25 1949 10
1151 84 45 44 12
1151 62 25 271 10
1151 44 12 3452 8
1151 39 45 1422 12
1151 18 25 2281 10
1151 52 25 927 10
1151 78 12 697 8
1151 8 25 150 10
1151 20 45 381 12
1151 52 25 426 10
1151 12 25 1429 10
1151 3 25 1237 10
1151 79 12 682 8
1151 4 25 704 10
1151 24 45 85 12
1151 31 45 334 12
1151 48 25 825 10
1151 89 25 294 10
1151 47 12 327 8
1151 24 25 742 10
1151 1 25 1817 10
1151 52 45 2394 12
1152 38 25 2243 10
1152 27 45 2769 12
1152 80 45 2338 12
1152 79 25 1324 10
1152 77 25 3652 10
1152 11 12 707 8
1152 24 25 1829 10
1152 22 25 2477 10
1152 72 25 744 10
1152 69 25 1251 10
1152 33 45 1523 12
1152 85 45 938 12
1152 25 25 1368 10
1152 36 45 2064 12
1152 79 12 3229 8
1152 65 25 1417 10
1152 71 25 1879 10
1152 24 12 3438 8
1152 88 25 2478 10
1152 62 25 65 10
1152 96 12 315 8
1152 17 25 1958 10
1152 98 45 2157 12
1152 91 25 720 10
1152 95 45 1579 12
1152 89 25 1998 10
1152 71 45 3038 12
1152 46 45 2611 12
1152 13 45 1965 12
1152 98 12 1090 8
1152 62 12 1090 8
1152 38 12 2234 8
1152 57 25 261 10
1152 41 12 1558 8
1152 16 25 2775 10
1152 43 25 206 10
1152 81 12 1937 8
1152 31 45 133 12
1152 61 45 1671 12
1152 99 45 831 12
1152 11 25 764 10
1152 66 12 2366 8
1152 45 12 2366 8
1152 30 25 429 10
1152 27 45 1932 12
1152 47 12 1205 8
1152 52 12 2775 8
1152 85 12 3046 8
1152 79 25 81 10
1152 83 12 1153 8
1152 27 25 2043 10
1152 70 25 2769 10
1152 20 12 662 8
1152 25 12 871 8
1152 83 12 1825 8
1152 46 45 465 12
1152 2 25 927 10
1152 22 12 3452 8
1152 14 25 3895 10
1152 51 25 1480 10
1152 66 25 1027 10
1153 12 25 3157 10
1153 11 25 1929 10
1153 59 45 1715 12
1153 76 12 700 8
1153 52 12 700 8
1153 1 45 3609 12
1153 35 45 733 12
1153 9 45 99 12
1153 31 12 93 8
1153 84 12 2966 8
1153 4 12 2142 8
1153 69 12 1485 8
1153 12 12 492 8
1153 69 25 62 10
1153 70 12 259 8
1153 29 25 1887 10
1153 84 25 1193 10
1153 76 45 822 12
1153 5 25 635 10
1153 43 12 31 8
1153 14 12 1164 8
1153 25 25 1655 10
1153 74 45 2091 12
1153 39 25 478 10
1153 96 45 2885 12
1153 51 25 478 10
1153 20 45 816 12
1153 67 45 816 12
1153 98 25 3827 10
1153 61 12 1164 8
1153 73 25 225 10
1153 63 45 420 12
1153 57 45 2854 12
1153 52 25 181 10
1153 89 12 41 8
1153 34 45 385 12
1153 16 25 819 10
1153 30 45 2946 12
1153 33 45 544 12
1153 20 25 1084 10
1153 42 25 748 10
1153 34 25 3441 10
1153 70 45 2597 12
1153 58 12 2241 8
1153 80 25 2649 10
1153 97 25 729 10
1153 49 25 1287 10
1153 17 12 2241 8
1153 44 45 3807 12
1153 24 45 284 12
1153 54 25 2482 10
1153 45 25 2303 10
1153 75 45 133 12
1153 47 45 2073 12
1153 45 45 2073 12
1153 66 25 2811 10
1153 19 25 515 10
1153 14 12 612 8
1153 7 25 2679 10
1153 10 45 1149 12
1154 27 12 1217 8
1154 47 25 340 10
1154 19 45 1796 12
1154 90 25 95 10
1154 64 45 123 12
1154 6 12 1355 8
1154 42 25 846 10
1154 7 12 1443 8
1154 40 12 3973 8
1154 66 25 2173 10
1154 77 25 336 10
1154 32 45 206 12
1154 67 45 1375 12
1154 38 25 590 10
1154 57 25 453 10
1154 20 25 453 10
1154 48 25 1442 10
1154 27 25 454 10
1154 22 25 1471 10
1154 14 25 2452 10
1154 51 45 3196 12
1154 70 45 687 12
1154 71 25 385 10
1154 4 25 1405 10
1154 30 45 2597 12
1154 42 12 1153 8
1154 38 45 3496 12
1154 63 12 2398 8
1154 39 12 450 8
1154 93 12 791 8
1154 75 25 3295 10
1154 4 25 868 10
1154 67 45 733 12
1154 69 25 189 10
1154 28 25 684 10
1154 8 25 973 10
1154 31 12 1781 8
1154 32 25 1407 10
1155 81 45 368 12
1155 49 12 3682 8
1155 88 25 2623 10
1155 65 12 1745 8
1155 69 12 494 8
1155 61 12 922 8
1155 20 45 1778 12
1155 8 45 2592 12
1155 62 12 492 8
1155 49 25 3621 10
1155 15 25 2811 10
1155 72 25 3621 10
1155 36 12 1090 8
1155 72 45 1402 12
1155 70 12 3350 8
1155 58 45 2004 12
1155 44 45 989 12
1155 44 25 539 10
1155 48 25 79 10
1156 8 12 1352 8
1156 90 12 2390 8
1156 59 12 1794 8
1156 99 12 2116 8
1156 80 12 2152 8
1156 50 12 599 8
1156 64 25 1480 10
1156 9 12 2152 8
1156 64 45 822 12
1156 75 12 1794 8
1156 91 25 2955 10
1156 13 25 1224 10
1156 73 45 2730 12
1156 10 12 1952 8
1156 88 45 1406 12
1156 92 25 3606 10
1156 36 25 511 10
1156 64 12 1615 8
1156 68 25 3218 10
1156 74 25 1816 10
1156 34 25 1799 10
1156 22 12 3046 8
1156 75 45 385 12
1156 11 12 3525 8
1156 36 45 209 12
1156 49 45 1593 12
1156 40 45 963 12
1156 29 45 412 12
1156 83 25 3937 10
1156 75 45 3453 12
1156 22 12 152 8
1156 37 25 1751 10
1156 94 45 3910 12
1156 56 25 556 10
1156 28 12 396 8
1156 34 45 1981 12
1156 88 25 70 10
1156 64 45 774 12
1156 45 25 581 10
1156 68 12 3299 8
1157 9 12 1482 8
1157 29 25 2493 10
1157 15 45 601 12
1157 80 25 2805 10
1157 52 12 1227 8
1157 49 12 109 8
1157 37 12 1819 8
1157 82 45 1510 12
1157 89 25 2554 10
1157 17 25 1827 10
1157 79 45 1691 12
1157 38 12 1599 8
1157 52 25 1424 10
1157 73 25 1827 10
1157 9 25 1623 10
1157 87 12 707 8
1157 33 45 624 12
1157 31 25 312 10
1157 83 12 2023 8
1157 70 12 1745 8
1157 57 25 2900 10
1157 15 12 259 8
1157 19 45 1714 12
1157 14 45 1714 12
1157 58 45 1714 12
1157 23 45 1899 12
1157 20 25 1930 10
1157 77 25 155 10
1157 76 12 3092 8
1157 1 12 3734 8
1157 39 25 1478 10
1157 49 25 895 10
1157 40 12 259 8
1157 69 12 28 8
1157 2 12 1821 8
1157 59 45 621 12
1157 90 25 3850 10
1157 26 25 1059 10
1157 78 45 2926 12
1157 8 45 1774 12
1157 43 25 2096 10
1157 11 25 1049 10
1157 40 12 2556 8
1157 89 25 350 10
1157 52 25 3434 10
1157 16 12 799 8
1157 29 25 3872 10
1157 48 25 637 10
1157 86 12 967 8
1157 44 25 2654 10
1157 67 25 3621 10
1157 32 45 1367 12
1157 77 25 288 10
1157 89 25 628 10
1157 33 25 1471 10
1157 47 25 974 10
1157 3 25 2847 10
1157 56 25 469 10
1157 28 12 1851 8
1157 95 25 1840 10
1157 26 25 414 10
1158 15 25 373 10
1158 33 12 63 8
1158 77 25 2123 10
1158 13 12 3131 8
1158 88 25 3554 10
1158 0 45 1518 12
1158 51 45 3997 12
1158 31 12 3804 8
1158 38 25 1449 10
1158 49 25 1861 10
1158 87 12 150 8
1158 83 12 1909 8
1158 42 12 571 8
1158 57 45 365 12
1158 1 25 1916 10
1158 19 12 3628 8
1158 67 25 181 10
1158 21 45 1691 12
1158 36 45 2239 12
1158 78 25 3113 10
1158 47 25 3699 10
1158 85 25 3979 10
1158 60 12 2262 8
1158 36 25 2846 10
1158 95 45 1322 12
1158 27 12 905 8
1158 80 25 259 10
1158 46 45 159 12
1158 12 45 2560 12
1158 74 25 2183 10
1158 74 45 1261 12
1158 12 12 1035 8
1158 60 25 979 10
1158 98 25 707 10
1158 5 12 942 8
1158 59 25 1686 10
1158 58 12 789 8
1158 30 12 47 8
1158 99 25 1113 10
1158 34 12 1772 8
1158 83 45 1074 12
1158 12 45 1159 12
1158 83 25 190 10
1158 25 12 8 8
1158 21 45 2524 12
1158 35 25 1275 10
1158 91 45 1109 12
1158 71 12 3989 8
1158 97 25 414 10
1158 50 25 637 10
1158 80 45 399 12
1158 95 45 412 12
1158 26 12 2867 8
1158 98 12 1449 8
1158 89 45 600 12
1158 88 25 556 10
1158 59 12 701 8
1158 12 25 716 10
1158 61 45 1150 12
1159 66 25 1730 10
1159 47 45 135 12
1159 33 25 760 10
1159 77 45 928 12
1159 52 25 2446 10
1159 53 25 1444 10
1159 70 12 3006 8
1159 83 45 253 12
1159 51 45 928 12
1159 85 25 323 10
1159 32 25 3658 10
1159 71 25 677 10
1159 39 25 387 10
1159 64 25 1511 10
1159 46 45 1749 12
1159 77 25 1949 10
1159 27 45 1897 12
1159 53 12 1283 8
1159 61 25 1592 10
1159 65 45 2108 12
1159 20 25 3319 10
1159 19 45 2073 12
1159 4 12 1168 8
1159 21 12 3981 8
1159 48 45 2551 12
1159 18 12 571 8
1159 53 25 3319 10
1159 84 25 3715 10
1159 34 25 3319 10
1159 22 12 2843 8
1159 85 12 188 8
1159 90 25 2757 10
1159 29 25 2464 10
1159 4 45 611 12
1159 32 45 611 12
1159 16 45 2152 12
1159 91 45 674 12
1159 61 45 2660 12
1159 52 45 553 12
1159 31 45 1479 12
1159 93 12 122 8
1159 81 45 2137 12
1159 35 12 1772 8
1159 29 25 43 10
1159 80 25 1554 10
1159 42 25 1555 10
1159 42 25 986 10
1159 30 25 415 10
1159 97 25 1509 10
1159 20 25 2574 10
1159 5 25 3938 10
1159 11 25 1315 10
1159 64 12 2634 8
1159 50 45 2554 12
1159 83 25 2794 10
1159 56 45 1735 12
1159 92 25 694 10
1159 77 25 2057 10
1159 33 12 2165 8
1159 10 45 3050 12
1159 91 25 423 10
1159 76 25 1101 10
1159 45 45 810 12
1159 16 12 1596 8
1159 95 45 3169 12
1159 80 45 71 12
1159 6 25 1481 10
1159 52 45 1965 12
1159 9 45 1170 12
1159 91 25 2996 10
1159 28 25 1101 10
1159 44 25 1101 10
1159 16 25 1101 10
1159 68 45 624 12
1159 70 45 1490 12
1159 25 12 2172 8
1159 24 45 2568 12
1159 93 45 726 12
1159 3 12 3651 8
1159 48 25 233 10
1159 17 25 1675 10
1159 36 12 2472 8
1159 18 45 497 12
1159 81 25 2223 10
1159 32 25 3159 10
1159 11 45 1574 12
1159 28 12 1978 8
1159 26 12 1978 8
1159 34 12 1303 8
1159 99 12 507 8
1159 1 45 624 12
1159 7 12 69 8
1159 44 25 3334 10
1159 13 25 1282 10
1159 68 25 1949 10
1160 29 45 344 12
1160 43 12 971 8
1160 78 25 630 10
1160 39 25 2149 10
1160 25 45 3046 12
1160 61 12 3397 8
1160 36 25 1313 10
1160 79 25 2030 10
1160 76 25 2261 10
1160 42 25 527 10
1160 18 12 732 8
1160 85 25 1101 10
1160 6 12 1462 8
1160 6 12 732 8
1160 20 12 3397 8
1160 41 45 1290 12
1160 70 12 2686 8
1160 94 12 2622 8
1160 35 45 1671 12
1160 31 45 1537 12
1160 40 25 2207 10
1160 50 25 1368 10
1160 48 25 93 10
1160 46 45 3009 12
1160 77 25 443 10
1160 66 25 1646 10
1160 63 12 2106 8
1160 97 25 240 10
1160 9 45 1502 12
1160 86 45 2926 12
1160 95 45 2103 12
1160 8 25 2658 10
1160 18 25 1659 10
1160 44 45 733 12
1160 76 12 2686 8
1160 66 25 1025 10
1160 78 25 1583 10
1160 38 25 3671 10
1160 51 12 1443 8
1160 20 45 822 12
1160 77 45 2634 12
1160 82 12 1893 8
1160 10 25 1868 10
1160 23 45 1806 12
1160 67 12 206 8
1160 70 45 2659 12
1160 67 25 1407 10
1160 44 25 62 10
1160 8 25 2522 10
1160 34 45 1271 12
1160 86 12 71 8
1160 7 45 1931 12
1160 93 12 1285 8
1160 90 45 2255 12
1160 80 45 817 12
1160 38 25 1875 10
1160 46 25 62 10
1160 79 12 1607 8
1160 31 45 3531 12
1160 78 45 260 12
1160 60 25 1395 10
1160 33 45 3133 12
1160 22 12 6 8
1160 16 25 2671 10
1160 28 25 376 10
1160 72 25 3107 10
1160 44 12 340 8
1160 5 12 1342 8
1160 99 45 1109 12
1161 27 25 2217 10
1161 77 25 1120 10
1161 76 45 976 12
1161 25 25 778 10
1161 75 45 2485 12
1161 4 12 1835 8
1161 22 25 2945 10
1161 53 45 2644 12
1161 46 25 1669 10
1161 52 25 3057 10
1161 6 25 318 10
1161 78 12 3933 8
1161 66 45 896 12
1161 7 25 3395 10
1161 1 45 2769 12
1161 43 45 118 12
1161 13 25 1068 10
1161 71 25 927 10
1161 58 25 1359 10
1161 65 12 3615 8
1161 10 45 3124 12
1161 4 25 1714 10
1161 54 45 3124 12
1161 27 25 927 10
1161 15 45 2121 12
1162 99 25 1872 10
1162 52 45 1862 12
1162 77 25 36 10
1162 13 12 1314 8
1162 19 25 1872 10
1162 91 25 1872 10
1162 45 25 1571 10
1162 20 25 1667 10
1162 68 25 238 10
1162 76 25 1395 10
1162 16 25 1246 10
1162 94 25 3979 10
1162 86 25 1300 10
1162 36 25 1263 10
1162 17 25 3619 10
1162 76 25 2531 10
1162 8 45 2625 12
1162 51 12 812 8
1162 10 45 1108 12
1162 27 25 3319 10
1162 1 45 2474 12
1162 57 45 896 12
1162 33 12 3406 8
1162 33 45 2575 12
1162 61 25 2389 10
1162 3 25 1471 10
1162 94 25 3132 10
1162 92 45 551 12
1163 9 45 1526 12
1163 55 25 2783 10
1163 49 25 1351 10
1163 98 25 2757 10
1163 76 25 2962 10
1163 59 25 3031 10
1163 60 12 699 8
1163 83 25 3969 10
1163 81 12 2896 8
1163 23 25 1871 10
1163 57 25 1792 10
1163 88 25 259 10
1163 67 25 1675 10
1163 34 25 750 10
1163 74 12 1249 8
1163 42 25 2244 10
1163 69 12 230 8
1163 26 12 2624 8
1163 64 12 235 8
1163 45 25 146 10
1163 40 12 850 8
1163 71 25 927 10
1163 13 12 407 8
1163 74 45 1899 12
1163 44 25 927 10
1163 51 12 583 8
1163 33 12 1216 8
1163 64 45 1149 12
1163 83 12 3540 8
1163 35 45 2992 12
1163 95 25 3497 10
1163 87 25 371 10
1163 4 25 1133 10
1163 49 12 1772 8
1163 56 45 929 12
1163 89 12 619 8
1163 39 25 2261 10
1163 25 25 996 10
1163 30 45 1438 12
1163 71 25 456 10
1163 19 25 1519 10
1163 78 12 1148 8
1163 65 25 1494 10
1163 79 25 62 10
1163 15 45 1014 12
1163 64 45 1170 12
1163 10 45 2992 12
1163 78 25 1351 10
1164 44 25 1364 10
1164 32 25 1628 10
1164 33 45 25 12
1164 17 25 745 10
1164 2 12 857 8
1164 90 25 406 10
1164 20 25 2043 10
1164 96 45 191 12
1164 46 25 4 10
1164 62 25 89 10
1164 60 45 2474 12
1164 83 45 2461 12
1164 42 45 2474 12
1164 3 25 3149 10
1164 35 25 1673 10
1164 89 25 806 10
1164 82 12 755 8
1164 34 12 3299 8
1164 71 25 3798 10
1164 15 45 2079 12
1164 79 25 2907 10
1164 9 12 2976 8
1164 52 25 2962 10
1164 80 45 426 12
1164 80 25 1771 10
1164 42 25 1557 10
1164 95 25 2861 10
1164 25 12 1736 8
1164 55 25 3127 10
1164 49 12 204 8
1164 25 25 3621 10
1164 5 12 1237 8
1164 8 25 715 10
1164 79 45 1329 12
1164 14 45 228 12
1164 21 45 1159 12
1164 19 45 1887 12
1164 51 45 1887 12
1164 67 25 1958 10
1164 33 25 1171 10
1164 26 12 553 8
1164 58 25 1823 10
1164 3 12 539 8
1164 73 45 1392 12
1164 42 12 3564 8
1164 93 25 3069 10
1164 61 12 1576 8
1164 15 25 279 10
1164 3 45 635 12
1164 14 12 1489 8
1164 52 12 619 8
1164 83 25 882 10
1164 40 25 336 10
1164 42 25 1257 10
1164 54 45 1375 12
1164 52 25 1864 10
1164 72 25 762 10
1164 91 25 1631 10
1164 56 25 1287 10
1164 60 25 3275 10
1164 90 25 3629 10
1164 82 12 857 8
1164 70 12 3892 8
1164 15 25 1111 10
1164 37 12 732 8
1164 82 45 2668 12
1164 7 12 1447 8
1164 50 25 1195 10
1164 7 25 359 10
1164 10 12 3229 8
1164 49 12 3579 8
1164 9 12 3710 8
1164 11 45 1375 12
1165 23 25 1779 10
1165 62 45 3343 12
1165 90 25 65 10
1165 44 25 1321 10
1165 25 25 860 10
1165 52 25 2436 10
1165 63 25 3809 10
1165 74 12 1954 8
1165 34 25 626 10
1165 97 45 1518 12
1165 80 25 1640 10
1165 94 25 745 10
1165 60 12 1357 8
1165 15 25 987 10
1165 81 25 1394 10
1165 63 25 96 10
1165 35 12 3045 8
1165 36 25 1435 10
1165 53 25 1088 10
1165 83 25 3553 10
1165 43 25 1745 10
1165 79 25 1379 10
1165 68 12 2467 8
1165 21 45 3293 12
1165 24 25 369 10
1165 63 25 3864 10
1165 76 12 1382 8
1165 69 25 1441 10
1165 44 45 2730 12
1165 45 25 3141 10
1165 9 12 2671 8
1165 69 12 1536 8
1165 49 25 1408 10
1165 28 25 225 10
1165 83 12 251 8
1165 82 45 2551 12
1165 9 12 906 8
1165 66 25 3156 10
1165 59 25 1895 10
1165 51 25 626 10
1165 90 12 1130 8
1165 10 45 426 12
1165 74 45 3346 12
1165 31 45 2560 12
1165 98 12 317 8
1165 81 12 350 8
1165 97 25 1337 10
1165 34 25 381 10
1165 89 25 655 10
1165 20 25 2819 10
1165 76 12 1253 8
1165 46 25 828 10
1165 0 45 2086 12
1165 60 25 2465 10
1165 27 25 1578 10
1165 16 25 105 10
1165 75 25 301 10
1165 94 45 3170 12
1165 54 12 482 8
1165 92 45 1726 12
1165 72 45 1788 12
1165 96 12 769 8
1165 85 25 956 10
1165 59 12 407 8
1165 92 12 3736 8
1165 97 25 162 10
1165 76 25 251 10
1165 93 25 3984 10
1165 13 45 1552 12
1165 44 25 1499 10
1165 21 25 1558 10
1165 3 45 1108 12
1165 28 25 3491 10
1165 90 12 1047 8
1166 97 25 3318 10
1166 39 25 3897 10
1166 17 25 2828 10
1166 14 25 471 10
1166 0 25 2407 10
1166 90 25 3423 10
1166 38 25 573 10
1166 9 25 371 10
1166 34 25 1059 10
1166 39 45 2664 12
1166 54 45 2942 12
1166 6 45 869 12
1166 41 25 1402 10
1166 50 25 1310 10
1166 79 25 1152 10
1166 4 12 50 8
1166 77 25 2226 10
1166 49 25 1001 10
1166 70 12 714 8
1166 88 25 1718 10
1166 22 12 1223 8
1166 85 25 1480 10
1166 81 25 3537 10
1166 26 12 2874 8
1166 22 12 2966 8
1166 34 25 1059 10
1166 37 25 1934 10
1166 76 45 2294 12
1166 14 12 2165 8
1166 44 12 2426 8
1166 99 12 3295 8
1166 61 25 2206 10
1166 56 25 841 10
1166 18 45 1828 12
1166 79 45 3548 12
1166 24 25 1899 10
1166 30 25 2522 10
1166 94 45 3910 12
1166 74 45 2769 12
1166 17 45 2279 12
1166 7 25 324 10
1166 50 12 1623 8
1166 73 45 2382 12
1166 49 25 1955 10
1166 8 45 834 12
1166 42 45 3043 12
1166 2 12 733 8
1166 41 45 2945 12
1167 36 45 2676 12
1167 43 12 2258 8
1167 13 25 3312 10
1167 30 12 71 8
1167 36 25 3952 10
1167 41 25 676 10
1167 46 45 855 12
1167 27 25 167 10
1167 42 25 1659 10
1167 40 12 207 8
1167 91 12 2680 8
1167 73 12 2674 8
1167 41 45 1478 12
1167 98 45 825 12
1167 2 25 581 10
1167 78 25 240 10
1167 60 12 971 8
1167 3 45 3904 12
1168 39 12 758 8
1168 76 45 1480 12
1168 61 45 132 12
1168 26 45 3344 12
1168 22 45 1098 12
1168 99 25 103 10
1168 67 12 1242 8
1168 77 25 3756 10
1168 2 25 1729 10
1168 2 25 1699 10
1168 66 12 2230 8
1168 62 25 1110 10
1168 8 25 2397 10
1168 53 25 3286 10
1169 33 12 2574 8
1169 27 45 1981 12
1169 36 45 503 12
1169 98 25 3313 10
1169 97 12 1355 8
1169 91 25 259 10
1169 34 25 1784 10
1169 30 25 987 10
1169 30 25 1784 10
1169 77 25 1784 10
1169 25 25 1784 10
1169 35 25 1050 10
1169 91 45 602 12
1170 91 25 2043 10
1170 85 45 2877 12
1170 72 25 318 10
1170 52 45 1679 12
1170 5 45 742 12
1170 51 25 558 10
1170 85 25 476 10
1170 98 45 2039 12
1170 23 45 2930 12
1170 25 25 1955 10
1170 24 12 571 8
1170 45 12 708 8
1170 72 25 1848 10
1170 28 12 3387 8
1170 46 25 3246 10
1170 10 25 1967 10
1170 47 45 2894 12
1170 66 45 1859 12
1170 92 25 2738 10
1170 34 12 2348 8
1170 27 45 3586 12
1170 29 25 1712 10
1170 23 25 225 10
1170 33 12 656 8
1171 13 12 857 8
1171 63 45 2270 12
1171 50 45 1053 12
1171 19 25 480 10
1171 71 45 1124 12
1171 0 25 2654 10
1171 96 25 3913 10
1171 69 25 1789 10
1171 69 45 2417 12
1171 98 45 100 12
1171 14 12 3489 8
1171 94 12 1130 8
1171 27 25 1202 10
1171 59 25 712 10
1171 8 25 3138 10
1171 26 45 1998 12
1171 33 25 2946 10
1171 95 12 3414 8
1171 83 12 1581 8
1172 42 12 774 8
1172 72 25 350 10
1172 35 25 2536 10
1172 63 25 1242 10
1172 52 45 596 12
1172 13 12 354 8
1172 26 25 1181 10
1172 52 25 318 10
1172 34 45 3419 12
1172 5 12 1013 8
1172 42 45 3864 12
1172 95 25 136 10
1172 85 45 2474 12
1172 28 45 3547 12
1172 61 12 3644 8
1172 34 12 463 8
1172 50 45 2580 12
1172 35 12 925 8
1172 32 25 3996 10
1172 80 12 3822 8
1172 93 45 733 12
1172 13 25 1646 10
1172 25 25 1915 10
1172 9 25 74 10
1173 45 25 1851 10
1173 90 12 235 8
1173 96 12 1386 8
1173 39 12 732 8
1173 14 12 3448 8
1173 21 25 2054 10
1173 65 12 2458 8
1173 24 25 2537 10
1173 83 25 1058 10
1173 50 25 3246 10
1173 79 12 1382 8
1173 36 25 2731 10
1173 15 45 783 12
1173 61 45 359 12
1173 24 12 2575 8
1173 76 45 3611 12
1173 98 25 3319 10
1173 60 45 364 12
1173 83 25 1664 10
1173 73 25 637 10
1173 6 45 1596 12
1173 43 25 1398 10
1173 20 45 1603 12
1173 62 25 1915 10
1173 55 25 2200 10
1173 60 12 2005 8
1173 46 25 111 10
1173 13 12 1087 8
1173 49 25 1321 10
1173 93 45 1199 12
1173 41 25 1915 10
1173 57 25 3827 10
1173 20 25 1915 10
1173 50 12 1411 8
1173 50 45 135 12
1173 19 12 554 8
1173 68 12 1921 8
1173 78 12 1223 8
1174 51 12 3903 8
1174 81 25 804 10
1174 5 25 1664 10
1174 95 45 816 12
1174 55 25 1664 10
1174 25 25 2493 10
1174 23 25 2412 10
1174 52 12 363 8
1174 55 12 971 8
1174 70 25 1183 10
1174 87 25 2562 10
1174 50 25 1019 10
1174 22 45 3611 12
1174 50 25 453 10
1175 84 45 1179 12
1175 34 12 2372 8
1175 23 25 748 10
1175 77 25 2478 10
1175 73 12 540 8
1175 78 12 269 8
1175 36 25 923 10
1175 15 45 1939 12
1176 50 25 537 10
1176 76 25 3287 10
1176 18 12 857 8
1176 70 12 1666 8
1176 39 25 437 10
1176 19 25 3286 10
1176 70 12 2992 8
1176 34 25 626 10
1176 90 25 3286 10
1176 11 12 347 8
1176 41 25 2200 10
1176 64 12 971 8
1176 29 25 778 10
1176 55 12 857 8
1176 11 12 488 8
1177 41 25 1202 10
1177 58 45 1294 12
1177 94 25 928 10
1177 70 12 1681 8
1177 87 25 3015 10
1177 53 45 71 12
1177 69 12 3973 8
1177 31 12 1069 8
1177 51 12 3454 8
1177 15 12 1599 8
1177 90 25 1566 10
1177 81 12 1362 8
1177 49 25 2778 10
1177 36 12 3429 8
1177 49 25 1001 10
1177 28 45 1395 12
1177 50 45 497 12
1177 16 12 499 8
1177 62 45 1646 12
1177 1 45 558 12
1177 98 45 639 12
1177 66 25 3296 10
1177 54 25 539 10
1177 2 25 1026 10
1178 13 25 1329 10
1178 86 25 1899 10
1178 27 12 732 8
1178 7 45 1068 12
1178 95 25 76 10
1178 77 45 816 12
1178 72 25 537 10
1178 70 12 1783 8
1178 8 25 2942 10
1178 18 12 1922 8
1178 25 25 1574 10
1178 78 45 1747 12
1178 83 25 1664 10
1178 22 45 1031 12
1178 60 45 2055 12
1178 5 25 1356 10
1178 17 45 311 12
1178 93 45 1184 12
1178 95 45 1518 12
1178 70 25 751 10
1178 4 45 458 12
1178 29 25 2397 10
1178 77 25 3286 10
1178 29 25 89 10
1178 31 25 269 10
1178 43 12 220 8
1178 39 12 772 8
1178 23 25 2308 10
1178 89 25 168 10
1178 44 12 1440 8
1178 88 25 1769 10
1178 56 45 912 12
1178 67 12 31 8
1178 11 25 2883 10
1178 13 45 122 12
1178 63 45 704 12
1178 3 25 1803 10
1178 27 25 1480 10
1179 8 25 431 10
1179 40 45 419 12
1179 41 25 2039 10
1179 36 25 1604 10
1179 95 25 534 10
1179 59 45 477 12
1179 61 12 1177 8
1179 59 25 252 10
1179 30 12 850 8
1179 93 45 3237 12
1179 45 25 189 10
1179 51 25 1094 10
1179 94 25 927 10
1179 90 25 1143 10
1179 38 25 1820 10
1179 64 25 189 10
1179 85 25 424 10
1179 28 25 1094 10
1179 75 12 471 8
1179 6 25 42 10
1179 1 12 1383 8
1179 28 45 1899 12
1179 61 12 3465 8
1179 58 25 1171 10
1179 70 12 1043 8
1179 62 12 1818 8
1179 68 12 735 8
1179 83 25 1099 10
1179 88 45 1579 12
1180 83 12 559 8
1180 35 45 2153 12
1180 76 45 3653 12
1180 50 25 3510 10
1180 58 45 1506 12
1180 84 25 1761 10
1180 54 25 252 10
1180 57 12 468 8
1180 80 12 1641 8
1180 87 25 2637 10
1180 83 45 868 12
1180 51 45 3662 12
1180 93 25 3521 10
1180 13 25 2030 10
1180 52 45 304 12
1180 21 25 30 10
1180 39 25 3857 10
1180 37 25 3023 10
1180 90 25 2480 10
1180 57 25 2480 10
1180 72 45 3857 12
1180 5 25 3224 10
1180 63 25 635 10
1180 46 25 353 10
1180 93 12 517 8
1180 30 12 886 8
1180 14 25 136 10
1180 75 45 399 12
1180 84 45 785 12
1180 81 12 570 8
1180 6 25 1561 10
1180 8 25 1480 10
1180 93 25 2054 10
1180 28 12 1611 8
1180 25 45 611 12
1180 0 25 85 10
1180 5 25 1997 10
1181 52 45 2769 12
1181 67 45 929 12
1181 32 45 3657 12
1181 17 12 2822 8
1181 44 45 1914 12
1181 53 45 1536 12
1181 0 45 3594 12
1181 45 25 611 10
1181 94 45 3361 12
1181 19 25 2475 10
1181 41 45 92 12
1181 23 25 1402 10
1181 48 12 2916 8
1181 29 25 3007 10
1181 63 25 1171 10
1181 3 25 1703 10
1181 60 45 601 12
1181 23 45 435 12
1181 71 45 709 12
1181 31 12 1275 8
1182 67 12 970 8
1182 36 25 343 10
1182 40 45 7 12
1182 66 25 1275 10
1182 18 25 1539 10
1182 35 12 1921 8
1182 55 12 2234 8
1182 79 12 3355 8
1182 23 25 1443 10
1182 44 12 810 8
1182 17 45 840 12
1182 52 25 3029 10
1182 89 25 1318 10
1183 13 12 1351 8
1183 41 25 3501 10
1183 97 45 1075 12
1183 88 12 888 8
1183 56 12 717 8
1183 47 25 2452 10
1183 97 12 2697 8
1183 21 45 2832 12
1183 19 12 161 8
1183 54 25 1171 10
1183 59 12 1142 8
1183 8 45 1016 12
1184 89 45 2890 12
1184 94 25 1566 10
1184 46 12 21 8
1184 21 45 1728 12
1184 29 12 1893 8
1184 39 45 510 12
1184 95 12 3765 8
1184 29 25 142 10
1184 94 25 1751 10
1184 70 12 1408 8
1184 76 12 372 8
1184 79 45 1743 12
1184 89 12 248 8
1184 59 12 1614 8
1184 17 25 3000 10
1184 99 45 1602 12
1184 87 25 425 10
1184 5 45 1899 12
1184 35 25 850 10
1184 8 45 2799 12
1184 3 12 204 8
1184 13 45 2040 12
1184 1 45 954 12
1184 94 12 634 8
1184 67 25 1192 10
1184 79 25 347 10
1184 91 45 3432 12
1184 38 25 2397 10
1184 72 45 2676 12
1184 4 25 2147 10
1184 49 45 1016 12
1184 0 25 3914 10
1184 12 25 3286 10
1184 44 12 407 8
1184 7 25 2478 10
1184 27 12 906 8
1184 37 45 786 12
1185 59 25 2407 10
1185 40 12 1362 8
1185 70 25 153 10
1185 63 45 92 12
1185 45 45 63 12
1185 89 12 1266 8
1185 70 25 410 10
1185 22 25 1512 10
1185 42 12 1380 8
1185 97 25 97 10
1185 14 25 540 10
1185 94 25 1257 10
1185 43 12 1259 8
1185 40 45 3644 12
1185 2 25 1520 10
1185 20 25 2144 10
1185 9 25 159 10
1185 14 45 849 12
1185 28 45 84 12
1185 45 12 1915 8
1185 57 45 1502 12
1185 68 45 3498 12
1185 42 25 1741 10
1185 84 12 3465 8
1185 42 25 3649 10
1185 21 12 297 8
1186 96 25 1395 10
1186 92 25 1803 10
1186 95 12 1466 8
1186 13 25 1758 10
1186 4 45 302 12
1186 75 25 1571 10
1186 14 12 3827 8
1186 34 45 3054 12
1186 10 45 1672 12
1186 6 25 1471 10
1186 31 45 283 12
1186 79 45 689 12
1186 62 45 25 12
1186 51 25 1785 10
1186 86 25 342 10
1186 58 12 906 8
1186 35 12 714 8
1186 53 12 1481 8
1186 25 45 1759 12
1186 43 25 868 10
1186 8 45 894 12
1186 45 45 3237 12
1186 0 25 2360 10
1186 20 45 2599 12
1186 52 45 991 12
1186 81 12 189 8
1186 37 25 1123 10
1186 48 25 1803 10
1186 68 25 1368 10
1187 31 45 667 12
1187 87 45 1238 12
1187 4 45 2718 12
1187 21 25 1561 10
1187 27 45 585 12
1187 27 25 2781 10
1187 50 25 2794 10
1187 77 12 1362 8
1187 6 25 744 10
1187 84 25 2782 10
1187 36 25 1471 10
1187 65 45 849 12
1187 65 45 816 12
1187 15 25 3092 10
1187 27 45 286 12
1187 80 25 1027 10
1187 33 25 3801 10
1187 88 45 16 12
1187 66 25 559 10
1187 84 25 1967 10
1187 7 25 559 10
1187 18 12 561 8
1187 43 25 538 10
1187 60 25 538 10
1187 50 25 1680 10
1188 71 12 3902 8
1188 39 25 1993 10
1188 1 25 2783 10
1188 47 45 1757 12
1188 57 45 1589 12
1188 95 25 1212 10
1188 23 45 1050 12
1188 85 12 746 8
1188 2 12 516 8
1188 8 45 601 12
1188 32 12 2765 8
1188 82 25 928 10
1188 95 12 1345 8
1188 50 12 1481 8
1188 45 25 1949 10
1188 76 25 1262 10
1188 92 25 1019 10
1188 61 12 545 8
1188 26 45 1108 12
1188 89 25 2286 10
1188 74 45 2791 12
1189 56 45 1226 12
1189 88 25 2477 10
1189 97 45 1502 12
1189 53 12 1703 8
1189 62 45 855 12
1189 48 12 1959 8
1189 13 12 859 8
1189 85 12 229 8
1189 26 12 583 8
1189 30 12 2599 8
1189 75 12 3762 8
1189 8 25 3224 10
1190 80 12 2471 8
1190 81 45 626 12
1190 21 12 2234 8
1190 14 12 1482 8
1190 7 25 437 10
1190 95 25 437 10
1190 96 45 16 12
1190 18 25 2054 10
1190 43 25 2123 10
1190 81 25 627 10
1190 40 45 1887 12
1190 53 45 3802 12
1190 98 12 857 8
1190 4 45 1507 12
1190 33 25 1102 10
1190 30 45 370 12
1190 81 45 1469 12
1190 93 25 928 10
1191 78 45 1422 12
1191 45 25 1483 10
1191 66 45 2520 12
1191 39 12 2989 8
1191 75 45 1365 12
1191 3 12 127 8
1191 75 12 901 8
1191 53 45 1363 12
1191 96 45 844 12
1191 11 25 2083 10
1191 75 12 1797 8
1191 35 45 1892 12
1191 69 12 1611 8
1191 44 45 5 12
1191 87 45 1844 12
1191 11 45 1184 12
1191 80 25 384 10
1191 66 12 2142 8
1191 83 12 2925 8
1191 70 12 1313 8
1191 11 25 3556 10
1191 48 25 779 10
1191 43 25 1092 10
1191 62 45 3411 12
1192 99 45 1059 12
1192 20 45 3075 12
1192 91 45 1772 12
1192 70 12 2722 8
1192 87 12 1179 8
1192 52 45 3460 12
1192 79 12 2576 8
1192 97 25 880 10
1192 65 45 3380 12
1192 47 45 2006 12
1192 16 45 1758 12
1192 50 25 798 10
1192 82 12 3579 8
1192 33 12 48 8
1192 67 45 601 12
1192 52 45 601 12
1192 46 25 676 10
1192 17 12 3917 8
1192 2 25 1483 10
1192 12 25 1510 10
1192 55 25 819 10
1192 35 45 465 12
1192 64 25 811 10
1192 40 45 3981 12
1192 22 12 1756 8
1192 95 12 1150 8
1192 64 25 2537 10
1192 72 25 3661 10
1192 54 25 1364 10
1192 93 45 3426 12
1192 71 45 2524 12
1192 71 25 3290 10
1192 37 25 2882 10
1192 13 12 1217 8
1192 29 12 682 8
1192 29 25 1362 10
1192 48 25 3436 10
1192 3 45 431 12
1192 26 25 324 10
1192 26 25 1941 10
1192 94 12 2234 8
1192 85 45 1773 12
1192 30 25 2033 10
1193 29 25 2149 10
1193 62 12 1408 8
1193 56 12 1442 8
1193 10 12 1171 8
1193 22 25 1282 10
1193 37 45 3775 12
1193 18 25 3258 10
1193 53 25 2835 10
1193 78 25 2521 10
1193 6 45 1771 12
1193 61 45 16 12
1193 45 25 1480 10
1193 67 25 383 10
1193 4 12 1382 8
1193 90 25 1195 10
1193 11 25 760 10
1193 84 45 1050 12
1193 13 45 3542 12
1193 31 25 792 10
1193 20 12 1620 8
1193 40 12 1893 8
1193 79 25 2902 10
1193 23 25 3996 10
1193 2 25 2730 10
1193 41 12 711 8
1193 89 45 2021 12
1193 69 45 2769 12
1193 50 25 1171 10
1193 31 45 1184 12
1193 76 45 2769 12
1193 53 45 783 12
1193 33 25 1501 10
1193 60 45 527 12
1193 18 45 1396 12
1194 55 45 2730 12
1194 46 45 536 12
1194 76 12 1413 8
1194 47 25 1508 10
1194 24 45 810 12
1194 29 25 3921 10
1194 42 25 431 10
1194 92 25 36 10
1194 51 25 36 10
1194 10 25 2295 10
1194 5 25 672 10
1194 50 12 1691 8
1194 83 25 836 10
1194 5 12 1174 8
1194 3 12 2011 8
1194 31 25 635 10
1194 18 25 491 10
1194 96 45 2877 12
1194 58 45 1672 12
1194 71 12 3107 8
1194 70 25 1621 10
1194 77 45 2885 12
1194 21 12 3792 8
1194 10 12 1250 8
1194 56 45 1887 12
1194 87 12 3107 8
1194 86 45 1676 12
1194 76 25 975 10
1194 15 45 2244 12
1194 57 12 876 8
1194 53 45 869 12
1194 24 25 2337 10
1194 81 12 3135 8
1194 19 25 1659 10
1194 25 25 902 10
1195 60 12 2234 8
1195 64 45 892 12
1195 42 25 835 10
1195 51 25 280 10
1195 33 45 1306 12
1195 55 25 3169 10
1195 93 12 1976 8
1195 7 12 1770 8
1195 72 25 548 10
1195 28 25 2683 10
1195 14 25 2904 10
1195 48 25 3409 10
1195 90 25 3409 10
1195 68 25 562 10
1195 12 25 203 10
1195 43 25 421 10
1195 50 25 2698 10
1195 63 25 1236 10
1195 87 25 3023 10
1195 65 25 3715 10
1195 99 25 3029 10
1195 84 12 701 8
1195 45 45 816 12
1195 91 45 286 12
1195 91 25 320 10
1195 57 45 260 12
1195 36 25 1659 10
1195 19 25 3389 10
1195 81 25 3144 10
1196 33 12 2234 8
1196 23 12 3222 8
1196 84 45 1699 12
1196 83 12 1482 8
1196 8 25 2538 10
1196 70 12 2989 8
1196 56 45 3191 12
1196 32 12 2234 8
1196 15 25 1561 10
1196 57 45 2145 12
1196 11 45 1630 12
1196 97 45 2062 12
1196 43 12 2805 8
1196 78 12 189 8
1196 28 25 1659 10
1196 19 45 344 12
1196 42 45 733 12
1196 70 45 541 12
1196 11 45 3237 12
1196 66 45 426 12
1196 20 45 807 12
1196 90 45 2244 12
1196 91 25 1695 10
1196 8 45 1759 12
1196 36 12 1045 8
1196 38 45 708 12
1196 99 25 1273 10
1196 70 25 20 10
1196 38 45 2244 12
1196 16 12 971 8
1197 10 25 1171 10
1197 53 25 1659 10
1197 21 25 125 10
1197 69 45 2264 12
1197 33 25 1435 10
1197 87 45 1832 12
1197 52 45 1005 12
1197 2 45 1500 12
1197 39 45 2885 12
1197 75 45 3884 12
1197 22 25 811 10
1197 43 25 1169 10
1198 70 45 2442 12
1198 37 12 1734 8
1198 76 45 1636 12
1198 81 12 2817 8
1198 97 25 1939 10
1198 59 25 469 10
1198 9 12 2685 8
1198 29 45 1924 12
1198 31 45 902 12
1198 1 45 1534 12
1198 1 12 3642 8
1198 97 12 3464 8
1198 83 25 2523 10
1198 72 12 2495 8
1198 7 25 130 10
1198 32 12 3257 8
1198 98 25 1338 10
1198 9 25 1321 10
1198 15 45 1931 12
1198 14 45 657 12
1198 51 25 2523 10
1198 56 45 2264 12
1198 42 45 603 12
1198 17 25 2904 10
1198 63 25 130 10
1198 76 12 341 8
1198 97 12 1722 8
1198 22 25 417 10
1198 15 12 2259 8
1198 65 25 29 10
1198 59 25 1171 10
1198 23 25 1866 10
1198 79 45 732 12
1198 18 25 417 10
1198 78 45 1998 12
1198 6 45 1707 12
1198 81 25 2931 10
1198 70 25 1027 10
1198 95 25 494 10
1198 42 45 2601 12
1198 86 25 556 10
1198 11 25 2654 10
1198 53 25 791 10
1198 26 25 471 10
1199 99 25 953 10
1199 83 12 3645 8
1199 99 12 3088 8
1199 48 45 3905 12
1199 33 12 2711 8
1199 11 25 2123 10
1199 4 25 2504 10
1199 48 45 504 12
1199 52 25 1293 10
1199 39 12 383 8
1199 37 12 3029 8
1199 71 25 1842 10
1199 76 45 947 12
1199 34 45 2004 12
1199 1 12 1327 8
1199 19 25 3955 10
1199 52 25 2478 10
1199 51 25 2765 10
1199 93 12 876 8
1199 62 25 2478 10
1199 63 25 2478 10
1199 80 25 2478 10
1199 74 25 2149 10
1199 29 12 2527 8
1199 58 45 2078 12
1199 93 12 2210 8
1199 72 25 975 10
1199 4 12 967 8
1199 27 12 3317 8
1199 24 25 2478 10
1199 62 25 1985 10
1199 72 25 1638 10
1199 8 12 2478 8
1199 23 45 365 12
1199 8 45 1059 12
1199 38 25 1804 10
1199 18 45 3595 12
1199 91 45 906 12
1199 32 25 131 10
1199 92 45 1399 12
1199 36 45 912 12
1199 45 12 1437 8
1199 33 45 510 12
1199 54 12 1430 8
1199 38 25 3731 10
1199 71 45 1490 12
1199 92 12 1620 8
1199 17 25 694 10
1199 57 12 341 8
1200 21 25 677 10
1200 95 25 1792 10
1200 90 25 614 10
1200 78 45 2120 12
1200 49 25 2478 10
1200 26 12 1253 8
1200 51 25 675 10
1200 4 12 680 8
1200 18 45 313 12
1200 12 25 3273 10
1200 53 12 2754 8
1200 83 25 1958 10
1200 74 12 605 8
1200 36 12 563 8
1200 99 12 2754 8
1200 46 45 1625 12
1200 33 25 1659 10
1200 95 45 3778 12
1200 97 25 1149 10
1200 32 25 1804 10
1200 71 25 468 10
1200 70 45 605 12
1200 18 12 2812 8
1200 4 12 634 8
1200 90 25 118 10
1200 18 12 95 8
1200 41 12 1127 8
1200 73 45 95 12
1200 27 25 178 10
1200 84 45 1591 12
1200 24 12 435 8
1200 65 12 1714 8
1200 92 25 1788 10
1200 5 45 1623 12
1200 74 12 3029 8
1200 12 12 477 8
1200 36 12 3452 8
1200 68 25 573 10
1200 26 25 2478 10
1200 48 12 2234 8
1200 11 12 2795 8
1200 48 25 1743 10
1201 66 25 3553 10
1201 70 25 1917 10
1201 62 25 1102 10
1201 65 12 1374 8
1201 38 25 540 10
1201 54 12 1984 8
1201 4 45 3185 12
1201 34 25 2955 10
1201 73 45 3922 12
1201 70 45 92 12
1201 74 45 3185 12
1201 50 45 292 12
1201 82 25 2651 10
1201 53 45 3719 12
1201 64 12 1897 8
1201 89 45 1749 12
1201 32 45 2004 12
1201 78 25 1691 10
1201 77 12 1819 8
1201 15 45 3719 12
1201 16 12 1922 8
1201 38 45 3471 12
1201 33 25 593 10
1201 39 12 1739 8
1201 42 45 92 12
1201 36 25 2670 10
1202 68 45 816 12
1202 35 12 824 8
1202 6 25 74 10
1202 35 12 1380 8
1202 42 45 1464 12
1202 94 12 2776 8
1202 44 25 74 10
1202 84 45 2162 12
1202 9 25 2904 10
1202 81 45 3999 12
1202 55 25 159 10
1202 5 45 726 12
1202 59 45 376 12
1202 8 45 1596 12
1202 10 12 571 8
1202 44 12 876 8
1202 57 12 123 8
1202 30 25 247 10
1202 65 45 611 12
1202 84 25 1019 10
1202 28 45 3456 12
1202 98 12 571 8
1202 18 45 1772 12
1202 7 12 1168 8
1202 36 45 1703 12
1202 92 25 247 10
1202 77 45 1950 12
1203 79 25 736 10
1203 79 12 492 8
1203 58 45 402 12
1203 50 12 2234 8
1203 6 25 3145 10
1203 91 45 1663 12
1203 84 25 427 10
1203 66 45 1751 12
1203 86 45 1243 12
1203 74 25 3717 10
1203 12 25 2267 10
1203 22 12 2234 8
1203 33 25 1027 10
1203 73 25 1857 10
1203 72 25 715 10
1203 58 12 2976 8
1203 96 25 1686 10
1203 21 12 2234 8
1203 15 25 3935 10
1204 64 12 2234 8
1204 7 12 343 8
1204 23 25 861 10
1204 57 25 1631 10
1204 76 25 241 10
1204 43 25 2464 10
1204 85 25 233 10
1204 88 12 1390 8
1204 23 12 2780 8
1204 28 12 27 8
1204 19 25 2372 10
1204 73 45 2652 12
1204 47 45 3778 12
1204 0 45 3778 12
1205 84 45 3999 12
1205 42 25 590 10
1205 20 12 729 8
1205 84 12 41 8
1205 99 45 1920 12
1205 61 25 1296 10
1205 74 45 454 12
1205 12 12 2432 8
1205 25 12 3736 8
1205 6 12 193 8
1205 33 45 2195 12
1205 38 25 954 10
1205 56 25 2480 10
1205 59 45 2959 12
1205 70 25 1821 10
1205 54 12 1390 8
1205 98 12 962 8
1205 85 12 1259 8
1205 3 12 229 8
1205 45 25 3751 10
1205 26 25 147 10
1205 51 25 3662 10
1205 44 12 406 8
1205 68 45 1464 12
1205 48 25 2682 10
1205 84 25 506 10
1205 70 25 2304 10
1205 11 25 1967 10
1205 69 25 1675 10
1205 3 12 1174 8
1205 18 45 3075 12
1205 90 45 599 12
1205 77 25 459 10
1205 78 45 3011 12
1205 23 12 3606 8
1205 4 25 3312 10
1205 42 25 3312 10
1205 34 12 571 8
1205 83 25 2478 10
1205 5 25 3312 10
1206 14 12 2722 8
1206 15 45 807 12
1206 55 12 1224 8
1206 25 12 1594 8
1206 27 12 1608 8
1206 82 12 2722 8
1206 42 45 2763 12
1206 54 45 299 12
1206 28 25 1882 10
1206 48 45 621 12
1206 51 45 621 12
1206 71 45 2899 12
1206 47 12 539 8
1206 39 45 1329 12
1206 57 25 2587 10
1206 44 25 1033 10
1206 1 12 2509 8
1206 56 45 2765 12
1206 40 45 2327 12
1206 5 12 1817 8
1206 89 25 1836 10
1206 86 25 1747 10
1206 70 12 2051 8
1206 9 25 798 10
1206 73 25 858 10
1206 41 25 2955 10
1206 6 25 2823 10
1206 31 45 1668 12
1206 18 25 1357 10
1207 25 25 1832 10
1207 27 25 1203 10
1207 50 25 1257 10
1207 32 45 1052 12
1207 66 45 3237 12
1207 91 25 2658 10
1207 45 12 2776 8
1207 39 45 651 12
1207 8 45 2089 12
1207 15 45 608 12
1207 3 45 2606 12
1207 24 25 942 10
1207 90 25 928 10
1207 29 25 1254 10
1207 94 25 1793 10
1207 63 25 621 10
1207 69 12 95 8
1207 20 25 1899 10
1207 72 25 1391 10
1207 1 12 3526 8
1207 19 45 1102 12
1207 95 12 574 8
1207 56 12 1454 8
1207 43 12 2056 8
1207 51 25 3069 10
1207 40 25 1130 10
1207 17 25 1925 10
1207 53 25 3070 10
1207 58 25 1511 10
1207 30 45 3776 12
1207 79 45 1655 12
1207 78 12 2457 8
1207 64 12 406 8
1207 59 45 381 12
1208 78 45 1646 12
1208 80 25 314 10
1208 10 25 1508 10
1208 42 25 1870 10
1208 14 45 969 12
1208 32 45 1154 12
1208 81 25 668 10
1208 15 12 1880 8
1208 33 12 241 8
1208 4 25 1518 10
1208 49 25 1512 10
1208 11 12 1811 8
1208 32 25 684 10
1208 89 12 1132 8
1208 63 25 1004 10
1208 10 25 625 10
1208 51 45 2959 12
1208 82 45 1680 12
1208 93 25 3875 10
1209 25 25 2115 10
1209 78 45 1154 12
1209 77 25 3519 10
1209 87 25 241 10
1209 4 25 948 10
1209 91 25 1160 10
1209 64 12 2234 8
1209 25 45 1806 12
1209 90 12 1984 8
1209 6 45 1774 12
1209 63 12 628 8
1209 1 25 1659 10
1209 30 45 2417 12
1209 17 25 2149 10
1209 0 12 571 8
1209 4 45 1074 12
1209 70 25 2718 10
1209 88 12 3535 8
1209 37 25 1101 10
1209 70 25 1197 10
1209 82 12 3673 8
1209 36 25 119 10
1209 60 25 509 10
1209 39 45 2417 12
1209 49 12 1138 8
1209 1 25 590 10
1209 87 25 1659 10
1210 5 25 2883 10
1210 78 45 605 12
1210 18 12 1433 8
1210 15 25 816 10
1210 8 25 1659 10
1210 11 25 923 10
1210 27 12 345 8
1210 58 45 1579 12
1210 27 45 1579 12
1210 54 12 462 8
1210 84 45 733 12
1210 80 45 1579 12
1210 37 25 1418 10
1210 91 12 634 8
1210 6 12 3222 8
1210 22 45 1579 12
1210 33 25 435 10
1210 81 12 8 8
1211 47 25 1347 10
1211 29 25 423 10
1211 56 45 362 12
1211 5 45 2091 12
1211 73 45 3617 12
1211 19 45 2004 12
1211 54 12 1938 8
1211 10 25 916 10
1211 71 25 3712 10
1211 35 12 1079 8
1211 16 45 689 12
1211 71 12 1554 8
1211 43 45 362 12
1211 99 25 3958 10
1211 32 12 2372 8
1211 4 25 1783 10
1211 52 25 2617 10
1211 69 45 689 12
1211 89 45 1114 12
1211 94 45 3011 12
1211 89 25 578 10
1211 4 25 1990 10
1212 14 25 318 10
1212 20 45 2769 12
1212 59 25 383 10
1212 90 45 1407 12
1212 32 12 1141 8
1212 34 25 840 10
1212 89 45 2769 12
1212 11 45 2727 12
1212 49 45 3108 12
1212 13 25 2798 10
1212 55 25 1659 10
1212 37 25 640 10
1212 34 12 806 8
1212 34 12 1335 8
1212 80 45 250 12
1212 34 45 969 12
1212 82 25 3878 10
1212 79 12 1249 8
1212 23 25 475 10
1213 49 25 3270 10
1213 13 45 3544 12
1213 25 25 3437 10
1213 63 45 159 12
1213 99 45 514 12
1213 56 45 2769 12
1213 40 25 845 10
1213 41 25 867 10
1213 84 25 200 10
1213 41 25 155 10
1213 8 45 1061 12
1213 25 45 1322 12
1213 46 45 2769 12
1213 40 25 2376 10
1213 82 25 76 10
1213 71 45 2769 12
1213 94 45 2368 12
1213 94 25 2497 10
1213 71 25 108 10
1213 20 25 333 10
1213 90 45 1943 12
1213 28 25 3200 10
1213 94 25 76 10
1213 58 12 2210 8
1213 32 25 1621 10
1213 85 45 2538 12
1213 87 25 2302 10
1213 18 25 319 10
1213 15 45 2755 12
1213 73 45 1328 12
1213 72 25 118 10
1213 36 45 2041 12
1213 57 25 1784 10
1213 71 45 515 12
1213 86 12 217 8
1213 47 45 2769 12
1213 91 25 791 10
1213 91 25 382 10
1213 73 25 1977 10
1213 14 12 583 8
1213 38 25 935 10
1213 21 45 1193 12
1213 88 25 1722 10
1213 68 12 439 8
1213 75 25 1408 10
1213 62 25 1214 10
1213 1 25 1659 10
1214 65 25 868 10
1214 14 12 3324 8
1214 92 25 762 10
1214 22 25 506 10
1214 14 12 1374 8
1214 49 25 614 10
1214 13 12 1519 8
1214 88 12 1709 8
1214 13 25 3973 10
1214 89 25 1019 10
1214 1 45 3161 12
1214 67 45 2587 12
1214 41 25 629 10
1214 45 45 987 12
1214 78 12 1755 8
1214 36 12 1629 8
1214 97 25 1030 10
1214 13 45 1749 12
1214 50 45 60 12
1214 26 25 856 10
1214 95 25 762 10
1214 15 12 510 8
1214 0 25 1659 10
1214 87 25 1950 10
1214 80 25 1988 10
1214 46 25 2767 10
1214 33 45 1717 12
1214 11 25 2671 10
1214 5 25 1482 10
1214 44 45 33 12
1214 15 25 1180 10
1214 65 12 435 8
1214 5 25 2732 10
1214 43 25 205 10
1214 52 45 1518 12
1214 31 12 3989 8
1214 8 45 896 12
1214 62 45 1389 12
1214 40 25 904 10
1214 90 25 904 10
1214 14 25 4 10
1214 54 45 2730 12
1214 32 25 456 10
1215 48 12 1962 8
1215 15 12 1776 8
1215 58 25 1740 10
1215 45 45 435 12
1215 36 12 3225 8
1215 28 45 2727 12
1215 50 12 1967 8
1215 40 25 371 10
1215 70 25 3901 10
1215 25 25 2030 10
1215 37 12 1314 8
1215 19 25 922 10
1215 21 12 2754 8
1215 88 12 3597 8
1215 71 25 3085 10
1215 79 12 935 8
1215 23 25 3434 10
1215 80 12 2814 8
1215 26 45 1623 12
1215 6 25 811 10
1215 28 45 600 12
1215 3 45 349 12
1215 39 45 464 12
1215 73 45 68 12
1215 75 25 1659 10
1215 73 12 830 8
1215 22 12 962 8
1215 10 25 2536 10
1215 95 12 41 8
1215 82 25 814 10
1215 75 25 735 10
1215 3 45 1154 12
1215 37 45 376 12
1215 41 25 745 10
1215 84 25 3460 10
1215 1 12 2390 8
1215 40 45 518 12
1215 70 25 2177 10
1215 28 25 2248 10
1215 97 12 1116 8
1215 38 12 69 8
1215 96 25 2648 10
1215 94 25 2158 10
1215 69 45 1755 12
1215 15 45 3160 12
1215 9 25 1747 10
1216 48 12 922 8
1216 17 12 1093 8
1216 76 25 3031 10
1216 66 12 418 8
1216 26 25 1914 10
1216 8 12 1016 8
1216 58 25 1576 10
1216 69 25 1863 10
1216 80 12 1132 8
1216 13 25 1660 10
1216 11 45 880 12
1216 36 25 928 10
1216 13 25 1236 10
1216 64 12 1788 8
1216 21 45 859 12
1216 82 25 3540 10
1216 34 12 1481 8
1216 14 45 63 12
1216 81 25 1629 10
1216 48 12 2445 8
1216 93 45 514 12
1216 90 25 694 10
1216 66 25 1772 10
1216 49 25 1998 10
1216 17 25 147 10
1216 23 12 890 8
1216 13 12 486 8
1216 4 25 1966 10
1216 94 25 208 10
1216 90 25 1444 10
1216 57 45 2852 12
1216 74 45 1914 12
1216 60 45 127 12
1216 76 45 2317 12
1216 2 45 624 12
1216 5 45 605 12
1216 37 25 198 10
1216 21 25 1853 10
1216 96 12 2556 8
1216 51 12 1455 8
1216 55 12 3088 8
1216 65 25 2904 10
1216 36 25 488 10
1217 57 45 1098 12
1217 27 25 2945 10
1217 20 25 3511 10
1217 20 25 323 10
1217 9 25 2212 10
1217 71 25 178 10
1217 91 25 2128 10
1217 38 45 2434 12
1217 20 12 1653 8
1217 88 25 729 10
1217 0 25 2186 10
1217 29 12 1797 8
1217 36 25 103 10
1217 7 25 421 10
1217 33 25 3934 10
1217 91 12 460 8
1217 0 25 1836 10
1217 85 25 1659 10
1217 95 45 905 12
1217 7 25 1297 10
1217 53 45 75 12
1217 4 45 2073 12
1217 63 25 1056 10
1217 36 45 1714 12
1217 20 45 1714 12
1217 17 45 456 12
1217 38 25 167 10
1217 76 12 2056 8
1217 5 12 2056 8
1218 98 25 1586 10
1218 61 45 3504 12
1218 45 12 217 8
1218 47 25 453 10
1218 70 25 1330 10
1218 0 45 1500 12
1218 78 45 399 12
1218 41 25 1431 10
1218 60 12 1891 8
1218 9 45 817 12
1218 16 25 352 10
1218 6 12 41 8
1218 24 25 76 10
1218 7 45 267 12
1218 17 45 689 12
1218 41 12 1704 8
1218 46 45 1043 12
1218 25 12 1466 8
1218 39 45 813 12
1218 78 45 813 12
1218 38 12 460 8
1219 28 25 1024 10
1219 64 45 426 12
1219 33 12 3145 8
1219 81 12 2597 8
1219 22 45 1056 12
1219 61 25 3311 10
1219 77 45 536 12
1219 28 12 3650 8
1219 40 25 127 10
1219 81 25 2811 10
1219 35 25 2412 10
1219 57 45 381 12
1219 11 12 1398 8
1219 69 12 3251 8
1219 2 45 1886 12
1219 11 25 3623 10
1219 38 12 584 8
1219 54 45 1534 12
1219 78 12 1088 8
1219 54 45 3753 12
1219 55 45 440 12
1219 91 12 3981 8
1219 48 25 178 10
1219 74 25 1924 10
1219 14 25 1393 10
1219 89 45 2970 12
1219 32 12 1748 8
1219 58 12 925 8
1219 32 12 2588 8
1219 95 12 690 8
1219 64 12 1430 8
1219 91 25 3328 10
1219 60 25 673 10
1219 98 25 2290 10
1219 25 25 359 10
1219 4 45 2511 12
1220 6 12 2064 8
1220 1 45 827 12
1220 57 45 2055 12
1220 3 25 1568 10
1220 90 45 260 12
1220 20 45 43 12
1220 42 45 827 12
1220 74 12 1637 8
1220 15 12 3905 8
1220 1 45 944 12
1220 68 12 1276 8
1220 5 25 1438 10
1220 19 12 3375 8
1220 69 45 664 12
1220 70 12 1142 8
1220 59 12 317 8
1220 65 45 1988 12
1220 68 25 855 10
1220 0 45 2419 12
1220 68 25 280 10
1220 91 12 1959 8
1220 5 25 2948 10
1220 83 12 560 8
1220 41 12 3752 8
1220 18 12 2358 8
1220 85 25 1518 10
1220 8 45 2260 12
1220 87 25 2351 10
1220 59 45 343 12
1220 2 25 3385 10
1220 69 25 1504 10
1220 50 45 343 12
1220 79 45 3047 12
1220 90 45 1607 12
1220 83 12 61 8
1220 23 25 603 10
1220 36 45 299 12
1220 29 45 1824 12
1220 60 12 967 8
1220 20 45 2530 12
1220 89 12 2116 8
1220 19 25 190 10
1220 93 25 855 10
1220 68 12 967 8
1220 48 25 334 10
1220 23 25 228 10
1220 14 12 444 8
1220 39 12 1043 8
1220 99 25 3927 10
1220 97 45 296 12
1220 4 12 350 8
1220 25 12 797 8
1220 61 12 294 8
1221 60 12 161 8
1221 46 45 808 12
1221 40 25 1848 10
1221 40 25 2057 10
1221 67 25 2541 10
1221 17 45 2769 12
1221 35 12 2698 8
1221 17 25 589 10
1221 45 12 1153 8
1221 32 45 808 12
1221 51 45 2769 12
1221 8 25 2269 10
1221 61 25 1883 10
1221 83 45 2769 12
1222 43 12 1942 8
1222 62 12 2028 8
1222 11 12 1328 8
1222 70 45 799 12
1222 78 25 3246 10
1222 8 45 1050 12
1222 77 25 2108 10
1222 40 12 62 8
1222 40 45 2540 12
1222 43 25 2200 10
1222 80 12 1420 8
1222 73 45 2067 12
1222 17 25 1574 10
1222 20 12 2056 8
1222 30 25 1193 10
1222 87 25 172 10
1222 25 25 1444 10
1222 58 45 1008 12
1222 48 45 1788 12
1222 29 45 3457 12
1222 40 12 513 8
1222 71 25 2844 10
1222 41 25 592 10
1222 69 12 3317 8
1222 94 25 3138 10
1222 30 25 589 10
1222 80 25 3151 10
1222 86 45 608 12
1222 67 45 1749 12
1222 96 12 1474 8
1222 54 12 115 8
1222 26 45 2461 12
1222 26 45 370 12
1222 16 25 1532 10
1222 68 45 1495 12
1222 76 12 2599 8
1222 10 12 1068 8
1222 72 25 1396 10
1222 27 45 1785 12
1222 68 25 959 10
1222 60 25 1288 10
1222 50 45 1773 12
1222 14 25 3494 10
1222 88 45 3081 12
1222 11 12 1811 8
1222 93 25 955 10
1222 14 45 96 12
1222 5 12 3064 8
1222 14 12 392 8
1222 57 25 6 10
1222 71 12 1981 8
1222 50 25 755 10
1222 2 12 2867 8
1222 60 45 699 12
1222 94 12 1691 8
1222 64 45 1095 12
1222 20 45 816 12
1222 78 25 1635 10
1222 69 45 402 12
1222 87 45 2651 12
1222 71 45 839 12
1222 60 25 1220 10
1222 1 12 1733 8
1222 94 45 1387 12
1222 89 12 1285 8
1222 34 12 2142 8
1222 57 25 1689 10
1222 62 45 1059 12
1222 87 45 864 12
1222 15 25 3835 10
1222 86 25 490 10
1222 82 12 3072 8
1222 98 25 645 10
1222 25 45 2086 12
1222 3 25 3169 10
1223 61 45 982 12
1223 71 25 1102 10
1223 68 25 1011 10
1223 71 12 1442 8
1223 46 12 605 8
1223 6 25 3715 10
1223 35 25 1782 10
1223 62 12 3707 8
1223 25 12 377 8
1223 71 45 392 12
1223 0 25 499 10
1223 84 25 3102 10
1223 67 25 1260 10
1223 18 25 1868 10
1223 39 45 182 12
1223 79 25 819 10
1223 6 45 1050 12
1223 6 12 477 8
1223 82 12 477 8
1223 3 12 1168 8
1223 50 25 2779 10
1223 20 25 2612 10
1223 11 45 1050 12
1223 34 12 3382 8
1223 59 25 1318 10
1223 1 45 624 12
1223 49 12 2500 8
1223 69 25 927 10
1223 30 12 41 8
1223 8 25 167 10
1223 74 45 2091 12
1223 64 45 626 12
1223 12 25 3138 10
1223 20 12 391 8
1223 81 12 629 8
1223 97 25 5 10
1223 74 25 490 10
1223 87 25 2029 10
1223 92 45 609 12
1224 77 45 118 12
1224 73 45 3471 12
1224 73 12 460 8
1224 27 25 2531 10
1224 7 45 609 12
1224 60 25 3474 10
1224 27 25 1977 10
1224 14 45 1933 12
1224 27 45 2264 12
1224 19 45 180 12
1224 19 12 509 8
1224 65 12 806 8
1224 58 12 26 8
1224 76 45 16 12
1224 81 25 1023 10
1224 33 25 351 10
1224 99 45 2560 12
1224 96 25 2482 10
1224 46 25 1483 10
1224 68 12 1153 8
1224 30 25 3955 10
1224 63 12 3309 8
1224 33 45 2290 12
1224 42 45 842 12
1224 87 12 2172 8
1224 54 25 3286 10
1224 7 12 2815 8
1224 20 25 1407 10
1224 60 12 806 8
1224 9 25 3471 10
1224 81 25 568 10
1224 8 45 267 12
1224 2 25 1504 10
1224 58 25 3973 10
1224 56 25 1521 10
1225 85 25 3585 10
1225 1 25 2794 10
1225 65 25 63 10
1225 89 12 2390 8
1225 70 45 3772 12
1225 82 25 939 10
1225 42 12 2390 8
1225 61 25 2090 10
1225 80 25 168 10
1225 43 45 761 12
1225 67 25 1285 10
1225 4 12 2827 8
1225 81 12 3684 8
1225 94 45 1286 12
1225 81 25 2822 10
1225 84 45 1284 12
1225 9 25 3658 10
1225 32 25 1761 10
1225 83 25 719 10
1225 81 25 1718 10
1225 6 45 2769 12
1226 39 25 1753 10
1226 32 45 3120 12
1226 13 25 142 10
1226 66 25 1887 10
1226 21 45 138 12
1226 38 25 3281 10
1226 50 12 3694 8
1226 16 25 1014 10
1226 50 45 433 12
1226 51 25 2948 10
1226 95 25 905 10
1226 13 25 1200 10
1226 29 45 1965 12
1226 37 12 1475 8
1226 99 45 1460 12
1226 2 45 1117 12
1226 50 45 664 12
1226 57 25 2422 10
1226 58 25 247 10
1226 97 25 3035 10
1226 0 45 1402 12
1226 74 25 670 10
1226 69 25 1548 10
1226 22 45 402 12
1226 43 12 923 8
1226 10 45 301 12
1226 87 12 499 8
1226 81 45 1614 12
1226 59 12 1168 8
1226 35 25 427 10
1226 59 45 2882 12
1226 14 25 1080 10
1226 38 12 207 8
1226 72 45 1272 12
1226 49 12 476 8
1226 4 12 918 8
1226 63 25 141 10
1226 10 25 148 10
1226 44 25 1275 10
1226 32 12 3036 8
1226 75 12 1227 8
1226 5 12 41 8
1226 7 25 1927 10
1226 30 25 842 10
1227 90 25 3436 10
1227 56 45 1205 12
1227 34 45 1714 12
1227 83 45 1112 12
1227 37 25 773 10
1227 8 12 401 8
1227 34 25 208 10
1227 83 25 1444 10
1227 56 25 2314 10
1227 33 45 16 12
1227 54 25 317 10
1227 37 45 2821 12
1227 4 45 100 12
1227 49 25 1461 10
1227 10 25 1040 10
1227 68 25 661 10
1227 51 45 3041 12
1227 2 12 3009 8
1227 88 12 867 8
1227 2 45 2727 12
1227 59 25 3188 10
1227 17 45 214 12
1227 32 45 1112 12
1227 99 25 2542 10
1227 69 12 962 8
1227 93 25 3646 10
1227 6 25 1069 10
1227 93 12 318 8
1227 35 12 1646 8
1227 66 45 399 12
1227 12 12 2513 8
1227 3 25 1257 10
1227 30 12 1870 8
1227 77 45 3208 12
1227 93 25 1351 10
1227 64 25 1690 10
1227 7 25 868 10
1227 73 45 1787 12
1227 22 25 862 10
1227 67 12 1343 8
1227 6 25 3511 10
1227 86 12 2597 8
1227 12 45 267 12
1227 18 25 867 10
1227 19 45 902 12
1227 75 45 762 12
1227 37 25 2618 10
1227 38 12 251 8
1227 25 12 1777 8
1227 41 45 917 12
1227 25 45 3450 12
1227 51 25 2475 10
1227 19 25 152 10
1227 13 25 2117 10
1227 95 12 1216 8
1227 44 12 1430 8
1227 64 45 1773 12
1227 15 45 3237 12
1227 0 25 2777 10
1227 3 12 796 8
1227 45 45 2759 12
1227 35 25 148 10
1227 77 45 2195 12
1227 45 25 178 10
1227 18 25 1998 10
1227 44 25 800 10
1227 94 25 2083 10
1227 55 45 984 12
1227 88 12 1314 8
1227 17 12 1068 8
1227 58 25 418 10
1227 11 25 371 10
1227 57 45 913 12
1227 59 25 548 10
1227 47 45 1346 12
1227 16 25 1080 10
1227 38 12 860 8
1227 55 25 1873 10
1227 53 45 2759 12
1227 54 45 611 12
1227 78 25 1810 10
1227 28 25 3311 10
1227 80 12 2056 8
1227 28 12 1068 8
1227 1 25 3311 10
1227 97 25 1922 10
1227 82 45 896 12
1227 32 12 2473 8
1227 29 12 1959 8
1227 80 25 1418 10
1227 54 12 820 8
1227 72 45 611 12
1227 80 25 589 10
1227 92 25 1237 10
1228 79 12 1276 8
1228 71 12 1981 8
1228 56 45 1490 12
1228 21 45 1939 12
1228 10 25 578 10
1228 68 12 3579 8
1228 49 25 1282 10
1228 1 12 539 8
1228 5 45 601 12
1228 79 25 1482 10
1228 45 25 3439 10
1228 63 45 385 12
1228 33 25 548 10
1228 85 45 1109 12
1228 4 25 0 10
1228 13 25 424 10
1228 3 45 3853 12
1228 79 45 1560 12
1228 2 25 1374 10
1228 82 45 705 12
1228 7 45 2538 12
1228 2 45 1302 12
1228 41 25 1046 10
1228 72 25 3451 10
1228 62 25 641 10
1228 37 45 1464 12
1228 7 45 1672 12
1228 87 45 601 12
1228 79 25 1319 10
1228 47 25 91 10
1228 79 25 3231 10
1228 42 45 968 12
1228 13 12 1276 8
1228 45 25 1438 10
1228 25 12 3045 8
1228 71 25 3819 10
1228 16 12 115 8
1228 1 25 2269 10
1228 29 25 535 10
1228 87 45 1736 12
1228 55 12 1200 8
1228 65 12 835 8
1228 93 25 934 10
1228 9 45 527 12
1228 78 25 473 10
1228 79 25 913 10
1228 34 45 3772 12
1228 61 25 3248 10
1228 8 12 2527 8
1228 76 45 1490 12
1228 37 12 392 8
1228 77 12 1153 8
1228 86 45 689 12
1228 8 12 1430 8
1228 88 45 972 12
1228 83 25 1490 10
1228 30 25 626 10
1228 21 45 2755 12
1228 69 25 446 10
1228 97 45 689 12
1228 6 45 1886 12
1228 34 45 689 12
1228 99 45 689 12
1228 62 12 1695 8
1228 81 25 590 10
1228 35 25 205 10
1228 61 12 2172 8
1228 16 25 1668 10
1228 9 45 2314 12
1228 3 45 2533 12
1228 81 25 2014 10
1228 54 45 687 12
1228 88 25 1171 10
1228 19 12 3525 8
1228 4 45 2265 12
1228 93 25 1347 10
1228 47 12 2390 8
1228 81 12 1646 8
1228 4 12 204 8
1228 60 45 2105 12
1228 24 45 3772 12
1228 93 25 1319 10
1228 85 12 127 8
1228 89 45 60 12
1228 27 25 2829 10
1228 24 25 1328 10
1228 10 25 3286 10
1229 10 45 1760 12
1229 6 45 1005 12
1229 55 12 438 8
1229 51 25 4 10
1229 3 12 876 8
1229 71 25 2822 10
1229 99 45 1762 12
1229 15 25 1529 10
1229 69 45 463 12
1229 23 12 1127 8
1229 10 25 948 10
1229 6 25 366 10
1229 59 25 3395 10
1229 4 25 2268 10
1229 79 45 1016 12
1229 4 25 111 10
1229 45 45 1163 12
1229 81 12 2826 8
1229 47 45 1892 12
1229 38 12 2735 8
1229 17 12 1691 8
1229 18 25 2475 10
1229 62 25 2891 10
1229 25 12 707 8
1229 82 25 2887 10
1229 69 12 1720 8
1229 26 25 1714 10
1229 26 25 3148 10
1229 10 12 3229 8
1229 6 45 754 12
1229 80 45 2945 12
1229 28 25 673 10
1229 27 25 3292 10
1229 36 25 2141 10
1229 13 12 379 8
1229 48 25 673 10
1229 90 25 1621 10
1229 19 25 3397 10
1229 88 12 537 8
1229 63 25 272 10
1229 76 45 3591 12
1229 44 25 3292 10
1229 66 45 1544 12
1229 24 12 669 8
1229 5 45 872 12
1229 88 12 1611 8
1229 36 25 1772 10
1229 38 45 1728 12
1229 15 12 539 8
1229 35 45 1034 12
1229 45 45 611 12
1229 31 12 339 8
1229 7 25 2781 10
1229 31 25 2302 10
1229 40 45 341 12
1229 93 12 3093 8
1229 77 25 2071 10
1229 74 12 3229 8
1229 10 25 3454 10
1229 7 12 1882 8
1229 0 25 744 10
1229 54 45 1339 12
1229 99 45 1335 12
1229 23 12 540 8
1229 82 25 1804 10
1229 34 45 3538 12
1229 32 25 26 10
1229 67 45 855 12
1229 50 45 233 12
1229 66 45 2490 12
1230 26 12 460 8
1230 86 45 3766 12
1230 38 12 1720 8
1230 92 25 148 10
1230 27 45 2890 12
1230 78 12 605 8
1230 19 12 605 8
1230 72 25 2883 10
1230 32 12 918 8
1230 64 12 918 8
1230 76 12 115 8
1230 6 25 650 10
1230 87 25 3193 10
1230 21 25 378 10
1230 24 25 733 10
1230 40 25 2904 10
1230 19 25 3257 10
1230 97 25 956 10
1230 78 45 2791 12
1230 74 25 2904 10
1230 47 25 2090 10
1230 19 45 2260 12
1230 16 25 1130 10
1230 88 25 2217 10
1230 50 45 1687 12
1230 85 45 2208 12
1230 97 12 702 8
1230 45 25 3257 10
1230 15 25 468 10
1230 9 12 1132 8
1230 56 12 115 8
1230 25 12 918 8
1230 43 45 268 12
1230 84 25 1622 10
1230 5 25 1803 10
1230 60 25 1262 10
1230 84 25 3084 10
1230 55 12 82 8
1230 48 45 299 12
1230 0 25 601 10
1230 77 45 599 12
1230 56 25 2782 10
1230 45 45 1463 12
1230 20 45 2062 12
1230 47 25 2782 10
1230 94 12 2698 8
1230 12 45 1774 12
1230 72 25 3796 10
1230 57 12 3322 8
1230 13 25 1099 10
1230 17 45 2942 12
1230 31 12 755 8
1230 75 25 1065 10
1230 40 45 2769 12
1230 31 25 657 10
1230 41 25 2071 10
1230 32 45 1255 12
1230 80 25 953 10
1230 41 25 1772 10
1230 38 25 3885 10
1230 53 45 1333 12
1230 64 12 1317 8
1230 70 25 593 10
1230 42 25 339 10
1230 46 45 1484 12
1230 92 45 1484 12
1230 47 25 568 10
1230 35 25 2992 10
1230 96 45 291 12
1230 87 25 1947 10
1230 9 12 1316 8
1230 46 45 1943 12
1230 75 25 1248 10
1230 94 12 3498 8
1230 44 25 3831 10
1230 93 25 3318 10
1230 14 45 1125 12
1230 42 12 1013 8
1230 2 25 1882 10
1230 24 45 602 12
1230 73 45 740 12
1230 60 25 3756 10
1230 77 45 1916 12
1230 14 25 831 10
1230 71 45 3432 12
1230 67 12 2147 8
1230 54 45 987 12
1230 4 25 1659 10
1230 23 45 253 12
1230 82 25 2314 10
1230 65 45 3628 12
1230 68 12 2188 8
1230 89 45 3318 12
1230 34 25 1262 10
1230 91 25 867 10
1230 68 12 462 8
1230 69 12 345 8
1230 4 45 156 12
1230 92 45 3889 12
1230 49 12 2478 8
1230 87 25 568 10
1230 65 25 3306 10
1230 36 45 844 12
1230 78 45 1384 12
1230 65 25 2931 10
1230 46 12 3498 8
1230 14 25 831 10
1230 84 25 1350 10
1230 52 12 1358 8
1230 2 45 1807 12
1230 73 45 1384 12
1230 53 12 1189 8
1230 66 25 1784 10
1230 91 25 802 10
1230 35 12 1596 8
1230 70 45 337 12
1231 71 25 3161 10
1231 95 25 1529 10
1231 37 25 203 10
1231 0 25 684 10
1231 16 25 297 10
1231 2 12 1936 8
1231 88 12 1001 8
1231 42 25 3094 10
1231 13 45 1970 12
1231 76 25 1222 10
1231 28 25 1751 10
1231 65 25 3696 10
1231 86 25 1761 10
1231 96 12 1719 8
1231 23 25 358 10
1231 43 12 95 8
1231 75 25 1623 10
1231 5 25 1262 10
1231 46 12 31 8
1231 10 45 984 12
1231 95 12 806 8
1231 16 25 2459 10
1231 51 25 1501 10
1231 85 45 3570 12
1231 88 25 2515 10
1231 31 45 1590 12
1231 32 25 2559 10
1231 19 25 3955 10
1231 96 45 837 12
1231 22 25 1823 10
1231 51 45 1583 12
1231 56 12 1523 8
1231 79 45 2020 12
1231 90 45 2719 12
1231 68 12 1720 8
1231 2 45 2560 12
1231 63 25 297 10
1231 64 25 1761 10
1231 32 45 1583 12
1231 14 45 1970 12
1231 17 25 3521 10
1231 39 45 1970 12
1231 45 25 691 10
1231 77 45 1751 12
1231 20 12 2426 8
1231 40 45 1997 12
1231 81 12 245 8
1231 3 12 3973 8
1231 90 25 3978 10
1231 83 12 3295 8
1231 71 25 2314 10
1231 82 45 877 12
1231 39 45 1759 12
1231 76 25 1082 10
1231 22 12 1572 8
1231 59 45 1751 12
1231 65 25 213 10
1231 12 12 1812 8
1231 41 45 2769 12
1231 71 25 213 10
1231 47 25 3781 10
1231 22 45 206 12
1231 25 25 1629 10
1231 37 45 1053 12
1231 68 25 662 10
1231 79 12 492 8
1231 32 45 1211 12
1231 24 45 1539 12
1231 46 25 1180 10
1231 22 45 2806 12
1231 47 45 1751 12
1231 14 25 62 10
1231 42 25 213 10
1231 32 25 119 10
1231 31 45 1272 12
1231 57 25 437 10
1231 30 12 2390 8
1231 77 25 1918 10
1231 81 45 519 12
1231 84 12 3552 8
1231 78 25 630 10
1231 62 25 828 10
1231 6 45 2930 12
1231 11 45 244 12
1231 19 45 1879 12
1231 66 25 437 10
1232 95 12 1601 8
1232 45 12 1313 8
1232 43 25 201 10
1232 31 25 2497 10
1232 85 45 764 12
1232 14 45 806 12
1232 83 45 1089 12
1232 66 12 255 8
1232 78 25 2601 10
1232 46 25 2683 10
1232 64 45 1248 12
1232 28 45 1889 12
1232 84 25 1855 10
1232 95 12 3902 8
1232 73 25 3341 10
1232 31 12 1945 8
1232 0 45 150 12
1232 9 12 406 8
1232 99 45 3605 12
1232 50 12 1945 8
1232 25 12 1016 8
1232 13 45 900 12
1232 53 25 1659 10
1232 2 25 1430 10
1232 78 45 419 12
1232 68 25 1960 10
1232 24 25 2138 10
1232 51 45 1477 12
1232 92 12 1211 8
1232 26 12 294 8
1232 99 45 599 12
1232 0 25 386 10
1232 71 45 3471 12
1232 24 25 3263 10
1232 23 12 2652 8
1232 75 45 535 12
1232 54 25 1862 10
1232 66 12 1645 8
1232 68 25 3378 10
1232 76 12 1073 8
1232 75 25 1598 10
1232 72 25 2257 10
1232 9 25 3084 10
1232 60 45 1561 12
1232 80 45 333 12
1232 37 12 3937 8
1232 74 12 1716 8
1232 4 45 147 12
1232 65 25 127 10
1232 39 12 265 8
1232 15 25 429 10
1232 30 45 1429 12
1232 91 45 2520 12
1232 65 25 1948 10
1232 81 25 3935 10
1232 80 45 921 12
1232 88 25 1430 10
1232 60 45 3605 12
1232 3 45 16 12
1232 41 12 2241 8
1232 25 25 246 10
1232 75 12 1665 8
1232 29 45 1939 12
1232 51 25 1787 10
1232 70 12 3860 8
1232 82 45 1771 12
1232 54 25 2550 10
1232 42 25 1318 10
1232 35 25 647 10
1232 83 25 1848 10
1232 75 25 3036 10
1232 72 25 1659 10
1233 35 45 3389 12
1233 3 25 352 10
1233 37 25 1841 10
1233 30 25 258 10
1233 79 25 410 10
1233 72 12 3034 8
1233 83 45 1477 12
1233 76 45 144 12
1233 76 45 528 12
1233 41 25 336 10
1233 44 45 567 12
1233 45 12 923 8
1233 78 25 593 10
1233 2 25 445 10
1233 23 45 540 12
1233 16 25 209 10
1233 7 25 2186 10
1233 52 45 3743 12
1233 26 45 3848 12
1233 76 45 72 12
1233 83 12 3816 8
1233 19 12 3900 8
1233 63 45 1585 12
1233 76 25 1903 10
1233 44 45 1477 12
1233 59 45 1422 12
1233 9 45 286 12
1233 31 12 945 8
1233 21 45 1477 12
1233 23 25 1903 10
1233 16 12 235 8
1233 80 45 3727 12
1233 54 25 3574 10
1233 92 25 883 10
1233 41 25 1263 10
1233 58 12 855 8
1233 69 25 1321 10
1233 86 12 1455 8
1233 22 25 2389 10
1233 69 25 3045 10
1233 65 25 3423 10
1233 38 45 60 12
1233 49 45 1947 12
1233 30 45 2012 12
1233 29 45 2012 12
1233 64 25 2993 10
1233 87 12 1908 8
1233 93 45 664 12
1233 3 12 1558 8
1233 21 12 3153 8
1233 42 12 1908 8
1233 88 12 1127 8
1233 91 45 1477 12
1233 52 45 1477 12
1233 66 45 913 12
1233 30 12 710 8
1233 85 25 1615 10
1233 36 25 1428 10
1233 25 45 911 12
1233 69 45 1971 12
1233 87 45 310 12
1233 77 45 2225 12
1233 99 45 3387 12
1233 45 45 591 12
1233 79 45 2639 12
1233 95 25 3257 10
1233 41 25 502 10
1233 35 12 1230 8
1233 75 25 2592 10
1233 4 25 1146 10
1233 33 45 1583 12
1233 51 45 671 12
1233 44 25 62 10
1233 43 25 1023 10
1233 9 45 1306 12
1233 88 25 298 10
1233 17 25 1318 10
1233 95 25 2946 10
1233 97 45 3237 12
1233 82 25 3577 10
1233 74 12 2445 8
1233 35 45 671 12
1233 60 12 410 8
1233 83 25 2039 10
1233 84 45 1847 12
1233 22 12 506 8
1233 86 12 1331 8
1233 28 12 523 8
1233 7 45 2158 12
1233 80 12 1225 8
1233 10 25 2537 10
1233 15 12 1981 8
1233 38 25 1787 10
1233 19 45 2969 12
1233 89 25 749 10
1233 1 25 573 10
1233 17 25 376 10
1233 22 25 1791 10
1233 71 45 912 12
1233 13 25 298 10
1233 63 25 3692 10
1233 92 25 2536 10
1233 53 25 3937 10
1233 65 25 3654 10
1233 75 25 3937 10
1233 81 45 427 12
1233 5 25 643 10
1233 16 25 1026 10
1233 13 45 1309 12
1233 61 45 1988 12
1233 71 45 2799 12
1233 99 25 489 10
1233 70 45 2107 12
1233 31 45 2855 12
1233 6 25 2217 10
1233 23 12 960 8
1233 26 45 2854 12
1233 22 12 97 8
1233 39 12 1995 8
1233 83 12 908 8
1233 35 25 559 10
1233 13 25 559 10
1233 37 12 2664 8
1233 8 25 728 10
1233 99 25 2896 10
1233 67 25 369 10
1233 28 12 1868 8
1233 56 45 310 12
1233 89 45 3778 12
1233 98 12 938 8
1233 53 25 1583 10
1233 86 45 822 12
1233 80 25 3529 10
1233 92 25 2797 10
1233 70 12 934 8
1233 15 45 1284 12
1233 54 25 995 10
1233 62 45 1150 12
1233 82 12 1625 8
1233 40 12 3270 8
1233 47 12 1717 8
1233 37 12 1481 8
1233 92 45 1564 12
1233 71 25 373 10
1233 61 45 1052 12
1233 71 45 1988 12
1233 42 45 3031 12
1234 46 45 1780 12
1234 86 12 1096 8
1234 7 25 1787 10
1234 89 12 876 8
1234 20 12 1530 8
1234 55 25 3455 10
1234 86 25 3455 10
1234 5 45 2606 12
1234 34 25 779 10
1234 20 25 1848 10
1234 66 12 876 8
1234 42 25 1992 10
1234 89 12 1974 8
1234 52 45 1924 12
1234 60 25 1960 10
1234 19 25 1843 10
1234 38 25 131 10
1234 7 12 38 8
1234 79 12 38 8
1234 18 45 1780 12
1234 74 45 1887 12
1234 9 25 1348 10
1234 25 12 411 8
1234 29 12 1274 8
1234 95 25 548 10
1234 76 12 3263 8
1234 54 45 2197 12
1234 22 45 1130 12
1234 8 12 1079 8
1234 42 25 1368 10
1234 31 25 534 10
1234 97 45 723 12
1234 72 25 2412 10
1234 41 25 498 10
1234 90 25 938 10
1234 88 45 3927 12
1234 57 25 1426 10
1234 42 45 425 12
1234 44 12 3461 8
1234 93 45 260 12
1234 69 45 3211 12
1234 90 45 2875 12
1234 90 12 1180 8
1234 99 12 1962 8
1234 89 25 910 10
1234 8 25 1727 10
1234 47 45 284 12
1234 55 25 2883 10
1234 78 12 3343 8
1234 68 25 2071 10
1234 81 45 1899 12
1234 32 45 3211 12
1234 27 12 1245 8
1234 10 45 2833 12
1234 20 25 3312 10
1234 74 25 3312 10
1234 72 45 609 12
1234 6 25 1631 10
1234 62 12 435 8
1234 84 12 2165 8
1234 53 45 2021 12
1234 53 45 337 12
1234 56 12 1530 8
1234 28 12 191 8
1234 94 25 1634 10
1234 68 45 199 12
1234 7 45 1967 12
1234 39 45 427 12
1234 34 25 3677 10
1234 42 45 1940 12
1234 81 12 1313 8
1234 23 45 92 12
1234 60 25 130 10
1234 91 25 1769 10
1234 56 45 1477 12
1234 85 12 3132 8
1234 6 12 1681 8
1234 20 45 1159 12
1234 30 45 601 12
1234 70 25 3663 10
1234 84 12 3597 8
1234 9 25 34 10
1234 81 12 2081 8
1234 81 45 601 12
1234 29 25 3519 10
1234 18 25 1480 10
1234 38 25 3052 10
1234 82 25 1690 10
1234 66 25 729 10
1234 63 45 399 12
1234 7 12 3969 8
1234 31 25 1614 10
1234 47 12 3602 8
1234 49 45 3180 12
1234 66 25 1171 10
1234 80 45 1477 12
1234 90 25 2207 10
1234 21 45 1477 12
1234 51 12 2293 8
1234 29 45 2403 12
1234 50 12 955 8
1234 75 25 1806 10
1234 62 45 92 12
1234 24 45 1294 12
1234 3 12 655 8
1234 11 25 2559 10
1234 75 45 2020 12
1234 13 12 490 8
1234 71 12 3153 8
1235 0 12 2213 8
1235 86 25 1236 10
1235 63 25 1899 10
1235 77 25 2212 10
1235 67 25 1126 10
1235 84 45 454 12
1235 90 25 214 10
1235 86 45 107 12
1235 10 25 1973 10
1235 24 25 214 10
1235 82 12 1127 8
1235 7 25 1504 10
1235 9 25 3501 10
1235 33 45 524 12
1235 37 45 2496 12
1235 19 45 79 12
1235 77 25 691 10
1235 2 12 3560 8
1235 28 45 1429 12
1235 31 25 162 10
1235 55 12 1716 8
1235 72 25 3022 10
1235 79 25 3825 10
1235 39 45 524 12
1235 79 12 2637 8
1235 25 25 994 10
1235 84 12 955 8
1235 44 45 1873 12
1235 35 45 143 12
1235 72 45 260 12
1235 89 25 2162 10
1235 55 12 1408 8
1235 0 45 2799 12
1235 92 12 1414 8
1235 37 12 331 8
1235 56 45 1518 12
1235 34 25 2535 10
1235 57 25 1714 10
1235 70 45 1248 12
1235 29 25 1028 10
1235 46 25 1379 10
1235 5 12 468 8
1235 50 12 1398 8
1235 83 45 3884 12
1235 76 25 1714 10
1235 67 12 2399 8
1235 24 12 1044 8
1235 69 12 666 8
1235 7 45 3848 12
1235 5 45 410 12
1235 65 25 2794 10
1235 25 25 1883 10
1235 84 12 1414 8
1235 99 25 318 10
1235 1 45 3570 12
1235 79 12 3198 8
1235 10 25 3102 10
1235 45 12 767 8
1235 19 12 1821 8
1235 67 45 708 12
1235 24 45 2496 12
1235 61 25 818 10
1235 70 45 25 12
1235 41 12 2189 8
1235 52 25 350 10
1235 37 12 115 8
1235 59 25 1337 10
1235 41 12 1851 8
1235 82 45 948 12
1235 79 25 1573 10
1235 73 25 1918 10
1235 33 25 1003 10
1235 72 45 1206 12
1235 95 45 243 12
1235 87 25 558 10
1235 70 25 1803 10
1235 26 45 1586 12
1235 2 12 1245 8
1235 20 25 1610 10
1235 91 25 791 10
1235 6 12 1835 8
1235 54 25 125 10
1235 24 12 3613 8
1235 41 25 2351 10
1235 33 45 267 12
1235 47 45 3371 12
1236 1 12 864 8
1236 37 45 431 12
1236 94 25 3384 10
1236 27 12 1482 8
1236 22 25 618 10
1236 44 12 1623 8
1236 88 25 613 10
1236 45 45 2145 12
1236 3 25 285 10
1236 11 25 1087 10
1236 44 12 1313 8
1236 42 45 1477 12
1236 96 25 613 10
1236 44 12 703 8
1236 33 12 1542 8
1236 42 25 580 10
1236 29 25 3533 10
1236 53 25 613 10
1236 30 25 350 10
1236 48 12 758 8
1236 2 25 1982 10
1236 13 45 1109 12
1236 84 25 1310 10
1236 22 12 844 8
1236 51 45 3456 12
1236 78 45 2684 12
1236 20 12 1517 8
1236 87 45 3881 12
1236 62 25 1927 10
1236 86 45 2089 12
1236 6 12 2172 8
1236 68 25 576 10
1236 12 45 1389 12
1236 91 25 167 10
1236 15 45 1178 12
1236 65 45 1389 12
1236 38 45 2600 12
1236 8 25 172 10
1236 70 25 1126 10
1236 40 25 1541 10
1236 19 12 1455 8
1236 82 45 1764 12
1236 36 45 1178 12
1236 27 12 3343 8
1236 80 25 74 10
1236 61 25 147 10
1236 95 12 3036 8
1236 11 45 2323 12
1236 62 45 3472 12
1236 66 12 583 8
1236 56 45 1804 12
1236 51 45 1764 12
1236 82 45 268 12
1236 10 25 1574 10
1236 46 25 1391 10
1236 64 12 860 8
1236 89 25 594 10
1236 94 25 2904 10
1236 86 12 3794 8
1236 4 45 2431 12
1236 13 12 206 8
1236 28 45 1178 12
1236 69 25 3451 10
1236 12 25 172 10
1236 21 45 558 12
1236 87 25 1922 10
1236 54 25 1541 10
1236 38 12 341 8
1236 12 45 2896 12
1236 62 45 3306 12
1236 71 25 385 10
1236 6 25 2871 10
1236 16 25 883 10
1236 27 12 860 8
1236 55 25 2489 10
1237 7 12 619 8
1237 1 45 1703 12
1237 6 45 427 12
1237 17 12 516 8
1237 27 25 490 10
1237 79 25 2160 10
1237 25 25 2836 10
1237 61 12 8 8
1237 27 25 125 10
1237 10 45 2970 12
1237 63 45 2264 12
1237 47 25 1004 10
1237 95 25 1561 10
1237 15 25 2595 10
1237 61 45 3764 12
1237 50 25 3755 10
1237 31 25 2415 10
1237 4 25 1568 10
1237 83 45 716 12
1237 35 12 220 8
1237 6 25 1150 10
1237 99 12 3062 8
1237 82 12 2396 8
1237 37 12 341 8
1237 41 45 1586 12
1237 42 12 2371 8
1237 38 25 3767 10
1237 35 45 3926 12
1237 69 45 716 12
1237 35 45 2970 12
1237 11 25 573 10
1237 75 12 341 8
1237 87 45 747 12
1237 59 45 1586 12
1237 88 45 980 12
1237 97 12 1893 8
1237 94 45 124 12
1237 93 25 1794 10
1237 74 45 980 12
1237 48 25 1794 10
1237 47 25 2822 10
1237 59 12 3107 8
1237 22 45 3237 12
1237 23 45 2775 12
1237 70 25 1183 10
1237 26 12 41 8
1237 10 25 1071 10
1237 35 25 684 10
1237 18 12 1380 8
1237 61 25 231 10
1237 35 25 1793 10
1237 63 45 3237 12
1237 98 25 148 10
1237 79 25 1659 10
1237 94 25 2670 10
1237 99 25 1659 10
1237 28 25 1798 10
1237 20 45 2152 12
1237 21 25 2536 10
1237 80 45 1672 12
1237 35 45 2069 12
1237 80 25 573 10
1237 10 25 573 10
1237 94 12 850 8
1237 65 12 195 8
1237 17 25 788 10
1237 59 25 161 10
1237 99 45 1117 12
1237 10 12 884 8
1237 43 45 150 12
1237 93 25 1183 10
1237 62 25 3646 10
1237 36 45 1943 12
1237 3 25 1794 10
1237 42 12 3795 8
1237 42 45 1672 12
1237 67 12 2367 8
1237 6 12 3282 8
1238 74 12 1281 8
1238 43 25 1855 10
1238 23 45 806 12
1238 19 25 627 10
1238 75 45 1916 12
1238 59 25 3549 10
1238 0 25 1730 10
1238 63 25 2424 10
1238 20 25 981 10
1238 68 25 2138 10
1238 63 45 3318 12
1238 59 25 1794 10
1238 94 12 1419 8
1238 29 45 1975 12
1238 4 25 1794 10
1238 82 45 1562 12
1238 15 25 1877 10
1238 26 45 1764 12
1238 0 25 3904 10
1238 27 45 2491 12
1238 37 12 1722 8
1238 28 25 1495 10
1238 13 25 178 10
1238 49 12 113 8
1238 33 12 418 8
1238 23 12 1646 8
1238 48 45 855 12
1238 33 25 787 10
1238 55 12 3707 8
1238 78 25 680 10
1238 80 12 389 8
1238 63 25 1060 10
1238 43 45 405 12
1238 89 25 1181 10
1238 32 25 3677 10
1238 65 25 680 10
1238 39 25 2777 10
1238 97 12 1596 8
1238 70 25 1069 10
1238 61 25 981 10
1238 15 45 365 12
1238 41 25 1784 10
1238 71 45 1511 12
1238 46 45 3318 12
1238 56 25 2093 10
1239 52 45 842 12
1239 30 12 797 8
1239 79 25 616 10
1239 83 12 2576 8
1239 73 45 1850 12
1239 30 45 1703 12
1239 48 25 1476 10
1239 44 12 500 8
1239 70 45 2371 12
1239 79 25 787 10
1239 14 25 787 10
1239 56 25 257 10
1239 17 25 2243 10
1239 62 45 2136 12
1239 29 12 3989 8
1239 79 12 1342 8
1239 56 45 3778 12
1239 4 12 259 8
1239 61 12 2202 8
1239 96 45 761 12
1239 6 25 3272 10
1239 63 12 781 8
1239 36 25 2314 10
1239 65 12 561 8
1239 49 12 245 8
1239 4 25 2891 10
1239 80 25 677 10
1239 87 25 1476 10
1239 48 45 3550 12
1239 39 25 1932 10
1239 98 25 2574 10
1239 43 25 1529 10
1239 0 25 1086 10
1240 5 45 1632 12
1240 65 12 332 8
1240 65 45 3512 12
1240 21 25 2658 10
1240 33 25 1198 10
1240 31 25 2169 10
1240 11 12 2767 8
1240 18 25 2658 10
1240 38 12 1433 8
1240 0 25 2212 10
1240 84 25 565 10
1240 19 25 1198 10
1240 98 45 150 12
1240 20 25 975 10
1240 73 45 301 12
1240 19 25 3193 10
1240 27 12 2833 8
1240 25 25 1362 10
1240 92 25 2658 10
1240 10 25 487 10
1240 55 25 3551 10
1240 53 25 1952 10
1240 10 12 1089 8
1240 99 25 446 10
1240 65 45 150 12
1240 44 25 1228 10
1240 33 25 1688 10
1240 2 25 2466 10
1240 76 25 559 10
1240 70 12 1720 8
1240 68 12 1543 8
1240 95 45 2457 12
1240 26 12 3130 8
1240 34 12 1756 8
1240 23 25 3767 10
1240 33 25 1084 10
1240 67 45 974 12
1240 8 12 2293 8
1240 36 45 1314 12
1240 61 25 1761 10
1240 46 12 527 8
1240 23 25 746 10
1240 79 45 2929 12
1240 81 45 2538 12
1240 35 12 1512 8
1240 67 25 231 10
1240 28 25 247 10
1240 75 25 2212 10
1240 23 45 3014 12
1240 49 12 3827 8
1240 31 45 3014 12
1240 75 25 3678 10
1240 5 45 553 12
1240 75 12 3827 8
1240 57 25 1284 10
1240 98 12 2400 8
1240 52 25 120 10
1240 28 45 624 12
1240 43 25 3084 10
1240 23 45 984 12
1240 93 45 2081 12
1240 67 25 1385 10
1240 97 45 3591 12
1240 82 25 3677 10
1240 1 45 2081 12
1240 41 45 1318 12
1240 36 25 1354 10
1240 10 25 2569 10
1240 33 45 3171 12
1240 89 25 3313 10
1240 71 25 651 10
1240 59 12 235 8
1240 29 25 2097 10
1240 25 25 371 10
1240 93 25 3490 10
1240 52 12 2664 8
1240 86 25 877 10
1240 76 25 1448 10
1240 60 25 1183 10
1240 70 45 630 12
1240 53 45 3191 12
1240 33 25 314 10
1240 95 12 1342 8
1240 85 12 966 8
1240 1 25 486 10
1240 15 25 2198 10
1240 60 25 897 10
1240 57 45 852 12
1240 66 12 1646 8
1240 58 12 1342 8
1240 65 12 1646 8
1240 51 12 3204 8
1240 16 25 672 10
1240 21 45 486 12
1240 62 45 1929 12
1240 39 25 1794 10
1240 43 45 75 12
1240 9 25 205 10
1240 5 12 1484 8
1240 27 12 2472 8
1240 29 12 3270 8
1240 56 12 1342 8
1240 94 12 2770 8
1240 66 25 2212 10
1240 97 45 786 12
1240 7 12 2705 8
1241 57 25 3706 10
1241 25 25 3501 10
1241 13 45 3380 12
1241 63 25 1955 10
1241 58 45 716 12
1241 56 12 3452 8
1241 0 12 1554 8
1241 85 45 3380 12
1241 24 25 652 10
1241 7 45 1850 12
1241 26 25 308 10
1241 5 25 762 10
1241 1 25 136 10
1241 4 25 111 10
1241 73 45 1921 12
1241 92 45 1781 12
1241 41 25 1689 10
1241 91 45 3825 12
1241 94 12 3465 8
1241 58 12 1068 8
1241 82 12 1725 8
1241 34 25 1237 10
1241 70 25 111 10
1241 75 45 1480 12
1241 96 25 3145 10
1241 61 12 1297 8
1241 56 45 2826 12
1241 55 45 2826 12
1241 55 25 3913 10
1241 18 12 2974 8
1241 16 45 1271 12
1241 16 45 2625 12
1241 82 45 1511 12
1241 83 25 776 10
1241 82 25 2552 10
1241 11 45 3595 12
1241 76 45 313 12
1241 76 25 1292 10
1241 75 45 1003 12
1241 40 45 109 12
1241 25 45 1423 12
1241 84 12 714 8
1241 61 12 1576 8
1241 3 45 913 12
1241 15 25 1848 10
1241 82 45 2625 12
1241 36 45 1920 12
1241 53 25 147 10
1241 67 25 81 10
1241 59 12 1818 8
1241 9 25 1407 10
1241 38 12 3705 8
1241 18 45 3605 12
1241 45 45 3928 12
1241 20 25 1705 10
1241 45 25 1102 10
1241 89 12 746 8
1241 30 25 3706 10
1241 45 12 82 8
1241 73 25 1435 10
1241 6 25 2907 10
1241 59 45 1759 12
1241 54 12 1386 8
1241 53 25 2891 10
1241 73 25 3667 10
1241 54 45 2403 12
1241 36 25 3340 10
1241 9 25 1399 10
1241 57 25 376 10
1241 32 45 1662 12
1241 95 25 1576 10
1241 51 45 9 12
1241 27 12 923 8
1241 32 25 454 10
1241 10 12 2051 8
1241 86 45 1886 12
1241 28 25 886 10
1241 77 25 2392 10
1241 28 45 3011 12
1241 81 25 2392 10
1241 64 12 3677 8
1241 18 25 81 10
1241 86 12 854 8
1241 2 25 2212 10
1241 38 25 1924 10
1241 1 12 854 8
1241 34 45 2730 12
1241 25 12 3092 8
1241 41 25 2168 10
1241 12 45 659 12
1241 16 45 30 12
1241 61 25 2102 10
1241 87 25 511 10
1241 89 12 1497 8
1241 2 25 815 10
1241 42 12 1988 8
1241 97 12 230 8
1241 4 25 2383 10
1241 58 12 1574 8
1241 16 25 1396 10
1241 20 25 2212 10
1241 74 25 2854 10
1241 0 25 1847 10
1242 10 45 405 12
1242 49 45 2517 12
1242 19 12 88 8
1242 53 12 220 8
1242 75 25 443 10
1242 72 45 3485 12
1242 50 12 3923 8
1242 92 25 3038 10
1242 66 12 1641 8
1242 63 25 1443 10
1242 27 12 1926 8
1242 33 12 1517 8
1242 90 45 2557 12
1242 66 25 2302 10
1242 33 12 3295 8
1242 67 45 2853 12
1242 5 12 2155 8
1242 48 12 3122 8
1242 3 12 3167 8
1242 33 25 3654 10
1242 52 45 3602 12
1242 86 45 1563 12
1242 93 45 813 12
1242 52 12 1167 8
1242 60 12 3095 8
1242 55 12 309 8
1242 63 45 2520 12
1242 38 45 1124 12
1242 25 12 2165 8
1242 30 12 138 8
1242 47 45 2094 12
1242 15 25 238 10
1242 89 25 1563 10
1242 15 12 2118 8
1242 86 25 1931 10
1242 57 12 1434 8
1242 52 45 2726 12
1242 83 25 786 10
1242 11 25 924 10
1242 34 45 1591 12
1242 52 12 1211 8
1242 46 25 2822 10
1242 49 12 1981 8
1242 57 12 649 8
1242 98 25 2099 10
1242 85 45 2533 12
1242 96 45 1783 12
1242 47 45 2600 12
1242 67 45 382 12
1242 4 45 1591 12
1242 22 45 343 12
1242 41 45 124 12
1242 76 12 3262 8
1242 47 25 1598 10
1242 39 45 328 12
1242 15 25 2099 10
1242 95 25 980 10
1242 58 45 1098 12
1242 83 12 1981 8
1242 61 45 1628 12
1242 60 25 1408 10
1242 94 25 1242 10
1242 31 12 2872 8
1242 65 12 571 8
1242 98 25 2658 10
1242 32 45 1056 12
1242 95 25 913 10
1242 36 25 1475 10
1242 7 12 777 8
1242 87 45 1384 12
1242 49 12 1981 8
1242 69 12 2795 8
1242 88 12 1054 8
1242 0 45 900 12
1243 26 12 945 8
1243 65 45 1929 12
1243 27 45 3999 12
1243 8 45 1159 12
1243 98 45 124 12
1243 28 45 3848 12
1243 13 12 1467 8
1243 56 12 1557 8
1243 80 45 1802 12
1243 94 25 953 10
1243 27 45 2456 12
1243 79 12 1330 8
1243 23 25 1949 10
1243 57 12 3752 8
1243 17 45 1886 12
1243 39 25 183 10
1243 56 45 2891 12
1243 35 25 147 10
1243 69 12 1063 8
1243 58 45 345 12
1243 97 25 1099 10
1243 40 12 3713 8
1243 39 45 2459 12
1243 86 25 568 10
1243 92 12 746 8
1243 47 12 1330 8
1243 79 25 1298 10
1243 26 25 1319 10
1243 99 12 1890 8
1243 10 25 3534 10
1243 25 25 418 10
1243 96 25 1949 10
1243 78 45 1211 12
1243 37 25 2059 10
1243 24 25 3199 10
1243 50 45 1238 12
1243 35 25 97 10
1243 40 25 3534 10
1243 27 45 1515 12
1243 21 12 1168 8
1243 35 45 851 12
1243 77 12 1358 8
1243 10 12 536 8
1243 41 12 85 8
1243 57 25 3027 10
1243 40 12 806 8
1243 90 45 259 12
1243 49 25 1337 10
1243 6 12 983 8
1243 67 45 875 12
1243 57 45 1921 12
1243 94 25 198 10
1243 53 25 1529 10
1243 86 12 423 8
1243 61 25 1583 10
1243 28 12 3295 8
1243 27 25 2658 10
1243 37 12 1443 8
1243 82 25 1102 10
1243 19 25 1998 10
1243 45 25 108 10
1243 50 25 301 10
1243 68 12 230 8
1243 42 12 343 8
1244 58 25 1659 10
1244 87 12 1230 8
1244 54 25 2708 10
1244 28 45 405 12
1244 39 25 535 10
1244 21 25 2131 10
1244 88 45 2606 12
1244 36 45 626 12
1244 13 25 2233 10
1244 67 25 1178 10
1244 60 25 1862 10
1244 94 45 1358 12
1244 51 12 1770 8
1244 22 25 417 10
1244 63 25 3866 10
1244 46 25 881 10
1244 7 25 1407 10
1244 80 45 1358 12
1244 41 12 3678 8
1244 92 25 262 10
1244 8 45 228 12
1244 62 12 1519 8
1244 53 45 71 12
1244 70 45 1855 12
1244 70 12 3678 8
1244 15 12 860 8
1244 67 45 2511 12
1244 89 25 1801 10
1244 32 25 1789 10
1244 92 25 2601 10
1244 94 12 317 8
1244 34 45 1595 12
1244 67 25 1822 10
1244 95 25 2233 10
1244 0 12 1525 8
1244 89 45 510 12
1244 57 25 465 10
1244 15 45 626 12
1244 59 12 3822 8
1244 73 12 1525 8
1244 38 25 881 10
1244 64 25 3994 10
1244 30 45 3317 12
1244 77 25 1789 10
1244 44 12 3092 8
1244 31 12 2234 8
1244 95 12 877 8
1244 82 25 2415 10
1244 45 25 2613 10
1244 44 45 1358 12
1244 27 25 148 10
1244 38 45 2959 12
1244 17 45 1184 12
1244 86 12 650 8
1244 25 25 1750 10
1244 46 12 1283 8
1244 28 45 62 12
1244 32 45 692 12
1244 65 45 3208 12
1244 87 12 2680 8
1244 31 12 3208 8
1244 16 45 2843 12
1244 59 45 228 12
1244 12 25 147 10
1244 4 25 3344 10
1244 98 25 2904 10
1244 85 25 2658 10
1244 64 25 928 10
1244 32 45 2930 12
1244 4 45 1762 12
1244 23 45 1658 12
1244 55 12 650 8
1244 71 25 1069 10
1244 43 45 1480 12
1244 83 25 2927 10
1244 28 25 2152 10
1244 70 25 3403 10
1244 78 12 1480 8
1244 56 45 963 12
1244 1 25 3780 10
1244 28 25 1673 10
1244 81 25 1785 10
1244 75 12 922 8
1244 41 45 1293 12
1244 66 45 1636 12
1244 6 25 1298 10
1244 22 25 652 10
1244 80 45 3592 12
1244 16 12 501 8
1244 51 12 3678 8
1244 13 45 1358 12
1244 34 45 2371 12
1244 91 25 1566 10
1244 1 12 401 8
1244 54 12 553 8
1244 71 12 2262 8
1244 79 12 297 8
1244 12 25 1509 10
1244 4 25 1566 10
1244 59 45 1512 12
1244 7 45 426 12
1244 25 12 3734 8
1244 90 25 2455 10
1244 2 45 768 12
1244 80 25 1407 10
1245 94 25 2039 10
1245 9 45 3124 12
1245 27 25 956 10
1245 2 45 3124 12
1245 85 45 3124 12
1245 28 12 2854 8
1245 39 25 189 10
1245 18 25 55 10
1245 53 25 1836 10
1245 14 45 839 12
1245 77 45 229 12
1245 6 25 457 10
1245 69 45 883 12
1245 28 12 1848 8
1245 37 25 1807 10
1245 21 25 1877 10
1245 93 12 3613 8
1245 61 25 1758 10
1245 19 12 3060 8
1245 80 45 2926 12
1245 9 12 789 8
1245 11 25 1965 10
1245 73 45 3628 12
1245 49 12 269 8
1245 64 25 432 10
1245 11 25 183 10
1245 50 25 3872 10
1245 67 25 1110 10
1245 97 25 1856 10
1245 47 45 2742 12
1245 85 12 1580 8
1245 85 12 220 8
1245 51 12 2525 8
1245 3 25 683 10
1245 29 12 1764 8
1245 22 12 1961 8
1245 70 25 1810 10
1245 48 12 3962 8
1245 22 25 3708 10
1245 86 25 3872 10
1245 31 25 318 10
1245 78 12 3839 8
1245 93 12 3309 8
1245 24 25 1251 10
1245 93 25 1331 10
1245 16 25 65 10
1245 15 12 275 8
1245 49 45 909 12
1245 41 45 2970 12
1245 1 25 1055 10
1245 87 25 2766 10
1245 31 25 1081 10
1245 18 25 867 10
1245 27 45 2806 12
1245 79 45 968 12
1245 4 25 1758 10
1245 71 25 2766 10
1245 64 45 1903 12
1245 97 25 1520 10
1245 60 45 269 12
1245 91 25 65 10
1245 35 25 65 10
1245 0 25 2399 10
1245 7 25 65 10
1245 94 25 1462 10
1245 64 12 789 8
1245 21 25 486 10
1245 18 25 386 10
1245 46 45 1379 12
1246 19 12 1342 8
1246 62 12 1402 8
1246 83 25 445 10
1246 29 12 1899 8
1246 24 12 1330 8
1246 46 12 41 8
1246 81 45 605 12
1246 49 12 2020 8
1246 38 12 1295 8
1246 50 12 3182 8
1246 40 45 900 12
1246 30 25 1548 10
1246 30 25 1110 10
1246 41 12 1908 8
1246 82 12 63 8
1246 46 12 391 8
1246 14 45 902 12
1246 60 12 1330 8
1246 0 12 1330 8
1246 50 12 3664 8
1246 13 12 2448 8
1246 2 12 1154 8
1246 6 25 2381 10
1246 21 12 729 8
1246 41 25 1922 10
1246 23 45 1193 12
1246 50 12 1266 8
1246 98 25 980 10
1246 61 25 2212 10
1246 6 12 1271 8
1246 96 25 3857 10
1246 88 25 2574 10
1246 93 45 1943 12
1246 9 25 3559 10
1246 4 12 627 8
1246 23 45 2970 12
1246 95 45 808 12
1246 42 25 1731 10
1246 53 12 1665 8
1246 21 45 1109 12
1246 30 12 115 8
1246 34 12 3504 8
1246 62 25 2179 10
1246 80 25 2179 10
1246 78 25 3856 10
1246 47 45 2664 12
1246 50 45 1193 12
1246 47 45 2664 12
1246 21 25 1977 10
1246 90 12 649 8
1246 3 45 1193 12
1246 58 12 1895 8
1246 13 45 1914 12
1246 42 25 1519 10
1246 78 25 275 10
1246 53 45 1193 12
1246 77 25 275 10
1246 71 45 2500 12
1246 11 12 865 8
1246 11 25 3872 10
1247 61 25 2455 10
1247 36 25 1922 10
1247 40 25 3901 10
1247 27 25 3146 10
1247 25 45 954 12
1247 65 25 36 10
1247 89 45 2441 12
1247 98 12 2781 8
1247 50 45 1991 12
1247 71 45 586 12
1247 75 45 1991 12
1247 14 25 1816 10
1247 69 25 3786 10
1247 15 45 1752 12
1247 79 45 1627 12
1247 46 25 1941 10
1247 97 12 1440 8
1247 36 25 2625 10
1247 28 25 174 10
1247 53 12 1414 8
1247 84 25 1489 10
1247 1 25 1253 10
1247 31 25 1991 10
1247 84 12 971 8
1247 3 25 657 10
1247 90 25 1489 10
1247 1 25 142 10
1247 55 12 2152 8
1247 11 25 3895 10
1247 1 45 1150 12
1247 62 25 2730 10
1247 74 25 1784 10
1247 51 12 899 8
1247 70 12 1227 8
1247 53 45 596 12
1247 65 25 3824 10
1247 77 45 1828 12
1247 11 45 1889 12
1247 13 45 600 12
1247 38 25 1636 10
1247 95 12 3535 8
1247 75 45 3778 12
1247 27 45 1887 12
1247 18 12 824 8
1247 25 25 1761 10
1247 72 45 2726 12
1247 76 25 1257 10
1247 39 12 1356 8
1247 92 25 1039 10
1247 28 25 1941 10
1247 25 12 66 8
1247 97 25 443 10
1247 14 25 3298 10
1247 38 25 59 10
1247 54 12 2527 8
1247 83 25 1150 10
1247 89 45 2759 12
1247 91 25 1903 10
1247 86 25 1126 10
1247 63 45 1320 12
1247 28 12 2768 8
1247 72 25 1508 10
1247 55 45 2004 12
1247 4 25 635 10
1247 11 25 2200 10
1247 39 25 1150 10
1247 7 25 635 10
1247 78 25 635 10
1247 51 25 2454 10
1247 71 12 181 8
1247 53 45 1010 12
1247 95 12 468 8
1247 18 45 1991 12
1247 98 45 948 12
1247 7 45 317 12
1247 95 25 1444 10
1247 32 45 1030 12
1247 39 12 1653 8
1247 7 45 816 12
1247 66 45 1682 12
1247 32 12 3677 8
1247 82 25 2672 10
1247 26 25 1357 10
1247 53 12 831 8
1247 11 12 755 8
1247 69 12 71 8
1247 3 12 3986 8
1247 51 45 816 12
1247 49 25 1600 10
1247 25 25 3742 10
1247 31 25 2523 10
1247 8 12 2259 8
1247 78 12 2051 8
1247 65 25 2345 10
1247 99 25 1234 10
1247 61 25 1904 10
1247 24 12 0 8
1247 53 12 1390 8
1247 96 12 3323 8
1247 39 45 1353 12
1247 45 45 816 12
1247 85 45 1325 12
1247 38 45 1318 12
1247 68 25 565 10
1247 5 25 1107 10
1247 76 25 1321 10
1247 98 25 1194 10
1247 39 25 1847 10
1247 16 25 197 10
1247 67 25 627 10
1247 34 45 324 12
1247 54 25 1321 10
1247 19 25 394 10
1247 56 25 3057 10
1247 47 45 1920 12
1247 77 45 639 12
1247 36 25 2840 10
1247 17 12 1362 8
1247 83 12 3323 8
1247 30 45 1330 12
1247 99 25 1512 10
1247 42 45 1627 12
1247 42 45 518 12
1247 89 25 1772 10
1247 24 12 2611 8
1247 60 45 3172 12
1247 96 45 62 12
1247 67 25 3385 10
1247 25 25 2708 10
1247 59 25 205 10
1247 13 25 1784 10
1247 1 12 411 8
1247 25 25 806 10
1247 26 45 2945 12
1247 74 25 3231 10
1247 70 25 66 10
1247 13 12 2234 8
1247 95 25 676 10
1247 42 45 3172 12
1247 59 25 2708 10
1247 70 25 2672 10
1247 41 12 1474 8
1247 5 25 568 10
1247 86 25 1784 10
1247 77 45 601 12
1247 61 45 2419 12
1247 44 25 2179 10
1247 81 45 590 12
1247 29 12 3483 8
1247 38 25 618 10
1247 15 12 3483 8
1247 46 45 1191 12
1247 70 12 61 8
1247 27 12 3129 8
1247 73 45 43 12
1247 93 25 1107 10
1247 7 25 1894 10
1248 27 45 382 12
1248 64 25 3059 10
1248 28 45 551 12
1248 96 25 1415 10
1248 0 25 1347 10
1248 16 45 3175 12
1248 90 25 384 10
1248 74 45 549 12
1248 58 25 208 10
1248 91 25 910 10
1248 68 12 3535 8
1248 75 25 867 10
1248 8 45 472 12
1248 43 25 910 10
1248 8 45 912 12
1248 19 25 3577 10
1248 65 25 2393 10
1248 34 25 658 10
1248 19 25 1705 10
1248 95 25 351 10
1248 77 12 3650 8
1248 30 45 3660 12
1248 61 12 2466 8
1248 64 25 101 10
1248 1 25 1172 10
1248 78 12 347 8
1248 0 45 216 12
1248 26 12 2165 8
1248 48 12 3136 8
1248 95 12 2165 8
1248 45 25 308 10
1248 40 12 38 8
1248 78 12 1054 8
1248 14 12 284 8
1248 45 25 1448 10
1248 66 45 2371 12
1248 19 25 3824 10
1248 91 25 1924 10
1248 4 25 1087 10
1248 19 25 1171 10
1248 85 25 872 10
1248 10 25 1709 10
1248 73 25 872 10
1248 20 45 1198 12
1248 6 45 1198 12
1248 58 45 1346 12
1248 66 12 269 8
1248 98 25 1347 10
1248 71 45 657 12
1248 50 25 824 10
1248 66 25 1817 10
1248 55 25 1373 10
1248 76 25 1508 10
1248 89 25 3979 10
1248 30 25 3979 10
1248 33 25 716 10
1248 36 25 3312 10
1248 97 25 3979 10
1248 36 25 2300 10
1248 73 12 1574 8
1248 72 25 3979 10
1248 49 12 1574 8
1248 95 25 824 10
1248 23 25 3386 10
1248 4 12 2051 8
1248 33 25 301 10
1248 79 12 1954 8
1248 60 25 786 10
1248 99 25 1165 10
1248 52 45 2619 12
1248 64 12 1043 8
1248 31 25 1598 10
1248 70 45 1498 12
1248 21 45 228 12
1248 66 45 519 12
1248 3 45 2765 12
1248 85 45 2619 12
1248 85 25 384 10
1248 92 25 1072 10
1248 27 12 2051 8
1248 30 12 3298 8
1248 31 12 655 8
1248 24 25 465 10
1248 8 45 2875 12
1248 14 45 3926 12
1248 75 12 1954 8
1248 99 25 3781 10
1248 26 25 644 10
1248 16 12 806 8
1248 81 25 858 10
1248 30 12 960 8
1248 44 25 1257 10
1248 68 25 913 10
1248 26 25 824 10
1248 29 12 85 8
1248 84 12 88 8
1248 39 25 910 10
1248 24 45 878 12
1248 86 45 56 12
1248 26 25 445 10
1248 22 45 2492 12
1248 19 25 1090 10
1248 19 45 2492 12
1248 5 25 720 10
1248 57 25 1482 10
1248 18 25 1090 10
1248 8 25 1148 10
1248 34 12 502 8
1248 2 12 1990 8
1248 34 25 3518 10
1248 60 45 2440 12
1248 25 45 462 12
1248 95 25 3289 10
1248 14 45 3772 12
1248 85 45 2587 12
1248 64 45 3602 12
1248 27 45 1379 12
1248 16 12 2959 8
1248 24 45 3602 12
1248 92 25 556 10
1248 11 12 3262 8
1248 15 25 1784 10
1248 25 45 1804 12
1248 9 12 282 8
1248 45 45 56 12
1248 16 12 3244 8
1248 84 25 157 10
1248 12 25 394 10
1248 30 25 1700 10
1248 69 45 922 12
1248 60 12 2792 8
1248 21 25 2517 10
1248 27 45 1117 12
1248 87 45 1117 12
1248 25 12 679 8
1248 20 45 2838 12
1248 40 45 3050 12
1248 58 45 514 12
1248 51 45 3598 12
1248 99 12 3244 8
1248 41 25 5 10
1248 39 25 2315 10
1248 53 25 836 10
1248 83 45 2729 12
1248 58 12 1006 8
1248 89 25 1471 10
1248 43 12 860 8
1248 51 25 1461 10
1248 50 25 1862 10
1248 60 25 1368 10
1248 17 12 1835 8
1248 7 25 1482 10
1248 88 12 3262 8
1248 45 45 2587 12
1248 66 25 2391 10
1248 15 25 206 10
1248 85 25 941 10
1248 45 45 371 12
1248 18 25 368 10
1248 99 25 2455 10
1248 85 45 1429 12
1248 28 45 208 12
1248 7 25 532 10
1248 68 45 371 12
1248 96 45 1346 12
1248 4 45 514 12
1248 22 25 3102 10
1248 50 45 1192 12
1248 1 45 2444 12
1248 3 45 764 12
1248 90 25 1371 10
1248 73 25 1371 10
1248 45 25 3295 10
1248 67 45 1269 12
1248 48 25 1482 10
1248 4 45 302 12
1248 91 12 683 8
1248 65 25 1300 10
1248 44 25 941 10
1248 5 25 941 10
1248 72 45 2457 12
1248 19 45 1269 12
1248 31 25 1363 10
1248 54 25 2452 10
1248 12 12 679 8
1248 56 12 3515 8
1248 22 12 2020 8
1248 15 25 3012 10
1248 15 25 2229 10
1248 70 12 3669 8
1248 53 25 1504 10
1248 72 25 224 10
1248 56 45 3011 12
1248 60 45 174 12
1248 42 45 1965 12
1249 63 12 230 8
1249 68 12 3309 8
1249 48 25 3591 10
1249 86 12 970 8
1249 20 25 752 10
1249 69 25 1512 10
1249 59 25 1412 10
1249 18 25 3270 10
1249 0 12 2561 8
1249 57 45 1703 12
1249 56 12 970 8
1249 26 25 3270 10
1249 84 12 1047 8
1249 36 45 1523 12
1249 13 25 262 10
1249 16 12 1646 8
1249 92 12 1990 8
1249 83 25 1842 10
1249 7 12 1198 8
1249 86 25 3505 10
1249 85 12 1227 8
1249 37 25 51 10
1249 24 25 1160 10
1249 41 25 1160 10
1249 63 12 1047 8
1249 9 45 1595 12
1249 71 12 3036 8
1249 62 12 3907 8
1249 50 25 1717 10
1249 49 25 2824 10
1249 80 12 411 8
1249 37 25 910 10
1249 95 45 655 12
1249 94 12 2910 8
1249 18 12 2910 8
1249 90 25 1151 10
1249 74 45 2493 12
1249 10 45 3835 12
1249 12 12 804 8
1249 22 25 2537 10
1249 28 25 1566 10
1249 53 25 1165 10
1249 5 12 2314 8
1249 69 45 2205 12
1249 67 25 2946 10
1249 13 25 433 10
1249 77 25 2537 10
1249 34 12 1024 8
1249 97 25 896 10
1249 89 25 455 10
1249 31 25 1772 10
1249 96 25 3534 10
1249 18 45 3445 12
1249 1 25 855 10
1249 38 25 3056 10
1249 71 45 582 12
1249 64 45 2205 12
1249 61 45 2205 12
1249 14 25 1744 10
1249 13 45 2459 12
1249 48 45 2908 12
1249 42 25 1351 10
1249 48 12 1167 8
1249 42 45 212 12
1249 29 45 304 12
1249 13 25 907 10
1249 13 12 1842 8
1249 45 45 3997 12
1249 42 12 1842 8
1249 28 45 3876 12
1249 27 25 2668 10
1249 77 12 1390 8
1249 16 25 198 10
1249 52 45 1117 12
1249 55 25 1387 10
1249 14 25 210 10
1249 7 25 85 10
1249 39 25 450 10
1249 58 25 450 10
1249 67 25 3858 10
1249 94 25 3935 10
1249 52 45 1590 12
1249 94 45 984 12
1249 48 25 534 10
1249 56 25 1744 10
1249 83 12 3273 8
1249 81 25 435 10
1249 60 25 807 10
1249 78 12 1449 8
1249 56 12 1449 8
1249 76 25 2652 10
1249 58 12 2627 8
1249 61 45 233 12
1249 17 25 3858 10
1249 66 12 713 8
1249 98 25 2532 10
1249 46 25 1722 10
1249 61 25 2955 10
1249 95 25 1118 10
1249 9 12 3282 8
1249 94 12 3465 8
1249 44 12 2915 8
1249 80 12 95 8
1249 44 25 2420 10
1249 49 25 916 10
1249 39 45 44 12
1249 40 12 3374 8
1249 0 12 1880 8
1249 82 12 985 8
1249 65 25 597 10
1249 79 25 1727 10
1249 70 25 1313 10
1249 88 25 1275 10
1249 42 25 1686 10
1249 86 25 1771 10
1249 22 12 2037 8
1249 61 45 806 12
1249 30 25 1409 10
1249 96 45 74 12
1249 30 25 2743 10
1249 92 25 916 10
1249 83 12 3167 8
1249 54 25 3218 10
1249 57 25 3099 10
1249 36 25 498 10
1249 24 45 1772 12
1249 30 45 783 12
1249 51 25 1899 10
1249 85 25 2674 10
1249 60 25 1887 10
1249 36 12 768 8
1249 92 45 875 12
1249 63 25 3955 10
1249 73 12 827 8
1249 79 25 584 10
1249 80 25 1285 10
1249 35 45 3169 12
1249 91 12 2697 8
1249 10 12 3484 8
1249 71 25 540 10
1249 56 25 371 10
1249 82 25 1311 10
1249 63 25 552 10
1249 30 45 626 12
1249 54 25 1210 10
1249 45 12 3792 8
1249 77 45 2664 12
1249 96 12 555 8
1249 51 25 2173 10
1249 61 12 1313 8
1249 52 25 3363 10
1249 59 25 625 10
1249 59 12 3167 8
1249 54 12 2776 8
1249 66 25 814 10
1249 57 12 555 8
1249 52 45 3297 12
1249 79 12 827 8
1250 29 12 90 8
1250 27 45 3602 12
1250 3 45 2942 12
1250 92 25 2882 10
1250 29 45 1088 12
1250 24 12 1351 8
1250 65 45 3584 12
1250 27 25 3195 10
1250 90 45 3928 12
1250 24 25 2108 10
1250 40 25 2612 10
1250 29 12 21 8
1250 53 25 2057 10
1250 77 25 769 10
1250 74 45 1590 12
1250 54 45 1088 12
1250 71 25 1082 10
1250 16 25 601 10
1250 66 25 3585 10
1250 25 25 1598 10
1250 0 25 2108 10
1250 14 12 2536 8
1250 45 45 2024 12
1250 70 45 2676 12
1250 91 25 1156 10
1250 45 45 376 12
1250 59 25 1575 10
1250 3 25 1298 10
1250 78 45 1192 12
1250 90 12 1482 8
1250 97 12 962 8
1250 31 25 656 10
1250 69 25 324 10
1250 5 45 3824 12
1250 86 25 2314 10
1250 13 25 2464 10
1250 43 45 3879 12
1250 34 45 1560 12
1250 72 12 3733 8
1250 67 45 973 12
1250 38 12 3733 8
1250 79 25 283 10
1250 31 25 324 10
1250 32 25 297 10
1250 35 12 3644 8
1250 43 45 2609 12
1250 50 45 214 12
1250 73 25 1983 10
1250 32 12 1167 8
1250 75 12 962 8
1250 50 12 1167 8
1250 16 12 1167 8
1250 24 12 1761 8
1250 88 25 640 10
1250 87 45 198 12
1250 19 12 66 8
1250 6 12 791 8
1250 69 12 418 8
1250 13 25 178 10
1250 58 25 941 10
1250 4 45 917 12
1250 17 25 433 10
1250 35 45 1422 12
1250 47 25 1050 10
1250 75 12 3386 8
1250 12 12 3806 8
1250 22 12 277 8
1250 42 45 2942 12
1250 21 12 93 8
1250 16 25 732 10
1250 86 45 269 12
1250 86 45 2929 12
1250 82 25 1866 10
1250 84 45 2423 12
1250 92 12 1189 8
1250 46 25 1995 10
1250 57 25 1203 10
1250 71 45 1392 12
1250 95 25 1870 10
1250 83 25 3251 10
1250 46 45 2929 12
1250 99 45 269 12
1250 26 25 652 10
1250 91 12 2404 8
1250 71 12 1189 8
1250 93 45 3612 12
1250 64 12 1153 8
1250 23 12 3270 8
1250 74 25 1283 10
1250 91 12 3270 8
1250 1 45 3355 12
1250 17 25 1120 10
1250 19 25 2260 10
1250 28 12 114 8
1250 99 25 1955 10
1250 26 25 1532 10
1250 7 45 819 12
1250 73 12 2254 8
1250 50 45 586 12
1250 2 25 2962 10
1250 11 25 2962 10
1250 80 12 914 8
1250 4 25 2652 10
1250 30 12 914 8
1250 28 45 819 12
1250 29 12 3975 8
1250 56 25 994 10
1250 73 12 1184 8
1250 28 45 2882 12
1250 86 45 819 12
1250 93 45 605 12
1250 52 25 1324 10
1250 44 25 2303 10
1250 71 12 1142 8
1250 57 12 115 8
1250 16 25 1995 10
1250 29 12 66 8
1250 6 12 315 8
1250 60 25 534 10
1250 45 12 315 8
1251 97 12 2804 8
1251 54 25 1135 10
1251 72 12 1253 8
1251 74 45 1213 12
1251 31 45 1213 12
1251 76 25 3146 10
1251 84 45 689 12
1251 2 25 3803 10
1251 7 45 2664 12
1251 22 45 1307 12
1251 14 25 888 10
1251 55 25 888 10
1251 20 45 1652 12
1251 22 25 381 10
1251 43 25 1450 10
1251 53 12 2723 8
1251 81 45 1517 12
1251 95 25 1794 10
1251 54 12 1722 8
1251 48 45 2195 12
1251 6 25 148 10
1251 58 25 629 10
1251 78 12 1253 8
1251 88 25 131 10
1251 2 25 1591 10
1251 51 12 904 8
1251 54 45 541 12
1251 79 25 1161 10
1251 82 12 114 8
1251 60 12 2664 8
1251 34 25 522 10
1251 18 45 2152 12
1251 99 12 69 8
1251 54 25 2179 10
1251 16 25 183 10
1251 7 25 792 10
1251 90 25 2743 10
1251 96 25 1621 10
1251 16 25 1646 10
1251 84 25 677 10
1251 27 25 3694 10
1251 75 25 1310 10
1251 5 25 2743 10
1251 67 12 2946 8
1251 59 12 2946 8
1251 1 25 1985 10
1251 46 12 3093 8
1251 75 12 1283 8
1251 35 45 3584 12
1251 37 25 1621 10
1251 69 25 1733 10
1251 36 25 189 10
1251 40 25 103 10
1251 92 45 2047 12
1251 7 25 1204 10
1251 11 25 2408 10
1251 2 25 280 10
1251 70 12 435 8
1251 59 12 3916 8
1251 21 12 3244 8
1251 91 25 3206 10
1252 95 25 1700 10
1252 98 45 2126 12
1252 91 25 1995 10
1252 27 25 3878 10
1252 89 25 1995 10
1252 62 45 1441 12
1252 34 45 1010 12
1252 17 25 1995 10
1252 19 12 1641 8
1252 51 45 160 12
1252 67 45 514 12
1252 66 45 1523 12
1252 9 12 755 8
1252 45 12 755 8
1252 60 25 1363 10
1252 17 12 114 8
1252 68 12 3975 8
1252 86 25 956 10
1252 83 12 755 8
1252 69 45 2298 12
1252 94 25 3994 10
1252 21 25 3809 10
1252 2 25 3809 10
1252 2 12 220 8
1252 19 12 114 8
1252 16 25 867 10
1252 88 25 1047 10
1252 40 12 502 8
1252 53 12 1087 8
1252 14 45 591 12
1252 54 45 609 12
1252 63 25 553 10
1252 88 25 2206 10
1252 37 12 1087 8
1252 46 25 690 10
1252 54 25 1461 10
1252 52 25 1901 10
1252 62 45 3582 12
1252 19 25 1927 10
1252 20 25 1461 10
1252 35 12 3309 8
1252 75 45 3593 12
1252 79 25 1161 10
1252 97 12 341 8
1252 5 25 459 10
1252 86 25 690 10
1252 25 12 499 8
1252 30 45 3593 12
1252 38 12 1362 8
1252 88 25 3657 10
1252 74 25 2436 10
1252 56 12 341 8
1252 86 45 1523 12
1252 14 25 2436 10
1252 89 25 1362 10
1252 4 45 2664 12
1252 43 45 687 12
1253 97 25 1849 10
1253 63 45 1909 12
1253 83 25 2206 10
1253 45 45 3753 12
1253 18 25 1781 10
1253 48 25 1663 10
1253 92 12 2826 8
1253 34 45 1300 12
1253 4 25 1995 10
1253 94 12 2165 8
1253 85 45 3981 12
1253 97 45 2930 12
1253 72 12 1374 8
1253 71 12 652 8
1253 12 12 1101 8
1253 31 45 1999 12
1253 54 45 1004 12
1253 48 25 1068 10
1253 60 25 757 10
1253 69 45 2930 12
1253 8 25 1663 10
1253 13 45 296 12
1253 25 12 1101 8
1253 65 45 2423 12
1253 42 12 3771 8
1253 82 25 1504 10
1253 87 25 581 10
1253 18 45 3360 12
1253 45 25 2206 10
1253 79 25 3984 10
1253 12 25 1267 10
1253 43 12 3694 8
1253 76 12 3483 8
1253 92 45 917 12
1253 57 45 917 12
1253 85 25 2649 10
1253 8 12 44 8
1253 91 45 514 12
1253 33 25 498 10
1253 64 25 861 10
1253 2 45 197 12
1253 72 12 1936 8
1253 91 25 551 10
1253 29 12 3461 8
1253 70 45 253 12
1253 17 45 2208 12
1253 78 25 1740 10
1253 59 12 1124 8
1253 32 25 2649 10
1254 3 25 1143 10
1254 53 12 1835 8
1254 1 25 148 10
1254 31 12 863 8
1254 16 12 2962 8
1254 88 45 1997 12
1254 51 45 1008 12
1254 73 25 469 10
1254 86 45 2802 12
1254 49 45 1095 12
1254 98 45 1906 12
1254 56 12 3651 8
1254 55 25 1023 10
1254 9 45 1988 12
1254 5 12 539 8
1254 54 25 1684 10
1254 0 25 126 10
1254 54 45 3338 12
1254 70 45 1095 12
1254 15 25 251 10
1254 93 12 57 8
1254 2 12 1932 8
1254 9 45 655 12
1254 70 45 2588 12
1254 42 12 3464 8
1254 84 12 1665 8
1254 43 45 655 12
1254 34 12 1177 8
1254 84 45 951 12
1254 93 25 589 10
1254 17 25 1025 10
1254 17 12 269 8
1254 67 25 1754 10
1254 74 25 1705 10
1254 54 45 433 12
1254 22 25 359 10
1254 42 45 1572 12
1254 19 25 1025 10
1254 75 12 3470 8
1254 70 12 440 8
1254 96 45 1703 12
1254 2 25 1059 10
1254 45 12 1153 8
1254 74 12 1991 8
1254 39 25 1023 10
1254 87 25 2104 10
1254 68 12 2440 8
1254 31 25 1430 10
1254 74 25 2993 10
1254 31 45 1034 12
1254 76 45 3120 12
1254 15 25 1821 10
1254 18 25 1995 10
1254 8 25 1080 10
1254 82 45 839 12
1254 24 25 1330 10
1254 65 12 225 8
1254 1 12 3465 8
1254 78 25 301 10
1254 92 45 3567 12
1254 93 12 945 8
1254 6 45 3081 12
1254 92 25 3451 10
1254 51 12 3721 8
1254 93 25 1705 10
1254 39 12 842 8
1254 35 12 1797 8
1254 66 25 2993 10
1254 60 25 1023 10
1254 14 12 1991 8
1254 44 25 807 10
1254 17 25 200 10
1254 29 25 1995 10
1254 48 45 331 12
1254 11 45 684 12
1254 72 25 3559 10
1254 86 25 1803 10
1254 38 12 3512 8
1254 61 25 691 10
1254 9 25 539 10
1254 20 12 1894 8
1254 2 25 76 10
1254 79 25 1044 10
1254 16 45 218 12
1254 56 25 247 10
1254 43 45 1631 12
1254 18 25 2233 10
1254 52 45 976 12
1254 58 25 2362 10
1254 79 12 2621 8
1254 26 12 714 8
1254 35 45 1907 12
1254 79 45 2588 12
1254 8 45 3161 12
1254 44 12 936 8
1254 53 12 1902 8
1254 19 12 1334 8
1254 9 25 2798 10
1254 83 25 539 10
1254 4 25 767 10
1254 38 12 3581 8
1254 98 25 181 10
1254 3 12 396 8
1254 21 12 2723 8
1254 90 25 3275 10
1254 1 25 3007 10
1254 39 25 2032 10
1254 2 12 3602 8
1254 49 25 941 10
1254 54 25 1566 10
1254 71 25 2045 10
1254 4 45 3879 12
1254 71 25 2045 10
1254 72 12 1001 8
1254 70 45 2338 12
1254 11 25 1203 10
1254 92 25 726 10
1254 28 25 1203 10
1254 57 45 431 12
1254 2 25 386 10
1254 24 12 702 8
1254 28 25 1634 10
1254 38 45 2923 12
1254 81 45 3546 12
1254 89 12 3579 8
1254 21 45 3765 12
1254 5 12 1576 8
1254 45 25 2412 10
1254 38 25 1965 10
1254 90 45 1190 12
1254 97 45 1303 12
1254 95 45 1997 12
1254 39 45 2923 12
1254 12 25 148 10
1254 53 12 500 8
1254 40 12 261 8
1254 42 12 444 8
1254 4 12 444 8
1254 98 25 77 10
1254 63 25 139 10
1254 43 45 1997 12
1254 49 25 1203 10
1254 63 45 218 12
1254 70 25 1026 10
1254 37 12 3552 8
1254 95 12 1141 8
1254 17 25 269 10
1255 68 12 2207 8
1255 37 12 955 8
1255 17 45 3663 12
1255 80 12 2426 8
1255 31 45 880 12
1255 84 12 1063 8
1255 99 45 1326 12
1255 62 25 1069 10
1255 31 45 1798 12
1255 77 25 1244 10
1255 72 25 126 10
1255 27 25 1110 10
1255 2 25 253 10
1255 30 45 2221 12
1255 30 25 81 10
1255 13 25 1324 10
1255 41 25 385 10
1255 31 25 1709 10
1255 84 25 2102 10
1255 97 12 1284 8
1255 71 12 1176 8
1255 86 25 580 10
1255 40 25 1354 10
1255 3 45 1106 12
1255 80 12 1319 8
1255 63 25 3298 10
1255 62 12 152 8
1255 79 25 3314 10
1255 61 12 1124 8
1255 81 45 2551 12
1255 49 25 1476 10
1255 91 12 3511 8
1255 84 25 1391 10
1255 47 12 884 8
1255 96 25 2102 10
1255 69 12 1821 8
1255 5 25 359 10
1255 60 45 3002 12
1255 92 45 3764 12
1255 39 45 1586 12
1255 40 25 3245 10
1255 43 12 3317 8
1255 93 25 192 10
1255 7 25 3891 10
1255 5 45 510 12
1255 67 12 2165 8
1255 97 25 2775 10
1255 31 25 2775 10
1255 11 25 263 10
1255 43 45 1877 12
1255 12 45 2727 12
1255 49 25 251 10
1255 21 25 2614 10
1255 91 45 1583 12
1255 65 12 549 8
1255 68 45 510 12
1255 98 45 2180 12
1255 52 25 1684 10
1255 22 45 147 12
1255 78 25 1319 10
1255 96 12 201 8
1255 82 45 1579 12
1255 85 12 1168 8
1255 20 25 1262 10
1255 31 45 364 12
1255 16 45 1421 12
1255 72 25 2493 10
1255 50 12 492 8
1255 22 45 3733 12
1255 89 25 3197 10
1255 74 25 181 10
1255 28 45 253 12
1255 40 25 3413 10
1255 51 45 3764 12
1255 20 25 1635 10
1255 76 25 2752 10
1255 7 45 2849 12
1255 87 25 1578 10
1255 4 25 831 10
1255 87 12 291 8
1255 42 45 3653 12
1255 5 25 277 10
1255 98 12 2256 8
1255 27 25 1244 10
1255 47 25 3127 10
1255 62 25 1356 10
1255 21 45 1885 12
1255 65 12 2872 8
1255 21 12 2872 8
1255 44 25 55 10
1255 36 25 403 10
1255 25 45 3644 12
1255 23 25 2869 10
1255 95 45 2929 12
1255 92 45 989 12
1255 39 45 1774 12
1255 22 45 2441 12
1255 58 45 3177 12
1255 1 45 3673 12
1255 30 12 245 8
1255 73 45 3594 12
1255 81 25 1108 10
1255 55 45 1100 12
1255 60 25 680 10
1255 89 12 327 8
1255 18 12 1014 8
1255 72 12 2768 8
1255 72 45 1568 12
1255 78 25 1087 10
1255 21 25 51 10
1255 21 25 1087 10
1255 8 45 365 12
1255 0 45 2403 12
1255 70 25 3857 10
1255 30 12 41 8
1255 91 25 1639 10
1255 59 12 71 8
1255 81 25 972 10
1255 96 12 2576 8
1255 25 45 2676 12
1255 11 25 1595 10
1255 36 45 127 12
1255 40 45 381 12
1255 24 25 1393 10
1255 76 45 3477 12
1255 49 25 3623 10
1255 94 12 431 8
1255 90 45 302 12
1255 55 25 1875 10
1255 21 12 3060 8
1255 33 12 1331 8
1255 76 25 103 10
1255 18 25 65 10
1255 92 45 1916 12
1255 36 25 3529 10
1255 99 12 1978 8
1255 95 45 1571 12
1255 11 25 3831 10
1255 0 45 1536 12
1255 51 12 1428 8
1255 55 12 3131 8
1255 83 25 3746 10
1255 64 25 652 10
1255 51 12 1024 8
1255 65 12 315 8
1255 38 25 1285 10
1255 49 25 48 10
1255 65 45 1052 12
1255 50 25 3103 10
1255 27 25 3 10
1255 52 25 48 10
1255 66 25 2610 10
1255 28 25 1494 10
1255 28 25 2422 10
1256 48 25 1212 10
1256 79 45 2593 12
1256 97 25 458 10
1256 0 45 1178 12
1256 97 45 1537 12
1256 34 25 2412 10
1256 10 45 1300 12
1256 7 25 1876 10
1256 10 45 2109 12
1256 34 25 2764 10
1256 13 45 800 12
1256 98 25 975 10
1256 40 45 1758 12
1256 4 25 1604 10
1256 29 12 1458 8
1256 11 25 3163 10
1256 98 12 1842 8
1256 94 25 2096 10
1256 59 25 826 10
1256 92 25 350 10
1256 44 25 2775 10
1256 0 12 1842 8
1256 10 25 2775 10
1256 55 12 1474 8
1256 54 45 194 12
1256 11 45 817 12
1256 54 45 3177 12
1256 10 12 3148 8
1256 76 12 2445 8
1256 98 45 3177 12
1256 12 45 1785 12
1256 4 45 708 12
1256 28 12 936 8
1256 94 45 708 12
1256 58 45 508 12
1256 29 25 652 10
1256 47 45 2593 12
1256 19 45 1667 12
1256 98 25 2523 10
1256 19 12 3512 8
1256 57 45 376 12
1256 18 45 2065 12
1256 17 25 1396 10
1256 90 25 347 10
1256 57 45 371 12
1256 8 45 371 12
1256 10 25 907 10
1256 68 12 3167 8
1256 45 12 3087 8
1256 86 45 825 12
1256 96 25 192 10
1256 60 25 85 10
1256 79 25 2890 10
1256 86 25 3490 10
1256 6 45 3043 12
1256 56 45 3027 12
1256 69 25 3490 10
1256 91 25 3490 10
1256 99 25 2896 10
1256 95 25 1530 10
1256 21 25 1798 10
1256 53 45 689 12
1256 42 25 1396 10
1256 2 25 2946 10
1256 27 25 652 10
1256 39 25 192 10
1256 2 25 3733 10
1256 82 25 2255 10
1256 72 25 433 10
1256 39 25 3733 10
1256 82 25 1171 10
1256 50 25 1764 10
1256 12 25 623 10
1256 4 25 102 10
1256 47 12 353 8
1256 28 25 3148 10
1256 30 12 785 8
1256 37 45 1788 12
1256 12 45 3733 12
1256 55 25 3529 10
1256 10 45 2670 12
1256 4 45 1496 12
1256 52 45 384 12
1256 57 45 3997 12
1256 76 25 810 10
1256 50 25 3661 10
1256 59 45 1273 12
1256 41 12 1125 8
1256 14 12 1440 8
1256 14 12 88 8
1256 93 45 1273 12
1256 96 12 2842 8
1256 74 25 85 10
1256 9 25 147 10
1256 73 12 3520 8
1256 56 45 1375 12
1256 17 25 2798 10
1256 81 12 1211 8
1256 84 45 1411 12
1256 5 25 2206 10
1256 2 45 1539 12
1256 1 45 299 12
1256 2 12 3447 8
1256 47 25 1438 10
1256 48 25 733 10
1256 33 45 454 12
1256 13 12 1463 8
1256 49 45 1564 12
1256 64 45 1462 12
1256 57 25 3514 10
1256 40 12 2754 8
1256 33 12 2258 8
1256 83 12 1543 8
1256 9 25 183 10
1256 63 45 817 12
1256 58 45 817 12
1256 4 25 1311 10
1256 88 12 1199 8
1256 4 12 971 8
1256 13 25 456 10
1256 74 45 2108 12
1256 13 45 321 12
1256 39 25 2245 10
1256 16 25 3600 10
1256 20 12 703 8
1256 8 45 3586 12
1256 32 12 3129 8
1256 94 12 1558 8
1256 25 25 172 10
1256 99 25 1995 10
1256 72 12 1355 8
1256 94 25 3708 10
1256 97 45 816 12
1256 37 12 1082 8
1256 40 12 3447 8
1256 35 12 1205 8
1256 31 45 2471 12
1256 71 25 589 10
1256 18 12 3498 8
1256 95 25 779 10
1256 46 25 3621 10
1256 16 25 1995 10
1256 51 25 20 10
1256 46 45 1596 12
1256 91 25 3487 10
1256 44 25 1705 10
1256 83 25 172 10
1256 25 25 3292 10
1256 58 25 2948 10
1256 43 12 3406 8
1256 96 12 1354 8
1256 98 25 1995 10
1257 51 25 904 10
1257 54 12 2621 8
1257 72 25 652 10
1257 61 25 1046 10
1257 60 45 1696 12
1257 43 25 673 10
1257 63 45 2644 12
1257 80 12 1818 8
1257 69 25 3059 10
1257 35 12 2390 8
1257 92 25 356 10
1257 99 25 2233 10
1257 28 25 3012 10
1257 89 25 1040 10
1257 46 25 719 10
1257 9 25 1086 10
1257 51 45 3965 12
1257 86 12 77 8
1257 40 45 1832 12
1257 93 45 817 12
1257 9 12 2768 8
1257 54 25 1054 10
1257 55 25 192 10
1257 23 45 900 12
1257 90 45 1947 12
1257 5 45 296 12
1257 82 45 1085 12
1257 9 45 1273 12
1257 98 25 910 10
1257 28 45 2093 12
1257 30 12 1317 8
1257 61 45 2918 12
1257 52 45 699 12
1257 76 12 66 8
1257 27 12 1486 8
1257 8 25 2397 10
1257 69 25 1903 10
1257 35 25 156 10
1257 72 25 2798 10
1257 57 45 3990 12
1257 41 12 394 8
1257 30 45 1564 12
1257 26 45 35 12
1257 76 12 1922 8
1257 99 25 2651 10
1257 16 12 3792 8
1257 61 12 2697 8
1257 69 25 148 10
1257 11 12 1620 8
1257 73 25 2422 10
1257 86 25 2259 10
1257 87 25 991 10
1257 7 12 1486 8
1257 26 12 2229 8
1257 85 25 1532 10
1257 32 45 1929 12
1257 17 25 3193 10
1257 11 25 1932 10
1257 27 12 423 8
1257 47 25 1501 10
1257 36 25 1836 10
1257 55 12 11 8
1257 41 25 2961 10
1257 65 25 760 10
1257 43 45 3627 12
1258 34 45 1130 12
1258 36 25 946 10
1258 97 45 1703 12
1258 71 25 3460 10
1258 37 25 2248 10
1258 34 12 3282 8
1258 55 45 2742 12
1258 34 25 1880 10
1258 3 25 462 10
1258 63 25 133 10
1258 45 25 1941 10
1258 11 25 446 10
1258 70 25 258 10
1258 21 25 3306 10
1258 32 25 1894 10
1258 43 45 2039 12
1258 58 25 1894 10
1258 98 25 240 10
1258 32 25 1939 10
1258 59 25 1894 10
1258 97 25 1894 10
1258 58 25 2958 10
1258 39 25 1941 10
1258 78 25 3840 10
1258 87 25 431 10
1258 59 25 1788 10
1258 84 25 2408 10
1258 30 45 92 12
1258 89 12 1722 8
1258 28 25 2829 10
1258 51 45 674 12
1258 1 25 1143 10
1258 21 25 3646 10
1258 37 12 481 8
1258 43 45 1760 12
1258 63 25 1089 10
1258 9 45 1092 12
1258 60 25 1321 10
1258 64 25 556 10
1258 76 12 806 8
1258 97 25 1265 10
1258 98 25 1780 10
1258 64 25 652 10
1258 83 25 3322 10
1258 2 45 2867 12
1258 2 45 3318 12
1258 61 12 3198 8
1258 4 25 2805 10
1258 29 45 405 12
1258 91 45 1107 12
1258 50 45 1680 12
1258 81 25 2805 10
1258 35 25 1087 10
1258 89 45 1157 12
1258 87 45 1037 12
1258 85 25 3075 10
1258 71 45 1500 12
1258 22 12 1890 8
1258 45 25 534 10
1258 39 25 1360 10
1258 42 45 844 12
1258 87 12 1199 8
1258 17 25 2616 10
1258 97 12 924 8
1258 16 12 1354 8
1258 76 25 1321 10
1258 66 12 3991 8
1258 81 25 1499 10
1258 76 25 1452 10
1258 72 45 1586 12
1258 24 25 1952 10
1258 87 25 3385 10
1258 94 25 301 10
1258 70 25 87 10
1258 36 25 589 10
1258 37 25 1257 10
1258 47 12 1249 8
1258 25 25 3673 10
1258 72 25 333 10
1258 44 25 1038 10
1259 14 25 1576 10
1259 67 45 1850 12
1259 28 45 600 12
1259 95 25 314 10
1259 49 25 2176 10
1259 83 45 1583 12
1259 97 45 3763 12
1259 88 45 3763 12
1259 78 25 297 10
1259 46 12 2234 8
1259 89 45 2796 12
1259 34 25 843 10
1259 99 12 1527 8
1259 45 45 1401 12
1259 37 12 619 8
1259 22 25 2298 10
1259 49 25 2169 10
1259 42 12 2814 8
1259 82 25 101 10
1259 94 25 1903 10
1259 65 12 3768 8
1259 72 12 459 8
1259 22 25 3012 10
1259 2 12 283 8
1259 41 12 3792 8
1259 44 25 314 10
1259 56 25 336 10
1259 96 25 535 10
1259 44 45 1358 12
1259 46 12 2142 8
1259 17 45 1344 12
1259 43 12 3907 8
1259 53 12 1719 8
1259 32 25 1642 10
1259 38 45 1830 12
1259 25 45 1329 12
1259 39 45 1181 12
1260 78 45 912 12
1260 64 45 2362 12
1260 93 12 3768 8
1260 75 45 1156 12
1260 39 45 160 12
1260 52 12 2851 8
1260 14 45 1156 12
1260 75 12 2172 8
1260 77 12 860 8
1260 53 25 3824 10
1260 33 45 1696 12
1260 55 25 1580 10
1260 32 12 1796 8
1260 11 25 1600 10
1260 79 45 1229 12
1260 87 45 1773 12
1260 91 12 1536 8
1260 36 25 3979 10
1260 32 45 2885 12
1260 37 45 1751 12
1260 15 45 1933 12
1260 10 12 66 8
1260 52 45 1512 12
1260 22 45 1947 12
1260 8 25 33 10
1260 27 25 3979 10
1260 9 45 2444 12
1260 92 12 1332 8
1260 41 25 1522 10
1260 30 45 1877 12
1260 54 45 218 12
1260 1 45 1506 12
1260 48 25 198 10
1260 65 25 3658 10
1260 59 45 510 12
1260 30 25 1580 10
1260 38 12 122 8
1260 2 25 1840 10
1260 35 12 806 8
1260 94 45 1947 12
1260 71 45 427 12
1260 79 25 1812 10
1260 12 12 255 8
1260 76 25 1509 10
1260 41 45 3285 12
1260 74 25 382 10
1260 21 12 1466 8
1260 47 12 1625 8
1260 11 25 1922 10
1260 79 25 93 10
1260 80 25 1803 10
1260 48 25 1509 10
1260 67 25 1804 10
1260 1 45 345 12
1260 8 45 1715 12
1260 25 45 3936 12
1260 95 12 1014 8
1260 4 25 2736 10
1260 93 45 1256 12
1260 24 12 255 8
1260 4 25 3925 10
1260 88 12 2696 8
1260 33 25 947 10
1260 96 12 52 8
1261 56 45 1080 12
1261 29 25 1941 10
1261 34 45 3548 12
1261 17 45 2314 12
1261 79 12 438 8
1261 71 45 1329 12
1261 37 45 2551 12
1261 96 25 873 10
1261 8 25 1925 10
1261 36 25 3511 10
1261 67 12 1733 8
1261 35 45 1887 12
1261 28 12 1611 8
1261 43 45 1668 12
1261 30 12 2565 8
1261 14 45 1590 12
1261 28 12 2565 8
1261 59 12 1988 8
1261 87 45 1544 12
1261 83 25 1130 10
1261 67 12 401 8
1261 11 12 1794 8
1261 73 25 3851 10
1261 94 25 3454 10
1261 85 25 159 10
1261 28 12 3902 8
1261 19 45 2115 12
1261 50 45 1668 12
1261 8 25 762 10
1261 78 45 2864 12
1261 46 12 2745 8
1261 95 25 198 10
1261 27 25 1922 10
1261 17 25 198 10
1261 95 25 534 10
1261 54 45 609 12
1261 53 45 2742 12
1261 95 25 1612 10
1261 61 45 758 12
1261 96 25 626 10
1261 61 25 742 10
1261 11 25 675 10
1261 77 45 3699 12
1261 24 25 2574 10
1261 94 25 636 10
1261 48 45 665 12
1261 60 12 3986 8
1261 21 45 758 12
1261 16 12 1594 8
1261 41 12 3540 8
1261 47 45 948 12
1261 20 45 3314 12
1261 10 25 2061 10
1261 51 45 1159 12
1261 27 25 2245 10
1261 76 25 3546 10
1261 9 12 561 8
1261 28 25 675 10
1261 30 25 626 10
1261 8 25 1612 10
1261 23 12 3465 8
1261 42 25 3273 10
1261 65 12 1405 8
1261 36 12 3767 8
1261 51 12 1653 8
1261 85 45 1839 12
1261 21 25 1836 10
1261 11 25 534 10
1261 60 25 691 10
1261 19 25 198 10
1261 98 25 3955 10
1261 25 25 675 10
1261 35 12 3841 8
1261 26 25 1806 10
1261 32 25 675 10
1261 27 45 2534 12
1261 14 25 1615 10
1261 17 25 1595 10
1261 65 25 877 10
1261 24 25 979 10
1261 14 25 502 10
1261 67 12 1527 8
1261 74 12 1527 8
1261 17 45 2923 12
1261 85 12 924 8
1261 40 25 1444 10
1261 45 25 1840 10
1261 75 12 2314 8
1261 56 45 214 12
1261 95 25 1217 10
1261 99 25 1598 10
1261 61 12 1686 8
1261 73 45 621 12
1261 33 12 391 8
1261 52 12 63 8
1261 81 45 76 12
1261 75 25 1598 10
1261 18 45 349 12
1261 5 12 1638 8
1261 47 45 3998 12
1261 8 12 2176 8
1261 1 25 198 10
1261 94 45 2796 12
1261 81 45 1342 12
1261 79 45 343 12
1261 19 45 3981 12
1261 74 12 122 8
1261 64 25 2039 10
1261 99 45 1109 12
1261 32 25 1368 10
1261 5 25 1006 10
1261 36 12 1842 8
1261 23 12 500 8
1261 96 25 2039 10
1261 83 45 431 12
1261 87 25 198 10
1261 37 25 836 10
1261 62 25 198 10
1261 67 12 3178 8
1261 87 25 1329 10
1262 22 25 547 10
1262 67 45 3198 12
1262 92 45 17 12
1262 68 12 1480 8
1262 56 12 3958 8
1262 80 12 8 8
1262 76 12 0 8
1262 25 25 2101 10
1262 16 45 3586 12
1262 99 25 1203 10
1262 43 45 596 12
1262 17 25 2294 10
1262 48 45 2055 12
1262 61 12 798 8
1262 37 45 2903 12
1262 91 25 842 10
1262 44 45 1678 12
1262 67 25 1561 10
1262 23 12 1377 8
1262 21 25 1214 10
1262 96 25 3657 10
1262 22 25 3163 10
1262 64 45 1932 12
1262 13 12 0 8
1262 3 45 704 12
1262 28 12 2445 8
1262 57 45 723 12
1262 9 12 962 8
1262 54 12 1990 8
1262 49 12 1198 8
1262 96 45 224 12
1262 67 25 2424 10
1262 57 12 1433 8
1262 86 45 1939 12
1262 93 25 3745 10
1262 67 12 985 8
1262 57 12 549 8
1262 46 45 905 12
1262 35 25 3505 10
1262 43 12 549 8
1262 61 45 1099 12
1262 24 45 2426 12
1262 20 25 3925 10
1262 68 25 2391 10
1262 49 12 1627 8
1262 60 25 3978 10
1262 28 25 3374 10
1262 53 45 486 12
1262 19 12 1714 8
1262 96 25 3925 10
1262 81 12 303 8
1262 58 45 2487 12
1262 77 12 114 8
1262 98 45 3658 12
1262 38 12 985 8
1262 77 45 116 12
1262 9 45 2592 12
1262 62 25 1754 10
1262 77 45 1059 12
1262 63 25 1321 10
1262 96 12 749 8
1262 74 12 895 8
1262 72 45 596 12
1262 38 25 2128 10
1262 98 25 3206 10
1262 51 45 133 12
1262 98 25 1448 10
1262 43 25 1977 10
1262 70 25 1462 10
1262 26 45 2195 12
1262 13 45 1924 12
1262 17 12 2804 8
1262 66 12 1216 8
1262 98 45 1355 12
1262 49 45 3008 12
1262 26 45 3161 12
1262 16 25 465 10
1262 46 12 1402 8
1262 35 12 2037 8
1262 41 25 1321 10
1262 88 12 665 8
1262 17 45 2974 12
1262 70 45 1466 12
1262 30 25 2420 10
1262 19 12 1990 8
1262 11 25 625 10
1262 42 25 1949 10
1262 99 25 1195 10
1262 57 45 1925 12
1262 43 45 2929 12
1262 82 45 67 12
1262 1 45 519 12
1262 16 25 1817 10
1262 8 25 350 10
1262 27 25 2217 10
1262 29 25 2391 10
1262 24 25 996 10
1262 0 45 3627 12
1262 76 12 486 8
1262 27 12 1405 8
1262 3 25 161 10
1262 23 12 1748 8
1262 84 45 214 12
1262 16 25 681 10
1262 84 12 792 8
1262 84 25 2436 10
1262 96 12 814 8
1262 99 45 1255 12
1262 0 12 0 8
1262 99 12 526 8
1262 83 12 897 8
1262 94 45 1059 12
1262 48 45 519 12
1262 43 25 190 10
1262 44 45 2942 12
1262 96 45 135 12
1262 33 25 2626 10
1262 33 45 2942 12
1262 20 25 1817 10
1262 48 25 3536 10
1262 87 25 1462 10
1262 7 25 2391 10
1262 78 12 3018 8
1262 91 25 1452 10
1262 97 45 596 12
1262 4 45 1355 12
1262 24 12 1525 8
1262 31 25 1921 10
1262 74 25 3625 10
1262 86 25 1682 10
1262 44 25 3145 10
1263 0 45 1988 12
1263 52 45 1293 12
1263 13 12 2051 8
1263 47 12 3734 8
1263 16 45 2649 12
1263 5 45 319 12
1263 78 12 429 8
1263 31 45 2560 12
1263 55 45 1889 12
1263 71 45 124 12
1263 85 45 3644 12
1263 70 12 1637 8
1263 12 25 418 10
1263 10 45 260 12
1263 51 12 429 8
1263 87 45 2120 12
1263 1 25 1318 10
1263 69 12 429 8
1263 68 25 390 10
1263 99 25 1846 10
1263 13 12 1574 8
1263 67 25 1313 10
1263 70 45 3644 12
1263 7 25 151 10
1263 44 12 1922 8
1263 46 25 3658 10
1263 6 25 151 10
1263 9 12 1576 8
1263 91 25 181 10
1263 16 25 3312 10
1263 99 25 1404 10
1263 40 45 1627 12
1263 38 25 167 10
1263 66 45 3582 12
1263 81 45 3054 12
1263 9 25 2722 10
1263 58 25 3312 10
1263 52 25 3999 10
1263 8 12 908 8
1263 57 25 203 10
1263 43 25 36 10
1263 1 45 3405 12
1263 36 25 2200 10
1263 71 12 1574 8
1263 58 45 3889 12
1263 63 45 303 12
1263 59 45 1117 12
1263 34 45 1024 12
1263 31 12 1842 8
1263 53 25 3360 10
1263 45 25 2033 10
1263 1 12 3215 8
1263 65 12 2599 8
1263 36 12 1830 8
1263 77 25 1378 10
1263 95 25 445 10
1263 20 25 1318 10
1263 98 25 1546 10
1263 51 25 3224 10
1263 99 12 665 8
1263 53 45 1782 12
1263 19 25 319 10
1263 55 45 788 12
1263 22 45 2603 12
1263 77 12 2468 8
1263 59 25 981 10
1263 20 45 318 12
1263 18 25 1718 10
1263 53 12 3048 8
1263 60 25 2106 10
1263 38 25 44 10
1263 9 45 1179 12
1263 17 25 1377 10
1263 1 45 1283 12
1263 11 45 2456 12
1263 33 25 63 10
1263 34 12 951 8
1263 38 25 2718 10
1263 66 25 1958 10
1263 4 45 2609 12
1263 73 45 1511 12
1263 96 25 105 10
1263 80 12 1819 8
1263 90 12 3597 8
1263 47 12 571 8
1263 63 25 3224 10
1263 90 25 3767 10
1263 31 25 1363 10
1263 57 25 2248 10
1263 59 12 956 8
1263 83 45 527 12
1263 26 12 1650 8
1263 57 25 411 10
1263 0 12 1317 8
1263 29 25 2949 10
1263 25 25 3281 10
1263 57 25 828 10
1263 91 25 284 10
1263 2 12 3469 8
1263 38 12 3597 8
1263 74 12 2627 8
1263 36 12 2621 8
1263 90 12 1175 8
1263 72 12 389 8
1263 52 25 1650 10
1263 12 25 284 10
1263 25 45 1208 12
1263 25 25 1234 10
1263 91 45 540 12
1263 43 25 2996 10
1263 43 45 3981 12
1263 35 12 3710 8
1263 34 25 1510 10
1263 3 12 918 8
1263 76 12 1945 8
1263 17 25 3413 10
1263 84 12 1216 8
1263 67 12 1659 8
1263 7 25 62 10
1263 14 25 636 10
1263 61 25 1203 10
1263 78 45 558 12
1263 39 25 3434 10
1263 79 25 3343 10
1263 29 12 1175 8
1264 5 12 1637 8
1264 56 12 863 8
1264 99 25 986 10
1264 11 45 1627 12
1264 1 25 371 10
1264 89 12 3182 8
1264 15 25 2141 10
1264 10 12 1391 8
1264 29 25 2555 10
1264 70 25 1166 10
1264 45 25 178 10
1264 99 45 2746 12
1264 75 25 3756 10
1264 24 12 1908 8
1264 99 12 614 8
1264 39 12 2010 8
1264 37 12 1908 8
1264 5 45 2032 12
1264 81 25 203 10
1264 23 45 1899 12
1264 67 25 999 10
1264 51 25 3577 10
1264 88 25 2360 10
1264 83 25 44 10
1264 78 45 1394 12
1264 2 25 44 10
1264 43 12 1958 8
1264 78 25 86 10
1264 26 25 1280 10
1264 58 25 1088 10
1264 99 45 411 12
1264 24 25 1914 10
1264 86 45 1674 12
1264 32 45 1735 12
1264 17 45 3183 12
1264 18 45 3582 12
1264 66 12 2915 8
1264 68 45 1326 12
1264 62 25 861 10
1264 89 25 486 10
1264 29 25 44 10
1264 47 25 203 10
1264 0 25 203 10
1264 48 45 1148 12
1264 36 45 323 12
1264 70 25 1333 10
1264 67 45 959 12
1264 1 25 1502 10
1264 71 12 2010 8
1264 84 25 3145 10
1264 65 12 530 8
1264 95 25 77 10
1264 88 45 806 12
1264 77 25 451 10
1264 91 45 905 12
1264 65 12 317 8
1264 7 12 1369 8
1264 79 25 655 10
1264 24 25 1047 10
1264 41 25 2648 10
1264 53 12 990 8
1264 99 12 123 8
1264 42 45 3592 12
1264 39 12 1276 8
1264 35 25 2466 10
1264 12 25 979 10
1264 78 25 1019 10
1264 13 12 1573 8
1264 55 45 3008 12
1264 72 45 1932 12
1264 8 25 3514 10
1264 5 45 1148 12
1264 76 25 388 10
1264 37 45 1384 12
1264 81 25 978 10
1264 93 45 1947 12
1264 59 12 1959 8
1264 27 25 3633 10
1264 11 25 3633 10
1264 21 12 767 8
1264 80 12 3526 8
1264 31 45 1939 12
1264 47 12 549 8
1264 79 25 1853 10
1264 29 25 77 10
1264 57 45 1149 12
1264 35 25 675 10
1264 97 25 1408 10
1264 38 45 3582 12
1264 44 25 3107 10
1264 90 45 626 12
1264 97 25 64 10
1264 6 45 1947 12
1264 85 45 2692 12
1264 79 25 1435 10
1264 97 45 260 12
1264 83 45 1156 12
1264 88 25 1183 10
1264 13 25 1300 10
1264 76 12 690 8
1264 65 25 2102 10
1264 15 25 3318 10
1264 18 45 2519 12
1264 30 12 1386 8
1264 56 25 1088 10
1264 10 25 3090 10
1264 72 25 2752 10
1264 88 45 3011 12
1264 14 12 690 8
1264 49 25 2559 10
1264 79 45 1148 12
1264 64 12 1472 8
1264 29 45 1399 12
1264 85 12 831 8
1264 1 12 2188 8
1264 82 12 2984 8
1264 86 25 240 10
1264 58 12 1472 8
1264 40 45 987 12
1264 17 25 1183 10
1264 22 45 1375 12
1264 12 25 1333 10
1265 99 25 1899 10
1265 81 45 2633 12
1265 86 12 1958 8
1265 85 45 1703 12
1265 56 25 2266 10
1265 23 25 2111 10
1265 38 45 197 12
1265 48 25 2111 10
1265 54 12 41 8
1265 61 45 625 12
1265 73 45 98 12
1265 4 45 1703 12
1265 41 12 1393 8
1265 95 45 321 12
1265 38 12 951 8
1265 63 25 852 10
1265 40 45 1502 12
1265 82 45 3211 12
1265 32 12 3597 8
1265 38 12 951 8
1265 92 12 440 8
1265 54 25 33 10
1265 61 12 1284 8
1265 32 25 1373 10
1265 64 25 3779 10
1265 89 25 3518 10
1265 50 45 1403 12
1265 92 25 1692 10
1265 14 45 1403 12
1265 42 45 1811 12
1265 11 45 3211 12
1265 75 25 3011 10
1265 90 12 3060 8
1265 80 12 3006 8
1265 62 45 3858 12
1265 57 12 1284 8
1265 45 45 2633 12
1265 11 45 1759 12
1265 56 12 2010 8
1265 6 25 1430 10
1265 3 12 1484 8
1265 48 25 1246 10
1265 18 45 1031 12
1265 55 25 455 10
1265 38 12 539 8
1265 18 12 785 8
1265 82 25 717 10
1265 73 12 1377 8
1265 67 45 1707 12
1265 39 25 1111 10
1265 50 45 2644 12
1265 45 45 224 12
1265 34 12 248 8
1265 10 45 1707 12
1265 83 25 2464 10
1265 23 12 3956 8
1265 73 25 1408 10
1265 39 12 2068 8
1265 3 45 2441 12
1265 6 25 2186 10
1265 59 25 1338 10
1265 33 25 2159 10
1265 1 25 2186 10
1265 63 45 906 12
1265 17 45 1522 12
1265 46 12 341 8
1265 52 45 2875 12
1265 7 25 2626 10
1265 22 25 44 10
1265 25 25 637 10
1265 66 25 3631 10
1265 56 25 2212 10
1265 42 12 1132 8
1265 56 25 910 10
1265 47 25 581 10
1265 9 45 1933 12
1265 57 45 2758 12
1265 92 45 1330 12
1265 42 12 1369 8
1265 24 12 1290 8
1265 42 45 1330 12
1265 15 25 705 10
1265 6 25 685 10
1265 53 25 1528 10
1265 83 25 816 10
1265 37 25 816 10
1265 92 45 118 12
1265 17 25 96 10
1265 72 12 1414 8
1265 20 45 393 12
1265 8 45 2677 12
1265 33 25 424 10
1265 33 25 3533 10
1265 22 45 2419 12
1265 88 25 3643 10
1265 27 25 3654 10
1265 20 25 3521 10
1265 87 12 41 8
1265 66 45 2930 12
1265 65 25 1784 10
1265 29 45 3064 12
1265 42 45 1846 12
1265 49 45 1446 12
1265 78 12 1932 8
1265 92 12 2815 8
1265 10 12 2259 8
1265 16 25 650 10
1265 23 25 1557 10
1265 19 12 2259 8
1265 89 12 1139 8
1265 6 25 148 10
1266 35 25 1130 10
1266 15 12 3958 8
1266 36 12 1571 8
1266 51 12 1608 8
1266 33 12 427 8
1266 55 25 556 10
1266 68 25 2654 10
1266 4 45 302 12
1266 23 25 485 10
1266 14 45 1020 12
1266 96 12 649 8
1266 28 45 364 12
1266 40 45 2730 12
1266 24 25 1069 10
1266 7 25 1069 10
1266 35 25 1069 10
1266 36 25 3850 10
1266 31 12 1776 8
1266 0 12 1959 8
1266 24 25 910 10
1266 61 12 839 8
1266 71 12 545 8
1266 31 25 3272 10
1266 50 25 2125 10
1266 33 12 3983 8
1266 64 25 592 10
1266 80 25 683 10
1266 46 25 2125 10
1266 29 12 901 8
1266 56 25 1487 10
1266 89 25 2111 10
1266 15 12 289 8
1266 50 25 2111 10
1266 82 45 92 12
1266 11 45 2692 12
1266 15 45 346 12
1266 93 25 376 10
1266 83 12 1959 8
1266 61 25 1529 10
1266 97 45 816 12
1266 60 25 3120 10
1266 97 25 2861 10
1266 10 25 1958 10
1266 5 45 3020 12
1266 71 45 1931 12
1266 38 25 1321 10
1266 1 25 3934 10
1266 73 45 816 12
1266 70 12 786 8
1266 5 25 1717 10
1266 65 12 289 8
1266 28 12 702 8
1266 48 45 2974 12
1266 56 25 2771 10
1266 17 12 1814 8
1266 11 12 1627 8
1266 38 25 3794 10
1266 92 25 2654 10
1266 29 25 3319 10
1266 24 12 1427 8
1267 68 25 136 10
1267 51 25 251 10
1267 72 45 1380 12
1267 11 45 1102 12
1267 93 25 910 10
1267 95 12 1458 8
1267 5 25 1967 10
1267 61 12 1455 8
1267 78 45 806 12
1267 1 25 1267 10
1267 9 25 1941 10
1267 75 12 1303 8
1267 78 12 3606 8
1267 39 12 1891 8
1267 80 45 168 12
1267 44 45 2314 12
1267 29 25 3643 10
1267 43 25 1391 10
1267 41 25 1927 10
1267 38 25 3915 10
1267 43 25 1059 10
1267 63 25 1179 10
1267 61 25 836 10
1267 43 45 3211 12
1267 42 25 1224 10
1267 31 25 1005 10
1267 11 12 1637 8
1267 68 45 1506 12
1267 74 25 836 10
1267 90 25 41 10
1267 39 25 41 10
1267 75 25 717 10
1267 36 12 1342 8
1267 16 25 2246 10
1267 4 12 1637 8
1267 98 25 128 10
1267 43 45 3009 12
1267 53 45 1156 12
1267 38 12 252 8
1267 76 12 3535 8
1267 86 45 2637 12
1267 72 12 2234 8
1267 95 25 41 10
1267 78 12 171 8
1267 30 45 2637 12
1267 66 12 3579 8
1267 22 12 3822 8
1267 80 25 3909 10
1267 88 25 1005 10
1267 39 25 91 10
1267 41 45 3864 12
1267 72 25 819 10
1267 43 12 2234 8
1267 64 12 2707 8
1267 35 12 954 8
1267 56 25 2931 10
1267 84 25 902 10
1267 91 25 753 10
1267 68 25 3895 10
1267 58 12 2020 8
1267 71 25 755 10
1267 30 45 2208 12
1267 70 45 439 12
1267 68 25 2569 10
1267 26 45 816 12
1267 58 25 589 10
1267 14 12 190 8
1268 37 45 2561 12
1268 86 25 3803 10
1268 47 25 2761 10
1268 79 25 2761 10
1268 61 25 2476 10
1268 8 45 406 12
1268 41 45 527 12
1268 19 25 69 10
1268 24 25 3803 10
1268 34 25 284 10
1268 90 12 123 8
1268 14 25 1830 10
1268 69 45 2126 12
1268 97 25 376 10
1268 53 45 2081 12
1268 95 12 1926 8
1268 2 25 2396 10
1268 22 25 3745 10
1268 35 25 636 10
1268 88 25 2869 10
1268 77 25 3745 10
1268 8 25 2480 10
1268 87 25 189 10
1268 62 45 222 12
1268 74 12 1926 8
1268 82 25 189 10
1268 70 45 2926 12
1268 19 45 3881 12
1268 60 25 1634 10
1268 27 25 1634 10
1268 21 45 293 12
1268 43 25 3453 10
1268 43 12 3986 8
1268 61 12 1153 8
1268 13 45 99 12
1268 90 25 3491 10
1268 43 45 1652 12
1268 86 25 246 10
1268 95 12 1530 8
1268 75 25 1666 10
1268 42 25 1666 10
1268 45 25 3491 10
1268 59 25 2931 10
1268 1 25 1499 10
1268 51 25 1883 10
1268 41 25 535 10
1268 52 25 614 10
1268 23 45 1059 12
1268 93 25 1684 10
1268 61 25 1499 10
1268 9 25 383 10
1268 86 25 1160 10
1268 83 45 2524 12
1268 62 45 1430 12
1268 81 25 758 10
1268 66 25 119 10
1268 54 25 599 10
1268 63 25 615 10
1268 83 25 293 10
1268 41 45 888 12
1268 27 45 384 12
1268 98 45 3085 12
1268 89 12 2680 8
1268 68 45 1213 12
1268 5 25 214 10
1268 76 45 2777 12
1268 69 45 1482 12
1268 63 12 1782 8
1268 89 25 1111 10
1268 85 25 871 10
1268 65 25 1844 10
1268 74 45 1339 12
1268 69 25 1844 10
1268 65 25 2243 10
1268 27 25 3519 10
1268 29 25 3327 10
1268 51 12 1380 8
1268 8 25 3327 10
1268 12 25 2551 10
1268 64 25 435 10
1268 5 25 661 10
1268 71 12 289 8
1268 10 45 1213 12
1268 16 25 1747 10
1268 17 25 1053 10
1268 37 25 1471 10
1268 41 45 1759 12
1268 42 25 2916 10
1268 12 45 2395 12
1268 60 25 945 10
1268 33 45 788 12
1268 14 25 366 10
1268 73 25 945 10
1268 93 25 861 10
1268 81 25 861 10
1268 9 25 945 10
1268 16 25 1214 10
1268 2 25 1023 10
1268 40 25 238 10
1268 18 12 1507 8
1268 70 25 3000 10
1268 83 45 984 12
1268 98 45 1836 12
1268 99 25 2070 10
1268 0 25 1056 10
1268 0 12 3006 8
1268 31 12 3447 8
1268 62 25 41 10
1268 15 25 41 10
1268 59 45 1635 12
1268 15 12 435 8
1268 3 25 589 10
1268 13 12 199 8
1268 10 25 1222 10
1268 8 12 1070 8
1268 93 12 1984 8
1268 46 25 3767 10
1268 50 25 1761 10
1268 71 25 1985 10
1268 83 12 2445 8
1268 22 25 1321 10
1268 9 25 1054 10
1268 90 25 486 10
1268 26 12 93 8
1268 34 45 774 12
1268 83 25 2572 10
1268 7 45 1446 12
1268 95 45 900 12
1268 30 12 3525 8
1269 58 45 345 12
1269 50 12 3343 8
1269 75 45 1507 12
1269 49 25 3751 10
1269 44 12 3331 8
1269 54 12 509 8
1269 11 25 297 10
1269 33 25 1321 10
1269 95 12 2697 8
1269 71 45 345 12
1269 60 25 3320 10
1269 61 25 779 10
1269 78 12 2527 8
1269 30 45 844 12
1269 96 12 427 8
1269 86 25 3719 10
1269 52 45 883 12
1269 61 12 1696 8
1269 40 45 64 12
1269 88 25 3574 10
1269 20 12 2279 8
1269 56 25 589 10
1269 15 45 2834 12
1269 94 12 970 8
1269 40 12 1919 8
1269 38 12 2994 8
1269 50 12 3736 8
1269 43 25 125 10
1269 5 45 519 12
1269 93 25 1036 10
1269 68 25 690 10
1269 96 45 566 12
1269 57 12 487 8
1269 80 12 1650 8
1269 83 25 1688 10
1269 17 12 96 8
1269 12 25 60 10
1269 0 25 1412 10
1269 8 12 1186 8
1269 44 45 3380 12
1269 57 12 1090 8
1269 28 25 1539 10
1269 23 25 251 10
1269 91 12 1024 8
1269 99 12 353 8
1269 5 12 152 8
1269 71 45 3570 12
1269 88 25 1321 10
1269 47 12 987 8
1269 23 25 3831 10
1269 28 12 2697 8
1269 89 12 599 8
1269 56 25 684 10
1269 7 25 1227 10
1269 65 12 1422 8
1269 69 25 503 10
1269 16 25 3092 10
1269 82 45 207 12
1269 1 25 3819 10
1269 31 12 152 8
1269 22 25 3224 10
1269 83 25 125 10
1269 81 12 2420 8
1269 51 45 1273 12
1269 58 25 1450 10
1269 23 45 848 12
1269 17 12 3986 8
1269 30 25 10 10
1269 80 45 181 12
1269 30 25 1044 10
1269 79 45 337 12
1269 89 25 2054 10
1269 39 25 1472 10
1269 55 25 3177 10
1269 35 25 3361 10
1269 38 12 985 8
1269 18 12 2258 8
1269 73 25 618 10
1269 89 25 371 10
1269 6 25 1714 10
1269 73 12 478 8
1269 82 45 3598 12
1269 75 25 2781 10
1269 27 45 1358 12
1269 54 45 831 12
1269 18 12 1945 8
1269 96 25 3360 10
1269 82 25 764 10
1269 12 25 1450 10
1269 48 25 254 10
1269 22 12 2229 8
1269 19 12 1349 8
1269 59 25 596 10
1269 41 25 826 10
1269 8 25 1186 10
1269 19 12 3484 8
1269 95 25 1450 10
1270 69 25 945 10
1270 8 25 3633 10
1270 91 12 2705 8
1270 7 12 1794 8
1270 11 45 1950 12
1270 85 12 217 8
1270 80 12 1332 8
1270 33 25 886 10
1270 75 45 147 12
1270 20 45 2164 12
1270 73 12 338 8
1270 55 12 972 8
1270 87 25 3036 10
1270 16 25 862 10
1270 42 12 3539 8
1270 6 25 449 10
1270 76 12 699 8
1270 0 12 785 8
1270 8 45 3911 12
1270 97 45 43 12
1270 8 25 1275 10
1270 12 25 1635 10
1270 83 12 2814 8
1270 58 25 1203 10
1270 72 45 2080 12
1270 73 45 1715 12
1270 20 12 990 8
1270 49 25 1465 10
1270 67 12 892 8
1270 56 45 2651 12
1270 53 12 563 8
1270 45 45 664 12
1270 40 25 2144 10
1270 83 45 1536 12
1270 9 25 1026 10
1270 32 25 2532 10
1270 63 45 229 12
1270 97 25 2503 10
1270 8 45 100 12
1270 60 12 611 8
1270 53 25 2677 10
1270 42 25 675 10
1270 85 25 2931 10
1270 69 25 90 10
1270 17 45 64 12
1270 92 12 1013 8
1270 46 12 1189 8
1270 87 12 1493 8
1270 51 12 1189 8
1270 31 12 1189 8
1270 82 25 41 10
1270 52 25 1373 10
1270 13 25 42 10
1270 67 25 3144 10
1270 78 12 1784 8
1270 33 45 1564 12
1270 55 25 1827 10
1270 38 12 3229 8
1270 24 25 1183 10
1270 41 25 3534 10
1270 35 25 3633 10
1270 47 25 462 10
1270 92 25 263 10
1270 53 25 3633 10
1270 87 25 1391 10
1270 89 25 543 10
1270 92 12 11 8
1270 0 25 1521 10
1270 72 12 3597 8
1271 16 12 3512 8
1271 88 12 2399 8
1271 26 25 787 10
1271 87 45 2890 12
1271 41 25 3731 10
1271 48 25 1966 10
1271 44 25 230 10
1271 96 12 3309 8
1271 59 25 3973 10
1271 33 45 1522 12
1271 27 12 509 8
1271 85 25 2101 10
1271 92 12 1763 8
1271 12 45 1931 12
1271 52 25 1090 10
1271 13 45 1560 12
1271 44 45 3338 12
1271 93 12 1894 8
1271 36 45 1720 12
1271 52 25 1039 10
1271 35 12 3447 8
1271 58 25 506 10
1271 39 25 22 10
1271 9 25 2075 10
1271 8 25 456 10
1271 13 45 1663 12
1271 80 12 1625 8
1271 30 25 3306 10
1271 60 45 1663 12
1271 81 45 1663 12
1271 82 25 2991 10
1271 76 45 1663 12
1271 28 25 1823 10
1271 12 45 3699 12
1271 92 12 2549 8
1271 67 25 1321 10
1271 5 25 1181 10
1271 15 12 2165 8
1271 98 25 787 10
1271 60 12 499 8
1271 77 45 956 12
1271 64 12 1486 8
1271 84 45 1023 12
1271 67 25 2856 10
1271 35 12 3792 8
1271 11 12 3282 8
1271 96 12 571 8
1271 1 25 1631 10
1271 58 25 264 10
1271 12 12 1225 8
1271 38 45 1197 12
1271 98 25 2246 10
1271 25 45 2896 12
1271 77 45 2373 12
1271 51 12 1718 8
1271 46 12 1614 8
1271 49 45 977 12
1271 64 12 1697 8
1271 78 45 977 12
1271 86 12 1174 8
1271 25 25 3746 10
1271 64 45 587 12
1271 24 12 3983 8
1271 84 25 1483 10
1271 98 25 1623 10
1271 6 25 1234 10
1271 37 45 586 12
1271 1 12 1413 8
1271 28 25 1039 10
1271 8 45 692 12
1271 82 45 692 12
1271 35 25 151 10
1271 52 45 1906 12
1271 24 12 1006 8
1271 75 25 1183 10
1271 41 45 977 12
1271 85 45 2417 12
1271 9 25 1521 10
1271 70 25 317 10
1271 87 45 1285 12
1271 68 25 2555 10
1271 84 25 3649 10
1271 37 12 3282 8
1272 16 12 786 8
1272 5 45 883 12
1272 98 45 1855 12
1272 18 25 511 10
1272 46 25 3655 10
1272 85 25 1758 10
1272 18 45 1173 12
1272 58 12 1615 8
1272 28 12 28 8
1272 20 25 2104 10
1272 99 12 2721 8
1272 68 12 28 8
1272 13 12 3112 8
1272 93 12 1689 8
1272 94 45 684 12
1272 45 45 668 12
1272 55 12 539 8
1272 95 25 3935 10
1272 55 25 2962 10
1272 84 25 781 10
1272 70 12 2234 8
1272 96 45 1229 12
1272 19 25 130 10
1272 38 25 2647 10
1272 55 45 3009 12
1272 16 12 530 8
1272 79 12 255 8
1272 57 45 1130 12
1272 11 25 1360 10
1272 8 12 3222 8
1272 15 12 9 8
1272 83 25 301 10
1272 10 25 1914 10
1272 94 25 2669 10
1272 9 25 1416 10
1272 14 25 318 10
1272 90 25 1900 10
1272 17 25 1492 10
1272 51 12 944 8
1272 38 45 3389 12
1272 2 45 2441 12
1272 32 25 1360 10
1272 98 12 1585 8
1272 73 25 1360 10
1272 72 25 1441 10
1272 71 45 3471 12
1272 80 25 1000 10
1272 7 12 3229 8
1272 15 45 3471 12
1272 81 45 292 12
1272 7 12 768 8
1272 12 45 1107 12
1272 11 25 3224 10
1272 57 25 2931 10
1272 20 45 92 12
1272 31 25 894 10
1272 80 45 196 12
1272 26 25 125 10
1272 32 45 3378 12
1272 34 25 814 10
1272 20 25 3879 10
1272 18 45 921 12
1272 86 12 2680 8
1272 60 25 637 10
1272 17 12 2051 8
1272 56 25 1003 10
1272 8 12 418 8
1272 22 45 2402 12
1272 3 12 1433 8
1272 25 45 3180 12
1272 10 25 1970 10
1272 20 25 1245 10
1272 14 25 1967 10
1272 25 25 3264 10
1272 66 12 897 8
1272 59 12 539 8
1272 1 25 525 10
1272 95 25 2111 10
1272 2 25 3655 10
1272 49 45 987 12
1272 48 12 3309 8
1272 16 45 2371 12
1272 35 25 1982 10
1272 57 25 94 10
1272 53 12 806 8
1272 89 45 1627 12
1272 82 25 1290 10
1272 61 25 269 10
1272 87 25 3979 10
1272 38 12 786 8
1272 24 12 3244 8
1272 13 12 3045 8
1272 93 45 558 12
1272 10 45 1429 12
1272 0 25 3514 10
1272 61 45 1062 12
1272 29 25 105 10
1272 4 25 269 10
1272 47 25 1036 10
1273 98 25 3224 10
1273 85 12 2396 8
1273 84 25 902 10
1273 68 45 2290 12
1273 75 25 1917 10
1273 24 45 3183 12
1273 94 25 1970 10
1273 28 25 902 10
1273 30 25 1396 10
1273 53 25 2955 10
1273 46 25 547 10
1273 93 12 2765 8
1273 95 25 657 10
1273 41 25 657 10
1273 57 25 1668 10
1273 32 12 3792 8
1273 3 25 86 10
1273 59 45 2290 12
1273 87 25 2824 10
1273 40 12 354 8
1273 38 25 2637 10
1273 42 45 1055 12
1273 63 12 3792 8
1273 19 12 2154 8
1273 81 45 326 12
1273 90 25 3036 10
1273 49 12 396 8
1273 44 12 3710 8
1273 12 25 1056 10
1273 57 12 1176 8
1273 92 25 109 10
1273 64 45 2676 12
1273 19 45 1773 12
1273 61 45 3725 12
1273 37 25 3286 10
1273 79 12 429 8
1273 90 25 3719 10
1273 84 45 1778 12
1273 8 25 1844 10
1273 55 12 73 8
1273 10 45 1947 12
1273 19 45 2676 12
1273 28 25 3677 10
1273 90 12 516 8
1273 23 45 404 12
1273 71 25 854 10
1273 45 25 1596 10
1273 63 45 1571 12
1273 9 45 806 12
1273 80 25 513 10
1273 68 45 1061 12
1273 7 45 1061 12
1273 87 12 7 8
1273 97 12 225 8
1273 27 45 1574 12
1274 48 25 2422 10
1274 71 12 1071 8
1274 85 45 1965 12
1274 17 12 2915 8
1274 88 45 296 12
1274 44 25 1257 10
1274 98 45 1065 12
1274 40 12 1558 8
1274 70 25 3534 10
1274 77 25 1430 10
1274 56 12 693 8
1274 81 45 1965 12
1274 95 12 3991 8
1274 69 25 811 10
1274 36 25 1455 10
1274 18 12 666 8
1274 32 25 3850 10
1274 66 45 3223 12
1274 91 25 795 10
1274 30 12 3986 8
1274 48 25 3885 10
1274 74 12 1918 8
1274 36 12 951 8
1274 57 25 3585 10
1274 99 45 2121 12
1274 22 12 3465 8
1274 43 12 1573 8
1274 13 25 1964 10
1274 61 12 331 8
1274 60 45 2795 12
1274 65 12 95 8
1274 97 12 1107 8
1274 92 45 2649 12
1274 82 12 1681 8
1274 52 12 873 8
1274 53 25 1546 10
1274 80 25 120 10
1274 39 25 2176 10
1274 66 25 1395 10
1274 2 25 2422 10
1274 95 25 2463 10
1274 90 45 3835 12
1274 47 25 1769 10
1274 86 25 3995 10
1274 8 25 2306 10
1274 17 25 1044 10
1274 70 45 2419 12
1274 51 25 2998 10
1274 59 25 2306 10
1274 31 25 1931 10
1274 18 12 3888 8
1274 51 45 2974 12
1274 25 12 3771 8
1274 57 25 887 10
1274 87 25 1501 10
1274 18 25 938 10
1274 75 25 1150 10
1274 3 25 1930 10
1274 89 45 605 12
1275 93 45 2047 12
1275 6 12 1593 8
1275 29 12 3346 8
1275 60 45 3149 12
1275 14 25 788 10
1275 49 12 2358 8
1275 3 45 1582 12
1275 39 45 2091 12
1275 33 12 2011 8
1275 94 12 3678 8
1275 55 25 2071 10
1275 69 25 1784 10
1275 19 25 3676 10
1275 71 25 1810 10
1275 8 45 3149 12
1275 68 25 3165 10
1275 87 25 2464 10
1275 66 25 445 10
1275 12 12 251 8
1275 25 25 498 10
1275 45 45 105 12
1275 63 12 1336 8
1275 86 25 3646 10
1275 96 45 936 12
1275 94 25 46 10
1275 17 25 1724 10
1275 86 45 936 12
1275 34 25 3441 10
1275 25 45 2047 12
1275 47 12 245 8
1275 48 45 1531 12
1275 4 45 936 12
1275 72 25 2923 10
1275 51 12 1206 8
1275 83 25 2353 10
1275 53 12 327 8
1275 38 12 1130 8
1275 18 12 2219 8
1275 69 45 1339 12
1275 18 25 1907 10
1275 1 12 1427 8
1275 88 45 1056 12
1275 40 45 1314 12
1275 12 25 1640 10
1275 44 45 1314 12
1275 98 25 3996 10
1275 89 25 3397 10
1275 69 12 1748 8
1275 48 45 894 12
1275 19 25 677 10
1275 64 25 2901 10
1275 25 12 1317 8
1275 48 45 2864 12
1275 77 45 446 12
1275 81 12 3182 8
1275 53 45 2047 12
1275 46 45 2777 12
1275 37 45 2932 12
1275 97 12 1648 8
1275 41 12 315 8
1275 94 25 956 10
1275 60 25 854 10
1275 34 25 654 10
1275 14 25 2279 10
1275 48 25 103 10
1275 8 12 2498 8
1275 80 45 1309 12
1275 18 12 3678 8
1275 69 12 3649 8
1275 94 12 1210 8
1275 14 45 79 12
1275 70 45 2866 12
1275 90 45 1404 12
1275 95 25 86 10
1275 3 12 2241 8
1275 55 25 543 10
1275 1 45 1088 12
1275 60 12 1681 8
1275 17 25 3518 10
1275 88 25 3298 10
1275 82 45 3378 12
1275 3 45 1005 12
1275 61 45 2039 12
1275 4 25 2717 10
1275 48 25 3138 10
1275 63 25 86 10
1275 28 45 2971 12
1275 34 45 515 12
1275 91 25 1804 10
1275 88 45 3753 12
1275 13 12 1189 8
1275 14 12 1210 8
1275 45 12 1402 8
1275 27 12 463 8
1275 85 45 1929 12
1275 47 25 670 10
1275 65 12 1796 8
1275 64 25 2281 10
1275 84 25 1315 10
1275 76 25 40 10
1275 58 25 1123 10
1275 11 12 1189 8
1275 79 25 675 10
1275 31 25 1530 10
1275 25 12 1801 8
1275 20 25 1407 10
1275 28 25 1056 10
1275 82 25 211 10
1275 68 25 468 10
1275 7 12 1749 8
1275 65 25 1805 10
1275 79 25 596 10
1275 80 25 1263 10
1275 91 45 3453 12
1275 94 25 2761 10
1275 9 45 717 12
1275 0 12 1331 8
1275 41 45 233 12
1275 84 12 315 8
1275 77 25 1195 10
1275 21 45 3926 12
1275 21 25 2295 10
1275 26 45 204 12
1275 20 25 2852 10
1275 15 45 3238 12
1276 54 12 1466 8
1276 70 25 1863 10
1276 17 45 1903 12
1276 37 25 938 10
1276 82 25 2246 10
1276 87 45 147 12
1276 1 45 3595 12
1276 47 12 3615 8
1276 20 12 874 8
1276 57 25 2652 10
1276 26 45 1329 12
1276 36 25 3728 10
1276 75 25 178 10
1276 19 25 1577 10
1276 44 25 758 10
1276 83 12 89 8
1276 1 45 996 12
1276 77 25 115 10
1276 74 25 2097 10
1276 4 25 1983 10
1276 64 45 3776 12
1276 48 45 551 12
1276 26 12 713 8
1276 67 25 279 10
1276 81 12 609 8
1276 97 12 3309 8
1276 76 45 2264 12
1276 85 25 1443 10
1276 11 25 1944 10
1276 14 25 3728 10
1276 56 25 2828 10
1276 39 25 2475 10
1276 80 12 182 8
1276 35 45 1422 12
1276 7 25 2434 10
1276 25 12 2623 8
1276 1 25 1174 10
1276 6 25 2828 10
1276 29 12 2340 8
1276 52 12 2010 8
1276 64 45 1667 12
1276 83 25 172 10
1276 8 12 3673 8
1276 0 25 1705 10
1276 70 45 846 12
1276 73 45 1903 12
1276 11 45 1682 12
1276 79 45 3595 12
1276 96 25 251 10
1276 99 12 2053 8
1276 73 25 3969 10
1276 4 25 1983 10
1276 3 45 3595 12
1276 89 25 3915 10
1276 27 12 2932 8
1276 11 45 1424 12
1276 96 25 2613 10
1276 79 25 1575 10
1276 96 25 127 10
1276 0 45 44 12
1276 72 45 1507 12
1276 0 45 788 12
1276 47 12 1743 8
1276 4 25 3306 10
1276 28 45 1444 12
1276 57 12 3077 8
1276 97 25 3318 10
1276 39 25 1414 10
1276 71 25 2686 10
1276 29 25 2798 10
1276 24 25 2686 10
1276 80 45 260 12
1276 85 12 1893 8
1276 28 25 498 10
1276 99 25 2686 10
1276 36 25 3340 10
1276 27 12 2823 8
1276 7 12 2976 8
1276 38 45 79 12
1276 62 45 3075 12
1276 6 12 2976 8
1276 40 25 3084 10
1276 99 12 51 8
1276 6 25 1944 10
1276 3 45 3453 12
1276 49 25 570 10
1276 10 45 2086 12
1276 66 25 1900 10
1276 77 45 218 12
1276 24 25 3048 10
1276 5 45 2383 12
1276 75 12 1086 8
1276 64 45 2637 12
1276 79 25 350 10
1276 87 25 1568 10
1276 50 25 538 10
1276 29 45 66 12
1276 28 12 2051 8
1276 77 12 1437 8
1276 71 45 2158 12
1276 87 25 103 10
1276 90 25 2205 10
1276 94 12 1433 8
1276 51 45 840 12
1276 36 12 2115 8
1276 8 45 1161 12
1276 22 12 1757 8
1276 9 12 3375 8
1276 74 25 795 10
1276 66 45 1161 12
1276 56 25 3398 10
1276 41 12 2616 8
1276 68 25 1046 10
1276 77 45 3759 12
1276 31 45 267 12
1276 97 25 3161 10
1276 7 45 1774 12
1277 31 25 3338 10
1277 18 25 1922 10
1277 23 12 481 8
1277 15 45 1518 12
1277 75 25 40 10
1277 2 25 1362 10
1277 74 25 836 10
1277 83 25 2377 10
1277 24 25 174 10
1277 64 12 1408 8
1277 48 45 1998 12
1277 80 45 3776 12
1277 19 25 136 10
1277 22 45 364 12
1277 41 25 444 10
1277 54 45 1515 12
1277 57 45 3405 12
1277 87 45 2342 12
1277 65 25 1159 10
1277 60 12 1148 8
1277 63 25 1159 10
1277 81 12 2698 8
1277 0 12 1990 8
1277 29 45 2063 12
1277 39 12 3708 8
1277 29 25 1396 10
1277 27 12 491 8
1277 1 12 2976 8
1277 60 12 1810 8
1277 35 12 1588 8
1277 24 25 3090 10
1277 31 25 124 10
1277 73 45 3498 12
1277 76 45 704 12
1277 33 12 2791 8
1277 43 12 2791 8
1277 65 12 1990 8
1277 25 12 3160 8
1277 63 45 913 12
1277 65 12 1869 8
1277 75 45 1063 12
1277 66 45 1063 12
1277 19 45 1903 12
1277 36 12 1355 8
1277 18 12 1355 8
1277 5 25 574 10
1277 95 25 3132 10
1277 98 45 1328 12
1277 12 25 1924 10
1277 36 25 938 10
1277 97 12 63 8
1277 69 25 2799 10
1277 49 12 63 8
1277 34 45 869 12
1277 12 45 572 12
1277 47 25 702 10
1277 16 12 1490 8
1277 98 12 1118 8
1277 7 25 394 10
1277 25 25 1502 10
1277 50 25 3231 10
1277 33 45 519 12
1277 27 25 675 10
1277 20 45 1248 12
1277 28 25 1835 10
1277 42 25 3075 10
1277 65 45 1663 12
1277 83 45 3778 12
1277 11 45 3591 12
1277 86 25 456 10
1277 63 12 1009 8
1277 71 12 3907 8
1277 24 12 1806 8
1277 83 25 3234 10
1277 5 12 3907 8
1277 4 45 1112 12
1277 40 25 3234 10
1277 65 25 356 10
1277 19 25 760 10
1277 55 12 3644 8
1277 54 25 760 10
1277 27 25 1520 10
1277 72 25 66 10
1277 69 25 1318 10
1277 34 25 1931 10
1277 50 25 3969 10
1277 83 45 290 12
1277 65 25 3224 10
1277 61 45 3160 12
1277 19 25 3224 10
1277 66 12 1854 8
1277 16 45 345 12
1277 7 25 1520 10
1277 74 12 2814 8
1277 82 12 2814 8
1277 59 12 1377 8
1277 76 12 3294 8
1277 8 25 2953 10
1277 38 45 1100 12
1277 55 25 1120 10
1277 43 25 1120 10
1277 33 25 3935 10
1277 16 25 118 10
1277 79 45 486 12
1277 90 45 1805 12
1277 3 45 2819 12
1277 43 25 762 10
1277 55 25 576 10
1277 24 25 3378 10
1277 96 25 576 10
1277 55 12 1913 8
1277 32 45 761 12
1277 63 25 3955 10
1277 39 45 649 12
1277 95 12 1364 8
1277 10 45 486 12
1277 8 12 1980 8
1277 3 25 760 10
1277 13 45 1652 12
1277 18 12 3464 8
1277 14 25 1520 10
1277 61 12 406 8
1277 21 45 1269 12
1277 39 25 1730 10
1277 52 45 465 12
1277 49 12 3822 8
1277 99 45 3555 12
1277 13 45 2147 12
1277 37 45 376 12
1277 76 45 754 12
1277 62 25 1967 10
1277 58 45 2718 12
1277 26 45 3109 12
1277 63 25 1481 10
1277 68 25 230 10
1277 48 45 1909 12
1277 66 25 570 10
1277 80 45 1272 12
1277 66 12 475 8
1277 10 12 3552 8
1277 26 25 1615 10
1278 3 12 1529 8
1278 9 12 960 8
1278 71 45 2309 12
1278 23 25 2395 10
1278 96 45 1747 12
1278 52 12 3784 8
1278 92 12 1961 8
1278 65 25 2455 10
1278 83 45 2388 12
1278 82 12 1152 8
1278 19 12 1246 8
1278 51 12 3282 8
1278 21 12 1246 8
1278 5 45 534 12
1278 62 25 518 10
1278 44 25 385 10
1278 38 25 650 10
1278 80 45 1855 12
1278 35 25 2949 10
1278 40 45 1389 12
1278 27 25 1308 10
1278 11 25 2099 10
1278 84 25 913 10
1278 95 25 1086 10
1278 12 12 289 8
1278 41 25 2672 10
1278 88 25 2526 10
1278 83 12 1430 8
1278 12 25 2574 10
1278 22 25 2455 10
1278 77 25 1895 10
1278 6 25 1612 10
1278 8 45 1050 12
1278 77 25 2062 10
1278 7 25 810 10
1278 73 25 120 10
1278 50 12 1802 8
1278 87 25 3858 10
1278 58 25 3774 10
1278 57 12 3784 8
1278 98 12 765 8
1278 26 25 3382 10
1278 39 12 3441 8
1278 66 25 2574 10
1278 42 12 3441 8
1278 12 25 2234 10
1278 56 12 1414 8
1278 42 12 1414 8
1278 47 12 3441 8
1278 41 45 1406 12
1278 58 25 1318 10
1278 65 45 923 12
1278 13 25 303 10
1278 78 12 3087 8
1278 29 25 1520 10
1278 14 12 1045 8
1278 98 25 2923 10
1278 68 12 3792 8
1278 27 25 1698 10
1278 40 45 2515 12
1278 32 25 1629 10
1278 96 45 2832 12
1278 97 25 2761 10
1278 34 25 2616 10
1278 33 25 2683 10
1278 72 25 1993 10
1278 67 45 1109 12
1278 67 25 1345 10
1278 41 25 3145 10
1278 6 25 873 10
1278 27 45 62 12
1278 83 25 873 10
1278 81 25 1133 10
1278 77 25 1480 10
1278 93 12 1330 8
1278 54 45 788 12
1278 17 25 1334 10
1278 45 12 2690 8
1278 87 25 3633 10
1278 44 25 1546 10
1278 47 12 1380 8
1278 73 25 32 10
1278 72 25 1600 10
1278 37 45 68 12
1278 25 25 324 10
1278 80 25 120 10
1278 40 12 1777 8
1278 95 25 1698 10
1278 3 12 2690 8
1278 0 12 3784 8
1279 40 45 2152 12
1279 57 25 203 10
1279 59 45 1897 12
1279 54 25 1889 10
1279 19 12 3024 8
1279 85 45 1897 12
1279 37 12 315 8
1279 66 25 956 10
1279 24 45 1613 12
1279 76 12 245 8
1279 61 12 2644 8
1279 60 25 183 10
1279 57 25 807 10
1279 70 12 1408 8
1279 22 12 3024 8
1279 81 25 615 10
1279 83 12 3024 8
1279 0 25 2660 10
1279 88 45 976 12
1279 66 12 3560 8
1279 84 45 419 12
1279 52 25 1155 10
1279 79 45 133 12
1279 5 12 2119 8
1279 21 45 1663 12
1279 46 45 166 12
1279 3 45 1089 12
1279 6 12 1189 8
1279 52 45 262 12
1279 69 12 3560 8
1279 61 25 480 10
1279 97 12 1819 8
1279 32 25 480 10
1279 6 12 1189 8
1279 34 25 752 10
1279 37 25 437 10
1279 29 45 97 12
1279 54 25 1462 10
1279 90 12 908 8
1279 20 25 791 10
1279 84 25 2233 10
1279 70 25 414 10
1279 79 45 1701 12
1279 94 12 3987 8
1279 87 25 1214 10
1279 24 12 854 8
1279 30 45 1988 12
1279 25 25 1615 10
1279 5 45 1732 12
1279 22 25 2111 10
1279 34 45 229 12
1279 10 12 3644 8
1279 12 12 1472 8
1279 18 25 2904 10
1279 56 45 127 12
1279 62 12 3948 8
1279 39 45 435 12
1279 1 25 1023 10
1279 34 12 283 8
1279 58 25 2582 10
1279 3 25 1023 10
1279 48 25 867 10
1279 53 12 3464 8
1279 96 12 122 8
1279 38 45 79 12
1279 86 12 399 8
1279 68 45 3819 12
1279 65 25 599 10
1279 7 25 3109 10
1279 4 45 1518 12
1279 57 45 968 12
1279 68 25 599 10
1279 25 12 277 8
1279 35 12 3474 8
1279 70 12 2525 8
1279 89 25 1521 10
1279 14 25 1713 10
1279 21 25 2515 10
1279 97 12 248 8
1279 30 12 707 8
1279 21 45 2492 12
1279 4 12 1926 8
1279 7 25 197 10
1279 70 12 1776 8
1279 28 45 1774 12
1280 93 25 1532 10
1280 36 25 1979 10
1280 75 12 1601 8
1280 70 25 732 10
1280 41 25 856 10
1280 16 25 382 10
1280 68 25 304 10
1280 74 25 301 10
1280 22 25 732 10
1280 99 25 1408 10
1280 26 12 3053 8
1280 96 45 1873 12
1280 98 12 2966 8
1280 46 45 1284 12
1280 38 12 2314 8
1280 8 12 136 8
1280 74 45 1873 12
1280 40 45 3594 12
1280 31 12 1054 8
1280 51 25 1939 10
1280 35 45 2992 12
1280 64 25 547 10
1280 4 45 2992 12
1280 65 12 605 8
1280 33 25 757 10
1280 67 45 510 12
1280 54 45 3432 12
1280 67 25 1393 10
1280 5 12 1525 8
1280 88 45 1243 12
1280 37 45 3715 12
1280 35 25 3845 10
1280 42 25 1393 10
1280 35 25 153 10
1280 53 45 984 12
1280 96 45 1243 12
1280 22 45 1243 12
1280 87 25 732 10
1280 66 45 3700 12
1280 54 25 826 10
1280 10 12 1873 8
1280 67 45 1100 12
1280 34 45 1100 12
1280 27 25 2718 10
1280 6 25 1520 10
1280 13 25 1185 10
1280 66 25 1999 10
1280 45 12 1689 8
1280 21 12 1186 8
1280 52 25 2152 10
1280 59 25 868 10
1280 36 25 1239 10
1280 50 25 3171 10
1280 59 45 92 12
1280 90 25 2718 10
1280 80 12 1854 8
1280 97 25 1848 10
1280 71 25 732 10
1280 44 25 2958 10
1280 65 25 3655 10
1280 89 12 32 8
1280 69 12 1295 8
1280 24 45 1561 12
1280 87 25 675 10
1281 25 25 91 10
1281 5 25 1310 10
1281 89 45 2255 12
1281 54 45 21 12
1281 42 45 1088 12
1281 98 45 2456 12
1281 99 12 341 8
1281 91 45 2069 12
1281 19 25 1022 10
1281 47 12 3441 8
1281 63 45 1965 12
1281 25 45 2457 12
1281 6 45 2659 12
1281 36 12 2928 8
1281 92 45 667 12
1281 92 12 1199 8
1281 23 12 318 8
1281 22 25 2660 10
1281 19 25 2762 10
1281 31 25 2660 10
1281 1 45 1924 12
1281 63 12 970 8
1281 50 12 1577 8
1281 13 45 1184 12
1281 88 45 608 12
1281 8 25 498 10
1281 99 25 109 10
1281 50 25 1537 10
1281 60 45 3370 12
1281 73 25 3824 10
1281 82 12 317 8
1281 85 45 214 12
1281 86 45 2290 12
1281 46 45 860 12
1281 61 25 3403 10
1281 46 25 2958 10
1281 41 25 2385 10
1281 59 12 115 8
1281 42 45 3468 12
1281 60 45 3371 12
1281 77 25 1094 10
1281 25 25 1921 10
1281 44 12 294 8
1281 82 12 1842 8
1281 82 25 2777 10
1281 22 45 968 12
1281 39 25 2126 10
1282 3 25 1318 10
1282 31 25 1595 10
1282 97 25 1383 10
1282 27 25 3505 10
1282 61 12 2051 8
1282 54 12 2051 8
1282 84 12 2051 8
1282 97 25 1383 10
1282 68 25 1383 10
1282 33 25 79 10
1282 35 45 2800 12
1282 10 45 1179 12
1282 17 12 1043 8
1282 34 45 3050 12
1282 46 12 276 8
1282 76 25 1566 10
1282 67 25 3024 10
1282 64 45 3947 12
1282 63 25 1112 10
1282 9 25 1047 10
1282 90 45 1665 12
1282 96 25 1045 10
1282 26 45 1399 12
1282 43 25 3955 10
1282 66 12 2051 8
1282 51 12 2492 8
1282 31 12 824 8
1282 88 25 2436 10
1282 29 25 238 10
1282 65 12 801 8
1282 79 12 1515 8
1282 56 12 1515 8
1282 29 12 1132 8
1282 89 12 1815 8
1282 58 45 78 12
1282 54 25 1737 10
1282 8 25 887 10
1282 59 25 3885 10
1282 93 25 2272 10
1282 13 45 613 12
1282 44 45 913 12
1282 54 12 1056 8
1282 43 45 1117 12
1282 1 12 2152 8
1282 79 25 2967 10
1282 36 45 1043 12
1282 46 12 1595 8
1282 18 12 435 8
1282 6 45 1384 12
1282 96 12 429 8
1282 13 12 259 8
1282 48 45 3605 12
1282 9 12 3907 8
1282 23 12 429 8
1282 62 12 2916 8
1282 16 25 475 10
1282 48 12 2155 8
1282 76 12 183 8
1282 13 25 640 10
1282 7 45 742 12
1282 67 45 3406 12
1282 68 12 3061 8
1282 20 25 1085 10
1282 17 45 2692 12
1282 25 12 3520 8
1282 3 45 1665 12
1282 92 25 1237 10
1282 94 45 715 12
1282 84 25 3109 10
1282 38 25 999 10
1282 10 12 502 8
1282 73 25 1825 10
1282 36 45 1970 12
1282 47 25 2690 10
1282 65 12 1880 8
1282 36 12 1880 8
1282 30 25 2234 10
1282 48 45 438 12
1282 0 45 1735 12
1282 89 12 3524 8
1282 51 25 565 10
1282 0 45 1674 12
1282 52 25 1686 10
1282 24 45 968 12
1282 13 12 1969 8
1282 71 45 2830 12
1282 96 12 1413 8
1282 67 12 2056 8
1282 61 45 977 12
1282 46 25 1001 10
1282 51 45 1022 12
1282 60 25 3694 10
1282 53 25 3921 10
1282 44 12 255 8
1282 12 45 2225 12
1282 65 25 1099 10
1282 40 12 1163 8
1282 67 25 1483 10
1282 82 45 3268 12
1282 12 25 1130 10
1282 63 25 453 10
1282 16 12 1362 8
1282 20 25 1581 10
1282 11 12 71 8
1282 32 25 2032 10
1282 11 25 1939 10
1282 67 25 1595 10
1282 14 12 3248 8
1282 93 45 1877 12
1282 59 45 2625 12
1282 92 45 1268 12
1282 38 45 2802 12
1282 28 12 1731 8
1282 55 45 601 12
1283 81 25 957 10
1283 8 25 297 10
1283 97 25 746 10
1283 6 25 746 10
1283 35 12 3645 8
1283 39 45 883 12
1283 85 12 123 8
1283 41 25 1999 10
1283 33 45 1199 12
1283 88 25 269 10
1283 17 25 840 10
1283 71 25 3895 10
1283 49 12 1817 8
1283 21 25 1628 10
1283 9 25 1578 10
1283 64 25 3574 10
1283 10 45 2434 12
1283 94 25 1415 10
1283 51 12 874 8
1283 81 25 957 10
1283 53 25 1871 10
1283 53 25 407 10
1283 93 25 1568 10
1283 48 45 3981 12
1283 99 45 3981 12
1283 49 45 1704 12
1283 8 25 1744 10
1283 17 45 726 12
1283 77 25 2891 10
1283 67 25 1730 10
1283 9 45 541 12
1283 12 25 1160 10
1283 9 25 788 10
1283 12 45 651 12
1283 94 45 405 12
1283 59 25 20 10
1283 47 12 444 8
1283 35 25 528 10
1283 39 12 2707 8
1283 31 25 3109 10
1283 57 12 122 8
1283 8 45 341 12
1283 56 45 1691 12
1283 96 12 2446 8
1283 87 25 601 10
1283 46 45 1593 12
1283 38 45 1802 12
1283 73 25 2756 10
1283 98 25 253 10
1283 7 45 2789 12
1283 3 45 323 12
1283 84 25 689 10
1283 32 45 507 12
1283 38 45 2492 12
1283 47 45 2492 12
1283 76 45 1253 12
1283 21 45 1059 12
1283 2 45 1357 12
1283 90 12 2513 8
1283 91 25 656 10
1283 12 25 868 10
1283 88 25 814 10
1283 64 45 1924 12
1283 75 45 2281 12
1283 26 25 2463 10
1283 1 12 3902 8
1283 27 45 3472 12
1283 92 45 1920 12
1283 57 25 1639 10
1283 41 25 2601 10
1283 47 25 1814 10
1283 70 45 2281 12
1283 32 25 1537 10
1283 92 45 1256 12
1283 81 25 3311 10
1283 29 12 352 8
1283 19 25 1018 10
1283 19 25 3224 10
1283 76 25 2708 10
1283 32 45 914 12
1283 46 25 2222 10
1283 4 25 445 10
1283 80 45 1370 12
1283 25 45 2281 12
1283 39 12 93 8
1283 24 45 2918 12
1283 20 45 1313 12
1283 63 12 1453 8
1283 62 25 1932 10
1283 62 25 1568 10
1283 24 25 786 10
1283 61 45 404 12
1283 5 45 56 12
1283 46 12 93 8
1283 53 12 1589 8
1283 32 45 53 12
1283 80 12 2536 8
1283 78 25 611 10
1283 43 12 3011 8
1283 36 45 2642 12
1283 26 12 530 8
1283 32 12 3045 8
1283 80 12 1959 8
1283 60 45 352 12
1283 33 25 1360 10
1283 26 12 3512 8
1283 90 25 153 10
1283 8 12 3204 8
1283 84 25 983 10
1283 82 25 656 10
1283 89 25 2643 10
1283 17 25 490 10
1283 20 12 284 8
1283 59 25 2643 10
1283 98 25 2176 10
1283 53 25 218 10
1284 97 45 382 12
1284 57 12 71 8
1284 93 25 535 10
1284 47 25 318 10
1284 70 12 2207 8
1284 99 45 2415 12
1284 93 45 951 12
1284 68 12 546 8
1284 16 12 1797 8
1284 58 12 1079 8
1284 47 25 655 10
1284 84 25 374 10
1284 78 45 2047 12
1284 44 25 815 10
1284 11 25 1489 10
1284 12 25 3901 10
1284 84 12 1515 8
1284 56 45 2829 12
1284 11 25 960 10
1284 90 45 310 12
1284 80 12 1988 8
1284 62 45 3343 12
1284 77 45 2644 12
1284 6 12 1024 8
1284 50 25 960 10
1284 80 25 3566 10
1284 93 25 174 10
1284 34 45 78 12
1284 70 45 936 12
1284 50 45 547 12
1284 54 25 3012 10
1284 46 45 807 12
1284 46 25 556 10
1284 34 25 565 10
1284 98 45 929 12
1284 87 12 1848 8
1284 63 12 3482 8
1284 75 12 277 8
1284 80 25 156 10
1284 11 12 3498 8
1284 80 45 425 12
1284 25 12 3087 8
1284 72 12 41 8
1284 98 12 3581 8
1284 45 12 1988 8
1284 15 45 2402 12
1284 15 12 3177 8
1284 45 25 1798 10
1284 93 25 1798 10
1284 45 45 2399 12
1284 32 25 2647 10
1284 65 12 1303 8
1284 89 45 758 12
1284 99 12 317 8
1284 76 45 54 12
1284 0 25 1143 10
1284 72 25 310 10
1284 86 45 2593 12
1284 23 25 646 10
1284 96 25 142 10
1284 36 25 1788 10
1284 37 45 1150 12
1284 22 25 2272 10
1284 91 25 535 10
1284 3 45 214 12
1284 66 45 1150 12
1284 33 25 652 10
1284 10 25 2962 10
1284 12 45 2575 12
1284 40 12 122 8
1284 50 25 2962 10
1284 14 25 618 10
1284 10 45 621 12
1284 65 25 960 10
1284 54 25 1740 10
1284 10 25 1740 10
1284 57 12 1848 8
1284 93 45 2676 12
1284 46 45 794 12
1284 10 25 2765 10
1284 18 25 2962 10
1284 36 12 412 8
1284 32 45 166 12
1284 91 12 2155 8
1284 90 45 1510 12
1284 75 25 739 10
1284 54 12 2324 8
1284 93 12 741 8
1284 70 25 2560 10
1284 19 25 3794 10
1284 62 12 1565 8
1284 43 25 2560 10
1284 66 12 1442 8
1284 77 45 1965 12
1284 43 12 412 8
1284 8 25 403 10
1284 23 25 594 10
1284 92 25 324 10
1285 72 45 1150 12
1285 21 25 1009 10
1285 85 45 419 12
1285 90 45 2619 12
1285 22 25 1009 10
1285 3 45 3591 12
1285 67 45 2926 12
1285 13 45 2402 12
1285 16 45 691 12
1285 84 12 1174 8
1285 29 25 1679 10
1285 67 45 2588 12
1285 26 45 2383 12
1285 45 25 650 10
1285 68 45 133 12
1285 29 25 1204 10
1285 12 45 3926 12
1285 10 12 429 8
1285 73 25 2616 10
1285 12 25 156 10
1285 51 45 2947 12
1285 15 12 2431 8
1285 77 25 1318 10
1285 96 12 207 8
1285 6 12 1411 8
1285 23 25 2820 10
1285 39 12 1411 8
1285 79 45 565 12
1285 27 45 565 12
1285 52 25 1571 10
1285 81 45 565 12
1285 92 12 1276 8
1285 24 25 2887 10
1285 11 25 1636 10
1285 14 45 1845 12
1285 22 25 1930 10
1285 14 25 2887 10
1285 10 45 310 12
1285 91 12 2446 8
1285 37 45 84 12
1285 70 25 2887 10
1285 40 45 60 12
1285 9 25 405 10
1285 50 45 1454 12
1285 28 12 2635 8
1285 95 45 1362 12
1285 9 25 1179 10
1285 92 45 545 12
1285 12 25 927 10
1285 39 25 469 10
1285 58 25 1895 10
1285 92 25 1612 10
1285 60 45 1194 12
1285 84 25 2439 10
1285 3 45 1468 12
1285 7 12 3681 8
1285 68 45 604 12
1285 52 12 488 8
1285 33 25 902 10
1285 13 45 1778 12
1285 78 25 1629 10
1285 64 25 118 10
1285 27 25 2489 10
1285 32 25 1033 10
1285 42 25 871 10
1285 81 45 356 12
1285 42 12 798 8
1285 18 25 2660 10
1285 44 12 269 8
1285 81 25 2616 10
1285 75 12 1035 8
1285 84 25 2526 10
1285 95 45 1370 12
1285 23 45 1477 12
1285 32 45 264 12
1285 1 25 850 10
1285 30 45 1855 12
1285 45 12 31 8
1285 16 45 1370 12
1285 27 12 707 8
1285 83 25 198 10
1285 50 12 1405 8
1285 21 25 1882 10
1285 44 45 1370 12
1285 75 25 254 10
1285 76 12 3414 8
1285 17 12 1118 8
1285 10 12 2384 8
1285 21 45 1370 12
1285 30 45 649 12
1285 8 25 1922 10
1285 71 45 3594 12
1285 56 25 510 10
1285 75 12 3293 8
1285 94 45 1943 12
1285 78 45 2632 12
1285 91 45 2632 12
1285 19 12 317 8
1285 17 45 2632 12
1285 61 12 1691 8
1285 15 25 1204 10
1285 28 45 3464 12
1285 92 45 3986 12
1285 3 45 1772 12
1285 92 25 3301 10
1285 16 25 2045 10
1285 77 12 2106 8
1285 80 12 1691 8
1286 77 12 375 8
1286 15 45 590 12
1286 8 25 1444 10
1286 86 25 446 10
1286 57 45 984 12
1286 85 45 2032 12
1286 40 45 3086 12
1286 19 25 1056 10
1286 55 25 3491 10
1286 77 12 2116 8
1286 74 45 1746 12
1286 94 45 2866 12
1286 67 25 1970 10
1286 58 25 1049 10
1286 35 45 181 12
1286 43 12 283 8
1286 36 25 1195 10
1286 97 25 3819 10
1286 67 45 859 12
1286 60 25 338 10
1286 4 45 3819 12
1286 98 25 228 10
1286 69 12 1780 8
1286 26 25 1462 10
1286 38 45 709 12
1286 48 12 1681 8
1286 52 45 2625 12
1286 58 45 1307 12
1286 81 12 702 8
1286 46 25 2634 10
1286 20 12 1656 8
1286 97 12 2301 8
1286 27 12 3474 8
1286 83 45 53 12
1286 72 25 3264 10
1286 71 12 1922 8
1286 2 12 1922 8
1286 9 45 310 12
1286 4 25 1753 10
1286 32 12 2390 8
1286 62 12 1788 8
1286 22 45 3819 12
1286 4 12 1842 8
1286 23 45 1109 12
1286 40 25 1531 10
1286 97 45 388 12
1286 69 25 433 10
1286 52 45 794 12
1286 82 12 1437 8
1286 43 25 1922 10
1286 92 12 1546 8
1286 52 25 1920 10
1286 73 25 802 10
1286 44 45 2039 12
1286 41 25 551 10
1286 26 25 1005 10
1286 62 12 1641 8
1286 38 12 3282 8
1286 87 25 220 10
1286 69 12 2 8
1286 67 12 792 8
1286 22 25 1700 10
1286 98 12 3986 8
1286 27 25 894 10
1286 59 25 1771 10
1286 50 45 181 12
1286 22 12 1871 8
1286 7 25 2562 10
1286 63 25 1296 10
1286 83 45 560 12
1286 13 12 1543 8
1286 17 45 1802 12
1286 78 45 652 12
1286 17 45 79 12
1286 52 25 1903 10
1286 21 12 1453 8
1286 92 45 63 12
1286 3 45 3550 12
1286 60 45 415 12
1286 52 12 3045 8
1286 48 12 406 8
1286 41 25 76 10
1286 77 12 526 8
1286 19 25 1430 10
1286 22 25 1430 10
1286 66 12 1107 8
1286 39 45 519 12
1286 64 25 791 10
1286 18 25 2529 10
1286 10 45 160 12
1286 77 25 1308 10
1286 70 25 1962 10
1286 59 45 349 12
1286 83 25 2532 10
1286 39 45 2875 12
1286 83 45 986 12
1286 68 25 2290 10
1286 81 12 2803 8
1286 53 25 875 10
1286 11 25 3851 10
1286 83 45 1160 12
1286 8 25 3521 10
1286 47 25 1126 10
1286 28 12 73 8
1286 5 45 3227 12
1286 90 12 2984 8
1286 37 25 1880 10
1286 37 12 73 8
1286 58 25 85 10
1286 10 25 1490 10
1286 4 25 716 10
1286 34 25 875 10
1286 99 45 3011 12
1286 69 25 1782 10
1286 30 45 3197 12
1286 71 45 1037 12
1286 5 25 3199 10
1286 21 12 315 8
1286 66 12 1778 8
1286 26 25 1425 10
1287 18 25 2156 10
1287 56 25 1864 10
1287 13 25 60 10
1287 29 12 2097 8
1287 82 45 1362 12
1287 53 25 630 10
1287 5 25 60 10
1287 65 12 1414 8
1287 55 45 1903 12
1287 41 25 1236 10
1287 83 45 1108 12
1287 43 25 3322 10
1287 52 45 2419 12
1287 98 25 1958 10
1287 88 12 2722 8
1287 79 45 604 12
1287 20 45 604 12
1287 56 12 2210 8
1287 80 25 11 10
1287 28 25 535 10
1287 65 25 3224 10
1287 6 45 253 12
1287 62 12 609 8
1287 58 25 199 10
1287 83 45 1365 12
1287 20 45 2810 12
1287 14 45 2810 12
1287 88 12 3784 8
1287 78 12 1490 8
1287 60 12 345 8
1287 1 45 3648 12
1287 9 45 3002 12
1287 89 45 1840 12
1287 82 25 3309 10
1287 59 45 337 12
1287 43 25 613 10
1287 97 12 8 8
1287 71 12 3986 8
1287 88 45 210 12
1287 7 25 2081 10
1287 0 12 863 8
1287 97 12 3678 8
1287 24 12 1357 8
1287 57 25 3296 10
1287 31 12 2806 8
1287 29 12 2806 8
1287 47 25 1775 10
1287 7 12 873 8
1287 40 12 873 8
1287 74 12 345 8
1287 34 12 2732 8
1287 48 12 1561 8
1287 5 12 3973 8
1287 75 25 1184 10
1288 99 25 213 10
1288 69 45 1309 12
1288 15 12 654 8
1288 4 25 755 10
1288 60 25 2383 10
1288 97 25 213 10
1288 15 25 3 10
1288 14 25 1178 10
1288 17 25 370 10
1288 22 25 1018 10
1288 91 45 1272 12
1288 13 12 2752 8
1288 42 45 3380 12
1288 4 12 1725 8
1288 35 45 572 12
1288 19 25 2587 10
1288 74 25 1506 10
1288 56 12 1593 8
1288 6 25 960 10
1288 96 25 41 10
1288 73 12 3029 8
1288 96 12 2664 8
1288 90 25 1262 10
1288 87 45 3228 12
1288 74 45 3364 12
1288 42 45 1583 12
1288 5 45 3548 12
1288 6 25 370 10
1288 66 12 695 8
1288 91 45 2599 12
1288 73 25 705 10
1288 62 25 2436 10
1288 66 45 2599 12
1288 48 25 2601 10
1288 19 12 1578 8
1288 85 25 601 10
1288 90 25 1279 10
1288 69 45 1468 12
1288 20 45 3815 12
1288 14 12 1777 8
1288 38 25 1107 10
1288 45 45 2284 12
1288 80 12 1019 8
1288 60 45 1248 12
1288 79 12 1871 8
1288 7 25 661 10
1288 65 45 218 12
1288 29 45 267 12
1288 90 45 704 12
1288 83 25 390 10
1288 51 45 704 12
1288 48 45 1443 12
1288 7 12 1691 8
1288 96 12 1725 8
1288 7 12 3710 8
1288 80 25 960 10
1288 39 25 86 10
1288 49 25 1788 10
1288 16 12 1777 8
1288 46 12 1475 8
1288 48 45 704 12
1288 66 25 456 10
1289 37 45 1385 12
1289 56 25 728 10
1289 20 45 1477 12
1289 18 25 1263 10
1289 90 45 596 12
1289 61 25 814 10
1289 15 25 1448 10
1289 55 45 2830 12
1289 77 25 2355 10
1289 63 12 832 8
1289 45 25 609 10
1289 47 12 1572 8
1289 76 45 43 12
1289 38 25 3045 10
1289 45 12 2674 8
1289 34 12 652 8
1289 38 12 2674 8
1289 21 45 1862 12
1289 43 45 1004 12
1289 1 25 2117 10
1289 12 45 2830 12
1289 94 12 77 8
1289 0 45 1933 12
1289 24 45 1769 12
1289 37 12 3036 8
1289 67 25 1717 10
1289 34 25 1700 10
1289 87 25 786 10
1289 40 12 3592 8
1289 3 25 1285 10
1289 57 25 1313 10
1289 8 12 77 8
1289 22 25 609 10
1289 82 25 2923 10
1289 51 12 876 8
1289 84 12 876 8
1289 17 45 3019 12
1289 93 12 3535 8
1289 10 45 497 12
1289 76 12 1242 8
1289 0 45 520 12
1289 92 45 1507 12
1289 41 25 69 10
1289 19 12 429 8
1289 84 12 1485 8
1289 63 25 178 10
1289 37 45 2746 12
1289 18 45 2385 12
1289 69 12 1695 8
1289 14 12 3784 8
1289 27 12 1116 8
1289 31 45 2676 12
1289 7 45 3431 12
1289 64 25 1505 10
1289 11 45 2609 12
1289 45 25 1711 10
1289 8 25 358 10
1289 87 25 588 10
1289 17 25 1972 10
1289 46 45 1457 12
1289 46 25 574 10
1289 13 12 3986 8
1289 77 25 189 10
1289 35 12 191 8
1289 4 12 99 8
1289 36 12 2624 8
1289 90 25 1328 10
1289 90 25 970 10
1289 4 45 53 12
1289 0 45 784 12
1289 41 12 2624 8
1289 82 45 1630 12
1289 57 12 658 8
1289 58 25 1825 10
1289 0 45 2849 12
1289 49 45 1009 12
1289 32 25 1193 10
1289 59 45 985 12
1289 93 25 2730 10
1289 93 25 1469 10
1289 43 45 540 12
1289 48 25 2152 10
1289 25 12 3006 8
1289 73 12 2806 8
1289 97 45 1716 12
1289 2 25 2068 10
1289 38 25 969 10
1289 5 12 3006 8
1289 18 12 1331 8
1289 37 25 181 10
1289 8 45 1265 12
1289 68 12 1384 8
1289 86 45 2849 12
1289 66 25 609 10
1289 91 45 1821 12
1289 68 25 1236 10
1289 65 25 2601 10
1289 15 45 630 12
1289 3 45 1490 12
1289 37 12 3011 8
1289 45 45 2974 12
1289 74 12 771 8
1289 60 12 3678 8
1289 98 12 1589 8
1289 27 25 1171 10
1289 4 45 1585 12
1289 13 25 2397 10
1289 33 12 695 8
1289 0 12 1095 8
1289 40 45 3177 12
1289 18 25 1850 10
1289 73 12 2868 8
1289 87 25 1903 10
1289 6 25 469 10
1289 65 25 2552 10
1289 93 45 648 12
1290 69 25 1846 10
1290 1 45 2039 12
1290 78 45 639 12
1290 94 12 182 8
1290 26 12 2974 8
1290 0 12 626 8
1290 89 45 3595 12
1290 82 12 560 8
1290 51 25 648 10
1290 51 25 190 10
1290 29 12 1725 8
1290 29 25 1396 10
1290 42 12 459 8
1290 88 45 2152 12
1290 74 12 1246 8
1290 57 25 1456 10
1290 86 25 589 10
1290 10 45 1328 12
1290 54 45 3591 12
1290 59 25 975 10
1290 18 25 818 10
1290 64 45 3990 12
1290 33 45 3666 12
1290 69 25 2707 10
1290 27 12 1405 8
1290 69 25 928 10
1290 3 45 2814 12
1290 42 25 1710 10
1290 67 45 3592 12
1290 88 25 2014 10
1290 86 45 3008 12
1290 3 25 1450 10
1290 8 25 1362 10
1290 27 25 625 10
1290 67 12 3792 8
1290 13 25 62 10
1290 74 45 3050 12
1290 66 12 929 8
1290 92 25 2132 10
1290 48 12 3714 8
1290 67 12 1541 8
1290 97 12 386 8
1290 69 25 798 10
1290 45 25 252 10
1290 1 45 1056 12
1290 98 25 807 10
1290 2 25 3384 10
1290 12 45 3208 12
1290 55 45 357 12
1290 83 25 867 10
1290 76 12 315 8
1290 42 25 570 10
1290 21 45 1771 12
1290 90 25 1465 10
1290 47 45 458 12
1290 35 45 1495 12
1290 10 45 1771 12
1290 54 45 1771 12
1290 40 25 277 10
1290 43 12 406 8
1290 89 12 824 8
1290 59 12 3849 8
1290 59 25 3915 10
1290 28 25 3422 10
1290 53 12 3527 8
1290 26 12 1032 8
1290 22 45 1771 12
1290 14 25 1350 10
1290 2 45 1771 12
1290 16 25 447 10
1290 67 25 1686 10
1290 89 12 970 8
1290 65 25 717 10
1290 23 25 2054 10
1290 77 25 1267 10
1290 12 25 868 10
1290 9 25 3306 10
1290 53 45 553 12
1290 88 45 3380 12
1290 8 45 3380 12
1290 5 45 3533 12
1290 70 45 296 12
1290 11 45 1560 12
1290 97 25 1532 10
1290 65 25 1799 10
1290 72 25 3731 10
1290 60 25 710 10
1290 9 45 1109 12
1290 81 12 1383 8
1290 72 45 12 12
1290 88 25 445 10
1290 45 45 1362 12
1290 25 45 807 12
1290 15 25 1117 10
1290 89 12 1176 8
1290 49 25 3328 10
1290 22 25 20 10
1290 52 25 1583 10
1290 97 12 1839 8
1290 93 12 439 8
1290 70 45 1654 12
1290 35 25 852 10
1290 82 45 1679 12
1290 61 25 3585 10
1290 96 12 122 8
1290 93 12 2051 8
1290 70 12 695 8
1290 60 25 2281 10
1290 6 25 2132 10
1290 54 45 3818 12
1290 66 25 1263 10
1290 45 25 2652 10
1290 37 45 1890 12
1290 45 12 3529 8
1290 63 45 1272 12
1290 45 45 870 12
1290 21 12 1589 8
1290 57 12 1589 8
1290 5 12 1589 8
1290 19 12 457 8
1290 62 12 1211 8
1290 69 45 1886 12
1290 41 25 216 10
1290 73 45 3127 12
1290 83 12 173 8
1290 8 25 1982 10
1290 59 12 1136 8
1290 85 25 118 10
1290 16 25 20 10
1290 33 12 530 8
1290 9 25 1848 10
1290 2 45 1321 12
1290 64 45 1688 12
1290 27 12 708 8
1291 20 45 3611 12
1291 59 25 2861 10
1291 32 45 348 12
1291 4 45 3160 12
1291 33 45 2388 12
1291 93 25 3536 10
1291 67 45 3160 12
1291 79 25 3088 10
1291 92 25 3536 10
1291 17 25 1423 10
1291 13 25 424 10
1291 58 12 3905 8
1291 13 25 873 10
1291 14 25 1428 10
1291 82 25 3767 10
1291 20 45 1043 12
1291 88 25 3052 10
1291 84 45 301 12
1291 4 25 553 10
1291 23 25 1155 10
1291 68 25 1740 10
1291 11 45 337 12
1291 55 12 1711 8
1291 52 12 1343 8
1291 2 45 596 12
1291 37 25 2861 10
1291 43 25 3312 10
1291 7 12 3145 8
1291 73 12 2776 8
1291 46 12 2637 8
1291 10 12 2193 8
1291 79 25 1682 10
1291 20 12 3191 8
1291 54 12 3191 8
1291 14 12 3191 8
1291 23 45 3273 12
1291 39 25 1669 10
1291 4 12 1947 8
1291 92 45 2896 12
1291 83 45 3578 12
1291 16 12 1463 8
1291 44 25 310 10
1291 70 12 1274 8
1291 78 12 1293 8
1291 52 25 234 10
1291 35 12 444 8
1291 39 25 2948 10
1291 14 25 828 10
1291 69 25 63 10
1291 12 25 1528 10
1291 84 12 1702 8
1291 87 12 1854 8
1291 52 25 1481 10
1291 85 45 144 12
1291 90 12 657 8
1291 74 25 3116 10
1291 19 45 3208 12
1291 99 45 729 12
1291 85 25 1036 10
1291 8 12 3210 8
1291 91 45 2970 12
1291 94 25 2822 10
1291 99 45 585 12
1291 97 45 2268 12
1291 72 25 1861 10
1291 21 12 3077 8
1291 93 45 2225 12
1291 20 25 1872 10
1291 39 45 832 12
1291 14 12 3557 8
1291 69 25 423 10
1291 85 25 438 10
1291 45 45 3753 12
1291 0 25 1568 10
1291 2 25 3356 10
1291 90 45 1828 12
1291 87 45 832 12
1291 88 12 1211 8
1291 53 45 2599 12
1291 94 25 187 10
1291 4 12 1345 8
1291 40 45 1429 12
1291 61 12 1422 8
1291 10 25 850 10
1291 79 25 733 10
1291 74 45 1734 12
1291 19 45 2046 12
1291 65 12 34 8
1291 18 25 612 10
1291 72 45 1862 12
1291 89 45 704 12
1291 58 45 704 12
1291 53 45 133 12
1291 46 12 122 8
1291 38 25 708 10
1291 28 45 649 12
1291 29 25 2600 10
1291 22 25 1548 10
1291 7 25 3798 10
1291 38 25 240 10
1291 99 25 2822 10
1291 62 25 1803 10
1291 46 25 1382 10
1291 53 12 1938 8
1291 64 25 3858 10
1291 57 25 1430 10
1291 13 12 2902 8
1291 48 12 699 8
1291 42 45 60 12
1291 62 25 640 10
1291 40 25 686 10
1291 48 25 1039 10
1291 43 45 928 12
1291 48 25 2385 10
1291 8 12 1669 8
1291 18 25 636 10
1291 64 25 3801 10
1291 89 25 2385 10
1291 2 25 3295 10
1291 22 25 3327 10
1291 89 25 1003 10
1291 61 25 1901 10
1291 44 45 1360 12
1291 82 25 358 10
1291 51 25 324 10
1291 45 25 3654 10
1292 22 25 2730 10
1292 8 45 1375 12
1292 2 25 2515 10
1292 84 25 1623 10
1292 80 45 2039 12
1292 75 45 3008 12
1292 28 45 1396 12
1292 63 45 1313 12
1292 29 45 1590 12
1292 76 45 635 12
1292 9 45 547 12
1292 35 25 1198 10
1292 92 12 339 8
1292 46 12 1174 8
1292 85 12 1440 8
1292 35 45 3133 12
1292 11 25 85 10
1292 0 12 1274 8
1292 16 25 2054 10
1292 11 45 2284 12
1292 79 45 988 12
1292 93 45 3715 12
1292 45 45 3778 12
1292 56 45 529 12
1292 63 25 465 10
1292 86 45 1741 12
1292 48 45 597 12
1292 9 25 2865 10
1292 90 25 537 10
1292 27 45 404 12
1292 30 25 553 10
1292 99 45 1868 12
1292 46 25 1803 10
1292 46 45 2079 12
1292 87 12 771 8
1292 39 25 2563 10
1292 10 45 3889 12
1292 69 25 2081 10
1292 61 45 1772 12
1292 56 45 135 12
1292 77 25 1684 10
1292 54 25 482 10
1292 39 25 2661 10
1292 37 12 3099 8
1292 74 45 3020 12
1292 65 45 667 12
1292 70 12 1391 8
1292 83 25 868 10
1292 6 25 1360 10
1292 46 25 366 10
1292 11 12 2867 8
1292 34 25 3200 10
1292 14 25 3011 10
1292 23 12 3925 8
1292 20 45 2676 12
1292 25 12 3727 8
1292 10 45 299 12
1292 39 25 1396 10
1292 80 45 2480 12
1292 1 25 1872 10
1292 58 25 856 10
1292 91 25 911 10
1292 94 12 3485 8
1292 33 25 565 10
1292 94 12 8 8
1292 15 25 599 10
1292 92 25 1047 10
1292 32 25 2882 10
1292 91 45 1975 12
1292 98 12 3784 8
1292 54 12 3784 8
1292 87 25 316 10
1292 85 12 1990 8
1292 19 12 3784 8
1292 9 25 381 10
1292 60 45 2080 12
1292 85 45 2080 12
1292 12 25 1296 10
1292 72 25 1474 10
1292 30 25 515 10
1292 10 45 1363 12
1292 68 25 867 10
1292 59 25 1298 10
1292 62 25 1160 10
1292 1 25 2651 10
1292 3 12 1606 8
1292 93 25 1060 10
1292 58 12 1079 8
1292 9 45 1873 12
1292 69 25 449 10
1292 83 45 12 12
1292 5 12 2928 8
1292 14 12 3707 8
1292 40 45 1950 12
1292 4 25 3274 10
1292 1 45 1423 12
1292 63 25 446 10
1292 48 45 1511 12
1292 84 25 1444 10
1292 14 45 1393 12
1292 32 25 657 10
1292 87 25 414 10
1292 98 45 2012 12
1292 57 45 2819 12
1292 73 12 1944 8
1292 3 25 1475 10
1292 7 25 2254 10
1292 42 45 2244 12
1292 18 25 1029 10
1292 26 25 208 10
1292 66 45 551 12
1292 82 45 765 12
1293 80 45 3611 12
1293 32 25 142 10
1293 66 45 1766 12
1293 93 45 1272 12
1293 78 25 2730 10
1293 74 45 3996 12
1293 0 25 3423 10
1293 74 25 328 10
1293 41 25 2651 10
1293 48 45 1039 12
1293 67 12 152 8
1293 25 45 1899 12
1293 42 45 702 12
1293 75 12 3934 8
1293 49 12 2864 8
1293 84 25 1922 10
1293 33 25 590 10
1293 4 12 1624 8
1293 16 12 2764 8
1293 99 45 1109 12
1293 13 25 142 10
1293 49 25 581 10
1293 45 25 959 10
1293 18 25 1076 10
1293 60 25 3955 10
1293 61 25 3955 10
1293 7 25 2730 10
1293 29 12 1926 8
1293 91 25 589 10
1293 34 12 1437 8
1293 0 25 2054 10
1293 91 12 2446 8
1293 43 25 3085 10
1293 90 45 1179 12
1293 6 12 3991 8
1293 37 45 1780 12
1293 97 25 656 10
1293 51 25 1805 10
1293 76 25 178 10
1293 17 25 3699 10
1293 30 12 1519 8
1293 58 25 2128 10
1293 95 25 445 10
1293 77 12 315 8
1293 51 45 2080 12
1293 29 25 2822 10
1293 20 12 3986 8
1293 78 25 792 10
1293 63 25 1856 10
1293 0 12 1034 8
1293 33 12 3552 8
1293 66 12 702 8
1293 31 25 1705 10
1293 81 45 1635 12
1293 42 25 2798 10
1293 16 25 1428 10
1293 99 12 1484 8
1293 62 25 2475 10
1293 10 45 415 12
1293 77 25 2798 10
1293 20 25 3501 10
1293 85 25 279 10
1293 60 25 596 10
1293 54 25 601 10
1293 75 25 960 10
1293 8 25 11 10
1293 49 12 1646 8
1293 15 12 1784 8
1293 57 12 2448 8
1293 19 25 2128 10
1293 71 45 2181 12
1293 66 45 1804 12
1293 32 12 1852 8
1293 81 45 2810 12
1293 44 45 1130 12
1293 70 45 754 12
1293 96 25 2730 10
1293 91 12 1852 8
1293 11 12 1852 8
1293 72 12 3900 8
1293 93 25 2730 10
1293 33 25 795 10
1293 44 12 3735 8
1293 64 25 390 10
1293 96 12 2234 8
1293 38 45 2520 12
1293 19 25 1709 10
1293 33 25 2882 10
1293 13 25 3501 10
1293 68 25 1805 10
1293 12 25 2730 10
1293 73 45 2821 12
1293 20 12 189 8
1293 42 12 2097 8
1293 57 12 1715 8
1293 22 12 755 8
1293 16 12 1283 8
1293 99 25 58 10
1293 96 25 960 10
1293 61 12 3827 8
1293 13 25 771 10
1293 92 12 1034 8
1293 26 25 482 10
1293 10 12 279 8
1293 56 12 2584 8
1293 5 45 1906 12
1293 13 12 198 8
1293 23 12 901 8
1293 65 45 1314 12
1293 64 25 424 10
1293 29 12 1034 8
1293 48 25 2730 10
1293 77 25 1102 10
1293 6 12 1211 8
1293 20 25 1018 10
1293 54 12 345 8
1293 64 12 1981 8
1293 25 25 1740 10
1293 87 45 396 12
1293 98 45 2932 12
1293 56 12 462 8
1293 22 45 1691 12
1293 4 25 297 10
1293 12 45 359 12
1293 98 25 1919 10
1293 20 25 1713 10
1293 2 25 3195 10
1293 11 25 1258 10
1293 18 45 1118 12
1293 48 25 1883 10
1293 16 25 739 10
1293 61 45 1741 12
1293 82 12 3323 8
1293 82 25 1123 10
1293 69 45 1758 12
1293 35 12 1625 8
1293 81 25 3359 10
1293 44 12 3323 8
1293 67 45 1741 12
1293 97 45 1284 12
1293 82 25 484 10
1293 61 12 599 8
1293 63 25 160 10
1293 53 25 1628 10
1293 10 12 1788 8
1293 39 45 1715 12
1293 86 45 2659 12
1293 24 12 1034 8
1293 63 25 535 10
1293 25 12 3053 8
1293 70 25 2304 10
1293 15 12 1034 8
1293 32 12 2776 8
1293 10 25 565 10
1294 74 25 449 10
1294 34 12 225 8
1294 98 12 967 8
1294 28 12 3668 8
1294 15 25 1102 10
1294 8 25 1910 10
1294 10 25 995 10
1294 16 25 192 10
1294 52 45 665 12
1294 93 45 1714 12
1294 62 12 1247 8
1294 32 25 916 10
1294 64 12 592 8
1294 58 45 1903 12
1294 21 25 2217 10
1294 46 25 621 10
1294 84 45 224 12
1294 66 12 1656 8
1294 55 12 2088 8
1294 59 12 3504 8
1294 19 25 3306 10
1294 65 45 1884 12
1294 66 45 992 12
1294 22 45 535 12
1294 78 12 3324 8
1294 28 25 132 10
1294 67 45 1507 12
1294 23 25 1102 10
1294 44 45 643 12
1294 50 25 1804 10
1294 7 45 60 12
1294 3 12 1472 8
1294 35 45 344 12
1294 70 25 391 10
1294 51 12 1645 8
1294 67 12 241 8
1294 9 12 1665 8
1294 62 25 3836 10
1294 74 45 3170 12
1294 10 25 597 10
1294 30 25 1507 10
1294 95 12 385 8
1294 26 12 2833 8
1294 47 45 2240 12
1294 75 45 3448 12
1294 21 25 664 10
1294 44 12 797 8
1294 78 25 2372 10
1294 22 25 759 10
1294 45 25 482 10
1294 75 12 1645 8
1294 23 12 2301 8
1294 16 25 132 10
1294 12 12 2872 8
1294 71 25 183 10
1294 53 25 1074 10
1294 77 25 1615 10
1294 38 12 2053 8
1294 9 25 1310 10
1294 70 12 115 8
1294 94 45 1676 12
1294 84 45 1109 12
1294 81 25 1424 10
1294 18 12 1448 8
1294 25 25 494 10
1294 9 25 1081 10
1294 25 25 2619 10
1294 10 12 1627 8
1294 24 45 1429 12
1295 61 45 3764 12
1295 71 45 3753 12
1295 27 25 807 10
1295 53 12 1089 8
1295 12 25 1764 10
1295 88 25 1730 10
1295 37 45 2152 12
1295 34 25 1474 10
1295 56 25 3023 10
1295 65 45 3968 12
1295 17 12 2053 8
1295 92 12 3177 8
1295 89 12 2431 8
1295 89 12 1335 8
1295 98 25 1110 10
1295 29 12 1211 8
1295 86 12 1608 8
1295 82 45 2853 12
1295 42 45 1447 12
1295 48 12 1032 8
1295 64 12 1481 8
1295 8 25 2682 10
1295 92 25 1411 10
1295 49 45 755 12
1295 48 25 592 10
1295 18 25 2686 10
1295 29 25 1150 10
1295 88 45 1711 12
1295 65 25 840 10
1295 66 12 1695 8
1295 2 25 3487 10
1295 26 12 2088 8
1295 87 12 2928 8
1295 91 25 3487 10
1295 97 45 3059 12
1295 83 45 2833 12
1295 25 25 323 10
1295 74 25 1212 10
1295 51 45 3575 12
1295 70 25 1714 10
1295 98 45 3059 12
1295 7 25 2883 10
1295 4 45 3059 12
1295 29 25 1352 10
1295 86 25 787 10
1295 40 45 807 12
1295 33 25 2186 10
1295 25 25 2550 10
1295 45 12 3673 8
1295 9 45 3964 12
1295 73 12 1554 8
1295 70 25 3441 10
1295 46 12 3309 8
1295 22 25 3895 10
1295 63 12 3694 8
1295 14 45 2746 12
1295 77 45 2091 12
1295 88 25 393 10
1295 13 25 675 10
1295 67 12 1606 8
1295 46 12 2760 8
1295 98 25 978 10
1295 45 12 1862 8
1295 19 45 761 12
1295 6 45 2456 12
1295 23 25 60 10
1295 74 25 1876 10
1295 96 12 2448 8
1295 70 45 3964 12
1295 14 45 431 12
1295 78 25 393 10
1295 27 12 850 8
1295 41 45 1016 12
1295 89 25 1841 10
1296 96 25 1922 10
1296 74 12 113 8
1296 23 25 861 10
1296 54 12 2088 8
1296 18 12 1929 8
1296 55 25 861 10
1296 77 25 546 10
1296 10 12 1044 8
1296 4 25 1597 10
1296 52 25 527 10
1296 92 45 2461 12
1296 46 45 648 12
1296 17 45 624 12
1296 56 12 1497 8
1296 38 25 2470 10
1296 62 45 225 12
1296 52 25 1023 10
1296 95 25 328 10
1296 2 45 1447 12
1296 12 25 463 10
1296 93 25 463 10
1296 99 45 2496 12
1296 76 25 2675 10
1296 4 25 3775 10
1296 92 25 148 10
1296 36 45 1747 12
1296 84 25 814 10
1296 73 12 1149 8
1296 93 12 1149 8
1296 13 12 1936 8
1296 56 25 814 10
1296 37 25 1012 10
1296 31 25 1331 10
1296 26 45 1069 12
1296 44 45 415 12
1296 53 25 648 10
1296 43 45 527 12
1296 95 45 527 12
1296 63 12 855 8
1296 35 25 525 10
1296 89 12 411 8
1296 45 45 614 12
1296 61 45 614 12
1296 96 12 951 8
1296 37 25 1324 10
1296 26 25 3973 10
1296 13 25 841 10
1296 96 45 1372 12
1296 63 45 614 12
1296 34 12 3461 8
1296 97 25 369 10
1296 7 45 107 12
1296 81 45 3009 12
1296 93 45 3541 12
1296 53 12 315 8
1296 84 12 88 8
1296 10 45 1375 12
1296 47 12 15 8
1296 23 12 758 8
1296 23 45 3110 12
1296 76 12 1235 8
1296 74 25 3451 10
1296 70 25 2345 10
1296 25 25 424 10
1296 68 12 3792 8
1296 17 45 3841 12
1296 30 25 1835 10
1296 46 25 300 10
1296 10 45 1978 12
1296 64 25 1009 10
1296 60 25 750 10
1296 10 25 807 10
1296 64 45 1395 12
1296 66 25 1102 10
1296 99 45 834 12
1296 95 12 384 8
1296 84 45 512 12
1296 48 12 3540 8
1296 74 25 597 10
1296 76 12 2400 8
1296 43 25 3251 10
1296 18 12 251 8
1296 83 25 3455 10
1296 98 12 3006 8
1296 96 45 2478 12
1296 38 25 2996 10
1296 66 45 2498 12
1296 42 25 791 10
1296 12 45 2138 12
1296 49 12 1095 8
1296 10 25 336 10
1296 69 25 1324 10
1296 16 25 51 10
1296 36 45 3169 12
1296 62 12 875 8
1296 21 25 763 10
1296 1 45 2138 12
1296 18 25 3523 10
1296 12 45 384 12
1296 70 25 3835 10
1296 4 25 1351 10
1296 74 45 1892 12
1296 63 12 2512 8
1296 36 25 1581 10
1296 14 45 1360 12
1296 31 12 73 8
1296 38 45 2138 12
1296 84 25 98 10
1297 77 12 2553 8
1297 23 45 2930 12
1297 96 12 1812 8
1297 62 25 2303 10
1297 66 12 466 8
1297 91 45 2392 12
1297 18 25 1160 10
1297 96 45 1402 12
1297 8 45 13 12
1297 21 12 3524 8
1297 80 45 988 12
1297 98 45 213 12
1297 59 45 268 12
1297 70 45 3627 12
1297 33 25 3809 10
1297 63 25 2725 10
1297 35 45 2659 12
1297 7 25 366 10
1297 25 12 934 8
1297 16 45 1268 12
1297 99 45 987 12
1297 81 25 859 10
1297 24 45 1535 12
1297 28 25 19 10
1297 45 25 3934 10
1297 84 25 2057 10
1297 50 25 2032 10
1297 26 12 2558 8
1297 38 12 2804 8
1297 33 25 2677 10
1297 96 45 1920 12
1297 59 12 3917 8
1297 4 12 1009 8
1297 1 25 844 10
1297 99 12 2754 8
1297 50 45 1759 12
1297 3 45 508 12
1297 15 45 1010 12
1297 76 12 1623 8
1297 35 12 748 8
1297 36 45 3258 12
1297 16 25 2803 10
1297 17 25 1061 10
1297 99 45 3217 12
1297 29 25 1705 10
1297 94 25 3159 10
1297 4 12 2854 8
1297 30 45 1431 12
1297 13 45 2866 12
1297 29 25 3273 10
1297 7 12 1390 8
1297 59 45 1184 12
1297 8 25 1101 10
1297 85 25 2171 10
1297 29 45 2899 12
1297 43 45 609 12
1297 79 12 609 8
1297 94 25 1714 10
1297 44 25 2847 10
1297 0 25 2847 10
1297 20 45 109 12
1297 37 25 998 10
1297 25 12 502 8
1297 35 12 502 8
1297 94 45 674 12
1297 28 45 2512 12
1297 63 45 1671 12
1297 65 25 103 10
1297 86 25 2224 10
1297 76 12 8 8
1297 75 25 2803 10
1297 37 12 2064 8
1297 43 25 1124 10
1297 45 45 267 12
1297 74 12 2006 8
1297 49 25 107 10
1297 31 45 2688 12
1297 89 45 311 12
1297 16 12 677 8
1297 82 25 1658 10
1297 33 45 1124 12
1297 43 12 703 8
1297 11 45 286 12
1297 15 12 1069 8
1297 64 45 622 12
1297 67 12 2837 8
1297 21 45 2599 12
1297 93 45 1529 12
1297 61 45 1422 12
1297 2 25 1613 10
1297 44 12 1257 8
1297 87 25 875 10
1297 41 45 2864 12
1297 3 12 3594 8
1297 74 25 1864 10
1297 34 45 1806 12
1297 73 45 2138 12
1297 0 25 1203 10
1297 77 45 1931 12
1297 10 45 2929 12
1297 58 12 284 8
1297 77 12 2780 8
1297 40 25 558 10
1297 81 12 169 8
1297 99 12 393 8
1297 88 12 2870 8
1297 35 25 183 10
1297 75 25 127 10
1297 18 25 3858 10
1297 22 25 3275 10
1297 2 25 1921 10
1297 99 12 499 8
1297 27 12 2227 8
1297 19 45 1907 12
1297 39 12 1929 8
1297 12 25 2778 10
1297 84 12 887 8
1297 76 45 545 12
1297 49 25 1081 10
1297 68 25 1339 10
1297 35 12 2870 8
1297 42 45 345 12
1297 74 12 1686 8
1297 92 25 1806 10
1297 5 45 883 12
1297 85 25 1356 10
1297 29 45 1769 12
1297 33 12 571 8
1297 71 12 1295 8
1297 69 45 557 12
1297 58 25 2141 10
1297 45 45 508 12
1297 96 25 660 10
1297 36 25 1150 10
1297 16 25 707 10
1297 56 25 2173 10
1297 90 25 1262 10
1297 2 12 3983 8
1297 42 45 345 12
1297 6 12 318 8
1297 44 45 3819 12
1297 37 45 719 12
1297 1 12 2870 8
1297 34 25 707 10
1297 59 45 1780 12
1297 30 25 788 10
1297 24 25 636 10
1297 24 25 1251 10
1297 28 25 1700 10
1297 34 25 927 10
1297 50 25 684 10
1297 15 25 2497 10
1297 22 45 446 12
1297 78 25 927 10
1297 56 25 399 10
1297 48 45 76 12
1297 12 45 427 12
1297 92 45 427 12
1297 87 45 427 12
1297 72 25 1038 10
1297 26 12 1726 8
1297 99 45 2432 12
1297 32 12 2891 8
1297 7 25 269 10
1297 20 45 2161 12
1297 96 12 2466 8
1297 0 25 503 10
1297 76 12 2172 8
1297 0 12 1718 8
1297 24 25 3809 10
1297 70 12 179 8
1297 21 12 1989 8
1297 17 45 599 12
1297 92 45 3415 12
1297 56 25 1101 10
1297 44 25 1744 10
1297 77 12 2446 8
1297 65 25 302 10
1297 44 25 3696 10
1297 14 25 2828 10
1297 3 45 1256 12
1297 11 12 2776 8
1297 14 12 3707 8
1297 38 45 181 12
1297 48 45 689 12
1297 71 45 800 12
1297 16 25 1970 10
1298 79 12 1777 8
1298 45 25 132 10
1298 73 12 3448 8
1298 67 25 3451 10
1298 15 12 1810 8
1298 81 12 2101 8
1298 8 45 599 12
1298 70 45 2949 12
1298 94 25 630 10
1298 58 45 1594 12
1298 74 25 347 10
1298 14 25 3895 10
1298 52 25 2045 10
1298 16 25 120 10
1298 45 25 2412 10
1298 87 45 674 12
1298 90 45 1781 12
1298 88 25 3774 10
1298 23 12 616 8
1298 97 45 1940 12
1298 92 12 1434 8
1298 86 45 2791 12
1298 46 12 2945 8
1298 0 45 199 12
1298 70 45 199 12
1298 51 25 1673 10
1298 28 25 2397 10
1298 1 25 1576 10
1298 72 25 2166 10
1298 98 25 461 10
1298 97 25 461 10
1298 17 25 118 10
1298 14 45 1616 12
1298 67 25 868 10
1298 98 45 205 12
1298 88 45 540 12
1298 91 12 1386 8
1298 62 25 1300 10
1298 39 12 381 8
1298 78 12 1449 8
1298 77 45 602 12
1298 33 25 3715 10
1298 25 25 887 10
1298 72 45 1824 12
1298 83 25 2863 10
1298 77 25 3751 10
1298 1 45 1781 12
1298 4 45 365 12
1298 62 12 2870 8
1298 59 12 3414 8
1298 45 45 1178 12
1298 53 25 103 10
1298 0 12 2553 8
1298 11 45 1892 12
1298 17 25 1529 10
1298 65 45 1630 12
1298 68 25 899 10
1298 72 12 1871 8
1298 67 12 3341 8
1298 24 25 1816 10
1298 57 25 3240 10
1298 19 45 322 12
1298 44 12 476 8
1298 96 25 2266 10
1298 39 25 1040 10
1298 79 45 133 12
1298 77 25 2823 10
1298 10 45 1590 12
1298 75 12 28 8
1298 50 45 968 12
1298 91 25 3831 10
1298 85 45 2221 12
1298 16 12 2870 8
1298 83 12 3204 8
1298 96 25 1300 10
1298 71 45 1719 12
1298 33 45 3981 12
1298 35 12 2680 8
1298 27 12 88 8
1298 74 25 148 10
1298 71 45 1 12
1298 97 25 2966 10
1298 55 25 2949 10
1298 10 25 2966 10
1298 66 45 376 12
1298 94 25 759 10
1298 0 45 13 12
1298 58 45 1932 12
1298 16 25 843 10
1298 58 25 664 10
1298 59 12 88 8
1298 8 45 317 12
1298 54 12 88 8
1298 68 25 1540 10
1298 53 25 887 10
1298 7 25 3338 10
1298 56 45 1329 12
1298 9 25 2497 10
1298 42 12 1082 8
1298 27 12 2053 8
1298 61 25 997 10
1298 81 12 955 8
1298 11 25 3011 10
1298 89 45 648 12
1298 33 45 2833 12
1298 20 25 2771 10
1298 86 25 2463 10
1298 80 12 1151 8
1298 79 25 1296 10
1298 66 45 1293 12
1298 30 25 2979 10
1298 8 12 1929 8
1298 75 12 3244 8
1298 48 45 1696 12
1298 73 45 3336 12
1298 72 45 382 12
1298 73 12 1615 8
1298 44 25 1430 10
1298 73 12 645 8
1298 87 25 1430 10
1298 68 12 1543 8
1298 72 12 1227 8
1298 0 25 814 10
1298 37 12 1335 8
1298 6 45 1293 12
1298 54 45 1965 12
1298 17 25 807 10
1298 64 45 1890 12
1298 22 12 1463 8
1298 96 12 1176 8
1298 10 25 1090 10
1298 30 25 2149 10
1298 86 45 1890 12
1298 20 45 2970 12
1298 90 12 113 8
1298 23 12 3765 8
1298 4 45 1575 12
1298 78 25 1623 10
1298 48 45 1700 12
1298 95 25 855 10
1298 37 45 921 12
1298 46 12 3177 8
1298 62 25 627 10
1298 43 12 2335 8
1298 53 25 712 10
1299 99 45 3881 12
1299 60 12 888 8
1299 69 25 840 10
1299 25 25 1494 10
1299 33 45 2727 12
1299 32 45 1170 12
1299 22 25 1452 10
1299 55 12 1199 8
1299 36 25 2322 10
1299 92 25 3374 10
1299 99 45 3611 12
1299 38 12 1127 8
1299 64 12 3784 8
1299 12 45 3611 12
1299 10 12 3784 8
1299 41 12 3784 8
1299 28 45 676 12
1299 36 12 2426 8
1299 38 45 410 12
1299 84 12 2437 8
1299 26 12 3784 8
1299 64 25 2887 10
1299 42 45 1652 12
1299 59 25 1813 10
1299 59 12 3244 8
1299 35 25 2718 10
1299 46 25 2752 10
1299 59 45 2373 12
1299 41 25 1370 10
1299 61 25 1463 10
1299 78 12 3434 8
1299 88 25 814 10
1299 68 12 696 8
1299 54 45 740 12
1299 53 25 2752 10
1299 41 25 709 10
1299 88 45 2519 12
1299 98 25 891 10
1299 43 45 2897 12
1299 48 25 149 10
1299 21 45 2632 12
1299 10 45 331 12
1299 13 12 1095 8
1299 62 25 1531 10
1299 59 12 753 8
1299 49 25 3751 10
1299 48 25 814 10
1299 79 12 1947 8
1299 51 25 1471 10
1299 6 12 1380 8
1299 32 45 267 12
1299 23 45 267 12
1299 71 12 2390 8
1299 38 45 2060 12
1299 60 25 418 10
1299 32 45 3824 12
1299 85 45 2998 12
1299 13 45 883 12
1299 4 12 1558 8
1299 78 12 3744 8
1299 49 25 3534 10
1299 44 25 967 10
1299 30 25 1143 10
1299 3 45 1635 12
1299 98 25 1006 10
1299 2 12 2555 8
1299 86 45 1997 12
1299 91 12 3119 8
1299 22 12 971 8
1299 96 25 3751 10
1299 19 25 3973 10
1299 13 12 262 8
1299 33 25 3286 10
1299 3 45 1110 12
1299 55 25 1909 10
1299 3 45 1526 12
1299 35 12 779 8
1299 63 25 1970 10
1299 74 25 1598 10
1299 15 25 746 10
1299 29 25 3454 10
1299 56 25 1916 10
1299 22 45 1845 12
1299 12 25 1504 10
1299 5 45 2876 12
1299 73 25 1504 10
1299 20 25 3454 10
1299 21 45 719 12
1299 90 25 2478 10
1299 86 12 1035 8
1299 68 12 1073 8
1299 71 45 2970 12
1299 47 12 1466 8
1299 70 25 2478 10
1299 21 12 1815 8
1299 65 45 1897 12
1299 86 25 656 10
1299 2 12 779 8
1299 55 12 779 8
1299 68 25 2459 10
1299 32 25 3334 10
1299 38 12 502 8
1299 22 12 779 8
1299 6 45 1771 12
1299 81 25 2627 10
1299 57 25 2949 10
1299 71 25 2949 10
1299 45 25 661 10
1299 71 45 553 12
1299 63 12 779 8
1299 6 25 1038 10
1299 43 25 1262 10
1299 55 25 1805 10
1299 38 25 3756 10
1299 63 45 1892 12
1299 92 45 2758 12
1299 47 25 1810 10
1299 94 25 861 10
1299 60 25 1810 10
1299 8 45 3298 12
1299 45 25 539 10
1299 74 12 411 8
1299 83 25 1638 10
1299 77 45 3403 12
1299 7 25 1050 10
1299 64 12 855 8
1299 17 12 1163 8
1299 35 12 1888 8
1299 51 45 1194 12
1299 48 25 498 10
1299 20 45 260 12
1299 66 12 1453 8
1299 50 12 1503 8
1299 36 25 1412 10
1299 77 12 614 8
1299 37 45 1674 12
1300 38 12 3136 8
1300 6 12 2812 8
1300 21 45 1054 12
1300 42 45 156 12
1300 36 12 338 8
1300 91 25 168 10
1300 22 25 261 10
1300 64 12 1148 8
1300 27 12 3729 8
1300 82 25 2102 10
1300 79 25 1631 10
1300 20 45 68 12
1300 41 45 699 12
1300 86 25 1151 10
1300 7 12 908 8
1300 31 45 650 12
1300 8 12 1497 8
1300 78 45 1532 12
1300 28 12 1225 8
1300 95 45 1199 12
1300 72 45 284 12
1300 63 12 2097 8
1300 55 12 3692 8
1300 24 25 3093 10
1300 18 25 1870 10
1300 13 12 1757 8
1300 34 25 2730 10
1300 69 25 3751 10
1300 52 45 331 12
1300 28 45 1553 12
1300 86 25 3751 10
1300 25 12 1034 8
1300 65 25 90 10
1300 83 45 2407 12
1300 62 25 2559 10
1300 49 45 1732 12
1300 98 25 800 10
1300 85 25 509 10
1300 26 45 596 12
1300 44 25 3528 10
1300 81 25 800 10
1300 53 25 450 10
1300 58 25 2882 10
1300 82 25 453 10
1300 57 12 161 8
1300 2 12 3641 8
1300 72 12 3093 8
1300 10 45 1495 12
1300 46 25 2701 10
1300 35 12 2426 8
1300 62 25 509 10
1300 83 25 2843 10
1300 34 25 368 10
1300 26 25 397 10
1300 58 45 664 12
1300 23 45 326 12
1300 11 45 849 12
1300 39 45 3611 12
1300 93 45 3611 12
1300 35 25 1363 10
1300 69 25 1363 10
1300 16 25 1722 10
1300 48 12 1482 8
1300 53 25 3528 10
1300 57 25 1941 10
1300 23 25 3528 10
1300 28 25 2972 10
1300 20 12 245 8
1300 88 12 293 8
1300 30 25 453 10
1300 6 45 2794 12
1300 68 45 1283 12
1300 68 45 381 12
1300 43 45 3161 12
1300 93 25 1977 10
1300 49 45 1630 12
1300 62 45 962 12
1300 18 25 118 10
1300 50 25 1039 10
1300 53 12 746 8
1300 98 12 3169 8
1300 81 25 2302 10
1300 76 45 4 12
1300 35 45 3355 12
1300 88 25 1982 10
1300 56 25 453 10
1300 56 45 75 12
1300 71 25 3528 10
1300 64 45 586 12
1300 41 45 586 12
1300 0 25 453 10
1300 61 12 345 8
1300 37 25 2034 10
1301 1 25 337 10
1301 80 25 2923 10
1301 29 25 202 10
1301 69 25 337 10
1301 12 45 2164 12
1301 31 25 1186 10
1301 28 45 1590 12
1301 81 12 3606 8
1301 85 25 2243 10
1301 19 45 1947 12
1301 12 12 3784 8
1301 49 25 1912 10
1301 43 25 650 10
1301 9 12 1851 8
1301 16 12 1485 8
1301 16 12 3983 8
1301 13 12 202 8
1301 96 45 507 12
1301 87 25 1072 10
1301 94 25 1954 10
1301 28 25 1861 10
1301 28 45 3504 12
1301 31 45 1759 12
1301 73 12 2006 8
1301 48 45 3177 12
1301 96 45 167 12
1301 36 25 167 10
1301 65 25 450 10
1301 62 25 2820 10
1301 14 45 2643 12
1301 9 12 1174 8
1301 95 45 2632 12
1301 25 12 1174 8
1301 1 25 147 10
1301 77 25 421 10
1301 73 25 102 10
1301 64 12 1484 8
1301 48 45 2078 12
1301 91 12 1001 8
1301 63 12 1484 8
1301 74 12 1484 8
1302 58 45 3084 12
1302 17 45 63 12
1302 82 12 1001 8
1302 68 12 1606 8
1302 36 45 2459 12
1302 91 25 338 10
1302 4 25 656 10
1302 91 12 1179 8
1302 11 45 1273 12
1302 8 45 1198 12
1302 88 25 1315 10
1302 29 25 1506 10
1302 21 25 956 10
1302 14 12 1463 8
1302 27 45 431 12
1302 52 25 1967 10
1302 65 12 3784 8
1302 99 45 982 12
1302 26 12 700 8
1302 7 25 1912 10
1302 99 45 1809 12
1302 45 25 709 10
1302 92 45 431 12
1302 92 45 1069 12
1302 12 25 928 10
1302 90 25 1224 10
1302 52 45 3744 12
1302 22 25 3494 10
1302 64 12 3849 8
1302 81 45 1892 12
1302 86 25 2685 10
1302 41 25 1823 10
1302 72 25 376 10
1302 0 25 111 10
1302 39 25 1944 10
1302 3 25 204 10
1302 11 25 204 10
1302 45 25 3955 10
1302 8 25 3528 10
1302 0 25 93 10
1302 3 45 2755 12
1302 65 45 1853 12
1302 35 45 3238 12
1302 20 12 1919 8
1302 99 45 2036 12
1302 34 25 1234 10
1302 51 12 2990 8
1302 86 25 393 10
1302 26 25 2076 10
1302 22 45 199 12
1302 2 25 93 10
1302 21 12 322 8
1302 65 12 139 8
1302 64 25 1727 10
1302 8 25 596 10
1302 49 25 596 10
1302 36 25 757 10
1302 64 12 669 8
1302 39 45 2284 12
1302 7 12 2851 8
1303 9 45 1518 12
1303 77 25 676 10
1303 87 25 752 10
1303 5 25 676 10
1303 96 25 1046 10
1303 19 25 2762 10
1303 29 45 3445 12
1303 40 45 2195 12
1303 89 45 2338 12
1303 3 25 1227 10
1303 50 45 2932 12
1303 56 12 394 8
1303 99 12 322 8
1303 95 45 402 12
1303 58 25 2972 10
1303 78 25 3629 10
1303 4 25 302 10
1303 90 45 1613 12
1303 28 45 1346 12
1303 72 12 63 8
1303 85 12 2388 8
1303 57 45 1324 12
1303 7 25 1121 10
1303 84 25 1081 10
1303 18 45 269 12
1303 8 45 1635 12
1303 21 45 1635 12
1303 59 45 3120 12
1303 16 45 1947 12
1303 77 25 3306 10
1303 80 45 118 12
1303 23 25 2847 10
1303 0 45 3298 12
1303 55 25 2243 10
1303 36 25 1262 10
1303 8 25 189 10
1303 36 45 3848 12
1303 98 45 1645 12
1303 30 45 181 12
1303 70 25 1788 10
1303 88 12 2989 8
1303 37 45 1909 12
1303 85 25 1161 10
1303 12 25 3897 10
1303 5 25 3532 10
1303 12 45 3367 12
1303 89 45 689 12
1303 15 25 310 10
1303 98 25 336 10
1303 70 25 1758 10
1303 43 12 786 8
1303 71 25 2822 10
1303 44 45 715 12
1303 14 25 3831 10
1303 56 25 456 10
1303 92 12 2445 8
1303 62 12 241 8
1303 72 25 1674 10
1303 17 25 3423 10
1303 29 12 1646 8
1303 19 45 3598 12
1303 11 25 3338 10
1303 53 12 2081 8
1303 46 12 1841 8
1303 83 25 814 10
1303 76 12 1846 8
1303 68 12 2097 8
1303 96 25 1478 10
1303 33 12 3784 8
1303 64 12 229 8
1303 89 12 3789 8
1303 88 12 3784 8
1303 39 45 1880 12
1303 9 25 1549 10
1303 24 45 987 12
1303 65 25 364 10
1303 34 12 2081 8
1303 93 45 1018 12
1303 57 25 469 10
1303 63 25 713 10
1303 20 25 1982 10
1303 91 25 1430 10
1303 83 25 3502 10
1303 36 25 55 10
1303 50 25 1102 10
1303 99 45 1059 12
1303 93 12 844 8
1303 31 12 3784 8
1303 30 12 399 8
1303 74 25 1690 10
1303 96 12 1153 8
1304 64 45 3847 12
1304 10 25 588 10
1304 54 25 1450 10
1304 85 25 602 10
1304 38 45 1272 12
1304 82 25 1638 10
1304 30 25 3779 10
1304 64 12 2312 8
1304 79 45 1366 12
1304 79 25 314 10
1304 64 25 2948 10
1304 12 25 773 10
1304 98 45 1272 12
1304 87 25 85 10
1304 45 12 2234 8
1304 50 25 88 10
1304 30 45 1238 12
1304 55 45 1238 12
1304 64 45 1506 12
1304 64 25 3746 10
1304 69 12 596 8
1304 21 25 1455 10
1304 11 25 1490 10
1304 31 25 2452 10
1304 42 45 1022 12
1304 40 45 1095 12
1304 52 45 1095 12
1304 35 25 179 10
1304 23 25 1473 10
1304 55 45 302 12
1304 58 45 817 12
1304 92 25 310 10
1304 17 25 1398 10
1304 17 25 310 10
1304 80 25 1727 10
1304 51 25 328 10
1304 37 25 2690 10
1304 11 45 1707 12
1304 11 45 3753 12
1304 20 12 656 8
1304 54 12 1630 8
1304 41 25 58 10
1304 44 12 1980 8
1304 33 12 1945 8
1304 58 45 3461 12
1304 69 45 1095 12
1304 77 45 1095 12
1304 70 45 1238 12
1304 71 25 3663 10
1304 96 12 700 8
1304 52 45 1981 12
1304 42 25 113 10
1304 16 25 3657 10
1304 68 12 852 8
1304 92 45 345 12
1304 36 25 2158 10
1304 12 25 1803 10
1304 60 45 544 12
1304 4 45 2956 12
1304 34 12 753 8
1304 29 45 3582 12
1304 67 12 3346 8
1304 4 45 240 12
1304 97 25 1753 10
1304 15 12 605 8
1304 87 45 1415 12
1304 67 25 1644 10
1304 37 25 1081 10
1304 50 12 3346 8
1304 14 25 1794 10
1304 8 45 1663 12
1304 69 45 1564 12
1304 41 12 304 8
1304 80 25 2247 10
1304 61 45 984 12
1304 92 45 1238 12
1304 6 45 1159 12
1304 49 25 969 10
1304 98 12 3143 8
1304 33 45 1238 12
1304 27 45 1238 12
1304 92 45 508 12
1304 2 12 1419 8
1304 5 12 3917 8
1304 86 45 1965 12
1304 72 25 96 10
1304 9 12 235 8
1304 38 25 1848 10
1304 71 25 513 10
1304 24 12 1466 8
1304 48 25 3222 10
1304 4 45 1238 12
1304 51 45 1238 12
1304 36 45 1107 12
1304 27 45 1238 12
1304 52 25 755 10
1305 85 25 1982 10
1305 56 25 1604 10
1305 15 12 41 8
1305 55 45 1003 12
1305 17 25 191 10
1305 42 25 1918 10
1305 50 45 462 12
1305 79 12 477 8
1305 22 45 3067 12
1305 83 25 1732 10
1305 98 12 855 8
1305 7 25 2912 10
1305 30 25 272 10
1305 69 12 115 8
1305 4 12 57 8
1305 90 45 292 12
1305 59 12 115 8
1305 8 12 115 8
1305 48 25 1767 10
1305 69 12 289 8
1305 85 25 366 10
1305 80 25 444 10
1305 25 25 1566 10
1305 22 12 771 8
1305 3 45 2811 12
1305 35 45 2286 12
1305 30 25 443 10
1305 22 12 161 8
1305 48 25 443 10
1305 61 25 2497 10
1305 94 25 2497 10
1305 28 25 2497 10
1305 46 12 627 8
1305 6 45 378 12
1305 2 25 2126 10
1305 73 25 1542 10
1305 61 12 1852 8
1305 41 25 811 10
1305 79 25 656 10
1305 47 45 1762 12
1305 74 12 315 8
1305 84 12 1653 8
1305 75 12 3375 8
1305 2 45 13 12
1305 80 45 3541 12
1305 82 12 1919 8
1305 63 12 1483 8
1305 16 45 832 12
1305 9 12 2446 8
1305 67 25 1071 10
1305 13 25 950 10
1305 27 12 2446 8
1305 20 25 953 10
1305 97 25 3013 10
1305 27 25 1534 10
1305 29 45 659 12
1305 71 45 1873 12
1305 74 25 2830 10
1305 1 25 902 10
1305 44 45 311 12
1305 60 45 3611 12
1305 18 25 534 10
1305 40 45 2619 12
1305 75 45 1752 12
1305 34 25 482 10
1305 7 25 3955 10
1305 72 12 706 8
1305 9 12 3954 8
1305 70 12 3470 8
1305 32 45 1999 12
1305 51 25 705 10
1305 7 12 1835 8
1305 96 25 127 10
1305 43 25 2942 10
1305 78 25 511 10
1305 36 12 1377 8
1305 37 25 1917 10
1305 21 45 1194 12
1305 97 25 1917 10
1305 80 12 252 8
1305 24 12 252 8
1305 50 45 2942 12
1305 59 25 2701 10
1305 68 45 956 12
1305 40 25 3197 10
1305 10 25 733 10
1305 25 25 1363 10
1305 44 25 351 10
1305 7 25 1806 10
1305 66 25 102 10
1305 74 25 445 10
1305 39 45 1463 12
1305 2 25 1740 10
1305 61 25 371 10
1305 98 45 948 12
1305 31 25 382 10
1305 99 12 73 8
1305 21 12 997 8
1305 79 25 1028 10
1305 10 45 1680 12
1305 16 25 1817 10
1305 63 12 3806 8
1305 10 45 1401 12
1305 10 45 2314 12
1305 13 25 2670 10
1305 3 25 2016 10
1305 4 25 2804 10
1305 82 25 3994 10
1305 16 45 1956 12
1305 55 25 3231 10
1305 60 25 3921 10
1305 32 12 554 8
1305 33 25 1959 10
1305 50 45 1769 12
1305 68 25 1028 10
1305 98 25 3731 10
1305 25 45 913 12
1305 87 25 3731 10
1305 92 25 2955 10
1305 28 12 501 8
1305 67 45 2755 12
1305 72 12 2697 8
1305 13 25 3434 10
1305 74 45 2660 12
1305 19 45 1124 12
1305 47 25 1955 10
1305 61 45 987 12
1305 66 45 3901 12
1305 90 12 1034 8
1305 57 12 34 8
1305 54 12 1034 8
1305 58 12 168 8
1305 78 25 573 10
1305 17 12 1462 8
1305 97 45 1885 12
1305 47 45 1419 12
1305 25 12 1375 8
1305 98 45 3775 12
1305 80 25 1732 10
1306 5 25 1275 10
1306 48 25 293 10
1306 54 45 228 12
1306 46 25 776 10
1306 90 45 1224 12
1306 98 25 590 10
1306 50 12 774 8
1306 83 12 1056 8
1306 69 12 1408 8
1306 41 45 438 12
1306 50 45 1224 12
1306 16 25 3175 10
1306 52 12 2804 8
1306 99 12 1118 8
1306 75 45 2780 12
1306 10 45 1102 12
1306 94 45 3489 12
1306 22 45 1781 12
1306 39 45 240 12
1306 91 25 1352 10
1306 18 25 3102 10
1306 87 45 1464 12
1306 27 45 2136 12
1306 24 25 1836 10
1306 89 45 1873 12
1306 10 25 279 10
1306 45 12 1972 8
1306 20 45 1508 12
1306 82 25 1517 10
1306 96 25 1227 10
1306 92 25 3969 10
1306 40 25 1511 10
1306 87 45 2660 12
1306 28 45 709 12
1306 41 25 2891 10
1306 18 12 897 8
1306 93 45 982 12
1306 13 25 269 10
1306 22 12 3768 8
1306 30 25 1054 10
1306 40 12 1958 8
1306 38 45 7 12
1306 74 45 614 12
1306 10 25 811 10
1306 74 25 1784 10
1306 54 25 333 10
1306 76 12 2446 8
1306 6 25 2617 10
1306 93 12 1894 8
1306 6 25 1028 10
1306 40 12 1013 8
1306 94 12 1056 8
1306 98 25 310 10
1306 28 25 1771 10
1306 48 12 2305 8
1306 14 25 2068 10
1306 81 25 3525 10
1306 82 45 2368 12
1306 37 12 93 8
1306 38 12 3129 8
1306 70 12 1936 8
1306 94 45 1879 12
1306 69 45 3461 12
1306 44 12 1362 8
1306 52 12 1130 8
1306 26 12 2915 8
1306 54 12 271 8
1306 58 45 515 12
1306 17 25 1889 10
1306 96 45 1687 12
1306 64 25 1785 10
1306 43 25 3866 10
1306 54 12 655 8
1306 8 12 1189 8
1306 34 12 150 8
1306 69 25 3969 10
1306 76 25 2377 10
1306 65 25 3994 10
1306 86 25 233 10
1306 55 25 316 10
1306 45 25 1636 10
1306 35 25 167 10
1306 72 25 1982 10
1306 48 25 216 10
1306 60 12 1130 8
1306 41 45 3503 12
1306 98 25 1452 10
1306 97 12 3597 8
1306 42 45 1885 12
1306 46 12 1421 8
1306 10 25 1334 10
1306 41 12 884 8
1306 22 25 1494 10
1306 53 12 956 8
1306 32 25 393 10
1306 59 25 115 10
1306 79 12 956 8
1306 92 45 591 12
1306 30 45 1781 12
1306 75 25 654 10
1306 78 45 3802 12
1306 6 25 3895 10
1306 50 45 2024 12
1306 93 25 1227 10
1306 47 45 362 12
1306 67 25 1334 10
1306 24 12 3771 8
1306 30 25 3144 10
1306 23 45 1248 12
1306 33 25 2383 10
1306 96 25 1699 10
1306 9 45 1909 12
1306 64 45 1112 12
1306 55 12 102 8
1306 30 25 1866 10
1306 62 45 1652 12
1306 22 12 3355 8
1306 42 12 1530 8
1306 56 25 3882 10
1306 41 25 1495 10
1306 97 25 831 10
1306 42 45 456 12
1307 11 12 2390 8
1307 75 45 1117 12
1307 84 25 22 10
1307 50 45 968 12
1307 81 45 909 12
1307 9 45 1039 12
1307 3 12 824 8
1307 60 25 1725 10
1307 76 12 806 8
1307 57 12 1132 8
1307 67 25 2869 10
1307 48 25 2259 10
1307 50 12 2392 8
1307 2 45 1293 12
1307 91 12 1414 8
1307 4 25 2434 10
1307 71 45 3338 12
1307 11 12 708 8
1307 94 25 2828 10
1307 99 12 1241 8
1307 80 25 1455 10
1307 13 45 1866 12
1307 58 25 2840 10
1307 91 12 3560 8
1307 57 25 1244 10
1307 90 45 909 12
1307 96 45 832 12
1307 55 25 3788 10
1307 79 45 2579 12
1307 32 12 1211 8
1307 84 45 2664 12
1307 36 12 1178 8
1307 61 12 748 8
1307 43 12 3579 8
1307 17 25 1239 10
1307 39 25 904 10
1307 71 45 1468 12
1307 46 12 318 8
1307 49 25 2949 10
1307 88 12 136 8
1307 3 45 1535 12
1307 95 25 1493 10
1307 78 45 2853 12
1307 44 12 1156 8
1307 7 25 2722 10
1307 84 45 1387 12
1307 7 12 1776 8
1307 81 25 2949 10
1307 79 45 1106 12
1307 33 12 2372 8
1307 16 25 2820 10
1307 74 25 2942 10
1307 64 25 1889 10
1307 45 25 241 10
1307 40 25 153 10
1307 82 25 2497 10
1307 31 12 1710 8
1307 21 25 2601 10
1307 40 12 1413 8
1307 80 25 1253 10
1307 42 25 1785 10
1307 40 25 2497 10
1307 6 45 3477 12
1307 26 45 1393 12
1307 54 12 271 8
1307 79 12 1797 8
1307 89 45 319 12
1307 52 25 2738 10
1307 55 25 537 10
1307 84 25 537 10
1307 78 25 3513 10
1307 1 25 283 10
1307 18 45 1885 12
1307 60 12 934 8
1307 61 12 3325 8
1307 35 25 2765 10
1307 65 12 405 8
1307 56 12 2081 8
1307 1 25 2595 10
1307 95 25 178 10
1307 71 45 1652 12
1307 83 12 706 8
1307 36 12 1448 8
1307 84 25 1047 10
1308 76 12 2371 8
1308 80 25 436 10
1308 24 45 1574 12
1308 29 25 3057 10
1308 54 25 3102 10
1308 69 45 3238 12
1308 50 25 3413 10
1308 81 45 3238 12
1308 48 12 2977 8
1308 68 25 382 10
1308 49 12 1244 8
1308 79 12 1486 8
1308 65 25 1095 10
1308 26 45 2403 12
1308 11 25 337 10
1308 5 25 939 10
1308 65 45 2878 12
1308 73 45 253 12
1308 98 25 167 10
1308 22 25 3168 10
1308 92 25 1203 10
1308 17 25 1203 10
1308 38 25 1894 10
1308 98 45 2498 12
1308 34 45 2300 12
1308 88 45 1699 12
1308 21 25 463 10
1308 20 45 990 12
1308 36 12 423 8
1308 73 12 748 8
1308 71 12 1256 8
1308 62 45 3673 12
1308 94 12 1089 8
1308 18 25 1452 10
1308 96 45 1566 12
1308 33 45 1154 12
1308 48 25 1474 10
1308 75 12 786 8
1308 39 25 1088 10
1308 16 12 457 8
1308 46 25 1675 10
1308 13 12 1307 8
1308 20 45 624 12
1308 94 45 3133 12
1308 95 45 1300 12
1308 3 45 883 12
1308 12 25 831 10
1308 68 45 1981 12
1308 43 45 629 12
1308 6 25 1350 10
1308 12 12 1497 8
1308 50 25 1011 10
1308 40 25 1224 10
1308 39 12 3525 8
1309 33 25 527 10
1309 21 25 2572 10
1309 8 25 2572 10
1309 5 25 2572 10
1309 50 25 880 10
1309 96 45 3236 12
1309 3 25 437 10
1309 20 25 3272 10
1309 92 45 366 12
1309 36 25 411 10
1309 39 25 468 10
1309 48 12 2867 8
1309 33 12 341 8
1309 37 45 44 12
1309 25 45 1591 12
1309 95 25 527 10
1309 0 25 429 10
1309 62 45 2415 12
1309 56 45 402 12
1309 94 12 2449 8
1309 49 25 2200 10
1309 21 25 1111 10
1309 78 45 1714 12
1309 80 45 1589 12
1309 4 45 2035 12
1309 45 45 1125 12
1309 46 45 1975 12
1309 73 25 831 10
1309 92 45 605 12
1309 38 12 1796 8
1309 90 45 25 12
1309 81 25 3878 10
1309 95 45 1305 12
1309 63 45 25 12
1309 51 45 3863 12
1309 8 12 2851 8
1309 98 25 478 10
1309 86 25 2920 10
1309 18 25 2920 10
1309 44 45 365 12
1309 77 12 1135 8
1309 73 45 3075 12
1309 64 45 2890 12
1309 12 45 2819 12
1309 7 12 761 8
1309 35 45 3936 12
1309 30 45 833 12
1309 22 12 697 8
1309 99 25 3177 10
1309 81 25 1392 10
1309 43 12 1581 8
1309 70 25 1055 10
1309 92 12 1458 8
1309 13 45 1490 12
1309 1 45 883 12
1309 44 25 1321 10
1309 29 12 3760 8
1309 77 25 1675 10
1309 43 25 1392 10
1309 60 12 8 8
1309 71 12 1412 8
1309 41 45 473 12
1309 31 25 454 10
1309 73 25 1416 10
1309 45 25 418 10
1309 21 25 2465 10
1309 46 45 1999 12
1309 26 25 925 10
1309 59 45 912 12
1309 5 45 827 12
1309 57 45 827 12
1310 40 45 1950 12
1310 90 12 666 8
1310 87 12 3483 8
1310 18 25 3810 10
1310 1 25 1351 10
1310 3 25 2478 10
1310 93 12 871 8
1310 14 25 3450 10
1310 66 45 292 12
1310 68 25 1803 10
1310 6 45 292 12
1310 40 45 1307 12
1310 59 25 1030 10
1310 50 25 313 10
1310 64 25 1055 10
1310 78 12 1354 8
1310 12 25 1789 10
1310 65 12 2269 8
1310 52 45 464 12
1310 20 12 570 8
1310 54 25 3633 10
1310 72 45 691 12
1310 5 25 13 10
1310 29 12 781 8
1310 14 12 654 8
1310 10 25 1267 10
1310 85 25 621 10
1310 88 12 1013 8
1310 69 25 621 10
1310 85 25 935 10
1310 46 25 3370 10
1310 11 12 703 8
1310 23 12 363 8
1310 88 45 2431 12
1310 82 25 2707 10
1310 38 12 1013 8
1310 56 12 1354 8
1310 35 25 3226 10
1310 9 12 1357 8
1310 30 12 1870 8
1310 78 12 15 8
1310 35 12 881 8
1310 75 25 455 10
1310 3 25 2978 10
1310 24 25 2436 10
1310 67 45 3598 12
1310 14 45 2599 12
1310 66 12 2270 8
1310 75 45 3718 12
1310 48 12 2527 8
1310 94 45 1023 12
1310 57 25 1443 10
1310 82 25 3149 10
1310 65 45 1393 12
1310 81 12 3794 8
1310 3 25 1443 10
1310 95 25 2434 10
1310 2 25 1222 10
1310 96 25 1722 10
1310 11 25 3149 10
1310 82 25 1741 10
1310 25 25 3199 10
1310 92 12 1047 8
1310 53 45 648 12
1310 85 25 358 10
1310 97 12 2270 8
1310 93 25 1561 10
1310 69 25 1263 10
1311 2 25 26 10
1311 38 12 391 8
1311 11 45 3175 12
1311 57 12 1427 8
1311 24 25 707 10
1311 16 12 1477 8
1311 89 25 751 10
1311 3 45 1539 12
1311 71 25 756 10
1311 79 12 2420 8
1311 38 12 2241 8
1311 42 25 117 10
1311 17 25 1836 10
1311 63 25 1020 10
1311 80 45 1671 12
1311 48 25 435 10
1311 58 12 277 8
1311 26 25 691 10
1311 8 25 1525 10
1311 84 12 297 8
1311 3 45 1117 12
1311 28 25 1705 10
1311 21 25 1146 10
1311 2 25 2504 10
1311 0 45 1688 12
1311 96 45 994 12
1311 17 12 1915 8
1311 43 45 2729 12
1311 72 25 656 10
1311 64 25 676 10
1311 34 25 798 10
1311 61 45 2588 12
1311 94 25 1318 10
1311 35 45 3343 12
1311 87 45 3258 12
1311 63 45 1571 12
1311 47 25 1444 10
1311 77 45 3997 12
1311 89 45 1809 12
1311 32 25 1183 10
1311 76 45 588 12
1311 83 45 2440 12
1311 16 25 814 10
1311 94 45 1346 12
1311 18 25 3062 10
1311 92 25 431 10
1311 53 25 3751 10
1311 73 25 636 10
1311 51 25 1143 10
1311 48 12 2067 8
1311 53 25 2298 10
1311 77 45 2453 12
1311 59 12 405 8
1311 88 45 1607 12
1311 2 12 1068 8
1311 2 25 795 10
1311 56 12 2527 8
1311 25 45 2298 12
1311 18 45 3943 12
1311 27 12 1616 8
1311 33 12 2472 8
1311 15 12 904 8
1311 67 45 2563 12
1311 99 25 2854 10
1311 14 25 1873 10
1311 79 45 592 12
1311 27 12 955 8
1311 38 45 1510 12
1311 9 25 148 10
1311 21 45 661 12
1311 46 12 904 8
1311 85 12 3298 8
1311 12 45 1658 12
1311 10 12 711 8
1311 29 25 1954 10
1311 14 25 3578 10
1311 76 12 1797 8
1311 81 25 1789 10
1311 82 25 3056 10
1311 98 25 1126 10
1311 31 25 1257 10
1311 10 25 353 10
1311 73 12 230 8
1311 24 12 2468 8
1311 52 25 908 10
1311 44 45 3815 12
1311 35 25 3927 10
1311 69 12 3470 8
1311 69 25 324 10
1311 8 12 1285 8
1311 66 45 1428 12
1311 66 45 1691 12
1311 53 25 1912 10
1311 53 25 333 10
1311 16 12 2383 8
1311 55 45 1370 12
1311 9 45 1793 12
1311 85 25 3876 10
1311 38 45 883 12
1311 15 12 1008 8
1311 43 12 3152 8
1311 65 12 2466 8
1311 19 25 1373 10
1311 29 45 832 12
1311 63 12 2512 8
1311 55 25 969 10
1311 84 45 3120 12
1311 25 25 465 10
1311 95 45 3014 12
1311 42 12 3095 8
1311 99 12 910 8
1311 81 12 910 8
1311 40 12 3579 8
1311 19 45 2221 12
1311 31 25 1425 10
1311 48 45 3531 12
1311 43 25 2822 10
1311 75 45 2780 12
1311 83 45 1586 12
1311 73 12 404 8
1311 18 12 84 8
1311 16 45 2866 12
1311 86 45 2310 12
1311 18 45 3160 12
1311 42 25 2093 10
1311 5 12 3087 8
1311 88 12 115 8
1311 93 25 502 10
1311 92 25 757 10
1311 82 12 357 8
1311 67 12 3087 8
1311 56 45 1030 12
1311 62 25 183 10
1311 83 25 3925 10
1311 93 45 2998 12
1311 96 45 3847 12
1311 3 25 4 10
1312 52 45 913 12
1312 38 12 3900 8
1312 75 45 3825 12
1312 54 45 3748 12
1312 84 12 3677 8
1312 23 45 934 12
1312 98 25 1789 10
1312 52 25 487 10
1312 64 12 1870 8
1312 40 45 1788 12
1312 49 45 3928 12
1312 25 12 161 8
1312 93 12 95 8
1312 36 25 301 10
1312 95 45 2080 12
1312 26 25 3831 10
1312 44 25 1408 10
1312 89 45 3085 12
1312 47 12 248 8
1312 43 12 2345 8
1312 10 25 417 10
1312 92 25 2948 10
1312 0 45 1300 12
1312 19 12 1777 8
1312 10 45 2639 12
1312 87 25 3490 10
1312 74 25 1494 10
1312 90 25 2835 10
1312 12 45 1199 12
1312 69 12 315 8
1312 35 12 1414 8
1312 99 12 1414 8
1312 38 12 1285 8
1312 6 45 1468 12
1312 84 25 3729 10
1312 90 12 1414 8
1312 57 12 3077 8
1312 50 45 1632 12
1312 87 12 3016 8
1312 96 12 1134 8
1312 44 25 1038 10
1312 24 12 2345 8
1312 0 25 20 10
1312 39 45 3560 12
1312 62 25 3643 10
1312 17 25 2805 10
1312 61 45 1707 12
1312 66 25 3107 10
1312 62 45 697 12
1312 25 25 3729 10
1312 23 25 1515 10
1312 79 12 3886 8
1312 41 12 1748 8
1312 64 25 20 10
1312 1 45 659 12
1312 1 25 2102 10
1312 95 45 2992 12
1312 4 45 3700 12
1312 50 25 374 10
1312 30 12 1395 8
1312 3 45 429 12
1312 98 12 1752 8
1312 26 12 2992 8
1312 57 12 1478 8
1312 48 25 468 10
1312 70 12 271 8
1312 43 25 468 10
1312 28 25 2118 10
1312 8 25 2978 10
1312 55 25 1804 10
1312 12 12 235 8
1312 3 45 431 12
1312 62 12 3713 8
1312 17 12 1421 8
1312 58 12 235 8
1312 87 45 1463 12
1312 68 45 2423 12
1312 64 12 3036 8
1312 71 12 235 8
1312 13 25 3781 10
1312 60 25 1568 10
1312 99 45 100 12
1312 64 25 1591 10
1312 47 12 211 8
1312 17 45 181 12
1312 73 45 1803 12
1312 85 45 1394 12
1312 28 12 2637 8
1312 7 25 883 10
1312 46 12 427 8
1312 60 12 2992 8
1312 70 12 2815 8
1312 82 12 2674 8
1312 95 12 2815 8
1312 81 25 3257 10
1312 27 12 112 8
1312 87 12 2213 8
1312 32 12 806 8
1312 16 45 2785 12
1312 95 12 214 8
1312 14 12 795 8
1312 22 45 1170 12
1312 53 12 3934 8
1312 86 45 904 12
1312 88 12 1134 8
1312 28 25 2655 10
1312 68 25 3338 10
1312 8 25 716 10
1312 69 25 946 10
1312 65 12 2207 8
1312 89 12 289 8
1312 22 12 1653 8
1312 22 12 2815 8
1312 43 12 2815 8
1312 0 25 124 10
1312 34 25 1712 10
1312 49 25 955 10
1312 7 12 1931 8
1312 84 12 3251 8
1312 23 12 1995 8
1312 71 45 1608 12
1312 75 12 1623 8
1312 99 12 666 8
1312 71 45 1321 12
1312 96 45 3749 12
1312 84 45 1943 12
1312 3 12 2697 8
1312 38 45 3405 12
1312 10 45 3496 12
1312 77 45 769 12
1312 32 25 673 10
1312 1 12 152 8
1312 34 25 916 10
1312 7 25 3913 10
1312 99 25 2261 10
1312 54 12 1013 8
1312 90 25 478 10
1312 56 45 43 12
1312 26 45 2942 12
1312 90 45 1613 12
1312 73 25 979 10
1312 49 12 2116 8
1312 89 12 268 8
1312 11 12 268 8
1312 43 45 3922 12
1312 60 12 3804 8
1312 3 25 1039 10
1312 40 25 1506 10
1312 64 45 1981 12
1312 53 45 1192 12
1312 48 45 3498 12
1312 43 45 1429 12
1312 35 25 2574 10
1312 74 12 167 8
1312 72 45 987 12
1312 56 12 1802 8
1312 81 25 2097 10
1312 41 12 3024 8
1312 34 25 1931 10
1312 5 12 1490 8
1312 56 25 454 10
1312 26 45 269 12
1312 76 25 214 10
1312 91 12 3736 8
1312 25 25 1405 10
1312 39 25 1424 10
1312 30 45 269 12
1312 74 45 987 12
1312 2 45 3818 12
1312 26 45 1053 12
1312 0 25 1509 10
1312 36 25 1890 10
1312 91 45 1925 12
1312 6 25 705 10
1312 79 25 1016 10
1312 78 12 1013 8
1312 71 45 2945 12
1312 51 25 2009 10
1312 73 25 1076 10
1312 55 45 3864 12
1312 23 25 3973 10
1312 82 25 967 10
1312 4 25 1708 10
1312 17 12 1153 8
1312 84 25 1257 10
1312 47 25 1072 10
1312 8 25 950 10
1312 1 12 1841 8
1312 27 45 213 12
1312 92 25 353 10
1312 30 12 2887 8
1312 70 45 439 12
1312 17 12 1306 8
1312 44 25 1495 10
1312 97 25 3927 10
1312 21 25 1563 10
1312 16 25 2212 10
1312 25 12 2994 8
1312 40 45 2415 12
1312 87 25 3281 10
1312 98 12 1013 8
1312 77 12 1572 8
1312 18 25 1690 10
1312 18 12 2446 8
1312 15 25 2762 10
1313 21 25 742 10
1313 3 25 686 10
1313 58 45 929 12
1313 21 12 2234 8
1313 49 45 1052 12
1313 95 25 1823 10
1313 48 45 1237 12
1313 94 12 1416 8
1313 17 45 235 12
1313 18 45 1608 12
1313 68 45 1971 12
1313 77 25 3996 10
1313 5 25 208 10
1313 47 45 1329 12
1313 9 12 922 8
1313 40 12 1854 8
1313 7 25 788 10
1313 99 45 3799 12
1313 71 12 3795 8
1313 61 45 2862 12
1313 51 45 1407 12
1313 26 25 20 10
1313 33 25 788 10
1313 83 45 1102 12
1313 82 25 285 10
1313 70 12 167 8
1313 53 25 2978 10
1313 53 25 788 10
1313 7 25 2856 10
1313 21 12 3918 8
1313 44 45 1624 12
1313 49 45 164 12
1313 80 12 541 8
1313 85 25 1925 10
1313 0 25 1714 10
1313 20 25 371 10
1313 54 25 3996 10
1313 56 12 71 8
1313 14 25 3600 10
1313 98 25 3525 10
1313 82 25 1705 10
1313 12 25 3865 10
1313 92 45 664 12
1313 31 25 433 10
1313 70 12 3916 8
1313 11 45 1272 12
1313 17 25 2955 10
1313 41 12 2023 8
1313 9 25 1493 10
1313 14 12 3916 8
1313 78 25 3528 10
1313 43 25 1145 10
1313 52 45 1591 12
1313 65 25 955 10
1313 84 25 1425 10
1313 64 45 1130 12
1313 64 12 989 8
1313 35 45 3964 12
1313 77 45 3321 12
1313 51 12 3215 8
1313 18 25 970 10
1313 23 25 1383 10
1313 84 25 1675 10
1313 58 45 1534 12
1313 82 25 371 10
1313 98 45 213 12
1313 7 25 492 10
1313 47 25 2582 10
1313 49 12 997 8
1313 39 25 449 10
1313 90 25 2439 10
1313 27 45 709 12
1313 53 12 1958 8
1313 46 45 1564 12
1313 87 12 2667 8
1313 71 45 1662 12
1313 21 45 1178 12
1313 7 25 3113 10
1313 90 25 3301 10
1313 31 45 267 12
1313 18 45 2387 12
1313 67 45 1611 12
1313 87 25 1894 10
1313 84 25 1509 10
1313 79 25 1653 10
1313 15 45 240 12
1313 20 12 293 8
1313 50 45 3628 12
1313 72 12 2674 8
1313 42 25 950 10
1313 71 25 414 10
1313 1 45 2760 12
1313 50 25 1177 10
1313 76 45 267 12
1313 59 25 950 10
1313 54 25 942 10
1313 95 25 261 10
1313 30 45 1590 12
1313 10 25 2234 10
1313 52 12 1593 8
1313 80 12 1298 8
1313 71 12 1079 8
1313 52 45 1009 12
1313 44 45 1043 12
1313 48 25 1617 10
1313 22 25 162 10
1313 41 25 950 10
1313 38 45 1632 12
1313 73 45 345 12
1313 12 25 414 10
1313 55 25 875 10
1313 24 12 1554 8
1313 86 25 543 10
1313 77 25 1652 10
1313 42 25 1831 10
1313 25 45 2760 12
1313 95 45 1055 12
1313 31 25 574 10
1313 10 12 2674 8
1313 82 12 876 8
1313 45 45 2441 12
1313 78 25 1486 10
1313 49 25 3979 10
1313 95 25 2829 10
1313 20 25 547 10
1313 44 25 1108 10
1313 40 45 1721 12
1313 65 25 879 10
1313 79 45 2887 12
1313 40 12 876 8
1313 26 45 1353 12
1313 75 25 574 10
1313 88 12 2055 8
1313 22 12 127 8
1313 78 12 235 8
1313 79 25 1357 10
1313 81 12 1712 8
1313 88 25 2285 10
1313 86 45 3396 12
1313 22 25 3292 10
1313 20 25 1730 10
1313 20 25 547 10
1314 98 25 125 10
1314 45 25 1534 10
1314 59 45 453 12
1314 95 45 376 12
1314 43 12 99 8
1314 38 25 1450 10
1314 75 25 1945 10
1314 91 45 43 12
1314 4 25 1784 10
1314 86 45 590 12
1314 49 25 1962 10
1314 56 25 3520 10
1314 68 25 303 10
1314 84 25 1135 10
1314 18 45 13 12
1314 89 25 527 10
1314 41 45 33 12
1314 89 25 1135 10
1314 65 12 3265 8
1314 77 12 1659 8
1314 74 45 1759 12
1314 66 25 807 10
1314 46 25 3623 10
1314 30 45 1016 12
1314 91 25 2931 10
1314 99 12 1420 8
1314 3 12 1006 8
1314 50 25 1716 10
1314 24 25 1541 10
1314 33 25 719 10
1314 90 25 655 10
1314 90 12 1716 8
1314 86 25 396 10
1314 97 25 3625 10
1314 52 25 1398 10
1314 49 25 1347 10
1314 6 45 284 12
1314 56 12 1093 8
1314 35 25 1135 10
1314 86 25 719 10
1314 32 25 178 10
1314 87 25 1135 10
1314 66 45 710 12
1314 15 25 2073 10
1314 61 25 1930 10
1314 10 25 1321 10
1314 32 45 2183 12
1314 31 45 586 12
1314 68 45 284 12
1314 16 25 3520 10
1314 29 25 201 10
1314 73 12 1477 8
1314 64 25 670 10
1314 99 12 923 8
1314 78 12 569 8
1314 86 12 115 8
1314 63 45 3999 12
1314 28 12 622 8
1314 23 25 2141 10
1314 28 12 291 8
1314 91 12 1356 8
1314 41 25 1412 10
1314 21 12 701 8
1314 36 12 553 8
1314 89 25 314 10
1314 35 25 1281 10
1314 57 25 946 10
1314 70 12 1123 8
1314 58 12 729 8
1314 72 45 3461 12
1314 0 25 314 10
1314 1 12 1128 8
1314 72 12 2498 8
1314 11 12 884 8
1314 57 45 2186 12
1314 79 45 2885 12
1314 94 25 2482 10
1314 72 25 816 10
1314 46 12 1150 8
1314 27 25 3738 10
1314 10 45 1536 12
1314 9 12 278 8
1314 53 45 89 12
1314 91 25 2125 10
1314 25 45 1663 12
1314 13 12 3406 8
1314 12 12 1045 8
1314 93 45 831 12
1314 63 45 160 12
1314 95 25 1967 10
1314 73 12 954 8
1314 84 45 160 12
1314 68 12 762 8
1314 37 25 1001 10
1314 20 12 477 8
1314 10 45 207 12
1314 57 45 1309 12
1314 47 45 1004 12
1314 0 45 1784 12
1314 2 45 1005 12
1314 81 12 2553 8
1314 75 12 1397 8
1314 13 45 1965 12
1314 28 25 1039 10
1314 98 25 3831 10
1314 88 25 947 10
1314 53 45 2311 12
1314 98 12 1148 8
1314 62 45 264 12
1314 14 25 1917 10
1314 30 12 96 8
1314 48 12 1484 8
1314 41 45 3780 12
1314 12 12 1717 8
1314 35 12 3822 8
1314 88 25 3994 10
1314 75 12 880 8
1314 69 45 1521 12
1314 48 25 97 10
1314 65 25 3654 10
1314 26 25 1107 10
1314 54 25 2260 10
1314 8 12 3663 8
1314 99 45 1008 12
1314 19 45 935 12
1314 87 12 1620 8
1314 98 12 777 8
1314 49 25 3518 10
1314 69 45 1248 12
1314 94 25 705 10
1314 93 45 264 12
1314 4 45 264 12
1314 96 45 947 12
1314 24 45 477 12
1314 22 12 1477 8
1314 88 45 947 12
1314 65 25 2054 10
1314 81 45 1970 12
1314 75 25 2071 10
1314 16 45 1766 12
1314 56 45 947 12
1314 31 25 1462 10
1315 6 25 744 10
1315 92 45 2999 12
1315 78 45 1039 12
1315 59 25 3772 10
1315 26 12 41 8
1315 38 25 1731 10
1315 1 45 2011 12
1315 17 12 718 8
1315 45 25 3663 10
1315 30 25 1664 10
1315 10 25 705 10
1315 64 45 1921 12
1315 20 12 499 8
1315 4 25 1647 10
1315 67 12 1440 8
1315 30 25 1530 10
1315 92 45 687 12
1315 5 25 1945 10
1315 62 12 1153 8
1315 93 12 3986 8
1315 95 25 79 10
1315 16 25 411 10
1315 61 25 3370 10
1315 47 45 3778 12
1315 36 45 1178 12
1315 49 45 2342 12
1315 87 45 1574 12
1315 59 12 605 8
1315 52 12 234 8
1315 99 45 340 12
1315 32 25 4 10
1315 4 25 3969 10
1315 66 25 853 10
1315 3 45 1873 12
1315 14 25 2345 10
1315 71 12 1708 8
1315 73 25 375 10
1315 87 25 584 10
1315 89 12 1708 8
1315 28 12 3692 8
1315 2 25 1107 10
1315 81 12 2959 8
1315 87 45 326 12
1315 88 25 2599 10
1315 5 25 3529 10
1315 23 25 3529 10
1315 57 25 1260 10
1315 73 25 3292 10
1315 40 45 2930 12
1315 68 45 3605 12
1315 46 25 2856 10
1315 20 25 1714 10
1315 7 25 1604 10
1315 68 45 2060 12
1315 79 45 359 12
1315 93 25 102 10
1315 95 25 535 10
1315 64 45 816 12
1315 13 12 960 8
1315 67 12 3130 8
1315 8 25 1604 10
1315 23 25 1581 10
1315 37 45 2060 12
1315 30 12 183 8
1315 39 12 1777 8
1315 5 45 545 12
1315 51 12 1330 8
1315 98 12 3176 8
1315 0 12 3794 8
1315 45 25 2946 10
1315 10 45 2387 12
1315 91 12 399 8
1315 32 25 2070 10
1315 23 12 1871 8
1315 44 12 3130 8
1315 55 12 41 8
1315 41 25 2805 10
1315 21 25 376 10
1315 56 45 181 12
1315 25 25 1965 10
1315 48 12 1873 8
1315 66 45 1017 12
1315 3 45 1150 12
1315 96 45 2986 12
1315 69 25 1955 10
1315 3 25 1817 10
1315 27 12 1380 8
1315 20 45 3911 12
1316 55 12 1686 8
1316 21 12 3282 8
1316 29 25 2669 10
1316 74 12 3874 8
1316 35 12 1198 8
1316 10 45 1990 12
1316 28 45 2930 12
1316 90 45 2615 12
1316 3 25 2102 10
1316 39 25 1512 10
1316 89 45 3059 12
1316 26 25 691 10
1316 64 12 2760 8
1316 29 12 3122 8
1316 4 25 663 10
1316 13 12 1035 8
1316 79 25 468 10
1316 30 25 3929 10
1316 55 45 1535 12
1316 77 45 60 12
1316 67 12 2721 8
1316 46 12 3136 8
1316 74 12 2543 8
1316 63 45 3472 12
1316 59 45 1339 12
1316 59 12 873 8
1316 89 12 2392 8
1316 14 12 2392 8
1316 57 25 1006 10
1316 25 25 1043 10
1316 59 45 1506 12
1316 23 45 2903 12
1316 97 25 3906 10
1316 39 25 803 10
1316 24 25 1195 10
1316 41 45 100 12
1316 92 25 1803 10
1316 23 25 777 10
1316 88 45 1666 12
1316 10 25 137 10
1316 26 45 3496 12
1316 77 25 2043 10
1316 88 25 3735 10
1316 72 25 2111 10
1316 16 45 3544 12
1316 77 45 196 12
1316 11 25 558 10
1316 45 45 2164 12
1316 44 45 3544 12
1316 76 12 827 8
1316 50 45 1150 12
1316 11 45 1447 12
1316 85 25 2389 10
1316 52 45 1179 12
1316 63 12 1518 8
1316 61 45 1117 12
1316 72 25 3327 10
1316 9 25 515 10
1316 2 45 418 12
1316 0 25 2068 10
1316 63 25 1150 10
1316 97 45 990 12
1316 93 12 3784 8
1316 53 25 310 10
1316 6 12 152 8
1316 25 25 177 10
1316 12 12 418 8
1316 26 12 1237 8
1316 41 45 296 12
1316 41 12 2814 8
1316 14 25 1931 10
1316 69 12 3600 8
1316 43 45 699 12
1316 6 45 484 12
1316 10 12 2114 8
1316 56 25 383 10
1316 99 45 78 12
1316 58 12 1499 8
1316 37 12 52 8
1316 74 45 2010 12
1316 87 12 2184 8
1316 38 12 2184 8
1316 6 12 3576 8
1316 97 12 3784 8
1316 16 45 1085 12
1317 78 25 1110 10
1317 6 25 656 10
1317 15 12 1334 8
1317 20 12 2445 8
1317 34 12 3438 8
1317 42 25 1443 10
1317 29 45 1199 12
1317 53 25 1861 10
1317 7 45 1164 12
1317 93 25 233 10
1317 84 45 1506 12
1317 8 25 93 10
1317 59 25 3222 10
1317 67 25 3023 10
1317 26 25 957 10
1317 4 25 2295 10
1317 61 25 1262 10
1317 31 12 1068 8
1317 54 45 3802 12
1317 3 45 3445 12
1317 4 25 1825 10
1317 87 25 2972 10
1317 78 25 2552 10
1317 61 25 3520 10
1317 17 45 1199 12
1317 60 25 1845 10
1317 51 45 1828 12
1317 15 25 3973 10
1317 49 25 1005 10
1317 98 12 432 8
1317 67 25 1712 10
1317 6 12 432 8
1317 3 25 41 10
1317 57 25 552 10
1317 0 25 597 10
1317 63 12 169 8
1317 17 12 1794 8
1317 27 25 1566 10
1317 66 12 1396 8
1317 36 25 1407 10
1317 86 12 1418 8
1317 11 45 405 12
1317 16 45 1514 12
1317 61 25 3206 10
1317 98 25 3451 10
1317 35 45 292 12
1317 59 25 1370 10
1317 98 25 3206 10
1317 81 25 2125 10
1317 93 45 1191 12
1317 39 12 859 8
1317 11 45 1652 12
1317 36 25 1954 10
1317 34 25 3460 10
1317 4 12 1266 8
1317 77 25 156 10
1317 21 25 2217 10
1317 57 25 993 10
1317 98 45 2442 12
1317 5 25 2701 10
1317 79 25 2701 10
1317 36 45 1703 12
1317 33 25 2452 10
1317 78 12 744 8
1317 4 25 948 10
1317 1 12 2020 8
1317 69 25 1771 10
1317 39 12 2472 8
1317 18 45 1903 12
1317 13 12 727 8
1317 53 12 2081 8
1317 22 45 3273 12
1317 0 12 3715 8
1317 44 12 2241 8
1317 80 25 1180 10
1317 13 45 100 12
1317 45 25 1982 10
1317 42 45 2164 12
1317 32 45 1997 12
1317 65 45 353 12
1317 36 45 1017 12
1317 31 25 1615 10
1317 37 12 2590 8
1317 88 25 31 10
1317 41 12 1630 8
1317 90 25 3955 10
1317 82 45 185 12
1317 84 45 1272 12
1317 72 45 844 12
1317 94 25 803 10
1317 70 45 516 12
1317 64 25 2186 10
1317 20 45 3009 12
1317 16 12 1828 8
1317 14 25 3154 10
1317 18 12 1334 8
1317 20 45 2419 12
1317 51 12 0 8
1317 19 25 1333 10
1317 54 25 1780 10
1317 88 25 2701 10
1317 22 12 1123 8
1317 60 45 124 12
1317 10 12 1750 8
1317 73 12 2133 8
1317 10 12 410 8
1317 2 25 1775 10
1317 42 45 627 12
1317 6 25 3052 10
1317 3 45 3149 12
1317 70 25 1263 10
1317 18 25 147 10
1317 5 25 1577 10
1317 41 12 547 8
1317 61 45 1129 12
1317 95 25 1102 10
1317 59 12 345 8
1317 23 25 210 10
1317 63 25 20 10
1317 16 25 2503 10
1317 18 25 2186 10
1317 52 25 1183 10
1317 5 25 3862 10
1317 41 12 2155 8
1317 78 25 1869 10
1317 73 12 605 8
1317 84 25 1457 10
1317 79 12 1390 8
1317 16 45 3847 12
1318 26 45 904 12
1318 90 45 1691 12
1318 42 25 1712 10
1318 26 25 1724 10
1318 41 12 1375 8
1318 45 12 767 8
1318 48 45 1931 12
1318 34 25 1895 10
1318 57 25 1591 10
1318 47 12 537 8
1318 35 45 1986 12
1318 61 25 1591 10
1318 73 25 1646 10
1318 45 25 2117 10
1318 22 12 801 8
1318 76 45 362 12
1318 76 25 1143 10
1318 86 45 1157 12
1318 69 25 3775 10
1318 37 45 687 12
1318 96 12 2056 8
1318 82 45 687 12
1318 16 45 1108 12
1318 12 12 3426 8
1318 4 45 3027 12
1318 9 25 2269 10
1318 43 25 1028 10
1318 35 12 3355 8
1318 51 45 929 12
1318 53 45 3772 12
1318 31 25 1750 10
1318 37 25 1363 10
1318 98 45 684 12
1318 54 45 2441 12
1318 73 25 3286 10
1318 65 45 3928 12
1318 45 25 3591 10
1318 63 25 1920 10
1318 24 45 545 12
1318 24 45 1782 12
1318 84 25 247 10
1318 71 45 754 12
1318 3 45 913 12
1318 11 25 2918 10
1318 5 12 2536 8
1318 50 12 2056 8
1318 45 12 2525 8
1318 62 25 3620 10
1318 65 12 2220 8
1318 84 45 472 12
1318 89 25 3879 10
1318 37 25 627 10
1318 51 25 627 10
1318 42 12 2170 8
1318 80 45 1672 12
1318 86 45 3020 12
1318 50 25 951 10
1318 35 45 3541 12
1318 16 25 2671 10
1318 58 25 2526 10
1318 48 12 813 8
1318 73 45 2286 12
1318 52 12 1646 8
1318 99 12 2599 8
1318 97 12 3784 8
1318 43 25 2936 10
1318 46 45 212 12
1318 66 25 3927 10
1318 71 12 2860 8
1318 44 25 3231 10
1318 55 45 2969 12
1318 44 45 814 12
1318 18 45 3078 12
1318 45 12 1414 8
1318 96 25 3240 10
1318 68 45 2403 12
1318 47 25 3927 10
1318 67 12 616 8
1318 31 12 1564 8
1318 45 25 1418 10
1318 37 25 951 10
1318 10 12 718 8
1318 8 12 3784 8
1318 50 25 1318 10
1318 54 12 3784 8
1318 87 12 1601 8
1318 37 45 1636 12
1318 73 45 892 12
1318 38 25 1750 10
1318 50 12 2053 8
1318 43 25 850 10
1318 10 25 2476 10
1318 96 25 1836 10
1318 19 25 1922 10
1318 71 25 704 10
1318 99 12 1077 8
1318 32 12 3874 8
1318 39 12 955 8
1318 98 25 1866 10
1318 10 45 508 12
1318 57 12 1149 8
1318 20 25 3824 10
1318 71 25 3126 10
1318 8 12 1069 8
1318 94 25 1150 10
1318 29 25 818 10
1318 65 25 997 10
1318 23 25 1684 10
1318 76 12 2056 8
1318 74 12 1186 8
1318 80 12 1227 8
1318 78 45 1760 12
1318 91 25 1415 10
1318 37 12 1990 8
1318 50 45 3997 12
1318 7 45 3637 12
1318 53 12 2220 8
1318 57 25 69 10
1318 24 25 1069 10
1318 56 25 2152 10
1318 16 45 1809 12
1318 10 12 1536 8
1318 64 12 3765 8
1318 12 12 2220 8
1318 53 12 1990 8
1318 63 25 1714 10
1318 65 25 1018 10
1318 7 12 2966 8
1318 30 25 957 10
1318 58 25 950 10
1318 28 12 1225 8
1318 52 12 506 8
1318 72 45 791 12
1318 42 25 1503 10
1318 2 25 62 10
1318 95 45 2205 12
1318 21 12 1536 8
1318 54 12 206 8
1318 11 45 1663 12
1318 53 12 2220 8
1318 7 12 3794 8
1318 81 45 3986 12
1318 48 25 1612 10
1318 4 12 2974 8
1318 4 25 305 10
1318 8 25 3829 10
1318 0 25 705 10
1318 89 12 1560 8
1318 72 45 3183 12
1318 72 25 1402 10
1318 66 12 944 8
1319 51 45 973 12
1319 27 12 34 8
1319 66 12 1044 8
1319 0 45 1095 12
1319 5 45 973 12
1319 57 12 507 8
1319 95 25 3174 10
1319 7 25 1106 10
1319 60 12 1177 8
1319 20 25 937 10
1319 53 25 2034 10
1319 67 45 540 12
1319 84 25 2102 10
1319 71 12 1397 8
1319 46 45 3059 12
1319 82 45 3059 12
1319 62 25 2739 10
1319 53 25 3827 10
1319 73 25 1803 10
1319 3 25 93 10
1319 8 45 171 12
1319 8 25 917 10
1319 50 25 1236 10
1319 82 12 2545 8
1319 61 45 240 12
1319 95 25 113 10
1319 41 12 1441 8
1319 17 45 917 12
1319 18 45 240 12
1319 61 25 2671 10
1319 69 45 1575 12
1319 6 12 248 8
1319 27 25 1504 10
1319 86 12 206 8
1319 51 25 3328 10
1319 30 45 2890 12
1319 41 12 1854 8
1319 96 25 137 10
1319 42 12 268 8
1319 89 25 109 10
1319 52 45 968 12
1319 69 25 2904 10
1319 64 25 1355 10
1319 17 25 2600 10
1319 57 25 3604 10
1319 43 25 2600 10
1319 63 12 3469 8
1319 35 25 1705 10
1319 30 25 3395 10
1319 49 25 1088 10
1319 59 45 1696 12
1319 52 25 3991 10
1319 87 25 342 10
1319 91 25 3825 10
1319 83 45 2434 12
1319 99 45 956 12
1319 76 12 1391 8
1319 54 25 3510 10
1319 75 12 3903 8
1319 61 25 1947 10
1319 29 12 73 8
1319 21 45 1814 12
1319 34 45 1672 12
1319 55 25 1673 10
1319 87 12 2452 8
1319 0 25 1258 10
1319 39 25 2732 10
1319 17 25 611 10
1319 69 25 2144 10
1319 18 25 2125 10
1319 41 25 656 10
1319 67 25 2043 10
1319 2 25 3088 10
1319 86 45 1197 12
1319 31 45 1385 12
1319 47 45 1197 12
1319 28 25 2721 10
1319 50 12 1755 8
1319 36 12 1485 8
1319 83 25 137 10
1319 42 12 2902 8
1319 95 25 1110 10
1319 67 12 1306 8
1319 63 12 934 8
1319 12 12 2301 8
1319 23 12 1124 8
1319 66 25 444 10
1319 12 12 2452 8
1319 85 25 3145 10
1319 26 25 449 10
1319 42 45 155 12
1319 27 25 254 10
1319 0 45 3071 12
1319 1 12 1517 8
1319 25 25 1171 10
1319 65 45 2688 12
1319 13 25 2824 10
1319 41 25 1813 10
1319 59 45 2158 12
1319 2 12 252 8
1319 32 25 393 10
1319 31 45 3966 12
1319 79 12 536 8
1319 25 25 1704 10
1319 82 25 3145 10
1319 49 12 1637 8
1319 99 45 3623 12
1319 84 12 2637 8
1319 84 45 150 12
1319 79 25 931 10
1319 91 25 3609 10
1319 79 45 1950 12
1319 32 25 272 10
1319 21 25 1939 10
1319 61 12 532 8
1320 18 25 303 10
1320 47 12 1646 8
1320 98 12 114 8
1320 82 12 114 8
1320 28 25 2503 10
1320 60 45 1847 12
1320 67 45 603 12
1320 61 25 2156 10
1320 25 25 1510 10
1320 84 25 1026 10
1320 76 45 962 12
1320 43 45 243 12
1320 26 25 2156 10
1320 40 45 659 12
1320 11 12 289 8
1320 57 25 2188 10
1320 66 45 1388 12
1320 90 45 1388 12
1320 74 25 3262 10
1320 20 25 670 10
1320 1 25 670 10
1320 78 25 670 10
1320 76 25 3454 10
1320 34 25 799 10
1320 14 12 2193 8
1320 93 45 281 12
1320 87 25 2820 10
1320 86 25 1036 10
1320 42 12 2513 8
1320 95 12 1110 8
1320 47 45 2866 12
1320 3 12 114 8
1320 82 45 503 12
1320 66 45 1160 12
1320 68 25 2701 10
1320 59 45 1500 12
1320 62 25 650 10
1320 34 45 2399 12
1320 29 25 204 10
1320 48 25 1291 10
1320 56 25 1733 10
1320 17 12 2615 8
1320 15 25 696 10
1320 10 25 2023 10
1320 37 25 2023 10
1320 50 25 1522 10
1320 25 12 315 8
1320 38 45 1500 12
1320 22 25 2829 10
1320 68 45 3570 12
1320 2 25 935 10
1320 33 45 144 12
1320 82 45 2753 12
1320 67 45 2753 12
1320 44 12 1594 8
1320 26 12 3504 8
1320 61 25 407 10
1320 26 12 1225 8
1320 93 25 680 10
1320 83 25 626 10
1320 62 25 626 10
1320 73 45 909 12
1320 34 25 2583 10
1320 17 25 1863 10
1320 1 45 1553 12
1320 65 12 1656 8
1320 50 12 1625 8
1320 87 12 2469 8
1320 17 45 1192 12
1320 37 25 3313 10
1320 13 45 687 12
1320 98 12 3986 8
1320 48 25 1597 10
1320 89 25 1423 10
1320 78 25 3629 10
1320 62 25 957 10
1320 49 12 1782 8
1320 34 45 2392 12
1320 49 25 2803 10
1320 64 12 1471 8
1320 94 25 3973 10
1320 78 12 317 8
1320 94 12 1471 8
1320 30 45 207 12
1320 50 25 1050 10
1320 1 25 266 10
1320 95 25 2407 10
1320 4 12 1546 8
1320 81 12 1486 8
1320 59 45 1134 12
1320 77 45 2298 12
1320 86 12 1420 8
1320 26 45 648 12
1320 63 12 289 8
1320 78 25 580 10
1320 72 25 1635 10
1320 37 12 3130 8
1320 94 12 599 8
1320 19 45 956 12
1320 47 12 2074 8
1320 60 25 2103 10
1320 95 25 2336 10
1320 32 25 2336 10
1320 55 25 3240 10
1320 29 25 1568 10
1320 59 25 535 10
1320 43 12 241 8
1320 49 25 511 10
1320 30 12 294 8
1320 6 25 393 10
1320 99 45 1245 12
1320 13 45 991 12
1320 30 25 1674 10
1320 93 12 2990 8
1320 69 45 991 12
1320 46 25 506 10
1320 63 25 2504 10
1320 61 25 1610 10
1320 27 12 3130 8
1320 54 12 3130 8
1320 98 25 1911 10
1320 59 45 213 12
1320 1 45 900 12
1320 66 45 991 12
1320 92 25 2466 10
1320 82 25 1428 10
1320 44 25 3708 10
1320 65 25 1848 10
1320 30 12 3174 8
1320 2 25 590 10
1320 18 12 3784 8
1320 22 25 573 10
1320 66 45 614 12
1320 70 45 2877 12
1320 19 12 339 8
1320 49 25 371 10
1320 4 25 2948 10
1320 52 25 1673 10
1320 19 45 423 12
1320 73 25 1529 10
1320 50 25 2118 10
1320 50 45 2564 12
1320 75 25 220 10
1320 17 25 3938 10
1320 6 25 1827 10
1320 21 12 3983 8
1320 39 25 1473 10
1320 50 25 581 10
1320 70 12 275 8
1320 48 45 1502 12
1320 38 12 1846 8
1320 71 25 1331 10
1320 49 25 1331 10
1320 74 12 275 8
1320 62 45 671 12
1320 87 25 3767 10
1320 30 45 3203 12
1320 63 12 875 8
1320 19 25 683 10
1320 99 25 3195 10
1320 47 25 304 10
1320 1 25 636 10
1320 38 25 1866 10
1320 8 45 1736 12
1320 99 25 3360 10
1320 86 12 1688 8
1320 6 45 1410 12
1320 38 25 581 10
1320 86 25 655 10
1320 6 12 835 8
1320 93 25 1291 10
1320 32 25 573 10
1320 21 25 804 10
1320 43 45 2810 12
1320 46 45 3981 12
1320 43 25 1473 10
1320 38 25 2125 10
1320 70 25 2125 10
1320 75 25 2054 10
1320 19 25 230 10
1320 90 12 2627 8
1320 52 12 122 8
1320 93 12 122 8
1320 44 25 1414 10
1320 98 45 3548 12
1320 12 25 1473 10
1320 52 25 887 10
1320 70 45 477 12
1320 70 25 1324 10
1320 76 45 3700 12
1320 49 25 3663 10
1320 38 45 1008 12
1320 86 25 1324 10
1320 83 25 644 10
1320 64 25 2123 10
1320 89 12 1518 8
1320 46 25 285 10
1320 51 25 800 10
1320 76 45 1699 12
1320 73 45 2383 12
1320 27 25 2673 10
1320 96 12 396 8
1320 15 25 1086 10
1320 35 12 2227 8
1320 23 25 3935 10
1320 99 12 2957 8
1320 61 45 1409 12
1320 67 45 418 12
1320 22 25 1769 10
1320 36 25 840 10
1320 37 12 1577 8
1320 69 12 2621 8
1320 78 25 3514 10
1321 14 12 1441 8
1321 58 25 3370 10
1321 40 25 468 10
1321 31 45 1330 12
1321 61 12 1797 8
1321 74 45 3610 12
1321 55 25 3577 10
1321 9 45 3981 12
1321 29 12 3130 8
1321 72 25 3958 10
1321 94 12 1585 8
1321 60 25 3958 10
1321 96 25 155 10
1321 21 25 459 10
1321 39 25 648 10
1321 15 12 61 8
1321 24 12 1382 8
1321 90 25 3825 10
1321 63 45 376 12
1321 53 25 814 10
1321 22 45 1965 12
1321 30 12 855 8
1321 39 12 1382 8
1321 50 12 1259 8
1321 62 45 1322 12
1321 58 45 3026 12
1321 76 45 63 12
1321 43 25 1897 10
1321 34 12 3461 8
1321 63 12 897 8
1321 92 12 658 8
1321 95 45 371 12
1321 21 45 2453 12
1321 3 25 1415 10
1321 31 25 759 10
1321 65 12 1659 8
1321 72 45 2298 12
1321 33 12 245 8
1321 26 25 596 10
1321 1 25 2101 10
1321 89 25 2455 10
1321 33 45 544 12
1321 12 12 1237 8
1321 82 45 3749 12
1321 6 12 2596 8
1321 95 25 241 10
1321 85 12 1507 8
1321 76 45 2282 12
1321 29 25 814 10
1321 95 45 2441 12
1321 30 25 1597 10
1321 74 25 1446 10
1321 94 25 2643 10
1321 53 12 439 8
1321 58 12 3204 8
1321 57 45 1507 12
1321 85 12 2671 8
1321 83 12 1849 8
1321 61 12 2637 8
1321 44 12 315 8
1321 30 12 439 8
1321 88 12 662 8
1321 7 12 315 8
1321 74 25 3609 10
1321 33 25 2101 10
1321 33 25 3981 10
1321 61 12 1482 8
1321 8 25 1948 10
1321 34 45 2918 12
1321 41 12 2119 8
1321 26 25 1846 10
1321 70 25 972 10
1321 59 25 1018 10
1321 13 45 1197 12
1321 99 45 540 12
1321 65 45 956 12
1321 49 12 90 8
1321 37 25 1561 10
1321 38 45 1885 12
1321 31 25 1371 10
1321 39 45 311 12
1321 78 25 2828 10
1321 40 45 600 12
1321 15 45 1762 12
1321 95 25 20 10
1321 65 25 3374 10
1321 24 25 478 10
1321 89 12 1057 8
1321 70 45 60 12
1321 23 25 1529 10
1321 74 45 987 12
1321 40 12 1442 8
1321 11 12 2390 8
1321 36 45 3353 12
1321 33 25 574 10
1321 8 45 326 12
1321 21 45 832 12
1321 2 12 3681 8
1321 94 25 1864 10
1321 12 25 1461 10
1321 48 45 2785 12
1321 54 12 191 8
1321 79 45 167 12
1321 97 12 2390 8
1321 39 12 2185 8
1321 95 45 2974 12
1321 62 25 691 10
1321 80 25 3857 10
1321 6 12 502 8
1321 90 25 691 10
1321 63 25 3996 10
1321 15 12 2536 8
1321 93 45 60 12
1321 54 45 60 12
1321 73 25 1092 10
1321 61 45 60 12
1321 26 12 1342 8
1321 96 25 3411 10
1321 86 12 118 8
1321 42 25 183 10
1321 51 45 1028 12
1321 51 25 612 10
1321 19 12 3425 8
1321 98 12 1941 8
1321 89 12 680 8
1321 13 25 1509 10
1321 19 25 511 10
1321 58 45 2999 12
1321 66 25 3088 10
1321 94 12 3673 8
1321 35 12 2823 8
1321 1 12 2590 8
1321 97 45 2918 12
1321 52 25 183 10
1321 40 12 198 8
1321 25 25 1036 10
1321 25 25 3374 10
1321 86 12 2189 8
1321 52 25 97 10
1321 18 25 2876 10
1321 88 25 1700 10
1321 62 25 1018 10
1321 34 25 2876 10
1321 34 45 60 12
1321 31 45 60 12
1321 75 25 2736 10
1321 86 25 1840 10
1321 88 25 3370 10
1321 82 25 905 10
1322 45 45 1008 12
1322 8 12 435 8
1322 57 45 1008 12
1322 90 45 1008 12
1322 93 45 1008 12
1322 16 12 526 8
1322 5 25 2475 10
1322 19 25 127 10
1322 41 45 1309 12
1322 34 25 3609 10
1322 5 45 326 12
1322 35 12 592 8
1322 82 25 2958 10
1322 9 25 2475 10
1322 86 45 1008 12
1322 65 45 1043 12
1322 64 12 440 8
1322 22 25 3609 10
1322 36 45 347 12
1322 41 45 454 12
1322 0 25 150 10
1322 49 25 1660 10
1322 3 25 1660 10
1322 69 12 1558 8
1322 33 25 32 10
1322 58 25 20 10
1322 27 12 1619 8
1322 55 45 3161 12
1322 87 45 3498 12
1322 58 45 389 12
1322 64 25 3609 10
1322 21 12 1922 8
1322 18 25 1377 10
1322 77 25 1660 10
1322 14 45 2852 12
1322 53 25 2977 10
1322 87 25 6 10
1322 1 45 3810 12
1322 90 45 687 12
1322 99 25 3883 10
1322 17 25 2475 10
1322 89 45 1465 12
1322 35 45 2041 12
1322 23 25 1540 10
1322 84 12 2870 8
1322 11 12 2664 8
1322 26 25 852 10
1322 52 45 3361 12
1322 12 25 1903 10
1322 3 12 2323 8
1322 79 12 2323 8
1322 32 45 936 12
1322 63 25 2788 10
1322 54 45 2203 12
1322 1 25 1919 10
1322 11 45 44 12
1322 43 45 3964 12
1322 47 45 501 12
1322 62 25 1709 10
1322 52 45 25 12
1322 64 25 1300 10
1322 71 25 3145 10
1322 29 12 905 8
1322 48 25 2595 10
1322 80 12 1089 8
1322 41 25 183 10
1322 86 45 1696 12
1322 97 45 1125 12
1322 59 12 842 8
1322 69 25 2074 10
1322 81 12 63 8
1322 18 12 1420 8
1322 41 45 2930 12
1322 36 45 2802 12
1322 1 25 1982 10
1322 14 25 672 10
1322 41 25 351 10
1322 53 45 3648 12
1322 10 12 294 8
1322 58 25 588 10
1322 78 45 1184 12
1322 53 25 1300 10
1322 78 12 548 8
1322 19 25 2104 10
1322 24 12 2399 8
1322 11 45 2989 12
1322 54 45 2498 12
1322 26 45 1447 12
1322 6 45 1447 12
1322 65 45 560 12
1322 89 12 619 8
1322 57 45 2062 12
1322 94 25 2123 10
1322 37 25 3443 10
1322 65 25 1571 10
1322 63 25 588 10
1322 30 45 1131 12
1322 53 12 1420 8
1322 45 25 1502 10
1322 78 25 1881 10
1322 6 25 1502 10
1322 61 12 3784 8
1322 44 45 1531 12
1322 35 25 2206 10
1322 24 45 3050 12
1322 45 45 3050 12
1322 95 12 1313 8
1322 69 12 1893 8
1322 54 45 1184 12
1322 66 25 729 10
1322 19 12 2597 8
1322 33 25 671 10
1322 32 25 671 10
1322 49 12 1616 8
1322 31 45 1772 12
1322 89 25 612 10
1322 99 25 671 10
1322 3 25 1757 10
1322 1 45 2849 12
1322 63 12 2480 8
1322 25 45 2415 12
1322 2 25 3900 10
1322 56 12 2992 8
1322 14 12 2471 8
1322 66 25 762 10
1322 53 45 1184 12
1322 13 12 1173 8
1322 55 25 3513 10
1322 46 25 3875 10
1323 15 25 198 10
1323 65 12 122 8
1323 91 25 803 10
1323 14 25 465 10
1323 93 25 2616 10
1323 56 12 127 8
1323 59 25 1094 10
1323 47 12 238 8
1323 26 12 545 8
1323 42 12 545 8
1323 91 12 971 8
1323 21 12 115 8
1323 23 45 984 12
1323 13 45 984 12
1323 40 12 652 8
1323 28 45 1157 12
1323 64 45 269 12
1323 12 25 5 10
1323 73 12 2399 8
1323 59 12 1571 8
1323 31 25 1484 10
1323 97 25 1958 10
1323 59 45 1521 12
1323 58 12 113 8
1323 29 25 147 10
1323 3 45 1720 12
1323 69 25 1713 10
1323 32 45 1521 12
1323 90 12 796 8
1323 96 25 1919 10
1323 74 25 463 10
1323 14 12 796 8
1323 10 25 527 10
1323 0 25 527 10
1323 93 12 1804 8
1323 23 45 1043 12
1323 79 12 8 8
1323 1 25 662 10
1323 95 25 1427 10
1323 85 12 1657 8
1323 12 25 1740 10
1323 70 12 1657 8
1323 94 25 369 10
1323 97 45 2866 12
1323 33 12 1764 8
1323 45 12 1657 8
1323 49 12 38 8
1323 66 45 1811 12
1323 89 25 1444 10
1323 35 25 1023 10
1323 45 25 1003 10
1323 93 25 285 10
1323 2 25 1789 10
1323 13 25 1018 10
1323 62 25 975 10
1323 21 25 2503 10
1323 21 25 2503 10
1323 25 45 870 12
1323 38 25 919 10
1323 69 12 513 8
1323 19 45 647 12
1323 65 12 1497 8
1323 65 25 336 10
1323 42 12 1497 8
1323 3 12 3341 8
1323 57 45 3273 12
1323 60 45 1903 12
1323 57 25 1143 10
1323 28 45 1273 12
1323 44 45 1273 12
1323 50 25 1768 10
1323 63 25 583 10
1323 68 25 481 10
1323 55 25 699 10
1323 62 25 1516 10
1323 57 25 192 10
1323 34 45 1050 12
1323 82 25 1444 10
1323 61 25 950 10
1323 26 25 640 10
1323 97 25 1822 10
1323 45 25 3996 10
1323 91 25 2503 10
1323 46 12 1657 8
1323 51 25 3450 10
1323 33 12 2597 8
1323 79 25 2601 10
1323 34 12 739 8
1323 55 12 3117 8
1323 93 25 1904 10
1323 44 12 989 8
1323 57 45 208 12
1323 37 25 3810 10
1323 9 45 600 12
1323 59 45 2563 12
1323 89 45 2563 12
1323 2 45 776 12
1323 21 45 3778 12
1323 90 25 2217 10
1324 93 45 586 12
1324 61 12 592 8
1324 46 45 180 12
1324 23 45 328 12
1324 93 12 981 8
1324 98 45 586 12
1324 81 25 1816 10
1324 16 45 586 12
1324 63 25 959 10
1324 8 25 248 10
1324 40 12 3579 8
1324 74 45 1674 12
1324 80 25 1023 10
1324 53 12 476 8
1324 62 12 3827 8
1324 63 45 3071 12
1324 74 45 3071 12
1324 73 12 1793 8
1324 80 12 1793 8
1324 22 25 34 10
1324 72 45 3485 12
1324 94 25 1086 10
1324 3 45 3485 12
1324 86 25 2823 10
1324 57 12 1362 8
1324 21 12 1842 8
1324 72 12 1793 8
1324 7 12 1383 8
1324 61 12 1793 8
1324 89 12 1793 8
1324 48 25 584 10
1324 74 45 954 12
1324 38 25 2124 10
1324 69 25 1178 10
1324 80 12 2234 8
1324 50 25 3273 10
1324 52 25 1257 10
1324 18 25 2259 10
1324 81 25 1819 10
1324 55 45 525 12
1324 11 12 1587 8
1324 5 12 3498 8
1324 38 12 1587 8
1324 75 45 2405 12
1324 72 12 3894 8
1324 97 25 3671 10
1324 94 12 1453 8
1324 84 45 381 12
1324 34 45 572 12
1324 29 25 670 10
1324 38 12 3792 8
1324 57 12 702 8
1324 85 45 1463 12
1324 76 45 1463 12
1324 56 25 3146 10
1324 78 45 2564 12
1324 33 12 1414 8
1324 98 12 3535 8
1324 57 25 2958 10
1324 76 25 1960 10
1324 85 45 500 12
1324 18 25 361 10
1324 50 25 2060 10
1324 41 25 3490 10
1324 55 45 880 12
1324 35 45 2152 12
1324 6 12 152 8
1324 74 45 2152 12
1324 86 12 3600 8
1324 0 12 574 8
1324 79 45 3149 12
1324 68 45 3155 12
1324 68 25 1869 10
1324 67 25 617 10
1324 43 12 2599 8
1324 11 25 3510 10
1324 28 45 972 12
1324 98 12 1189 8
1324 74 25 2179 10
1324 56 12 3713 8
1324 62 45 2311 12
1324 62 45 1150 12
1324 78 12 47 8
1324 77 12 303 8
1324 15 12 1515 8
1324 85 12 2509 8
1324 22 12 865 8
1324 54 25 3851 10
1324 72 12 2609 8
1324 89 12 2609 8
1324 65 45 3014 12
1324 37 12 1854 8
1324 8 12 1854 8
1324 67 25 2978 10
1324 13 25 1177 10
1324 50 12 962 8
1324 22 25 3069 10
1324 82 45 2081 12
1324 91 25 3921 10
1324 90 45 1164 12
1324 42 12 235 8
1324 1 12 2919 8
1324 61 25 1740 10
1324 15 45 1112 12
1324 16 25 1071 10
1324 81 25 2259 10
1324 57 25 3661 10
1324 26 12 1536 8
1324 4 12 962 8
1324 57 45 1933 12
1324 3 25 2401 10
1324 33 25 2102 10
1324 76 25 652 10
1324 48 45 16 12
1324 23 25 1026 10
1324 17 45 1773 12
1324 74 25 1982 10
1324 59 25 1982 10
1324 29 25 3062 10
1324 46 12 962 8
1324 77 25 3062 10
1324 87 25 2900 10
1324 0 25 1866 10
1324 54 12 3613 8
1324 78 25 1361 10
1324 7 25 1135 10
1324 35 25 2583 10
1324 11 12 703 8
1324 10 45 1093 12
1324 65 45 1093 12
1324 22 25 3062 10
1324 21 25 626 10
1324 77 25 1894 10
1324 49 45 1630 12
1324 5 25 2752 10
1324 28 12 164 8
1324 15 12 1988 8
1324 14 45 3121 12
1324 88 25 1817 10
1324 5 45 2450 12
1324 28 25 3774 10
1324 74 12 1385 8
1324 81 12 786 8
1324 40 12 3035 8
1324 31 25 3395 10
1324 14 12 412 8
1324 53 25 1350 10
1324 78 12 2826 8
1324 75 25 2183 10
1324 6 45 1939 12
1324 24 45 1939 12
1324 66 25 3979 10
1324 34 25 98 10
1324 23 12 1871 8
1324 29 25 124 10
1324 35 25 732 10
1324 40 45 588 12
1324 3 12 708 8
1324 25 12 786 8
1324 44 25 2686 10
1324 36 12 701 8
1324 17 25 1457 10
1324 27 45 896 12
1324 10 25 1038 10
1324 0 45 611 12
1324 75 25 1930 10
1324 20 25 126 10
1324 97 25 3149 10
1324 91 12 3734 8
1324 97 45 1130 12
1324 48 45 1732 12
1324 61 25 1455 10
1324 24 25 1509 10
1324 33 45 2077 12
1324 0 12 407 8
1324 73 45 2487 12
1324 18 45 2453 12
1325 58 25 657 10
1325 42 12 1763 8
1325 36 45 264 12
1325 73 45 2188 12
1325 46 25 445 10
1325 15 12 1763 8
1325 47 45 1585 12
1325 91 12 1722 8
1325 27 25 1881 10
1325 2 12 3986 8
1325 92 45 1206 12
1325 99 12 3461 8
1325 19 45 860 12
1325 35 45 976 12
1325 76 25 3955 10
1325 84 12 2254 8
1325 54 45 3339 12
1325 82 45 587 12
1325 6 12 169 8
1325 61 45 3595 12
1325 65 25 285 10
1325 3 25 285 10
1325 39 12 3820 8
1325 10 45 1248 12
1325 27 45 1095 12
1325 45 45 601 12
1325 35 25 3245 10
1325 11 25 2503 10
1325 52 12 3692 8
1325 94 25 1944 10
1325 69 12 241 8
1325 51 45 1095 12
1325 90 12 1611 8
1325 35 25 1149 10
1325 43 25 2503 10
1325 65 25 2503 10
1325 52 12 125 8
1325 30 45 3990 12
1325 14 25 107 10
1325 98 25 791 10
1325 13 25 107 10
1325 40 12 115 8
1325 3 25 182 10
1325 38 12 289 8
1325 5 12 2874 8
1325 2 45 3966 12
1325 78 45 3966 12
1325 21 25 1350 10
1325 39 12 1413 8
1325 35 25 1679 10
1325 68 25 1405 10
1325 72 12 2009 8
1325 3 12 2009 8
1325 69 12 1413 8
1325 4 25 1679 10
1325 54 25 1580 10
1325 31 12 2009 8
1325 76 12 3215 8
1325 43 12 2445 8
1325 56 12 2009 8
1325 76 12 3198 8
1325 66 12 1313 8
1325 13 12 2009 8
1325 17 25 2171 10
1325 77 25 2171 10
1325 89 12 1754 8
1325 62 12 1624 8
1325 48 12 1369 8
1325 16 45 1050 12
1325 37 25 1102 10
1325 6 12 970 8
1325 19 45 1927 12
1325 60 25 1806 10
1325 55 25 1254 10
1325 59 12 125 8
1325 97 45 3658 12
1325 73 25 1511 10
1325 46 25 1396 10
1325 66 12 2536 8
1325 36 45 586 12
1325 37 45 3489 12
1325 20 12 1132 8
1325 2 25 798 10
1325 76 12 2086 8
1325 84 45 260 12
1325 47 12 404 8
1325 41 45 710 12
1325 53 25 1799 10
1325 59 25 1753 10
1325 1 45 3059 12
1325 86 25 802 10
1325 19 25 3767 10
1325 8 45 3489 12
1325 0 45 141 12
1325 23 12 883 8
1325 7 12 956 8
1325 97 12 1369 8
1325 58 25 890 10
1325 16 25 68 10
1325 4 25 691 10
1325 33 25 3237 10
1325 4 25 939 10
1325 27 12 167 8
1325 79 45 2025 12
1325 48 25 2662 10
1325 55 25 2615 10
1325 39 25 2071 10
1325 57 12 389 8
1325 23 12 389 8
1325 58 12 1227 8
1325 69 25 3980 10
1325 26 25 2222 10
1325 61 25 1011 10
1325 67 12 1616 8
1325 14 25 1529 10
1325 8 12 3784 8
1325 21 25 69 10
1325 50 45 772 12
1325 58 25 1313 10
1325 72 45 144 12
1325 31 45 1715 12
1325 7 45 1715 12
1325 0 12 1718 8
1325 10 25 1236 10
1325 60 25 1347 10
1325 16 12 1449 8
1325 35 25 3307 10
1325 37 25 171 10
1325 89 45 1020 12
1325 7 45 3067 12
1325 68 45 2727 12
1325 21 45 3673 12
1325 31 25 3938 10
1325 58 12 592 8
1325 32 25 791 10
1325 25 45 2021 12
1325 56 45 3273 12
1325 84 45 218 12
1325 57 45 1539 12
1325 5 25 3307 10
1325 18 45 1635 12
1325 43 12 1815 8
1325 66 45 1008 12
1325 56 45 1689 12
1325 80 25 1561 10
1325 43 45 1008 12
1325 86 45 2047 12
1325 47 45 1448 12
1325 36 12 1770 8
1325 31 25 1611 10
1325 79 25 1291 10
1325 43 12 855 8
1325 9 25 550 10
1325 48 12 1355 8
1325 9 12 1024 8
1325 10 45 872 12
1325 56 25 2927 10
1325 88 12 990 8
1325 86 25 3658 10
1325 74 12 1283 8
1325 35 12 645 8
1325 4 45 1052 12
1325 78 12 2882 8
1325 88 45 116 12
1325 98 45 3749 12
1325 57 45 3749 12
1325 77 12 1959 8
1325 84 25 1961 10
1325 81 25 3994 10
1325 69 12 2081 8
1325 22 45 527 12
1325 89 25 767 10
1325 87 25 3994 10
1325 65 25 861 10
1325 66 25 2683 10
1325 67 25 3409 10
1325 66 25 757 10
1325 5 25 1171 10
1325 19 25 650 10
1325 9 25 1076 10
1325 52 12 1478 8
1325 58 25 1939 10
1325 58 45 1490 12
1325 76 25 1939 10
1325 65 25 810 10
1326 28 45 1022 12
1326 15 25 1561 10
1326 67 45 1061 12
1326 37 45 1061 12
1326 1 25 618 10
1326 99 45 806 12
1326 98 25 1541 10
1326 48 25 3751 10
1326 1 25 877 10
1326 74 45 2073 12
1326 93 25 1897 10
1326 16 45 800 12
1326 56 25 1998 10
1326 69 12 277 8
1326 92 25 1806 10
1326 91 25 2830 10
1326 59 25 1561 10
1326 3 12 40 8
1326 4 12 1980 8
1326 50 25 380 10
1326 98 45 1689 12
1326 94 12 1810 8
1326 33 25 1457 10
1326 42 12 2208 8
1326 90 45 1008 12
1326 49 25 2948 10
1326 49 25 596 10
1326 77 45 872 12
1326 92 12 40 8
1326 33 25 443 10
1326 95 25 2166 10
1326 98 45 1773 12
1326 46 25 3012 10
1326 99 12 1907 8
1326 78 25 3102 10
1326 17 25 0 10
1326 63 12 1434 8
1326 95 25 3454 10
1326 42 45 1907 12
1326 32 12 2545 8
1326 78 25 3845 10
1326 75 12 2390 8
1326 29 25 1423 10
1326 78 45 1544 12
1326 54 12 2469 8
1326 4 12 391 8
1326 91 45 1711 12
1326 70 12 1594 8
1326 22 25 324 10
1326 12 12 654 8
1326 20 25 3969 10
1326 74 25 1262 10
1326 24 45 1427 12
1326 14 12 1503 8
1326 56 12 391 8
1326 70 45 1023 12
1326 80 25 1338 10
1326 76 45 1500 12
1326 34 25 1897 10
1326 15 45 761 12
1326 10 12 3222 8
1326 9 25 728 10
1326 79 25 950 10
1326 19 25 1026 10
1326 73 45 3059 12
1326 89 45 1429 12
1326 19 25 3165 10
1326 35 45 1719 12
1326 16 45 320 12
1326 77 45 426 12
1326 88 25 336 10
1326 27 12 3634 8
1326 15 45 1008 12
1326 71 45 1522 12
1326 53 45 1396 12
1326 80 45 2500 12
1326 25 45 160 12
1326 22 25 1338 10
1326 17 25 3360 10
1326 55 25 1425 10
1326 96 12 1357 8
1326 79 12 40 8
1326 77 25 1255 10
1326 79 25 1328 10
1326 71 25 3102 10
1326 17 12 3652 8
1326 79 25 1543 10
1326 54 25 141 10
1326 73 12 303 8
1326 55 45 1414 12
1326 7 25 3994 10
1326 3 25 856 10
1326 10 12 40 8
1326 96 25 502 10
1326 9 12 2565 8
1326 79 25 2555 10
1326 70 25 913 10
1326 46 25 2555 10
1326 85 25 2439 10
1326 19 25 1081 10
1326 40 12 238 8
1326 0 25 1528 10
1326 50 45 802 12
1326 73 25 1239 10
1326 6 12 1252 8
1326 51 25 2587 10
1326 2 12 2516 8
1326 84 25 2183 10
1326 60 45 2158 12
1326 34 25 969 10
1326 65 12 1174 8
1326 29 12 303 8
1326 62 45 2387 12
1326 51 45 1107 12
1326 73 12 1252 8
1326 77 45 2644 12
1326 27 25 795 10
1326 85 25 1998 10
1326 19 45 2985 12
1326 68 25 376 10
1326 95 45 2520 12
1326 73 25 376 10
1326 73 45 2260 12
1326 12 45 1521 12
1326 41 25 2936 10
1326 52 45 601 12
1326 31 45 601 12
1326 3 45 478 12
1326 61 12 1362 8
1326 72 12 303 8
1326 55 25 787 10
1326 31 45 3981 12
1327 51 25 449 10
1327 80 45 1213 12
1327 54 45 3848 12
1327 18 12 1657 8
1327 79 25 987 10
1327 61 45 3947 12
1327 85 25 732 10
1327 57 45 3947 12
1327 15 12 1237 8
1327 81 12 3036 8
1327 83 25 1186 10
1327 24 25 547 10
1327 32 45 519 12
1327 14 45 739 12
1327 86 25 717 10
1327 51 25 22 10
1327 83 25 1543 10
1327 49 45 410 12
1327 39 25 167 10
1327 12 45 44 12
1327 61 25 2642 10
1327 84 12 3874 8
1327 96 45 348 12
1327 47 45 3848 12
1327 81 12 1168 8
1327 95 12 1377 8
1327 37 45 3405 12
1327 35 25 4 10
1327 12 25 675 10
1327 98 12 2974 8
1327 28 12 190 8
1327 95 25 1262 10
1327 47 12 3849 8
1327 58 25 997 10
1327 48 25 3969 10
1327 76 45 2065 12
1327 61 12 1414 8
1327 91 45 1008 12
1327 32 25 2303 10
1327 59 45 3609 12
1327 87 45 3311 12
1327 19 25 324 10
1327 86 25 324 10
1327 34 25 3307 10
1327 70 45 1063 12
1327 64 12 291 8
1327 40 25 263 10
1327 72 45 1092 12
1327 82 12 1421 8
1327 25 12 1607 8
1327 72 25 3107 10
1327 16 45 402 12
1327 25 12 2081 8
1327 27 25 315 10
1327 61 25 773 10
1327 21 45 1797 12
1327 10 12 886 8
1327 25 25 1897 10
1327 63 45 2918 12
1327 44 45 2918 12
1327 8 25 26 10
1327 60 45 687 12
1327 2 25 1236 10
1327 21 45 92 12
1327 35 25 621 10
1327 20 25 393 10
1327 21 12 2359 8
1327 66 25 2629 10
1327 4 12 1947 8
1327 95 25 424 10
1327 36 25 1849 10
1327 43 12 2707 8
1327 62 25 574 10
1327 36 25 1561 10
1327 62 45 741 12
1327 20 45 664 12
1327 63 45 209 12
1327 67 45 928 12
1327 88 25 1850 10
1327 86 25 424 10
1327 25 25 1053 10
1327 64 45 1764 12
1327 30 25 670 10
1327 29 12 1646 8
1327 8 12 1277 8
1327 36 25 3671 10
1327 28 12 158 8
1327 92 45 410 12
1327 49 12 1416 8
1327 63 25 950 10
1327 7 25 1092 10
1327 44 45 977 12
1327 26 45 150 12
1327 30 25 2766 10
1328 69 45 63 12
1328 24 25 189 10
1328 63 12 1929 8
1328 38 45 1830 12
1328 12 25 44 10
1328 70 25 374 10
1328 48 45 7 12
1328 13 45 1401 12
1328 83 45 1406 12
1328 1 25 376 10
1328 41 25 1045 10
1328 63 45 2487 12
1328 61 12 1110 8
1328 0 45 1307 12
1328 1 12 1434 8
1328 78 45 160 12
1328 87 45 1571 12
1328 29 25 2517 10
1328 44 12 1385 8
1328 18 12 2056 8
1328 18 25 87 10
1328 41 12 277 8
1328 18 12 1726 8
1328 6 25 3813 10
1328 2 12 423 8
1328 16 25 2517 10
1328 44 45 2992 12
1328 46 45 1312 12
1328 19 12 548 8
1328 51 45 1797 12
1328 89 25 867 10
1328 10 45 2046 12
1328 76 12 1931 8
1328 62 25 716 10
1328 24 25 1285 10
1328 61 45 2930 12
1328 27 45 1050 12
1328 98 12 779 8
1328 61 45 2998 12
1328 12 45 2852 12
1328 51 45 2992 12
1328 13 25 1244 10
1328 1 45 1106 12
1328 97 12 2792 8
1328 23 45 1687 12
1328 58 25 2730 10
1328 75 45 2992 12
1328 18 25 3851 10
1328 79 45 3749 12
1328 74 45 376 12
1328 28 45 1750 12
1328 24 25 520 10
1328 98 12 1485 8
1328 65 25 895 10
1328 78 25 40 10
1328 16 12 848 8
1328 95 25 3128 10
1328 13 12 3029 8
1328 22 25 855 10
1328 9 25 617 10
1328 11 25 394 10
1328 48 12 774 8
1328 29 12 1614 8
1328 48 25 3292 10
1328 73 45 2055 12
1328 26 25 2636 10
1328 78 25 1462 10
1328 7 25 201 10
1328 12 45 1920 12
1328 2 45 2834 12
1328 4 25 1332 10
1328 13 25 2698 10
1328 58 12 3651 8
1328 73 25 2286 10
1328 42 45 2035 12
1328 98 45 1312 12
1328 17 12 2572 8
1328 10 25 2439 10
1328 17 45 586 12
1328 26 25 1921 10
1328 45 45 439 12
1328 71 25 752 10
1328 70 25 2648 10
1328 41 12 1413 8
1328 11 12 1413 8
1328 13 25 3891 10
1328 44 25 1848 10
1328 21 45 3448 12
1328 18 12 2392 8
1328 28 25 760 10
1328 88 45 381 12
1328 7 25 2517 10
1328 15 25 2526 10
1328 46 25 2846 10
1328 10 12 1756 8
1328 36 12 1057 8
1328 94 25 3717 10
1328 6 25 1275 10
1328 89 45 1537 12
1328 47 12 337 8
1328 40 12 2828 8
1328 82 25 2517 10
1328 46 25 1465 10
1328 30 45 1312 12
1328 58 12 1198 8
1328 46 12 2792 8
1328 92 25 656 10
1328 57 12 2348 8
1328 1 25 178 10
1328 41 25 1668 10
1328 58 45 2980 12
1328 42 12 122 8
1328 84 45 1971 12
1328 31 12 1913 8
1328 88 45 1845 12
1328 70 45 599 12
1329 35 45 520 12
1329 57 12 796 8
1329 18 12 796 8
1329 30 12 104 8
1329 11 12 1839 8
1329 87 25 3460 10
1329 84 12 3009 8
1329 11 25 3955 10
1329 18 25 719 10
1329 97 12 2185 8
1329 23 25 2081 10
1329 54 25 3501 10
1329 61 25 3704 10
1329 72 25 3955 10
1329 4 25 1729 10
1329 99 45 1396 12
1329 20 45 902 12
1329 21 45 2103 12
1329 83 12 3229 8
1329 70 12 2446 8
1329 82 12 3336 8
1329 23 25 705 10
1329 82 12 1657 8
1329 21 12 118 8
1329 46 45 1008 12
1329 24 45 2753 12
1329 6 25 297 10
1329 14 25 3663 10
1329 69 45 1979 12
1329 79 25 684 10
1329 50 45 1511 12
1329 15 25 1483 10
1329 35 25 2686 10
1329 54 12 80 8
1329 10 25 1471 10
1329 40 45 2599 12
1329 28 45 968 12
1329 18 12 2884 8
1329 63 45 854 12
1329 85 12 1938 8
1329 90 45 1851 12
1329 78 45 1008 12
1329 57 45 3208 12
1329 77 25 1483 10
1329 3 12 3246 8
1329 30 25 767 10
1329 19 25 3779 10
1329 86 25 1967 10
1329 57 12 880 8
1330 32 12 3529 8
1330 92 12 1150 8
1330 37 45 3000 12
1330 52 25 376 10
1330 61 12 71 8
1330 37 12 1490 8
1330 69 45 1631 12
1330 30 25 955 10
1330 48 45 1107 12
1330 73 45 2067 12
1330 78 45 608 12
1330 32 25 601 10
1330 7 12 113 8
1330 83 45 3431 12
1330 80 12 3989 8
1330 29 45 2257 12
1330 16 45 2519 12
1330 3 45 1925 12
1330 84 25 236 10
1330 87 12 2766 8
1330 73 25 573 10
1330 44 45 1161 12
1330 92 25 922 10
1330 18 25 1939 10
1330 75 45 1857 12
1330 78 25 1117 10
1330 59 45 486 12
1330 51 25 3222 10
1330 34 45 1380 12
1330 64 12 490 8
1330 82 45 1201 12
1330 19 45 1703 12
1330 81 25 183 10
1330 88 45 855 12
1330 53 12 202 8
1330 89 25 1888 10
1330 62 25 285 10
1330 84 45 1506 12
1330 70 25 3779 10
1330 79 45 2867 12
1330 43 45 1916 12
1330 81 25 1200 10
1330 33 45 1093 12
1330 6 45 1272 12
1330 44 25 3779 10
1330 89 25 1495 10
1330 81 12 1126 8
1330 20 25 1782 10
1330 61 12 15 8
1330 3 25 3779 10
1330 72 25 1171 10
1330 47 25 1228 10
1330 61 45 989 12
1330 18 12 3061 8
1330 81 25 1704 10
1330 7 45 1276 12
1331 21 12 1994 8
1331 83 25 856 10
1331 29 45 935 12
1331 0 12 1719 8
1331 29 45 1184 12
1331 2 45 1088 12
1331 49 25 334 10
1331 26 25 621 10
1331 84 25 345 10
1331 69 12 2054 8
1331 15 12 2468 8
1331 67 12 1252 8
1331 60 45 2568 12
1331 30 25 1287 10
1331 47 45 1765 12
1331 91 25 1821 10
1331 73 25 831 10
1331 30 45 2914 12
1331 5 25 1416 10
1331 12 45 281 12
1331 95 12 3984 8
1331 78 12 2468 8
1331 89 25 3490 10
1331 82 25 3490 10
1331 55 25 1287 10
1331 38 25 2144 10
1331 40 12 2184 8
1331 36 12 539 8
1331 35 25 1368 10
1331 63 12 537 8
1331 24 12 537 8
1331 43 25 3774 10
1331 95 12 2 8
1331 65 25 2246 10
1331 23 45 2490 12
1331 45 45 1583 12
1331 52 25 3831 10
1331 80 25 881 10
1331 83 45 1404 12
1331 8 45 3759 12
1331 25 12 1990 8
1331 33 12 1990 8
1331 67 45 1562 12
1331 37 12 1130 8
1331 87 45 1164 12
1331 79 25 3620 10
1331 45 25 153 10
1331 60 12 2797 8
1331 8 45 180 12
1331 34 12 2188 8
1331 96 25 844 10
1331 78 25 729 10
1331 94 25 1200 10
1331 15 25 1738 10
1331 94 25 1817 10
1331 63 12 229 8
1331 42 12 468 8
1331 74 25 3620 10
1331 44 12 468 8
1331 39 12 1653 8
1331 47 12 1486 8
1331 94 12 1449 8
1331 62 45 2755 12
1331 91 25 463 10
1331 94 25 463 10
1331 77 25 463 10
1331 22 25 589 10
1331 73 12 3790 8
1331 50 45 1193 12
1331 8 45 3981 12
1331 37 12 1875 8
1331 44 12 876 8
1331 44 45 63 12
1331 79 25 3604 10
1331 65 12 1524 8
1331 66 25 1450 10
1331 38 25 216 10
1331 86 45 3819 12
1331 23 25 2671 10
1331 90 12 2612 8
1331 54 25 733 10
1331 66 25 946 10
1331 89 25 1003 10
1331 34 12 97 8
1331 96 25 1069 10
1331 53 45 1759 12
1331 93 12 1093 8
1331 19 25 3843 10
1331 5 25 889 10
1331 78 12 186 8
1331 76 25 811 10
1331 74 25 1791 10
1331 51 12 3470 8
1331 98 25 356 10
1331 27 12 1480 8
1331 23 25 1931 10
1331 80 45 433 12
1331 26 25 1098 10
1331 7 12 1534 8
1331 76 25 1022 10
1331 71 25 189 10
1331 55 25 1028 10
1331 89 25 1664 10
1331 64 25 3529 10
1331 61 45 1157 12
1331 72 25 3529 10
1331 33 25 957 10
1331 47 45 3008 12
1331 91 45 3373 12
1331 20 25 306 10
1331 19 45 1603 12
1331 51 25 3525 10
1331 24 25 3656 10
1331 38 25 3525 10
1331 55 45 2474 12
1331 59 45 1500 12
1331 71 25 1267 10
1331 35 25 77 10
1331 53 45 2746 12
1331 1 45 2600 12
1331 34 25 350 10
1331 28 25 3851 10
1331 38 45 1282 12
1331 84 25 3851 10
1331 41 45 1743 12
1331 59 25 3395 10
1331 58 25 1367 10
1331 93 12 1490 8
1331 2 25 1462 10
1332 80 25 301 10
1332 75 45 1700 12
1332 63 25 1032 10
1332 38 25 2523 10
1332 77 12 1252 8
1332 73 45 3881 12
1332 94 25 1597 10
1332 66 12 1434 8
1332 55 45 650 12
1332 75 25 2553 10
1332 97 25 1330 10
1332 15 25 2057 10
1332 40 45 2694 12
1332 10 45 1464 12
1332 95 25 1699 10
1332 30 12 3852 8
1332 86 25 2101 10
1332 10 25 3054 10
1332 89 25 2531 10
1332 52 12 2313 8
1332 29 12 746 8
1332 50 12 693 8
1332 88 25 449 10
1332 15 25 1919 10
1332 25 25 788 10
1332 69 12 1252 8
1332 24 25 168 10
1332 75 25 43 10
1332 12 25 736 10
1332 3 45 786 12
1332 7 12 1627 8
1332 17 25 1107 10
1332 31 25 98 10
1332 64 25 1348 10
1332 13 45 893 12
1332 45 45 1112 12
1332 27 25 269 10
1332 18 25 3512 10
1332 58 25 3512 10
1332 53 25 3751 10
1332 49 25 531 10
1332 84 25 531 10
1332 89 12 2313 8
1332 51 25 399 10
1332 74 45 872 12
1332 76 25 818 10
1332 98 25 2497 10
1332 12 45 2434 12
1332 33 45 2195 12
1332 12 45 281 12
1332 43 25 2526 10
1332 56 12 1130 8
1332 51 25 3512 10
1332 25 25 1418 10
1332 18 12 2 8
1332 12 25 323 10
1332 73 12 190 8
1332 69 25 729 10
1332 28 25 2074 10
1332 66 12 1932 8
1332 48 25 3224 10
1332 32 45 1909 12
1332 32 12 1932 8
1332 49 12 897 8
1332 0 25 1019 10
1332 84 25 1825 10
1332 63 45 1089 12
1332 40 25 1846 10
1332 68 25 3767 10
1332 58 45 3763 12
1332 78 12 824 8
1332 10 25 2844 10
1332 99 25 1895 10
1332 87 25 1125 10
1332 2 25 2446 10
1332 70 25 1198 10
1332 15 25 1495 10
1332 35 25 2736 10
1332 29 45 1226 12
1332 40 45 3203 12
1332 74 12 2994 8
1332 34 45 2592 12
1332 51 12 1641 8
1332 66 25 1638 10
1332 0 45 582 12
1332 28 25 1902 10
1332 3 45 3628 12
1332 42 25 3084 10
1332 61 25 49 10
1332 68 25 887 10
1332 96 25 2646 10
1332 91 45 56 12
1332 16 45 1625 12
1332 13 25 1827 10
1332 78 45 135 12
1332 37 25 1705 10
1332 37 12 3131 8
1332 92 12 1484 8
1332 0 25 2158 10
1332 52 12 1142 8
1332 88 45 3826 12
1332 22 45 540 12
1332 55 25 3872 10
1332 40 12 121 8
1332 28 25 1255 10
1332 6 25 1026 10
1332 14 12 182 8
1332 31 25 2920 10
1332 95 25 425 10
1332 57 25 1257 10
1332 57 25 1598 10
1332 27 12 109 8
1332 40 45 515 12
1332 56 45 581 12
1332 31 45 938 12
1332 79 45 3815 12
1332 71 25 2186 10
1332 13 12 190 8
1332 32 12 3526 8
1332 86 25 1169 10
1332 98 12 3820 8
1332 88 25 1712 10
1332 2 25 2931 10
1332 45 25 1753 10
1332 91 45 171 12
1332 84 45 1939 12
1332 14 12 1142 8
1333 29 45 917 12
1333 78 45 418 12
1333 88 45 182 12
1333 53 45 917 12
1333 42 12 1507 8
1333 54 25 1631 10
1333 34 25 1918 10
1333 52 12 1414 8
1333 41 12 1852 8
1333 78 45 0 12
1333 78 12 3934 8
1333 30 12 1852 8
1333 48 12 1024 8
1333 81 45 3560 12
1333 76 25 3092 10
1333 65 25 1343 10
1333 51 25 2330 10
1333 16 45 2373 12
1333 3 12 1720 8
1333 5 12 3597 8
1333 83 25 1039 10
1333 14 45 203 12
1333 85 25 1265 10
1333 64 12 696 8
1333 30 25 2551 10
1333 33 25 435 10
1333 40 12 3795 8
1333 6 25 2625 10
1333 2 25 2844 10
1333 18 25 1113 10
1333 92 12 3029 8
1333 55 25 324 10
1333 5 45 1393 12
1333 43 12 1069 8
1333 13 45 2195 12
1333 54 12 1277 8
1333 32 25 1429 10
1333 7 45 1907 12
1333 24 25 1363 10
1333 41 45 1507 12
1333 98 25 1813 10
1333 7 25 1362 10
1333 2 25 2243 10
1333 66 45 461 12
1333 66 25 378 10
1333 53 12 884 8
1333 25 12 3029 8
1333 28 25 387 10
1333 47 25 387 10
1333 92 12 2597 8
1333 4 12 3806 8
1333 0 25 1113 10
1333 8 45 600 12
1333 85 25 410 10
1333 67 12 1290 8
1333 30 25 580 10
1333 29 12 1154 8
1333 88 25 2439 10
1333 57 45 284 12
1333 73 12 332 8
1333 43 25 2303 10
1333 26 25 717 10
1333 78 25 52 10
1333 38 45 1526 12
1333 40 25 3280 10
1333 22 25 1113 10
1333 76 25 657 10
1333 52 25 3363 10
1333 66 12 3469 8
1333 37 12 3469 8
1333 6 12 3469 8
1333 19 25 1188 10
1333 61 25 1518 10
1333 53 25 279 10
1333 52 25 2736 10
1333 42 12 3469 8
1333 29 25 644 10
1333 97 25 3794 10
1333 41 12 255 8
1333 60 45 1965 12
1333 67 12 758 8
1333 72 12 2155 8
1333 43 45 1965 12
1333 81 25 3248 10
1333 61 25 2946 10
1333 90 45 312 12
1333 42 45 356 12
1333 0 45 3990 12
1333 98 12 3343 8
1333 5 45 3621 12
1333 4 12 1834 8
1333 76 12 938 8
1333 12 25 332 10
1333 23 25 130 10
1333 72 45 385 12
1333 32 25 617 10
1333 68 25 2843 10
1333 64 12 102 8
1333 88 12 2982 8
1333 91 45 3569 12
1333 97 12 2982 8
1333 70 25 2351 10
1333 54 25 1943 10
1333 58 45 145 12
1333 72 45 3067 12
1333 18 12 2525 8
1333 62 45 3555 12
1333 87 25 3248 10
1333 50 25 1444 10
1333 66 12 1204 8
1333 89 45 1038 12
1333 70 45 2730 12
1333 75 45 132 12
1333 53 45 3547 12
1333 51 12 3293 8
1333 71 45 2730 12
1333 10 45 274 12
1333 27 25 1921 10
1333 52 12 571 8
1333 51 45 2730 12
1333 23 25 3851 10
1333 40 45 3211 12
1333 30 25 1493 10
1333 76 12 1685 8
1333 33 12 779 8
1333 2 25 281 10
1333 65 25 1314 10
1333 59 12 654 8
1333 59 12 3160 8
1334 0 45 2834 12
1334 62 25 189 10
1334 58 25 3338 10
1334 56 45 2683 12
1334 21 25 1449 10
1334 63 45 3881 12
1334 0 12 1082 8
1334 10 25 1380 10
1334 11 25 41 10
1334 87 12 3434 8
1334 77 25 2212 10
1334 92 25 764 10
1334 12 45 2444 12
1334 4 45 1052 12
1334 80 45 1580 12
1334 59 12 713 8
1334 97 25 3397 10
1334 53 45 1508 12
1334 24 25 1310 10
1334 86 45 807 12
1334 45 25 120 10
1334 0 12 2081 8
1334 34 45 529 12
1334 51 45 1115 12
1334 52 45 3508 12
1334 70 25 1088 10
1334 18 45 739 12
1334 48 45 2444 12
1334 36 45 1300 12
1334 82 45 2444 12
1334 27 25 2610 10
1334 26 12 2735 8
1334 16 25 2798 10
1334 95 25 2029 10
1334 4 25 1573 10
1334 48 45 1248 12
1334 15 45 2077 12
1334 39 12 439 8
1334 75 12 3894 8
1334 83 45 599 12
1334 2 45 1362 12
1334 51 45 2081 12
1334 14 45 3124 12
1334 76 45 2081 12
1334 31 25 1391 10
1334 5 12 1895 8
1334 0 45 1927 12
1334 67 45 1358 12
1334 46 45 527 12
1334 5 25 2029 10
1334 50 25 390 10
1334 78 25 1347 10
1334 90 12 315 8
1334 39 45 3772 12
1334 34 25 1003 10
1334 71 45 1630 12
1334 18 45 2652 12
1334 41 25 2614 10
1334 57 25 1411 10
1334 66 12 2575 8
1334 60 25 862 10
1334 64 25 165 10
1334 42 25 2176 10
1334 31 45 3120 12
1334 42 25 439 10
1334 52 25 589 10
1334 1 12 180 8
1334 25 25 788 10
1334 39 45 872 12
1334 65 12 1810 8
1334 75 25 1161 10
1334 78 45 320 12
1334 18 25 447 10
1334 88 45 1488 12
1334 37 12 2912 8
1334 24 45 2077 12
1334 22 45 2419 12
1334 82 45 2077 12
1334 58 45 317 12
1335 68 12 2596 8
1335 54 12 883 8
1335 89 12 2596 8
1335 98 45 1593 12
1335 12 45 1537 12
1335 16 25 802 10
1335 20 45 141 12
1335 74 25 1443 10
1335 71 45 1921 12
1335 43 45 614 12
1335 15 12 36 8
1335 14 25 729 10
1335 5 45 1568 12
1335 5 25 596 10
1335 9 25 1918 10
1335 99 12 1708 8
1335 18 25 729 10
1335 1 12 1708 8
1335 4 25 1752 10
1335 68 12 367 8
1335 50 12 1486 8
1335 94 12 883 8
1335 44 25 1142 10
1335 18 25 2188 10
1335 81 45 78 12
1335 4 45 60 12
1335 4 25 3501 10
1335 17 45 794 12
1335 5 25 253 10
1335 66 25 253 10
1335 47 12 1013 8
1335 81 12 1909 8
1335 10 12 977 8
1335 80 25 1659 10
1335 17 45 2692 12
1335 66 25 1489 10
1335 72 45 1109 12
1335 47 25 1710 10
1335 18 25 1521 10
1335 23 12 1717 8
1335 35 45 892 12
1335 1 12 3888 8
1335 3 45 951 12
1335 82 45 1939 12
1335 18 12 2697 8
1335 40 25 2522 10
1335 80 12 471 8
1335 40 12 830 8
1335 68 45 1227 12
1335 12 25 2522 10
1335 65 12 608 8
1335 82 12 315 8
1335 61 25 3738 10
1335 56 45 1088 12
1335 36 12 115 8
1335 0 25 20 10
1335 57 45 1998 12
1335 61 25 333 10
1335 57 25 298 10
1335 18 25 3668 10
1335 33 25 1564 10
1335 88 45 1785 12
1335 31 25 2183 10
1335 84 45 124 12
1335 93 12 592 8
1335 17 12 3412 8
1335 21 12 1913 8
1335 38 25 149 10
1335 23 12 2234 8
1335 18 45 712 12
1335 47 25 1329 10
1335 17 45 536 12
1335 13 25 1493 10
1335 83 25 2463 10
1335 38 45 3879 12
1335 41 25 3668 10
1335 61 25 2295 10
1335 47 45 304 12
1335 16 25 3979 10
1335 21 45 1785 12
1335 80 25 3313 10
1335 22 25 172 10
1335 51 12 492 8
1335 41 25 747 10
1335 53 25 1579 10
1335 51 25 1585 10
1335 68 25 2677 10
1335 28 25 0 10
1336 73 25 1591 10
1336 14 25 3845 10
1336 85 12 976 8
1336 16 25 2049 10
1336 43 25 2101 10
1336 0 12 2841 8
1336 27 45 2513 12
1336 42 25 1895 10
1336 72 45 1749 12
1336 44 25 2852 10
1336 15 45 1997 12
1336 53 12 3975 8
1336 3 25 156 10
1336 13 12 3324 8
1336 42 12 850 8
1336 6 45 13 12
1336 75 25 156 10
1336 78 12 2792 8
1336 52 25 1880 10
1336 62 12 1748 8
1336 78 12 656 8
1336 83 12 114 8
1336 39 12 647 8
1336 85 45 344 12
1336 99 45 1375 12
1336 64 45 3536 12
1336 94 45 3411 12
1336 43 25 1649 10
1336 87 12 2269 8
1336 19 25 1650 10
1336 7 45 984 12
1336 58 25 3901 10
1336 32 25 867 10
1336 88 12 3721 8
1336 44 45 3848 12
1336 85 12 28 8
1336 60 12 15 8
1336 77 25 156 10
1336 22 25 1003 10
1336 2 25 1003 10
1336 18 25 1003 10
1336 14 12 1851 8
1336 42 25 1793 10
1336 20 25 111 10
1336 99 25 1117 10
1336 37 12 1546 8
1336 90 25 3311 10
1336 23 25 1461 10
1336 86 45 984 12
1336 57 25 1581 10
1336 33 25 1623 10
1336 33 45 1196 12
1336 71 25 1418 10
1336 64 45 311 12
1336 95 45 214 12
1336 81 12 152 8
1336 11 25 1540 10
1336 74 25 1628 10
1336 55 45 1586 12
1336 63 45 1586 12
1336 0 45 1586 12
1336 38 25 1107 10
1336 56 45 1389 12
1336 42 45 2551 12
1336 32 25 2206 10
1336 15 25 1486 10
1336 1 45 987 12
1336 5 25 3378 10
1336 9 25 3374 10
1336 46 25 1659 10
1336 74 45 207 12
1336 83 25 1204 10
1337 73 25 3487 10
1337 84 45 2064 12
1337 68 12 2791 8
1337 22 25 1644 10
1337 44 12 1490 8
1337 92 45 3960 12
1337 73 25 1462 10
1337 14 45 462 12
1337 42 25 1580 10
1337 45 12 2269 8
1337 36 45 1552 12
1337 45 12 977 8
1337 9 25 412 10
1337 79 45 929 12
1337 27 25 411 10
1337 9 25 20 10
1337 14 45 1193 12
1337 12 25 1705 10
1337 11 25 2377 10
1337 5 12 2005 8
1337 89 45 1213 12
1337 58 12 3888 8
1337 53 25 1623 10
1337 88 12 3688 8
1337 14 25 1444 10
1337 89 25 650 10
1337 48 25 1260 10
1337 15 25 1090 10
1337 73 45 806 12
1337 15 25 1308 10
1337 68 25 1006 10
1337 39 25 29 10
1337 27 45 2650 12
1337 25 45 159 12
1337 5 45 559 12
1337 29 12 2867 8
1337 46 12 2803 8
1337 82 25 1006 10
1337 40 25 1260 10
1337 3 25 960 10
1337 10 12 401 8
1337 59 25 1444 10
1337 8 25 1036 10
1337 0 25 3898 10
1337 12 25 916 10
1337 76 25 1260 10
1337 65 12 2803 8
1337 83 45 956 12
1337 92 45 1326 12
1337 80 25 3116 10
1337 87 12 1139 8
1337 27 12 38 8
1337 55 45 1296 12
1337 71 25 1209 10
1337 29 45 2606 12
1337 69 45 2371 12
1337 11 12 1988 8
1337 93 45 2606 12
1337 14 12 1796 8
1337 45 12 3358 8
1338 67 25 1644 10
1338 86 45 3109 12
1338 49 25 3549 10
1338 18 45 1931 12
1338 44 25 2946 10
1338 90 12 3482 8
1338 80 12 3482 8
1338 74 45 944 12
1338 54 45 896 12
1338 46 25 538 10
1338 30 12 3323 8
1338 46 25 1730 10
1338 36 45 1124 12
1338 38 12 3845 8
1338 13 25 1180 10
1338 59 25 719 10
1338 51 25 1461 10
1338 64 45 299 12
1338 92 45 331 12
1338 57 25 2761 10
1338 50 45 917 12
1338 89 25 2852 10
1338 35 45 1192 12
1338 24 25 3341 10
1338 12 12 2020 8
1338 69 12 2020 8
1338 0 25 601 10
1338 71 45 1063 12
1338 83 25 1118 10
1338 35 45 1506 12
1338 27 25 3625 10
1338 86 45 2606 12
1338 52 25 1257 10
1338 36 12 622 8
1338 60 25 1319 10
1338 74 45 1389 12
1338 33 12 3845 8
1338 91 12 1507 8
1338 51 45 3169 12
1338 35 45 3161 12
1338 98 25 318 10
1338 28 25 1954 10
1338 67 12 2781 8
1338 70 25 386 10
1338 64 45 2600 12
1338 49 45 199 12
1338 63 25 328 10
1338 77 45 1788 12
1338 45 45 1463 12
1338 5 12 1693 8
1338 77 25 558 10
1338 29 25 1118 10
1338 28 25 465 10
1338 14 45 564 12
1338 48 25 324 10
1338 90 12 3694 8
1338 52 25 324 10
1338 91 45 2004 12
1338 92 12 3259 8
1338 67 25 1267 10
1338 1 45 1785 12
1338 45 45 1039 12
1338 38 25 2904 10
1338 29 25 1107 10
1338 24 25 7 10
1338 18 25 688 10
1338 83 25 596 10
1338 98 12 2843 8
1338 36 45 710 12
1338 20 12 3916 8
1338 74 45 2444 12
1338 74 45 1329 12
1338 24 25 394 10
1338 75 45 2444 12
1338 99 45 2444 12
1338 40 12 658 8
1338 95 25 3969 10
1338 1 25 1574 10
1338 72 25 3893 10
1338 57 12 30 8
1338 36 25 773 10
1338 78 25 3085 10
1338 31 45 1075 12
1338 41 45 2800 12
1338 48 25 1792 10
1338 13 25 937 10
1338 73 12 3145 8
1338 6 45 1062 12
1338 62 25 558 10
1338 64 12 901 8
1338 97 12 3504 8
1338 54 25 1508 10
1338 34 45 1665 12
1338 45 25 448 10
1338 76 45 1990 12
1338 39 45 1108 12
1338 25 45 3314 12
1338 33 25 103 10
1338 97 12 2680 8
1338 41 25 1126 10
1338 44 12 396 8
1338 1 25 2957 10
1338 10 25 2400 10
1338 95 25 752 10
1338 62 25 590 10
1338 10 12 1486 8
1338 96 25 581 10
1338 27 25 969 10
1338 41 45 1836 12
1338 88 45 710 12
1338 84 45 1836 12
1338 14 25 3979 10
1338 35 45 2444 12
1339 57 25 2716 10
1339 10 45 3170 12
1339 54 25 1650 10
1339 25 12 392 8
1339 96 12 3933 8
1339 14 25 612 10
1339 85 45 2103 12
1339 31 25 2948 10
1339 55 12 1961 8
1339 58 12 1755 8
1339 16 25 855 10
1339 11 45 1447 12
1339 13 12 2773 8
1339 79 12 1252 8
1339 93 12 1252 8
1339 94 45 1269 12
1339 14 25 2123 10
1339 5 25 469 10
1339 1 25 421 10
1339 46 45 2403 12
1339 51 25 1792 10
1339 65 12 1132 8
1339 20 45 1944 12
1339 81 12 2697 8
1339 84 45 1422 12
1339 24 12 678 8
1339 85 25 1958 10
1339 48 12 1132 8
1339 24 25 3654 10
1339 57 25 3654 10
1339 88 25 3561 10
1339 89 45 213 12
1339 0 25 350 10
1339 49 25 3113 10
1339 54 45 3014 12
1339 41 45 3086 12
1339 92 25 1328 10
1339 33 45 2077 12
1339 94 25 552 10
1339 71 45 2432 12
1339 75 12 603 8
1339 33 45 3981 12
1339 69 45 3981 12
1339 74 25 374 10
1339 11 45 1931 12
1339 59 45 118 12
1339 73 45 213 12
1339 63 12 603 8
1339 54 25 2340 10
1339 46 12 2500 8
1339 48 12 3087 8
1339 89 12 3991 8
1339 32 45 1774 12
1339 66 12 3087 8
1339 37 25 2340 10
1339 94 45 2081 12
1339 44 25 3619 10
1339 57 45 659 12
1339 88 45 299 12
1339 48 45 2081 12
1339 98 25 1637 10
1339 6 45 299 12
1339 12 25 1982 10
1339 51 12 1224 8
1339 36 25 3107 10
1339 63 12 2768 8
1339 32 12 3282 8
1339 20 12 435 8
1339 25 12 275 8
1339 52 45 228 12
1339 25 12 1662 8
1339 46 25 189 10
1339 66 25 3489 10
1339 29 25 3409 10
1339 31 45 1039 12
1339 73 45 2257 12
1339 26 25 3960 10
1339 93 12 294 8
1339 7 12 1646 8
1339 53 25 2871 10
1339 78 25 1001 10
1339 6 45 3815 12
1339 3 25 2614 10
1339 50 12 312 8
1339 9 12 2020 8
1339 15 45 550 12
1339 35 12 28 8
1339 85 25 2798 10
1339 11 25 1442 10
1339 82 12 852 8
1340 83 25 675 10
1340 69 25 935 10
1340 63 45 1885 12
1340 45 25 1357 10
1340 96 25 2317 10
1340 97 25 1846 10
1340 84 25 1362 10
1340 39 25 3211 10
1340 49 12 3705 8
1340 28 12 476 8
1340 17 12 3387 8
1340 82 45 2004 12
1340 26 45 2004 12
1340 72 25 3536 10
1340 4 45 2383 12
1340 37 12 1835 8
1340 95 45 567 12
1340 19 45 1199 12
1340 26 25 1250 10
1340 34 25 2372 10
1340 23 12 1507 8
1340 12 25 1039 10
1340 41 12 2915 8
1340 38 45 274 12
1340 23 25 2815 10
1340 81 45 2419 12
1340 51 25 1396 10
1340 71 25 1875 10
1340 89 25 828 10
1340 56 12 396 8
1340 41 25 411 10
1340 10 25 2811 10
1340 23 25 729 10
1340 75 12 677 8
1340 84 12 423 8
1340 36 25 786 10
1340 76 12 2770 8
1340 50 25 3767 10
1340 81 12 24 8
1340 6 25 2016 10
1340 46 45 1129 12
1340 20 12 102 8
1340 94 25 3901 10
1340 70 45 1965 12
1340 11 25 3248 10
1340 9 45 281 12
1340 34 25 3921 10
1340 74 12 751 8
1340 17 25 436 10
1340 25 25 269 10
1340 74 12 1929 8
1340 6 45 545 12
1340 70 45 848 12
1340 54 45 614 12
1340 50 12 1274 8
1340 18 45 1832 12
1340 67 25 2234 10
1340 81 45 3512 12
1340 14 45 1832 12
1340 63 45 1581 12
1340 9 12 2213 8
1340 86 12 1123 8
1340 12 25 675 10
1340 49 45 848 12
1340 31 45 484 12
1340 81 45 2896 12
1340 59 25 1513 10
1340 84 25 2497 10
1340 6 12 3715 8
1340 93 25 1597 10
1340 86 25 1430 10
1340 35 45 484 12
1340 69 25 3649 10
1340 74 45 3236 12
1340 34 25 1506 10
1340 94 12 785 8
1340 12 12 653 8
1340 67 12 169 8
1340 81 45 1790 12
1340 36 25 785 10
1340 5 25 1407 10
1340 26 25 3397 10
1340 29 25 1534 10
1340 31 45 624 12
1340 63 25 201 10
1340 60 12 2754 8
1340 44 45 716 12
1340 68 25 2674 10
1340 1 45 536 12
1340 45 12 201 8
1340 90 25 1313 10
1340 61 45 2896 12
1340 56 25 1236 10
1340 9 45 551 12
1340 64 25 371 10
1340 33 45 956 12
1340 64 25 1465 10
1340 55 12 1032 8
1340 60 12 2059 8
1340 82 12 2219 8
1340 23 45 601 12
1340 69 45 2105 12
1340 94 45 3203 12
1340 4 12 1478 8
1340 35 45 1885 12
1340 39 12 3406 8
1341 68 25 3264 10
1341 66 25 51 10
1341 13 45 1892 12
1341 9 12 1908 8
1341 52 45 1316 12
1341 23 45 44 12
1341 84 45 399 12
1341 21 25 1028 10
1341 81 25 453 10
1341 7 12 1969 8
1341 98 45 1804 12
1341 7 25 62 10
1341 98 25 2481 10
1341 35 25 142 10
1341 57 45 2896 12
1341 76 12 1409 8
1341 20 45 2619 12
1341 31 25 22 10
1341 17 25 3108 10
1341 6 25 3108 10
1341 24 25 1740 10
1341 46 45 373 12
1341 11 25 70 10
1341 41 12 2390 8
1341 64 25 1170 10
1341 43 12 2959 8
1341 2 25 2730 10
1341 86 12 1881 8
1341 82 25 2762 10
1341 37 25 2563 10
1341 62 45 922 12
1341 37 45 2841 12
1341 82 45 349 12
1341 49 25 1261 10
1341 38 45 349 12
1341 9 25 2212 10
1341 74 25 1740 10
1341 57 12 1984 8
1341 89 45 2180 12
1341 12 45 1004 12
1341 46 45 2844 12
1341 8 45 2106 12
1341 45 25 2852 10
1341 5 25 899 10
1341 54 25 899 10
1341 6 45 3947 12
1341 56 45 1159 12
1341 67 25 174 10
1341 84 45 2419 12
1341 77 12 1951 8
1341 34 25 2205 10
1341 8 25 1898 10
1341 53 25 627 10
1341 0 12 138 8
1341 53 12 2912 8
1341 22 12 1088 8
1341 20 25 1528 10
1341 98 45 1781 12
1341 73 12 2851 8
1341 3 12 2951 8
1341 55 25 1939 10
1341 83 25 861 10
1341 15 45 43 12
1341 24 25 802 10
1341 14 45 2152 12
1341 63 25 2849 10
1341 81 45 1613 12
1341 41 25 2656 10
1341 20 45 1885 12
1341 10 12 138 8
1341 92 45 64 12
1341 16 45 3637 12
1341 75 12 858 8
1341 3 45 973 12
1341 34 45 2089 12
1341 25 45 994 12
1341 92 25 2286 10
1341 4 12 3376 8
1341 22 25 1635 10
1341 58 12 359 8
1341 7 12 1525 8
1341 50 25 1296 10
1341 63 12 2781 8
1341 67 45 1213 12
1341 89 45 1972 12
1341 56 25 1319 10
1341 56 12 1880 8
1341 77 45 3637 12
1341 45 25 1753 10
1341 91 45 2932 12
1341 6 45 566 12
1341 45 45 1892 12
1341 3 45 212 12
1341 73 12 908 8
1341 64 45 2765 12
1341 34 45 1427 12
1341 40 12 702 8
1341 6 45 557 12
1341 40 45 1429 12
1341 70 25 1888 10
1341 82 12 264 8
1341 56 45 1959 12
1341 50 25 1530 10
1341 53 12 2335 8
1341 81 12 830 8
1341 70 25 2217 10
1341 42 12 685 8
1341 82 45 1248 12
1341 87 45 583 12
1341 59 12 884 8
1341 41 12 3029 8
1341 68 25 297 10
1341 38 12 1518 8
1341 80 12 748 8
1341 65 12 1964 8
1341 27 25 3234 10
1341 65 25 1561 10
1341 91 45 2311 12
1341 63 45 1379 12
1341 10 12 1964 8
1341 32 12 1964 8
1342 25 25 1646 10
1342 2 45 1778 12
1342 15 25 3306 10
1342 69 12 214 8
1342 30 45 1159 12
1342 31 12 955 8
1342 7 25 871 10
1342 40 25 480 10
1342 21 45 1170 12
1342 97 45 2268 12
1342 65 12 746 8
1342 4 45 1193 12
1342 0 25 2281 10
1342 97 12 2091 8
1342 99 12 854 8
1342 43 45 1899 12
1342 94 45 1326 12
1342 25 25 790 10
1342 69 12 2234 8
1342 97 45 3911 12
1342 70 25 762 10
1342 84 45 1089 12
1342 23 25 1328 10
1342 91 25 1636 10
1342 19 25 1069 10
1342 18 25 1328 10
1342 74 12 1151 8
1342 18 12 2558 8
1342 45 25 2531 10
1342 6 25 779 10
1342 46 25 779 10
1342 87 12 1843 8
1342 9 45 2089 12
1342 99 25 3957 10
1342 65 12 1237 8
1342 67 25 1046 10
1342 89 25 1027 10
1342 45 45 1089 12
1342 31 45 2889 12
1342 9 12 1660 8
1342 74 12 2565 8
1342 63 12 100 8
1342 41 25 779 10
1342 55 25 1321 10
1342 4 45 1508 12
1342 81 25 120 10
1342 60 12 2115 8
1342 52 12 89 8
1342 42 45 189 12
1342 0 12 1902 8
1342 0 25 445 10
1342 6 25 1864 10
1342 81 25 3803 10
1342 3 12 1793 8
1342 28 25 3779 10
1342 40 25 93 10
1342 28 25 93 10
1342 13 25 1328 10
1342 92 12 535 8
1342 36 25 3103 10
1342 20 25 2302 10
1342 49 25 1614 10
1342 17 45 2554 12
1342 45 25 2005 10
1342 2 12 1794 8
1342 18 45 327 12
1342 32 45 327 12
1342 34 25 2383 10
1342 98 45 608 12
1342 48 45 21 12
1342 84 45 21 12
1342 16 25 3211 10
1342 6 12 1079 8
1342 50 45 92 12
1342 21 12 1130 8
1342 26 12 1130 8
1342 64 25 3022 10
1342 32 12 1619 8
1342 70 45 82 12
1342 84 25 2846 10
1342 51 25 3301 10
1342 81 25 3443 10
1342 8 12 2269 8
1342 88 12 2254 8
1342 27 12 1434 8
1342 57 25 3092 10
1342 75 12 891 8
1342 25 45 1689 12
1342 69 45 1902 12
1342 41 45 1315 12
1342 44 12 327 8
1342 78 12 3282 8
1342 99 45 92 12
1342 89 25 3289 10
1342 80 45 327 12
1342 17 25 3234 10
1342 32 45 1596 12
1342 52 25 3234 10
1342 70 25 3234 10
1342 57 25 371 10
1342 28 45 601 12
1343 87 45 7 12
1343 46 45 2945 12
1343 59 45 1452 12
1343 56 45 1510 12
1343 94 45 13 12
1343 43 45 1248 12
1343 60 25 553 10
1343 39 12 2915 8
1343 45 25 1784 10
1343 35 25 2355 10
1343 79 45 1510 12
1343 71 12 71 8
1343 32 25 1967 10
1343 39 12 967 8
1343 33 25 850 10
1343 50 25 621 10
1343 2 45 1783 12
1343 26 25 981 10
1343 61 25 621 10
1343 29 12 542 8
1343 56 25 445 10
1343 74 12 3986 8
1343 11 25 623 10
1343 23 25 684 10
1343 15 25 623 10
1343 42 25 631 10
1343 51 45 411 12
1343 9 25 1398 10
1343 51 45 1177 12
1343 94 25 2256 10
1343 52 45 2879 12
1343 22 25 482 10
1343 50 12 1919 8
1343 60 12 563 8
1343 89 45 1269 12
1343 73 25 152 10
1343 27 25 152 10
1343 26 25 2056 10
1343 27 45 761 12
1343 65 12 97 8
1343 67 12 1041 8
1343 4 25 3780 10
1343 63 12 967 8
1343 29 45 2444 12
1343 6 25 2948 10
1343 35 45 1564 12
1343 29 25 86 10
1343 19 12 967 8
1343 96 12 1606 8
1343 32 25 2054 10
1343 48 45 1170 12
1343 48 45 602 12
1343 72 25 3738 10
1343 58 45 292 12
1343 8 25 1568 10
1343 50 25 449 10
1343 6 12 1893 8
1343 99 45 135 12
1343 54 25 540 10
1343 95 25 2493 10
1343 47 45 973 12
1343 12 12 710 8
1343 58 25 1397 10
1343 55 45 1446 12
1343 2 12 1173 8
1343 59 25 2439 10
1343 69 45 1271 12
1343 87 12 1173 8
1343 60 12 71 8
1343 92 25 1642 10
1343 4 12 655 8
1343 34 12 30 8
1343 98 25 2212 10
1343 22 45 1522 12
1343 45 25 2212 10
1343 27 25 1444 10
1344 86 12 2686 8
1344 71 45 982 12
1344 45 25 503 10
1344 39 12 2445 8
1344 99 45 665 12
1344 88 45 2800 12
1344 99 25 657 10
1344 75 45 2368 12
1344 36 45 310 12
1344 67 45 504 12
1344 16 25 1840 10
1344 18 12 291 8
1344 50 45 1752 12
1344 40 12 263 8
1344 5 12 758 8
1344 63 12 2445 8
1344 26 12 3222 8
1344 18 25 2234 10
1344 44 25 2234 10
1344 37 25 1967 10
1344 51 25 925 10
1344 53 12 3973 8
1344 50 45 302 12
1344 21 45 399 12
1344 91 45 1897 12
1344 51 25 3781 10
1344 67 12 1453 8
1344 65 25 479 10
1344 97 45 3169 12
1344 46 45 261 12
1344 68 12 30 8
1344 33 12 30 8
1344 66 25 1494 10
1344 37 45 3038 12
1344 19 45 2194 12
1344 61 25 3062 10
1344 75 45 1947 12
1344 76 25 1915 10
1344 61 12 468 8
1344 30 45 2137 12
1344 35 12 3087 8
1344 26 45 860 12
1344 18 45 860 12
1344 52 25 3363 10
1344 75 25 1699 10
1344 1 12 1919 8
1344 50 12 869 8
1344 62 12 3975 8
1344 73 45 1773 12
1344 21 25 1840 10
1344 67 25 503 10
1344 33 25 3655 10
1344 38 45 2162 12
1344 23 25 1450 10
1344 3 12 771 8
1344 2 25 853 10
1344 84 25 853 10
1344 37 25 3016 10
1344 84 25 2967 10
1344 12 25 556 10
1344 66 12 492 8
1344 68 12 967 8
1344 36 25 77 10
1344 2 25 1563 10
1344 78 45 3960 12
1344 16 45 1248 12
1344 29 12 481 8
1345 25 25 3649 10
1345 43 25 2162 10
1345 41 12 758 8
1345 43 12 856 8
1345 76 25 1512 10
1345 37 25 1169 10
1345 95 25 2057 10
1345 40 25 1204 10
1345 78 25 246 10
1345 30 25 1635 10
1345 5 25 1512 10
1345 79 45 1595 12
1345 24 12 3795 8
1345 14 12 1793 8
1345 59 25 3257 10
1345 47 25 2972 10
1345 64 45 1238 12
1345 21 45 1238 12
1345 1 45 1100 12
1345 79 12 2472 8
1345 56 25 473 10
1345 49 45 1652 12
1345 11 45 2080 12
1345 76 12 411 8
1345 97 25 3313 10
1345 16 45 664 12
1345 74 25 3708 10
1345 89 25 1261 10
1345 28 45 1774 12
1345 52 12 293 8
1345 49 12 2369 8
1345 72 25 3290 10
1345 52 45 1053 12
1345 72 25 1227 10
1345 97 25 635 10
1345 78 25 618 10
1345 65 45 2474 12
1345 55 12 1587 8
1345 27 25 2830 10
1345 54 25 1518 10
1345 18 25 263 10
1345 4 45 144 12
1345 29 12 41 8
1345 57 45 3733 12
1345 81 25 868 10
1345 77 12 1105 8
1345 92 12 1916 8
1345 12 45 3008 12
1345 21 12 1624 8
1345 54 45 1110 12
1345 33 25 3243 10
1345 64 12 1035 8
1345 41 25 2224 10
1345 16 12 938 8
1345 41 25 1695 10
1345 45 25 1465 10
1345 65 25 2560 10
1345 73 25 1882 10
1345 94 25 417 10
1345 38 25 1350 10
1345 50 45 2932 12
1345 24 12 1988 8
1345 57 12 1988 8
1345 49 12 532 8
1345 49 45 888 12
1345 55 25 1475 10
1345 32 12 1731 8
1345 85 45 1495 12
1345 49 25 192 10
1345 1 12 1467 8
1345 29 12 265 8
1345 42 12 2687 8
1345 87 45 1346 12
1345 93 12 3438 8
1345 0 45 1346 12
1345 96 12 952 8
1345 32 45 529 12
1345 14 45 2819 12
1345 19 12 2193 8
1345 1 12 1455 8
1345 10 12 2067 8
1345 80 12 3458 8
1345 44 45 1328 12
1345 95 25 3973 10
1345 3 12 891 8
1345 46 12 3458 8
1345 62 25 2234 10
1345 14 25 598 10
1345 47 25 3973 10
1345 16 12 1334 8
1345 92 12 1358 8
1345 71 25 1782 10
1345 60 25 183 10
1345 32 25 1245 10
1345 69 12 1688 8
1345 84 25 1489 10
1345 54 25 3398 10
1345 59 12 1641 8
1345 0 25 589 10
1345 53 45 1110 12
1345 66 12 1686 8
1345 73 25 1663 10
1345 53 45 1198 12
1345 23 25 1143 10
1345 13 25 2923 10
1345 26 25 3451 10
1345 67 12 3343 8
1345 54 45 608 12
1345 87 25 3451 10
1346 5 12 3465 8
1346 90 45 0 12
1346 43 45 1846 12
1346 84 25 1568 10
1346 24 25 657 10
1346 77 12 539 8
1346 52 12 1637 8
1346 65 45 816 12
1346 56 25 1318 10
1346 61 45 2456 12
1346 75 45 935 12
1346 51 25 1046 10
1346 74 12 3795 8
1346 27 45 3764 12
1346 12 25 1212 10
1346 29 25 1664 10
1346 12 45 345 12
1346 12 12 2667 8
1346 11 25 1198 10
1346 44 45 1421 12
1346 7 45 1421 12
1346 44 12 458 8
1346 37 12 755 8
1346 72 45 1421 12
1346 4 12 343 8
1346 82 45 1421 12
1346 41 45 1396 12
1346 90 12 1720 8
1346 77 12 1981 8
1346 21 12 1788 8
1346 12 45 2321 12
1346 19 25 1561 10
1346 47 12 867 8
1346 73 12 884 8
1346 38 25 3022 10
1346 54 45 649 12
1346 47 25 1046 10
1346 59 12 2037 8
1346 17 25 3803 10
1346 82 25 798 10
1346 41 12 2706 8
1346 96 45 167 12
1346 8 45 3824 12
1346 47 45 3470 12
1346 41 45 1828 12
1346 10 25 656 10
1346 79 12 1199 8
1346 28 25 573 10
1346 43 12 1253 8
1346 29 45 3109 12
1346 29 12 193 8
1346 18 45 1495 12
1346 19 25 190 10
1346 47 45 732 12
1346 15 25 1907 10
1346 10 12 30 8
1346 47 45 949 12
1346 72 12 2959 8
1346 70 45 3628 12
1346 63 12 2256 8
1346 72 45 1591 12
1346 50 45 3287 12
1346 62 12 923 8
1346 99 25 2778 10
1346 97 25 2778 10
1346 21 25 3397 10
1346 21 25 2778 10
1346 94 25 1024 10
1346 38 45 479 12
1346 14 45 1301 12
1346 1 25 1494 10
1346 12 12 2390 8
1346 48 45 1272 12
1346 74 12 252 8
1346 16 45 167 12
1346 56 45 167 12
1346 86 25 3512 10
1346 43 12 3293 8
1346 32 25 654 10
1346 60 25 3923 10
1346 23 45 1406 12
1346 39 25 1027 10
1346 76 12 1164 8
1346 23 25 1444 10
1346 62 25 2882 10
1346 3 12 99 8
1346 16 12 2833 8
1346 33 45 1193 12
1346 72 12 1303 8
1346 73 45 717 12
1346 98 45 399 12
1346 75 45 1268 12
1346 61 25 198 10
1346 69 12 665 8
1346 76 12 3539 8
1346 86 25 3512 10
1346 64 25 731 10
1346 20 45 1411 12
1346 27 25 1450 10
1346 10 45 21 12
1346 98 12 435 8
1346 91 12 1870 8
1346 76 25 1509 10
1346 11 25 2611 10
1346 68 12 303 8
1346 66 12 377 8
1346 21 25 2049 10
1346 39 25 2815 10
1346 85 45 977 12
1346 67 12 1212 8
1346 31 25 2815 10
1346 35 45 984 12
1346 51 25 621 10
1346 61 12 289 8
1346 82 25 3398 10
1346 50 45 2554 12
1346 28 12 2398 8
1346 16 45 1399 12
1346 96 12 255 8
1346 70 45 2024 12
1346 24 25 1205 10
1346 22 12 41 8
1346 97 25 3512 10
1346 45 45 2619 12
1346 57 12 797 8
1346 99 12 619 8
1346 7 45 1947 12
1346 30 25 1205 10
1346 20 25 1490 10
1346 78 12 730 8
1346 9 45 461 12
1346 32 45 1268 12
1346 91 45 3339 12
1346 51 45 783 12
1346 95 25 1208 10
1347 66 25 10 10
1347 26 45 984 12
1347 67 25 1482 10
1347 65 25 1143 10
1347 24 25 1927 10
1347 65 25 2054 10
1347 2 12 795 8
1347 43 12 3705 8
1347 44 25 2778 10
1347 20 25 626 10
1347 75 12 139 8
1347 34 12 955 8
1347 89 12 814 8
1347 3 45 2562 12
1347 16 45 107 12
1347 1 25 656 10
1347 60 12 1812 8
1347 3 25 1230 10
1347 70 12 85 8
1347 68 45 2461 12
1347 12 45 1294 12
1347 59 12 1840 8
1347 59 45 2461 12
1347 41 45 1004 12
1347 4 25 10 10
1347 41 45 3161 12
1347 35 45 674 12
1347 66 45 3504 12
1347 89 45 60 12
1347 92 45 2692 12
1347 8 25 1102 10
1347 48 25 3385 10
1347 11 25 1255 10
1347 98 45 2323 12
1347 91 45 1690 12
1347 13 12 708 8
1347 32 25 1490 10
1347 5 25 1490 10
1347 57 45 733 12
1347 83 25 1646 10
1347 52 45 733 12
1347 24 45 2025 12
1347 57 45 3396 12
1347 76 45 25 12
1347 90 25 657 10
1347 78 12 1779 8
1347 31 25 3717 10
1347 39 12 678 8
1347 94 25 1700 10
1347 11 25 652 10
1347 91 25 3263 10
1347 66 25 919 10
1347 59 45 431 12
1347 9 12 1766 8
1347 44 45 1808 12
1347 83 25 760 10
1347 95 45 1997 12
1347 49 12 3794 8
1347 12 25 1929 10
1347 65 25 1344 10
1347 94 45 1419 12
1347 14 45 1092 12
1347 84 25 3934 10
1347 43 25 2351 10
1347 14 45 376 12
1347 11 12 57 8
1347 65 25 20 10
1347 47 45 1575 12
1347 19 12 3597 8
1347 3 12 2400 8
1347 60 25 3824 10
1347 65 45 1593 12
1347 86 45 1593 12
1347 63 45 2195 12
1347 75 25 1771 10
1347 69 12 2576 8
1347 55 25 1248 10
1347 28 45 1593 12
1347 52 12 1622 8
1347 99 12 3341 8
1347 65 45 1323 12
1347 45 12 3355 8
1347 44 25 314 10
1347 17 12 1788 8
1347 39 25 1404 10
1347 56 25 2269 10
1347 69 45 3966 12
1347 23 25 2131 10
1347 68 12 2752 8
1347 21 45 1154 12
1347 65 45 3266 12
1347 34 12 1730 8
1347 39 45 2980 12
1347 42 45 1821 12
1347 45 45 741 12
1347 11 25 3858 10
1347 74 45 1746 12
1347 23 25 1853 10
1347 23 45 1856 12
1347 62 25 3024 10
1347 5 25 3258 10
1347 47 25 2775 10
1347 22 12 1709 8
1347 6 25 2286 10
1347 24 12 561 8
1347 75 25 181 10
1347 88 12 199 8
1347 35 25 3413 10
1347 56 12 1611 8
1347 46 25 1236 10
1347 83 25 3540 10
1347 8 25 436 10
1347 91 25 981 10
1347 32 12 2002 8
1347 30 25 2531 10
1347 42 45 3318 12
1347 2 25 328 10
1347 53 12 702 8
1347 43 25 1064 10
1347 33 45 1806 12
1347 74 25 1039 10
1347 10 25 365 10
1347 39 12 1486 8
1347 19 12 2002 8
1347 38 12 245 8
1347 60 25 1882 10
1347 4 12 1381 8
1347 49 25 3512 10
1347 63 25 3551 10
1347 74 45 2188 12
1347 20 25 802 10
1347 74 12 1616 8
1347 95 25 1518 10
1347 54 12 3752 8
1347 7 45 233 12
1348 86 25 3384 10
1348 42 45 2606 12
1348 23 25 3360 10
1348 51 45 2730 12
1348 46 12 810 8
1348 59 45 3191 12
1348 9 25 3384 10
1348 52 25 1092 10
1348 87 25 414 10
1348 28 25 2322 10
1348 44 25 489 10
1348 29 25 2551 10
1348 94 25 95 10
1348 12 12 1657 8
1348 55 25 196 10
1348 46 25 1768 10
1348 49 25 1801 10
1348 40 25 904 10
1348 70 12 89 8
1348 71 12 2525 8
1348 65 25 3914 10
1348 15 25 2936 10
1348 47 12 169 8
1348 95 25 3984 10
1348 80 25 1898 10
1348 15 12 729 8
1348 24 25 1344 10
1348 54 25 1315 10
1348 26 12 2193 8
1348 11 25 2256 10
1348 27 25 596 10
1348 63 25 1508 10
1348 15 45 405 12
1348 19 45 1778 12
1348 87 45 2692 12
1348 29 25 758 10
1348 11 25 2936 10
1348 78 25 1853 10
1348 63 25 2936 10
1348 35 25 1457 10
1348 11 45 264 12
1348 29 25 2131 10
1348 59 45 2423 12
1348 29 12 495 8
1348 11 25 1848 10
1348 3 25 1261 10
1348 39 25 1444 10
1348 10 25 1509 10
1348 13 25 723 10
1348 67 12 90 8
1348 8 25 3409 10
1348 24 25 1614 10
1348 36 25 657 10
1348 20 45 869 12
1348 15 25 1732 10
1348 63 25 1949 10
1348 81 45 2719 12
1348 99 45 1529 12
1348 22 45 2459 12
1348 6 25 1732 10
1348 87 45 198 12
1348 9 45 198 12
1348 70 25 1732 10
1348 6 45 3815 12
1348 19 12 3907 8
1348 43 25 589 10
1348 46 25 2308 10
1348 78 45 1011 12
1348 88 12 1385 8
1348 53 12 3795 8
1348 2 25 1732 10
1348 29 25 1732 10
1348 27 45 1589 12
1348 17 25 1732 10
1348 3 45 1959 12
1348 82 25 2738 10
1348 81 45 393 12
1348 66 45 3014 12
1348 28 25 850 10
1348 10 45 2599 12
1348 64 45 410 12
1348 61 45 1393 12
1348 24 12 1715 8
1348 24 25 1518 10
1348 50 45 42 12
1348 11 25 1324 10
1348 58 25 32 10
1348 74 12 3470 8
1348 56 12 1646 8
1348 34 25 1090 10
1348 93 25 621 10
1348 34 12 735 8
1348 40 45 84 12
1348 46 12 2193 8
1348 40 12 1796 8
1348 70 12 2193 8
1348 19 12 3822 8
1348 84 45 551 12
1348 65 25 2739 10
1348 1 25 856 10
1348 1 25 1490 10
1348 39 25 1490 10
1348 77 45 2600 12
1348 73 45 527 12
1348 81 45 1571 12
1348 85 45 1098 12
1349 23 12 1200 8
1349 95 25 148 10
1349 28 12 1208 8
1349 66 25 127 10
1349 99 25 3914 10
1349 99 25 3914 10
1349 44 25 148 10
1349 16 45 528 12
1349 70 12 2396 8
1349 48 45 1568 12
1349 38 25 1740 10
1349 55 12 2525 8
1349 16 25 1740 10
1349 68 25 2057 10
1349 62 45 2930 12
1349 59 25 3313 10
1349 68 12 1572 8
1349 77 12 812 8
1349 7 12 881 8
1349 25 12 3784 8
1349 15 12 3784 8
1349 36 12 3784 8
1349 76 12 3784 8
1349 8 12 3784 8
1349 44 12 2064 8
1349 16 12 565 8
1349 86 12 3784 8
1349 13 12 3784 8
1349 47 12 3784 8
1349 3 25 1664 10
1349 89 12 1589 8
1349 32 45 2606 12
1349 99 12 1208 8
1349 25 12 1495 8
1349 59 25 786 10
1349 95 25 1438 10
1349 36 25 2503 10
1349 1 12 517 8
1349 21 45 1936 12
1349 64 12 1572 8
1349 4 12 2207 8
1349 71 25 1110 10
1349 97 12 401 8
1349 67 25 656 10
1349 49 12 755 8
1349 25 25 1782 10
1349 62 45 1920 12
1350 12 45 888 12
1350 68 45 956 12
1350 8 45 888 12
1350 32 25 1743 10
1350 2 45 1797 12
1350 31 25 1098 10
1350 72 25 2824 10
1350 76 45 1578 12
1350 93 12 3317 8
1350 59 12 352 8
1350 39 25 1635 10
1350 18 25 2176 10
1350 87 12 2381 8
1350 28 45 1794 12
1350 71 12 824 8
1350 54 45 220 12
1350 6 25 1494 10
1350 21 45 2457 12
1350 75 25 115 10
1350 78 25 1581 10
1350 77 25 1501 10
1350 70 45 347 12
1350 44 25 1280 10
1350 32 25 3929 10
1350 16 12 3515 8
1350 37 25 959 10
1350 50 25 602 10
1350 35 25 443 10
1350 40 25 1964 10
1350 78 25 2503 10
1350 73 25 1279 10
1350 86 45 1227 12
1350 95 45 2208 12
1350 76 45 580 12
1350 68 25 556 10
1350 7 25 853 10
1350 36 25 40 10
1350 59 25 1821 10
1350 14 25 40 10
1350 99 25 1265 10
1350 64 12 3806 8
1350 41 25 2466 10
1350 13 12 2254 8
1350 10 25 1603 10
1350 57 25 1573 10
1350 35 12 1546 8
1350 16 12 2860 8
1350 43 45 2010 12
1350 84 45 1164 12
1350 48 25 1183 10
1350 78 25 160 10
1350 86 12 238 8
1350 44 25 2820 10
1351 30 25 802 10
1351 14 45 2570 12
1351 71 25 621 10
1351 56 25 996 10
1351 21 25 269 10
1351 2 25 956 10
1351 72 25 214 10
1351 40 45 2570 12
1351 90 25 856 10
1351 95 12 3461 8
1351 63 25 1737 10
1351 3 12 1056 8
1351 40 25 3088 10
1351 57 25 1471 10
1351 50 25 1471 10
1351 11 25 1471 10
1351 12 25 1922 10
1351 15 25 340 10
1351 77 45 3145 12
1351 45 25 2509 10
1351 93 25 1577 10
1351 17 25 511 10
1351 3 25 1722 10
1351 48 25 776 10
1351 29 12 112 8
1351 15 12 112 8
1351 34 45 1719 12
1351 4 25 2453 10
1351 49 45 1102 12
1351 28 25 1965 10
1351 86 45 1591 12
1351 92 45 989 12
1351 48 25 225 10
1351 57 45 311 12
1351 21 45 2615 12
1351 83 45 378 12
1351 49 25 1541 10
1351 47 45 1873 12
1351 67 45 3538 12
1351 71 25 3012 10
1351 47 25 633 10
1351 48 45 1899 12
1351 85 25 1177 10
1351 30 12 3986 8
1351 99 25 1287 10
1351 6 25 1512 10
1351 69 25 1370 10
1351 59 45 3776 12
1351 83 12 385 8
1351 80 12 248 8
1351 19 12 1149 8
1351 65 12 1149 8
1351 30 25 2117 10
1351 49 12 1849 8
1351 53 45 1500 12
1351 90 25 2509 10
1351 24 45 3943 12
1351 78 25 1047 10
1351 92 25 1183 10
1351 89 12 1959 8
1351 66 12 109 8
1351 84 25 1047 10
1351 7 25 3921 10
1351 5 25 1275 10
1351 93 25 1804 10
1351 9 25 225 10
1352 3 25 692 10
1352 3 45 1574 12
1352 36 12 938 8
1352 70 12 938 8
1352 12 12 1704 8
1352 94 12 867 8
1352 98 12 3006 8
1352 19 25 2152 10
1352 79 12 1623 8
1352 56 45 1574 12
1352 38 25 3510 10
1352 15 25 596 10
1352 81 25 3234 10
1352 73 25 1244 10
1352 21 25 1903 10
1352 14 25 956 10
1352 37 25 371 10
1352 44 12 294 8
1352 46 25 1636 10
1352 29 45 1537 12
1352 97 45 296 12
1352 9 45 2729 12
1352 83 25 1940 10
1352 95 25 3857 10
1352 47 25 2587 10
1352 93 25 1518 10
1352 28 45 2843 12
1352 98 45 1939 12
1352 47 12 2002 8
1352 26 12 1564 8
1352 80 25 1831 10
1352 54 45 2609 12
1352 13 12 3178 8
1352 99 45 2867 12
1352 11 45 3776 12
1352 39 12 2059 8
1352 14 12 2002 8
1352 22 12 1227 8
1352 89 45 2120 12
1352 69 12 2002 8
1352 58 12 2525 8
1352 89 12 2002 8
1352 80 12 2002 8
1352 18 25 3620 10
1352 85 45 2137 12
1352 63 12 2002 8
1352 25 25 337 10
1352 1 45 1243 12
1352 33 25 2127 10
1352 44 25 425 10
1352 83 45 2561 12
1352 84 45 752 12
1352 86 45 2080 12
1352 45 12 411 8
1352 95 12 291 8
1352 27 25 2996 10
1352 50 45 1535 12
1352 49 12 1364 8
1352 56 45 1950 12
1352 55 45 1674 12
1352 27 25 3738 10
1352 50 12 668 8
1352 49 12 2713 8
1352 66 25 3851 10
1352 87 25 2300 10
1352 92 12 902 8
1352 59 25 1882 10
1352 45 25 2261 10
1352 87 25 2497 10
1352 61 45 839 12
1352 0 12 3178 8
1352 71 25 1965 10
1352 78 12 1135 8
1352 54 12 571 8
1352 96 25 1758 10
1352 95 25 1110 10
1352 85 25 1730 10
1352 6 12 2565 8
1352 31 12 3900 8
1352 99 25 2660 10
1352 37 45 608 12
1352 0 45 2444 12
1352 54 12 1449 8
1352 26 25 465 10
1352 12 12 1285 8
1352 43 25 981 10
1352 0 45 1892 12
1352 73 12 1285 8
1352 65 45 779 12
1352 13 45 2225 12
1352 99 25 657 10
1352 81 25 1965 10
1352 4 25 2234 10
1352 27 25 1965 10
1352 45 25 1174 10
1353 64 45 860 12
1353 60 25 681 10
1353 35 12 137 8
1353 8 12 99 8
1353 67 45 1370 12
1353 31 25 681 10
1353 67 12 3597 8
1353 13 25 3921 10
1353 22 45 1098 12
1353 39 25 1262 10
1353 82 12 867 8
1353 77 25 2401 10
1353 55 45 1375 12
1353 44 25 2401 10
1353 10 25 2401 10
1353 59 45 712 12
1353 27 25 1583 10
1353 42 25 2401 10
1353 80 25 2401 10
1353 81 12 2575 8
1353 26 45 1524 12
1353 22 25 2401 10
1353 98 12 867 8
1353 9 45 1193 12
1353 56 25 1121 10
1353 81 12 1313 8
1353 65 12 1959 8
1353 67 12 3189 8
1353 47 25 1848 10
1353 34 25 1027 10
1353 57 45 2889 12
1353 15 25 795 10
1353 80 12 283 8
1353 9 45 1161 12
1353 88 12 2596 8
1353 49 25 2782 10
1353 37 25 2234 10
1353 97 12 3984 8
1353 89 25 2260 10
1353 28 12 1793 8
1353 2 25 1911 10
1353 86 12 1793 8
1353 4 45 74 12
1353 16 25 2005 10
1353 22 45 905 12
1353 48 12 2966 8
1353 60 12 3251 8
1353 40 45 419 12
1353 17 12 1558 8
1353 94 12 2431 8
1353 48 45 1885 12
1353 86 25 201 10
1353 58 25 655 10
1353 33 12 1777 8
1353 89 25 3825 10
1353 54 25 1899 10
1353 31 45 3607 12
1353 83 45 3848 12
1353 12 12 967 8
1353 90 45 1731 12
1353 55 25 3938 10
1353 74 25 1791 10
1353 47 25 118 10
1353 81 25 1659 10
1353 62 25 2407 10
1353 67 45 800 12
1353 24 12 2976 8
1353 63 45 3607 12
1353 24 25 3922 10
1353 71 25 1610 10
1353 94 45 3011 12
1353 84 12 1441 8
1353 78 12 3784 8
1353 24 45 486 12
1353 52 12 3784 8
1353 24 25 3879 10
1353 63 45 2644 12
1353 15 45 816 12
1353 10 25 2571 10
1353 25 12 1929 8
1353 24 25 1090 10
1353 14 25 1090 10
1353 97 45 1107 12
1353 46 25 1090 10
1353 87 25 596 10
1353 33 25 956 10
1353 92 12 1343 8
1353 18 12 3937 8
1353 84 45 3824 12
1353 83 45 1050 12
1353 30 12 2207 8
1353 33 25 3453 10
1353 35 25 1772 10
1353 26 45 1766 12
1353 46 12 2207 8
1353 77 12 1989 8
1353 13 45 3943 12
1353 50 45 3943 12
1353 26 25 876 10
1353 99 25 2114 10
1353 26 25 3443 10
1353 24 12 1127 8
1353 50 45 337 12
1353 6 25 1750 10
1353 83 25 1750 10
1353 25 12 2404 8
1353 78 25 1511 10
1353 40 25 55 10
1353 57 12 418 8
1354 84 25 1695 10
1354 21 12 2301 8
1354 64 25 1521 10
1354 19 12 1101 8
1354 89 25 2234 10
1354 15 45 3610 12
1354 32 25 1490 10
1354 72 12 1486 8
1354 84 45 608 12
1354 73 45 1663 12
1354 32 12 206 8
1354 84 12 1623 8
1354 42 45 1463 12
1354 77 25 3955 10
1354 90 12 1543 8
1354 28 25 102 10
1354 84 25 636 10
1354 18 12 183 8
1354 87 25 1965 10
1354 62 45 1990 12
1354 45 45 3700 12
1354 26 45 888 12
1354 15 45 92 12
1354 28 25 1314 10
1354 50 12 2770 8
1354 78 12 628 8
1354 72 25 570 10
1354 75 45 3810 12
1354 99 12 779 8
1354 59 25 1098 10
1354 55 45 3461 12
1354 92 25 1791 10
1354 62 45 1237 12
1354 18 25 922 10
1354 83 12 2027 8
1354 46 45 1193 12
1354 75 25 1789 10
1354 43 45 3133 12
1354 54 12 1095 8
1354 51 45 28 12
1354 79 12 2446 8
1354 70 25 1161 10
1354 12 45 540 12
1354 19 25 3927 10
1354 22 25 1391 10
1354 12 25 1046 10
1354 20 12 245 8
1354 64 25 3292 10
1354 18 12 2234 8
1354 74 25 3502 10
1354 60 45 3318 12
1354 37 25 2281 10
1354 57 45 1422 12
1354 12 25 896 10
1354 56 45 1575 12
1354 98 45 1389 12
1354 6 12 1916 8
1354 96 25 1483 10
1354 39 25 1845 10
1354 64 12 1921 8
1354 17 45 648 12
1354 79 45 1686 12
1354 40 45 2862 12
1354 97 45 1635 12
1354 74 12 1908 8
1354 2 25 1821 10
1354 65 12 2358 8
1354 99 25 3780 10
1354 61 25 342 10
1354 19 25 1204 10
1354 93 45 1261 12
1354 44 12 341 8
1354 85 25 3200 10
1354 37 12 2420 8
1354 25 25 450 10
1354 72 25 2392 10
1354 83 12 1246 8
1354 36 25 1027 10
1354 46 45 2464 12
1354 47 25 318 10
1354 18 25 2822 10
1354 40 12 867 8
1354 38 25 2822 10
1354 17 25 2549 10
1354 84 45 181 12
1354 7 45 181 12
1354 52 25 1840 10
1354 83 25 2612 10
1354 83 45 914 12
1354 82 45 715 12
1354 80 45 1108 12
1354 56 25 2401 10
1354 91 12 3198 8
1354 99 12 1419 8
1354 83 45 1108 12
1354 45 45 3344 12
1354 3 25 836 10
1354 94 45 1112 12
1354 8 25 1150 10
1354 40 45 25 12
1354 71 25 2270 10
1354 15 12 3490 8
1354 93 25 2270 10
1354 51 25 1082 10
1354 9 25 2392 10
1354 10 25 2370 10
1354 30 25 1750 10
1354 79 45 1738 12
1354 55 45 2186 12
1354 59 25 448 10
1354 14 25 449 10
1354 19 45 2186 12
1354 30 45 2800 12
1354 79 25 2223 10
1354 27 45 1124 12
1354 21 45 1085 12
1354 99 25 2752 10
1354 46 25 2223 10
1354 9 12 1657 8
1354 93 12 1357 8
1354 74 25 2223 10
1354 21 25 1267 10
1354 24 45 557 12
1354 83 25 2223 10
1354 35 25 318 10
1354 37 25 3969 10
1354 22 25 1967 10
1354 80 12 1565 8
1354 41 12 307 8
1355 60 45 3621 12
1355 32 45 1121 12
1355 40 45 1261 12
1355 94 25 1539 10
1355 87 45 724 12
1355 36 12 51 8
1355 28 25 2771 10
1355 19 25 732 10
1355 62 45 385 12
1355 4 45 2959 12
1355 56 45 1430 12
1355 28 12 2795 8
1355 14 25 1846 10
1355 12 45 2208 12
1355 55 25 1785 10
1355 82 12 1225 8
1355 23 25 732 10
1355 58 25 3309 10
1355 65 25 3572 10
1355 35 25 1934 10
1355 16 25 1475 10
1355 52 25 1452 10
1355 64 25 753 10
1355 29 12 3003 8
1355 83 25 3334 10
1355 66 25 1813 10
1355 79 25 1575 10
1355 37 12 1693 8
1355 22 45 168 12
1355 61 25 1668 10
1355 39 25 2377 10
1355 70 25 2377 10
1355 12 25 2377 10
1355 55 25 1610 10
1355 38 12 3392 8
1355 58 25 1934 10
1355 60 25 111 10
1355 54 25 3022 10
1355 20 25 1344 10
1355 58 45 614 12
1355 75 25 159 10
1355 28 25 2535 10
1355 57 25 2302 10
1355 22 45 914 12
1355 14 25 1575 10
1355 46 12 405 8
1355 48 25 2392 10
1355 33 12 3540 8
1355 86 12 1693 8
1355 33 45 12 12
1355 35 45 1735 12
1355 34 25 3206 10
1355 85 25 1814 10
1355 6 25 3591 10
1355 0 45 3718 12
1355 57 12 1576 8
1355 81 25 2173 10
1355 47 45 1571 12
1355 47 25 3958 10
1355 81 12 477 8
1355 34 45 2551 12
1355 50 12 477 8
1355 14 12 1677 8
1355 81 25 1921 10
1355 47 25 1580 10
1355 30 45 1335 12
1355 96 25 556 10
1355 74 25 2761 10
1355 42 25 214 10
1355 34 45 2161 12
1355 33 12 1922 8
1355 23 45 540 12
1355 94 12 1319 8
1355 68 25 920 10
1355 15 45 2121 12
1355 44 45 3996 12
1355 21 25 657 10
1355 69 45 540 12
1355 91 45 381 12
1355 82 45 976 12
1355 21 45 3700 12
1355 22 45 1100 12
1355 51 25 3344 10
1355 73 12 352 8
1355 59 45 1537 12
1355 3 25 1080 10
1355 53 25 1785 10
1355 19 25 2308 10
1355 28 25 1830 10
1355 7 12 3784 8
1355 11 12 3208 8
1355 10 12 3784 8
1355 26 25 74 10
1355 71 12 3784 8
1355 19 25 657 10
1355 9 12 571 8
1355 84 12 755 8
1355 71 12 294 8
1355 50 25 1443 10
1355 77 45 3721 12
1355 70 45 477 12
1355 97 12 2992 8
1355 7 45 167 12
1355 82 12 3981 8
1355 31 25 2593 10
1355 77 12 3350 8
1355 17 25 1391 10
1355 83 45 2161 12
1355 2 12 997 8
1355 22 45 3489 12
1356 66 12 2116 8
1356 35 45 2561 12
1356 1 45 519 12
1356 70 45 1089 12
1356 24 25 2377 10
1356 92 12 2223 8
1356 58 25 657 10
1356 75 12 1477 8
1356 63 25 394 10
1356 8 25 279 10
1356 88 25 771 10
1356 21 45 2145 12
1356 13 45 3208 12
1356 29 25 626 10
1356 27 12 95 8
1356 42 25 1555 10
1356 15 25 2464 10
1356 74 12 1719 8
1356 39 12 385 8
1356 83 45 1636 12
1356 30 25 254 10
1356 17 12 587 8
1356 44 45 724 12
1356 0 25 928 10
1356 58 25 2692 10
1356 80 45 1950 12
1356 62 45 44 12
1356 61 25 2805 10
1356 90 45 818 12
1356 22 25 3561 10
1356 60 25 1090 10
1356 71 12 587 8
1356 41 25 1090 10
1356 91 25 2670 10
1356 20 25 3694 10
1356 71 25 1310 10
1356 6 45 3285 12
1356 82 12 1419 8
1356 61 25 3927 10
1356 2 25 119 10
1356 26 12 2627 8
1356 77 25 55 10
1356 18 45 3583 12
1356 18 25 2515 10
1356 81 25 1082 10
1356 69 45 1093 12
1356 89 25 1650 10
1356 14 12 247 8
1356 68 45 3721 12
1356 88 25 3927 10
1356 38 45 2615 12
1356 46 45 2727 12
1356 55 25 928 10
1356 21 45 1477 12
1356 84 45 2060 12
1356 30 25 1848 10
1356 89 25 1687 10
1356 74 25 1133 10
1356 86 25 844 10
1356 52 25 1973 10
1356 87 25 2033 10
1356 22 12 2951 8
1356 25 45 987 12
1356 36 12 1180 8
1356 64 12 262 8
1356 4 45 2260 12
1356 13 25 680 10
1356 41 25 3960 10
1356 85 12 2496 8
1356 30 45 2930 12
1356 45 45 914 12
1356 13 45 3020 12
1356 94 45 1853 12
1356 26 12 3954 8
1356 44 25 2465 10
1356 99 25 636 10
1356 23 25 1407 10
1356 21 25 1502 10
1356 2 25 1023 10
1356 56 25 463 10
1356 30 25 463 10
1356 62 25 996 10
1357 33 45 453 12
1357 64 45 1407 12
1357 71 45 2905 12
1357 60 25 76 10
1357 21 12 2174 8
1357 98 25 286 10
1357 42 25 417 10
1357 5 12 1595 8
1357 25 25 2824 10
1357 5 25 2916 10
1357 32 12 1595 8
1357 7 45 2453 12
1357 86 45 2727 12
1357 21 25 1848 10
1357 23 25 2285 10
1357 55 25 1861 10
1357 3 25 1530 10
1357 82 12 1130 8
1357 67 25 2455 10
1357 47 12 662 8
1357 64 45 1125 12
1357 39 45 2727 12
1357 24 25 798 10
1357 44 25 1171 10
1357 76 25 248 10
1357 5 25 1747 10
1357 33 45 1164 12
1357 34 12 2056 8
1357 98 45 1154 12
1357 95 45 599 12
1357 33 12 401 8
1357 7 12 1849 8
1357 76 25 2571 10
1357 90 12 71 8
1357 69 25 1923 10
1357 28 25 2246 10
1357 85 25 1958 10
1357 77 45 2542 12
1357 32 12 2267 8
1357 61 25 2542 10
1357 23 12 1271 8
1357 18 12 1123 8
1357 19 25 2303 10
1358 63 25 750 10
1358 15 12 3229 8
1358 57 25 390 10
1358 70 25 953 10
1358 34 25 1799 10
1358 73 12 891 8
1358 33 12 891 8
1358 94 25 1799 10
1358 61 45 849 12
1358 46 12 1330 8
1358 14 12 1330 8
1358 26 25 3385 10
1358 32 12 1942 8
1358 18 45 259 12
1358 93 25 2246 10
1358 96 25 3385 10
1358 17 12 255 8
1358 40 25 2074 10
1358 52 25 2074 10
1358 56 25 2246 10
1358 73 12 152 8
1358 30 12 243 8
1358 9 12 255 8
1358 98 12 2431 8
1358 26 25 2256 10
1358 76 45 973 12
1358 4 45 1437 12
1358 29 25 3137 10
1358 53 25 3827 10
1358 64 12 908 8
1358 11 12 1193 8
1358 73 45 419 12
1358 50 25 1927 10
1358 9 45 2126 12
1358 57 25 568 10
1358 43 25 1579 10
1358 6 12 243 8
1358 32 25 41 10
1358 8 12 530 8
1358 0 45 1975 12
1358 89 12 3762 8
1358 39 45 3075 12
1358 83 45 639 12
1358 38 45 2242 12
1358 26 45 622 12
1358 37 25 1554 10
1358 26 25 3126 10
1358 82 25 3126 10
1358 60 12 3816 8
1358 73 45 1575 12
1358 34 25 3126 10
1358 98 25 1486 10
1358 20 25 635 10
1358 34 12 1662 8
1358 65 12 1110 8
1358 40 25 3999 10
1358 88 12 899 8
1358 13 25 3999 10
1358 87 12 229 8
1358 28 12 3376 8
1358 51 45 1112 12
1358 32 45 1584 12
1358 52 12 1988 8
1358 76 12 2172 8
1358 50 45 2343 12
1358 5 45 896 12
1358 30 25 437 10
1358 76 25 1699 10
1358 58 12 3874 8
1358 90 25 378 10
1358 15 25 576 10
1358 67 25 2617 10
1358 78 25 1732 10
1358 76 25 380 10
1358 93 45 2804 12
1358 93 25 595 10
1358 68 12 1110 8
1358 48 12 1110 8
1358 18 25 855 10
1359 79 12 96 8
1359 34 25 3506 10
1359 8 25 204 10
1359 78 12 439 8
1359 78 25 3506 10
1359 42 45 3405 12
1359 3 12 2469 8
1359 46 25 1135 10
1359 30 25 2300 10
1359 86 12 1123 8
1359 61 25 2551 10
1359 9 12 1134 8
1359 42 45 1008 12
1359 58 45 1721 12
1359 54 25 2475 10
1359 74 12 3335 8
1359 39 25 779 10
1359 99 12 255 8
1359 28 12 756 8
1359 74 25 2114 10
1359 72 25 3307 10
1359 64 25 670 10
1359 5 12 935 8
1359 81 12 1384 8
1359 47 25 1254 10
1359 61 25 3696 10
1359 69 25 670 10
1359 98 12 1056 8
1359 19 45 3002 12
1359 15 25 2660 10
1359 44 45 1665 12
1359 85 45 1665 12
1359 17 12 1665 8
1359 17 45 1965 12
1359 71 45 630 12
1359 97 25 2266 10
1359 72 45 1965 12
1359 48 25 1188 10
1359 79 25 131 10
1359 56 12 307 8
1359 47 25 719 10
1359 29 25 425 10
1359 17 25 814 10
1359 38 45 3208 12
1359 75 25 1363 10
1359 44 45 1608 12
1359 93 45 1630 12
1359 73 25 3600 10
1359 22 45 1357 12
1359 99 12 1589 8
1359 75 25 3011 10
1359 24 45 197 12
1359 93 25 628 10
1359 25 45 1719 12
1359 0 12 1515 8
1359 22 12 3784 8
1359 56 12 3784 8
1359 42 45 1719 12
1359 10 12 1486 8
1359 71 12 2420 8
1359 38 25 3506 10
1359 72 12 1932 8
1359 31 45 1759 12
1359 15 25 691 10
1359 13 12 695 8
1359 46 25 1705 10
1359 27 12 3387 8
1359 78 45 626 12
1359 24 45 1630 12
1359 80 25 1869 10
1359 80 12 2715 8
1359 9 45 1149 12
1359 93 45 1848 12
1359 90 25 393 10
1359 9 45 3472 12
1359 37 45 310 12
1359 94 12 3483 8
1359 80 25 1970 10
1359 32 45 689 12
1359 89 45 1442 12
1359 12 25 1396 10
1359 46 25 1082 10
1359 76 12 893 8
1359 47 12 3841 8
1359 98 45 1051 12
1359 98 25 953 10
1359 44 45 1873 12
1359 94 12 1472 8
1359 27 12 7 8
1359 5 12 3539 8
1359 39 45 156 12
1359 85 25 2743 10
1359 11 25 1490 10
1359 71 25 3906 10
1359 73 12 804 8
1359 96 45 3284 12
1359 46 45 1028 12
1359 23 25 3506 10
1359 80 25 928 10
1359 49 12 1237 8
1359 1 25 525 10
1359 6 45 461 12
1359 51 45 1402 12
1359 78 45 3998 12
1359 0 12 2343 8
1359 51 12 1871 8
1359 67 25 1779 10
1359 18 45 2570 12
1359 72 12 2919 8
1359 54 45 1512 12
1359 11 45 947 12
1359 64 45 3343 12
1359 59 12 1006 8
1359 24 25 3171 10
1359 98 25 2610 10
1359 22 12 2466 8
1359 78 12 1237 8
1359 19 12 2335 8
1359 22 12 2343 8
1359 60 45 3560 12
1359 36 12 2343 8
1359 70 45 880 12
1359 65 12 1804 8
1359 82 12 2343 8
1360 67 45 3450 12
1360 30 25 2393 10
1360 15 25 1557 10
1360 65 45 1988 12
1360 39 25 3411 10
1360 80 12 2803 8
1360 72 12 3762 8
1360 92 25 1378 10
1360 84 25 786 10
1360 99 45 79 12
1360 2 12 1835 8
1360 26 25 2222 10
1360 55 25 3325 10
1360 98 12 327 8
1360 63 45 477 12
1360 2 45 689 12
1360 69 12 1434 8
1360 41 25 3443 10
1360 90 12 421 8
1360 30 25 1362 10
1360 34 45 260 12
1360 81 25 1361 10
1360 32 45 1630 12
1360 35 12 3892 8
1360 9 12 3762 8
1360 31 12 962 8
1360 30 12 1486 8
1360 88 25 374 10
1360 93 25 1049 10
1360 48 45 95 12
1360 82 12 517 8
1360 16 45 1808 12
1360 32 12 495 8
1360 69 45 1965 12
1360 0 25 1912 10
1360 9 25 1204 10
1360 22 25 107 10
1360 66 25 927 10
1360 86 25 107 10
1360 72 25 437 10
1360 67 12 478 8
1360 21 25 656 10
1360 22 25 539 10
1360 12 25 2138 10
1360 60 25 2138 10
1360 49 12 1546 8
1360 93 12 610 8
1360 16 12 1001 8
1360 97 25 1639 10
1360 13 25 637 10
1360 2 25 1555 10
1360 30 12 1530 8
1360 34 45 3371 12
1360 98 12 3852 8
1360 4 12 1284 8
1360 16 25 2975 10
1360 18 45 1155 12
1360 58 25 3486 10
1360 80 12 744 8
1360 65 45 846 12
1360 4 12 460 8
1360 7 45 551 12
1360 73 25 2454 10
1360 5 45 2230 12
1360 59 25 950 10
1360 22 12 1932 8
1360 21 25 2177 10
1360 46 25 1761 10
1360 3 25 1344 10
1360 92 12 2614 8
1360 36 25 728 10
1360 32 25 1872 10
1360 93 25 1321 10
1360 92 45 1312 12
1360 62 12 1489 8
1360 98 25 1674 10
1360 94 45 810 12
1360 81 25 314 10
1360 87 45 1315 12
1360 53 25 411 10
1360 10 25 1737 10
1360 8 25 2634 10
1360 45 25 3883 10
1360 99 25 3023 10
1360 36 45 1560 12
1360 51 25 2526 10
1360 58 12 3143 8
1360 92 25 845 10
1360 37 12 756 8
1360 47 45 1981 12
1360 8 45 2496 12
1360 51 25 1761 10
1360 62 25 302 10
1360 78 12 2690 8
1360 7 25 1730 10
1360 8 12 583 8
1360 39 25 2692 10
1360 69 45 3177 12
1360 25 12 761 8
1360 86 12 761 8
1360 84 25 3825 10
1360 47 45 2878 12
1360 55 25 682 10
1360 2 25 547 10
1360 6 25 113 10
1360 8 25 2692 10
1360 41 12 539 8
1360 61 25 2452 10
1361 61 25 2132 10
1361 62 25 338 10
1361 67 12 3324 8
1361 64 25 77 10
1361 90 12 1825 8
1361 8 45 527 12
1361 16 12 122 8
1361 70 25 1830 10
1361 77 45 914 12
1361 64 25 1300 10
1361 95 45 2423 12
1361 54 12 1009 8
1361 74 25 1529 10
1361 81 12 477 8
1361 27 25 120 10
1361 40 25 2616 10
1361 31 45 1668 12
1361 38 25 3442 10
1361 37 12 2788 8
1361 83 25 1061 10
1361 80 12 1390 8
1361 74 12 3397 8
1361 86 25 190 10
1361 49 45 1157 12
1361 64 25 1494 10
1361 78 25 2475 10
1361 48 45 160 12
1361 31 25 2846 10
1361 2 25 93 10
1361 34 25 1730 10
1361 52 25 433 10
1361 72 45 160 12
1361 27 25 171 10
1361 89 45 1157 12
1361 31 25 1635 10
1361 71 25 3015 10
1361 33 12 1153 8
1361 15 25 132 10
1361 87 25 510 10
1361 79 25 2442 10
1361 95 25 1456 10
1361 3 25 2975 10
1361 61 25 2949 10
1361 61 25 913 10
1361 36 25 2993 10
1361 3 12 2735 8
1361 44 45 2457 12
1361 64 45 2795 12
1361 16 12 145 8
1361 45 45 3753 12
1361 98 45 1028 12
1361 86 25 661 10
1361 68 25 454 10
1361 25 12 3483 8
1361 41 12 435 8
1361 96 45 2405 12
1361 43 25 2562 10
1361 8 45 519 12
1361 43 45 3033 12
1361 90 25 1853 10
1361 29 45 1589 12
1361 23 12 2884 8
1361 53 25 1761 10
1361 47 45 235 12
1361 48 25 3443 10
1361 54 25 1495 10
1361 39 12 690 8
1361 93 12 339 8
1361 92 12 714 8
1361 26 45 1366 12
1361 91 25 677 10
1361 7 45 235 12
1361 91 12 2316 8
1361 38 45 2542 12
1361 57 12 1627 8
1361 35 25 873 10
1361 5 25 3360 10
1361 52 45 1902 12
1361 56 45 252 12
1361 91 25 589 10
1361 66 12 2989 8
1361 0 45 252 12
1361 16 12 2469 8
1361 22 25 1895 10
1361 16 25 1768 10
1361 40 12 1835 8
1361 58 25 2261 10
1361 74 12 2343 8
1361 70 25 1040 10
1361 7 25 675 10
1361 16 45 1671 12
1361 17 12 1638 8
1361 43 12 9 8
1361 21 12 1585 8
1361 93 25 2401 10
1361 45 45 2699 12
1361 87 45 3461 12
1361 34 25 717 10
1361 48 25 2043 10
1361 5 45 1761 12
1361 52 25 1571 10
1361 57 45 2894 12
1361 55 45 1700 12
1361 4 25 3505 10
1361 58 45 3318 12
1361 40 25 1257 10
1361 90 25 370 10
1361 51 25 1108 10
1361 37 12 1835 8
1361 76 45 949 12
1361 14 45 949 12
1361 40 25 1977 10
1361 17 45 55 12
1361 53 12 2710 8
1361 96 45 2730 12
1361 69 25 370 10
1361 91 25 370 10
1361 75 25 148 10
1361 88 25 1308 10
1362 69 25 2345 10
1362 44 12 1571 8
1362 79 12 1571 8
1362 9 25 974 10
1362 6 45 1465 12
1362 85 25 1532 10
1362 17 45 1447 12
1362 24 12 1909 8
1362 31 25 3035 10
1362 88 25 1300 10
1362 43 12 3392 8
1362 76 25 1300 10
1362 97 12 847 8
1362 62 45 260 12
1362 16 45 180 12
1362 64 25 2718 10
1362 65 25 2298 10
1362 91 25 120 10
1362 23 25 120 10
1362 98 25 120 10
1362 0 25 1712 10
1362 11 25 1046 10
1362 87 12 2165 8
1362 87 45 551 12
1362 12 25 1084 10
1362 74 45 1589 12
1362 49 25 1045 10
1362 30 25 1319 10
1362 78 12 2269 8
1362 76 25 1692 10
1362 11 25 2206 10
1362 84 25 1262 10
1362 42 45 1529 12
1362 74 45 1731 12
1362 9 25 1755 10
1362 84 25 3656 10
1362 80 25 728 10
1362 46 12 2006 8
1362 42 25 3501 10
1362 98 12 1313 8
1362 80 25 443 10
1362 63 12 2745 8
1362 32 45 3936 12
1362 1 12 1703 8
1362 16 12 587 8
1362 2 45 949 12
1362 39 12 1708 8
1362 71 12 1453 8
1362 65 45 613 12
1362 31 12 2165 8
1362 16 25 3645 10
1362 44 25 2126 10
1362 3 25 437 10
1362 97 25 939 10
1362 94 12 514 8
1362 37 12 514 8
1362 18 12 2343 8
1362 62 45 207 12
1362 19 25 593 10
1362 43 25 2246 10
1362 52 25 2246 10
1362 36 45 1508 12
1362 3 45 605 12
1362 33 25 181 10
1362 73 25 1955 10
1362 38 12 574 8
1362 91 12 343 8
1362 50 45 1512 12
1362 3 25 1709 10
1362 60 25 1709 10
1362 5 45 1213 12
1362 46 12 3765 8
1362 47 12 3899 8
1362 87 45 1213 12
1362 94 25 2765 10
1362 10 25 254 10
1362 50 45 582 12
1362 32 25 3338 10
1362 6 45 581 12
1362 23 12 3167 8
1362 52 45 2730 12
1362 46 45 1884 12
1362 88 25 465 10
1362 22 12 2410 8
1362 38 25 1169 10
1362 84 12 2797 8
1362 19 45 259 12
1362 96 45 320 12
1362 41 45 1454 12
1362 28 12 945 8
1362 28 12 2169 8
1362 38 45 2693 12
1362 59 25 981 10
1362 59 45 1585 12
1362 95 45 1585 12
1362 33 25 1765 10
1362 98 25 3661 10
1362 95 25 927 10
1362 45 25 939 10
1363 23 12 2916 8
1363 48 12 2874 8
1363 76 45 3177 12
1363 37 45 3177 12
1363 87 45 3445 12
1363 40 12 2874 8
1363 46 25 152 10
1363 6 25 231 10
1363 28 25 925 10
1363 66 25 3600 10
1363 51 12 2804 8
1363 91 25 1297 10
1363 13 25 70 10
1363 30 45 1579 12
1363 51 25 574 10
1363 41 12 2916 8
1363 82 12 1816 8
1363 37 12 217 8
1363 26 25 1072 10
1363 75 25 152 10
1363 1 25 1254 10
1363 1 25 1072 10
1363 33 45 1003 12
1363 79 12 2874 8
1363 19 25 2962 10
1363 34 45 601 12
1363 17 25 374 10
1363 85 45 1537 12
1363 16 12 2916 8
1363 50 25 670 10
1363 52 25 670 10
1363 29 45 929 12
1363 43 12 1601 8
1363 70 12 1168 8
1363 1 12 3122 8
1363 32 12 2219 8
1363 41 45 2431 12
1363 59 45 1564 12
1363 15 25 1450 10
1363 40 12 690 8
1363 87 25 376 10
1363 36 25 3578 10
1363 59 25 960 10
1363 10 12 2916 8
1363 65 12 908 8
1363 49 25 179 10
1363 20 25 3501 10
1363 90 45 2849 12
1363 30 12 2874 8
1363 85 45 1940 12
1363 37 25 1575 10
1363 54 45 259 12
1363 81 25 1509 10
1363 81 45 1375 12
1363 1 25 479 10
1363 4 25 729 10
1363 3 12 814 8
1363 8 25 1180 10
1363 67 45 1375 12
1363 46 12 1130 8
1363 16 25 2765 10
1363 56 45 1395 12
1363 38 25 1257 10
1363 93 12 1386 8
1363 71 25 511 10
1363 31 25 1853 10
1363 54 45 1375 12
1363 43 25 778 10
1363 4 25 1321 10
1363 15 45 1375 12
1363 32 25 454 10
1363 81 25 1027 10
1363 45 45 604 12
1363 79 25 2725 10
1363 27 12 2815 8
1363 79 25 741 10
1363 29 25 436 10
1363 96 25 1962 10
1363 86 45 3764 12
1363 57 25 3534 10
1363 6 45 356 12
1363 81 25 1631 10
1363 72 45 1375 12
1363 68 25 2308 10
1363 19 25 482 10
1363 5 25 3494 10
1363 38 45 1375 12
1363 13 12 338 8
1363 0 45 2563 12
1363 95 25 2847 10
1363 15 25 105 10
1363 4 25 1745 10
1363 64 25 1319 10
1363 14 25 1816 10
1363 78 25 3915 10
1363 54 12 2005 8
1363 17 25 996 10
1363 74 25 77 10
1363 58 12 303 8
1363 76 45 1560 12
1363 23 25 867 10
1363 27 25 295 10
1363 25 25 3442 10
1363 41 25 2383 10
1363 78 25 136 10
1363 91 12 399 8
1363 36 25 64 10
1363 76 25 2075 10
1363 94 25 1392 10
1363 97 25 41 10
1363 20 45 2833 12
1363 55 45 3220 12
1363 99 25 3883 10
1363 96 45 1357 12
1364 2 25 317 10
1364 82 25 319 10
1364 44 45 2362 12
1364 60 45 2890 12
1364 60 25 119 10
1364 7 25 1771 10
1364 90 12 154 8
1364 76 25 3934 10
1364 33 12 401 8
1364 56 45 708 12
1364 42 45 2945 12
1364 91 12 2527 8
1364 60 12 1070 8
1364 68 25 3934 10
1364 12 45 2561 12
1364 36 25 3413 10
1364 33 45 2930 12
1364 27 25 103 10
1364 94 25 705 10
1364 62 12 492 8
1364 93 45 331 12
1364 90 25 504 10
1364 76 25 1319 10
1364 65 12 421 8
1364 90 12 1951 8
1364 12 25 3398 10
1364 31 12 2555 8
1364 10 12 2555 8
1364 66 12 74 8
1364 55 25 2463 10
1364 41 25 2861 10
1364 47 45 2106 12
1364 59 45 2106 12
1364 34 45 210 12
1364 69 25 723 10
1364 78 12 233 8
1364 71 45 2062 12
1364 6 25 475 10
1364 35 25 2816 10
1364 61 25 482 10
1364 70 12 2896 8
1364 40 12 1331 8
1364 91 12 1331 8
1364 64 45 1544 12
1364 77 25 2771 10
1364 66 45 3555 12
1364 99 25 1043 10
1364 53 25 469 10
1364 94 25 3851 10
1364 18 45 1721 12
1364 14 12 2358 8
1364 50 25 537 10
1364 56 12 2293 8
1364 16 25 103 10
1364 16 45 1759 12
1364 37 25 790 10
1364 8 12 1947 8
1364 38 25 1395 10
1364 73 25 790 10
1364 68 45 1248 12
1364 32 45 684 12
1364 41 45 1248 12
1364 31 25 2272 10
1364 48 25 282 10
1365 68 45 684 12
1365 27 25 2703 10
1365 94 45 326 12
1365 93 25 3781 10
1365 20 45 684 12
1365 28 25 3858 10
1365 29 45 1916 12
1365 84 25 779 10
1365 25 12 327 8
1365 50 12 2884 8
1365 72 25 2764 10
1365 26 45 98 12
1365 33 25 1552 10
1365 58 45 3226 12
1365 26 25 732 10
1365 76 45 1814 12
1365 15 25 673 10
1365 98 12 2596 8
1365 49 12 3225 8
1365 45 45 3198 12
1365 72 25 2104 10
1365 75 25 1036 10
1365 66 45 2854 12
1365 23 25 673 10
1365 88 25 3114 10
1365 12 25 764 10
1365 68 25 1614 10
1365 20 25 729 10
1365 33 25 1501 10
1365 89 12 3521 8
1365 47 12 863 8
1365 18 12 3141 8
1365 41 12 3816 8
1365 64 12 3816 8
1365 13 12 3816 8
1365 1 12 3816 8
1365 50 45 1109 12
1365 17 12 327 8
1365 2 12 2596 8
1365 10 25 93 10
1365 88 12 710 8
1365 13 25 371 10
1365 89 25 1510 10
1365 63 12 1710 8
1365 11 45 2799 12
1365 22 25 1907 10
1365 94 25 1709 10
1365 41 25 760 10
1365 87 25 1639 10
1365 83 25 2453 10
1365 27 45 407 12
1365 40 25 1181 10
1365 58 25 3827 10
1365 71 45 2161 12
1365 78 45 2693 12
1365 43 45 611 12
1365 57 45 849 12
1365 83 25 2958 10
1365 42 45 3799 12
1365 49 45 56 12
1365 85 25 675 10
1365 65 45 902 12
1365 17 12 2564 8
1365 15 25 121 10
1365 74 45 2732 12
1365 19 25 2321 10
1365 38 25 1513 10
1365 44 12 3686 8
1365 48 45 2799 12
1365 8 25 2250 10
1365 12 25 1367 10
1365 38 25 2250 10
1365 90 12 2627 8
1365 94 25 1608 10
1365 39 25 3510 10
1365 47 12 2555 8
1365 9 45 2297 12
1365 65 25 897 10
1365 88 25 1319 10
1365 60 25 1180 10
1366 3 45 1003 12
1366 94 12 1142 8
1366 16 45 3763 12
1366 95 12 3309 8
1366 52 25 733 10
1366 72 25 764 10
1366 21 45 1014 12
1366 83 25 1310 10
1366 34 45 1340 12
1366 49 45 286 12
1366 46 12 3434 8
1366 30 45 3203 12
1366 68 45 181 12
1366 97 12 1355 8
1366 22 12 1211 8
1366 59 45 2930 12
1366 47 25 1645 10
1366 28 25 3226 10
1366 65 25 2708 10
1366 18 25 1053 10
1366 4 25 670 10
1366 76 25 670 10
1366 27 25 3696 10
1366 37 25 2083 10
1366 42 25 3116 10
1366 94 45 928 12
1366 92 25 1696 10
1366 62 12 2367 8
1366 7 25 1318 10
1366 76 12 561 8
1366 48 45 292 12
1366 39 45 254 12
1366 4 25 281 10
1366 44 12 717 8
1366 33 25 3443 10
1366 41 12 2896 8
1366 38 12 758 8
1366 59 45 2961 12
1366 28 25 714 10
1366 7 45 1130 12
1366 69 25 1202 10
1366 27 12 547 8
1366 44 25 1403 10
1366 1 12 3222 8
1366 83 45 990 12
1366 54 25 641 10
1366 96 25 867 10
1366 50 45 990 12
1366 50 45 1020 12
1366 60 25 277 10
1366 78 12 1608 8
1366 40 25 1939 10
1366 70 25 1492 10
1366 54 12 3246 8
1366 21 25 15 10
1366 22 25 3016 10
1366 45 25 1430 10
1366 68 25 2949 10
1366 16 25 1501 10
1366 60 45 1059 12
1366 79 25 1714 10
1366 21 45 990 12
1366 84 45 385 12
1366 3 45 604 12
1366 8 25 845 10
1366 92 25 1563 10
1366 55 12 2754 8
1366 55 25 1563 10
1366 69 25 1563 10
1366 35 45 299 12
1366 37 45 2471 12
1366 46 25 318 10
1366 85 12 277 8
1366 76 25 284 10
1366 58 25 3915 10
1366 10 25 3851 10
1366 25 25 3851 10
1366 47 45 587 12
1366 65 12 1750 8
1366 69 45 2599 12
1366 73 25 1724 10
1366 46 25 3102 10
1366 84 25 1490 10
1366 83 25 1318 10
1366 6 25 957 10
1366 24 12 2680 8
1366 41 12 190 8
1366 49 45 764 12
1366 95 45 1773 12
1366 57 25 3738 10
1366 44 25 1444 10
1366 30 25 1203 10
1366 56 12 66 8
1366 18 25 1257 10
1366 3 25 1257 10
1366 11 45 559 12
1366 62 45 559 12
1366 40 25 1903 10
1366 90 45 2789 12
1366 24 12 2051 8
1366 0 25 1668 10
1366 2 25 2869 10
1366 5 25 1313 10
1366 22 25 2043 10
1366 67 45 559 12
1366 68 25 174 10
1366 86 25 2670 10
1366 20 25 2946 10
1366 43 12 399 8
1366 81 25 1903 10
1366 87 12 2163 8
1366 63 25 1025 10
1366 70 12 279 8
1366 89 45 621 12
1366 27 25 1257 10
1366 47 45 50 12
1366 86 45 1523 12
1366 67 12 252 8
1366 80 45 50 12
1366 1 25 86 10
1366 1 25 174 10
1366 74 25 714 10
1366 30 12 2051 8
1366 28 25 2298 10
1366 18 12 3713 8
1366 84 25 1331 10
1366 75 45 3900 12
1366 15 45 807 12
1366 51 12 1942 8
1366 94 25 1481 10
1366 45 25 1038 10
1366 35 45 2411 12
1366 86 25 1165 10
1366 8 45 2956 12
1366 47 45 136 12
1366 88 25 3198 10
1366 82 12 539 8
1366 69 45 2959 12
1366 47 25 1119 10
1367 3 12 2594 8
1367 39 12 3343 8
1367 27 25 3955 10
1367 46 25 1637 10
1367 73 12 2184 8
1367 30 25 729 10
1367 73 45 317 12
1367 42 45 405 12
1367 91 45 1324 12
1367 82 25 957 10
1367 84 12 2594 8
1367 34 25 2762 10
1367 19 25 599 10
1367 55 25 1 10
1367 69 25 798 10
1367 63 25 684 10
1367 50 45 3415 12
1367 94 45 253 12
1367 25 12 1984 8
1367 90 12 3733 8
1367 27 45 1518 12
1367 56 12 1608 8
1367 34 25 3505 10
1367 22 25 3779 10
1367 80 12 388 8
1367 40 25 836 10
1367 88 25 599 10
1367 36 12 2607 8
1367 88 25 1761 10
1367 89 25 498 10
1367 6 45 100 12
1367 17 45 3361 12
1367 27 12 379 8
1367 20 25 3413 10
1367 15 25 2030 10
1367 68 12 3470 8
1367 68 12 1447 8
1367 18 25 2805 10
1367 84 25 1373 10
1367 98 25 3632 10
1367 73 25 1509 10
1367 7 12 2594 8
1367 40 12 1660 8
1367 24 12 1356 8
1367 72 25 3852 10
1367 33 12 875 8
1367 6 45 515 12
1367 10 12 2594 8
1367 34 25 840 10
1367 59 45 259 12
1367 62 12 1175 8
1367 35 12 1870 8
1367 74 25 2398 10
1367 53 12 3727 8
1367 95 25 1786 10
1367 3 12 2594 8
1367 33 45 1457 12
1367 91 25 498 10
1367 6 25 1617 10
1367 87 25 872 10
1367 1 25 2805 10
1367 13 25 1732 10
1367 16 45 1603 12
1367 94 25 1307 10
1367 38 25 1732 10
1367 1 45 132 12
1367 37 12 283 8
1367 63 45 351 12
1367 87 12 1594 8
1367 85 12 1976 8
1367 5 25 1462 10
1367 68 45 351 12
1367 57 12 1231 8
1367 12 12 2886 8
1367 39 25 3574 10
1367 36 45 1975 12
1367 26 25 2781 10
1367 69 45 333 12
1367 38 45 439 12
1367 72 45 2086 12
1367 38 25 1204 10
1367 77 45 182 12
1367 25 12 505 8
1367 2 25 3398 10
1367 42 12 476 8
1367 54 45 2067 12
1367 2 25 3893 10
1367 46 25 2916 10
1367 73 12 2919 8
1367 53 25 1517 10
1367 21 25 131 10
1367 38 45 1666 12
1367 2 12 3540 8
1367 91 12 3540 8
1367 8 45 1831 12
1367 52 12 2806 8
1367 70 12 1947 8
1367 82 12 8 8
1367 17 25 2048 10
1367 15 45 1422 12
1367 13 12 2511 8
1367 57 25 1635 10
1367 70 45 1108 12
1367 15 25 1948 10
1367 19 25 239 10
1367 55 12 1158 8
1367 43 12 1158 8
1367 72 25 2048 10
1367 19 12 906 8
1367 94 25 2096 10
1367 95 25 2793 10
1367 85 25 3715 10
1367 72 25 498 10
1367 79 25 960 10
1367 34 45 570 12
1367 93 12 208 8
1367 59 12 2056 8
1367 79 12 3681 8
1367 70 12 2056 8
1367 31 25 1113 10
1367 13 25 3904 10
1367 91 45 1517 12
1367 67 45 914 12
1367 55 25 445 10
1367 10 25 2466 10
1367 90 45 480 12
1367 77 45 3835 12
1367 39 12 3827 8
1367 81 25 1125 10
1367 10 45 2195 12
1367 60 25 1580 10
1367 17 25 2466 10
1367 15 12 2594 8
1367 6 12 3122 8
1367 17 25 1373 10
1367 95 45 3161 12
1367 52 45 1535 12
1367 76 12 730 8
1367 55 45 2035 12
1367 44 45 3592 12
1367 35 45 3605 12
1367 80 45 1387 12
1367 40 45 355 12
1367 60 25 905 10
1367 59 25 2048 10
1367 91 25 3904 10
1368 30 45 956 12
1368 44 45 840 12
1368 36 12 3529 8
1368 47 12 956 8
1368 31 45 740 12
1368 17 25 2992 10
1368 32 25 509 10
1368 85 45 2162 12
1368 99 12 2932 8
1368 88 45 3653 12
1368 69 25 532 10
1368 10 12 2116 8
1368 89 25 3296 10
1368 93 45 3928 12
1368 13 25 261 10
1368 2 45 1575 12
1368 18 45 661 12
1368 59 25 1263 10
1368 59 12 786 8
1368 82 25 1930 10
1368 55 45 604 12
1368 93 12 922 8
1368 60 25 323 10
1368 78 25 1521 10
1368 46 12 603 8
1368 89 45 604 12
1368 4 12 1713 8
1368 16 25 1036 10
1368 28 45 1518 12
1368 58 25 2422 10
1368 57 45 2992 12
1368 62 12 1941 8
1368 44 45 807 12
1368 40 12 418 8
1368 14 12 1358 8
1368 34 25 1036 10
1368 66 45 43 12
1368 40 12 3576 8
1368 65 25 1979 10
1368 10 12 3969 8
1368 17 45 381 12
1368 27 12 1972 8
1368 13 25 1210 10
1368 37 45 1074 12
1368 41 12 1766 8
1368 29 45 1024 12
1368 92 25 3092 10
1368 65 25 1076 10
1368 34 12 3525 8
1368 76 12 1660 8
1368 25 25 1823 10
1368 12 25 928 10
1368 21 45 1074 12
1368 60 45 337 12
1368 30 12 73 8
1368 19 25 2057 10
1368 61 12 2599 8
1368 75 25 663 10
1368 73 25 2207 10
1368 57 12 1848 8
1368 69 25 69 10
1368 95 25 1120 10
1368 60 25 3280 10
1368 33 45 1781 12
1368 22 25 663 10
1368 91 45 357 12
1368 0 12 1646 8
1368 52 45 3496 12
1368 82 25 663 10
1368 79 25 1319 10
1368 40 45 44 12
1368 33 25 540 10
1368 6 25 2132 10
1368 58 12 3962 8
1368 44 45 1130 12
1368 78 12 494 8
1368 1 25 2363 10
1368 19 45 566 12
1368 92 12 2722 8
1368 65 12 1909 8
1368 4 25 525 10
1368 65 25 1483 10
1368 32 25 525 10
1368 38 45 152 12
1368 33 45 524 12
1368 96 45 928 12
1368 17 25 136 10
1368 30 12 801 8
1368 83 45 1846 12
1368 45 45 1916 12
1368 52 45 42 12
1368 53 25 1246 10
1368 41 45 664 12
1368 80 45 664 12
1368 31 25 3779 10
1368 5 12 1807 8
1368 56 45 252 12
1368 13 25 599 10
1368 60 25 599 10
1368 46 25 1117 10
1368 44 25 2493 10
1368 83 12 3131 8
1368 75 25 599 10
1368 97 25 3544 10
1368 70 12 925 8
1368 50 25 916 10
1368 34 25 1965 10
1368 3 25 3292 10
1368 44 25 946 10
1368 76 25 1575 10
1368 24 25 3327 10
1368 4 45 2833 12
1368 1 12 245 8
1368 84 25 3735 10
1368 89 25 85 10
1368 64 12 2154 8
1368 77 25 1319 10
1368 42 25 254 10
1368 20 12 1931 8
1368 26 25 660 10
1368 14 25 2493 10
1368 21 12 1794 8
1368 7 12 41 8
1368 71 25 2493 10
1368 31 25 2493 10
1368 44 12 41 8
1368 85 25 599 10
1369 95 25 3938 10
1369 49 45 311 12
1369 50 12 3160 8
1369 61 45 2371 12
1369 0 45 3078 12
1369 20 12 2773 8
1369 92 25 1190 10
1369 83 45 3078 12
1369 76 25 1575 10
1369 89 25 347 10
1369 18 12 1619 8
1369 74 12 785 8
1369 56 25 1842 10
1369 25 25 1016 10
1369 42 25 939 10
1369 56 12 785 8
1369 80 25 2642 10
1369 98 25 131 10
1369 79 25 2955 10
1369 99 45 906 12
1369 0 12 2396 8
1369 73 12 2826 8
1369 42 25 599 10
1369 83 45 136 12
1369 51 12 1576 8
1369 58 45 1065 12
1369 39 12 891 8
1369 54 25 2541 10
1369 63 45 2795 12
1369 12 45 2478 12
1369 77 45 376 12
1369 30 45 1877 12
1369 28 25 3097 10
1369 23 25 510 10
1369 74 12 2594 8
1369 44 25 1420 10
1369 19 45 2867 12
1369 62 25 1352 10
1369 68 25 1030 10
1369 93 25 2852 10
1369 28 25 657 10
1369 16 25 315 10
1369 16 12 847 8
1369 7 25 315 10
1369 55 25 353 10
1369 43 45 44 12
1369 77 25 2392 10
1369 98 25 2392 10
1369 88 25 1907 10
1369 9 25 347 10
1369 28 12 3765 8
1369 92 12 771 8
1369 54 25 1517 10
1369 63 12 1811 8
1369 40 25 1461 10
1369 39 45 605 12
1369 78 25 2126 10
1369 21 45 365 12
1369 1 25 2617 10
1369 61 25 2617 10
1369 10 25 2617 10
1369 22 25 767 10
1369 1 12 52 8
1369 75 12 381 8
1369 82 25 2300 10
1369 54 25 2823 10
1369 20 45 3450 12
1369 36 25 2823 10
1369 58 12 3752 8
1369 5 12 839 8
1369 78 25 3200 10
1369 71 25 2892 10
1369 4 45 3658 12
1369 14 12 1976 8
1369 81 45 1089 12
1369 93 12 1331 8
1369 30 45 2676 12
1369 43 25 2014 10
1369 15 25 1705 10
1369 54 45 1465 12
1369 97 12 1835 8
1369 49 45 1983 12
1369 85 12 2170 8
1369 73 25 2464 10
1369 71 25 2246 10
1369 26 12 1585 8
1369 39 45 171 12
1369 37 45 2338 12
1369 73 45 1859 12
1369 68 45 1808 12
1369 13 12 89 8
1369 91 25 1845 10
1369 68 45 2930 12
1369 37 25 535 10
1369 16 25 3996 10
1369 80 45 1627 12
1369 77 45 2441 12
1369 18 25 2054 10
1369 78 45 1402 12
1369 17 45 2225 12
1369 13 12 1921 8
1369 14 45 648 12
1369 47 12 3784 8
1369 90 25 3798 10
1369 59 12 3298 8
1369 63 12 1216 8
1369 76 45 1005 12
1369 82 45 1402 12
1369 69 12 3406 8
1369 91 25 1148 10
1369 44 25 1924 10
1369 1 45 399 12
1369 59 45 1988 12
1369 42 12 13 8
1369 57 45 959 12
1369 33 45 807 12
1369 76 45 2471 12
1369 32 25 2847 10
1369 52 25 2712 10
1369 77 25 2198 10
1369 16 25 1062 10
1369 51 25 234 10
1369 89 12 173 8
1369 34 25 3915 10
1369 42 25 1705 10
1369 86 25 3851 10
1369 12 45 1179 12
1369 64 25 3708 10
1369 66 25 2835 10
1369 50 25 640 10
1369 7 45 962 12
1369 47 45 1986 12
1369 15 25 3969 10
1369 83 25 3969 10
1369 52 25 795 10
1370 80 25 638 10
1370 63 25 559 10
1370 9 25 667 10
1370 17 25 1679 10
1370 0 12 249 8
1370 16 45 947 12
1370 93 25 2936 10
1370 22 45 2286 12
1370 67 12 367 8
1370 61 25 3234 10
1370 71 45 687 12
1370 34 12 186 8
1370 52 12 3215 8
1370 56 25 156 10
1370 50 25 1861 10
1370 44 25 340 10
1370 14 45 2161 12
1370 83 45 296 12
1370 75 12 1558 8
1370 52 12 191 8
1370 83 12 2554 8
1370 29 25 1370 10
1370 39 25 1370 10
1370 75 12 1587 8
1370 86 25 302 10
1370 80 25 161 10
1370 69 25 161 10
1370 22 12 1558 8
1370 60 25 1204 10
1370 48 25 1755 10
1370 84 45 2161 12
1370 67 25 3906 10
1370 72 12 1248 8
1370 5 45 3611 12
1370 24 12 772 8
1370 37 45 1511 12
1370 71 45 3853 12
1370 74 45 1511 12
1370 42 12 420 8
1370 75 45 3640 12
1370 34 45 1700 12
1370 97 12 653 8
1370 32 12 1083 8
1370 50 12 2554 8
1370 94 12 2554 8
1370 10 25 3234 10
1370 39 45 1205 12
1370 35 25 3029 10
1370 30 12 1641 8
1370 19 45 3984 12
1370 10 45 643 12
1370 55 25 3981 10
1370 92 25 1038 10
1370 56 25 3673 10
1370 14 25 3585 10
1370 89 45 2879 12
1370 5 45 303 12
1370 38 45 551 12
1370 44 45 197 12
1370 20 12 116 8
1370 59 25 3843 10
1370 63 12 411 8
1370 91 45 303 12
1370 16 25 2300 10
1370 39 45 1205 12
1370 74 25 2771 10
1370 72 12 1720 8
1370 53 25 812 10
1370 49 45 2769 12
1370 65 25 1821 10
1370 13 12 1717 8
1370 23 12 530 8
1370 56 45 1899 12
1370 35 25 596 10
1370 96 12 1088 8
1370 14 12 970 8
1370 74 25 599 10
1370 70 25 599 10
1370 75 45 1205 12
1370 69 25 3647 10
1370 15 12 1888 8
1370 57 45 2683 12
1370 33 25 447 10
1370 60 25 3341 10
1370 27 25 1705 10
1370 83 12 2781 8
1370 10 25 1407 10
1370 51 25 1198 10
1370 62 12 3029 8
1370 16 12 787 8
1370 59 25 877 10
1370 74 12 3029 8
1370 22 12 3986 8
1370 85 12 785 8
1370 3 12 1390 8
1370 41 45 1806 12
1370 71 25 2099 10
1370 2 12 1875 8
1370 15 45 869 12
1370 9 45 643 12
1370 28 12 3257 8
1370 73 25 760 10
1370 79 25 1184 10
1370 22 12 3198 8
1370 68 12 2293 8
1370 47 12 1070 8
1370 72 25 2396 10
1370 10 25 572 10
1370 4 45 1065 12
1370 42 25 2782 10
1370 72 12 1590 8
1370 97 25 953 10
1370 71 45 2800 12
1370 64 25 760 10
1370 9 45 198 12
1370 0 45 429 12
1370 51 45 2021 12
1370 98 25 1571 10
1370 50 25 925 10
1370 11 12 158 8
1370 27 12 158 8
1370 2 25 412 10
1370 63 25 752 10
1370 91 25 637 10
1370 11 12 158 8
1370 45 25 741 10
1370 40 25 1267 10
1370 31 12 158 8
1370 21 45 262 12
1370 86 12 158 8
1370 47 45 3653 12
1370 65 45 1130 12
1370 88 12 2690 8
1370 7 45 286 12
1370 45 25 1597 10
1370 45 12 158 8
1370 45 45 1164 12
1371 62 12 476 8
1371 91 25 683 10
1371 76 45 43 12
1371 59 25 2396 10
1371 83 25 1220 10
1371 78 25 1352 10
1371 11 12 2640 8
1371 62 25 2043 10
1371 18 25 924 10
1371 26 12 52 8
1371 67 25 3084 10
1371 79 25 2396 10
1371 5 12 52 8
1371 26 45 915 12
1371 97 25 3921 10
1371 15 12 1576 8
1371 81 45 3547 12
1371 7 25 2426 10
1371 36 45 1261 12
1371 15 25 1110 10
1371 65 12 1274 8
1371 90 45 28 12
1371 24 25 972 10
1371 43 25 471 10
1371 6 25 2515 10
1371 70 25 2560 10
1371 99 12 1024 8
1371 10 25 652 10
1371 6 25 3229 10
1371 46 45 2405 12
1371 15 25 156 10
1371 27 25 1675 10
1371 21 25 2716 10
1371 56 25 1173 10
1371 30 25 2574 10
1371 39 25 315 10
1371 45 25 2043 10
1371 96 25 915 10
1371 90 45 844 12
1371 54 25 107 10
1371 62 25 915 10
1371 33 25 981 10
1371 63 12 955 8
1371 67 12 38 8
1371 27 45 1261 12
1371 69 25 282 10
1371 88 25 972 10
1371 23 45 2284 12
1371 78 45 1116 12
1371 46 45 431 12
1371 21 25 715 10
1371 74 25 715 10
1371 57 12 896 8
1371 32 25 189 10
1371 7 12 2806 8
1371 39 25 762 10
1371 23 25 2955 10
1371 81 25 93 10
1371 8 45 3936 12
1371 86 25 481 10
1371 17 25 1600 10
1371 10 25 1501 10
1371 40 45 1282 12
1371 25 25 709 10
1371 96 12 1720 8
1371 42 25 1338 10
1371 14 45 1056 12
1371 56 45 2284 12
1371 77 25 1490 10
1371 1 25 427 10
1371 43 45 1916 12
1371 21 45 2245 12
1371 68 25 2068 10
1371 14 25 1601 10
1371 60 12 1454 8
1371 74 25 3904 10
1371 60 12 1454 8
1371 26 25 1728 10
1371 8 12 3986 8
1371 39 45 1782 12
1371 65 12 3839 8
1371 94 25 1154 10
1371 99 25 2955 10
1371 8 25 181 10
1371 68 25 626 10
1371 56 12 555 8
1371 52 45 2284 12
1371 15 45 2284 12
1371 66 45 2600 12
1371 12 12 970 8
1371 52 45 2229 12
1371 29 12 970 8
1372 41 25 2493 10
1372 85 25 1478 10
1372 95 12 2565 8
1372 66 45 601 12
1372 20 45 1560 12
1372 53 45 1628 12
1372 33 25 1732 10
1372 46 25 2014 10
1372 1 45 2611 12
1372 53 25 927 10
1372 53 25 261 10
1372 41 25 2059 10
1372 57 45 3981 12
1372 76 45 3610 12
1372 54 45 3607 12
1372 17 12 1427 8
1372 37 25 1408 10
1372 5 12 2172 8
1372 97 12 1656 8
1372 74 12 1585 8
1372 68 25 1919 10
1372 91 45 2570 12
1372 72 12 1019 8
1372 40 25 1374 10
1372 68 45 1121 12
1372 3 25 1919 10
1372 74 25 1912 10
1372 49 45 3078 12
1372 27 25 3668 10
1372 79 25 2459 10
1372 13 25 1194 10
1372 92 45 1909 12
1372 80 25 1307 10
1372 80 45 591 12
1372 39 45 3071 12
1372 90 45 1909 12
1372 64 12 2976 8
1372 16 25 2266 10
1372 23 45 1560 12
1372 28 45 1560 12
1372 85 25 1784 10
1372 42 25 1806 10
1372 69 45 1877 12
1372 78 45 1574 12
1372 34 45 1574 12
1372 80 25 3084 10
1372 53 25 1350 10
1372 6 45 478 12
1372 38 45 1560 12
1372 8 45 324 12
1372 52 25 136 10
1372 27 45 1074 12
1372 56 45 2650 12
1372 61 25 269 10
1372 97 45 938 12
1372 35 45 1177 12
1372 77 12 3916 8
1372 97 12 501 8
1372 25 25 44 10
1372 18 25 612 10
1372 82 45 1886 12
1372 33 25 44 10
1372 37 25 44 10
1372 78 25 2733 10
1372 99 12 1630 8
1372 5 25 1261 10
1372 64 25 1150 10
1372 74 45 813 12
1372 37 12 768 8
1372 9 25 2656 10
1372 31 25 366 10
1372 95 12 1152 8
1372 87 12 514 8
1372 58 45 2105 12
1372 27 25 650 10
1372 54 25 387 10
1372 88 25 387 10
1372 43 12 729 8
1372 34 12 1449 8
1372 28 25 3551 10
1372 87 12 1704 8
1372 48 12 2115 8
1372 63 45 2723 12
1372 16 45 2723 12
1372 11 12 2384 8
1372 38 12 896 8
1372 74 25 3707 10
1372 18 25 3707 10
1372 30 25 532 10
1372 2 12 3515 8
1372 75 25 590 10
1372 66 25 532 10
1372 29 45 1129 12
1372 3 25 532 10
1372 97 25 532 10
1372 70 25 350 10
1372 30 12 2624 8
1372 32 25 2947 10
1372 12 12 3198 8
1372 69 45 959 12
1372 80 12 906 8
1372 67 25 1970 10
1372 57 25 2931 10
1372 43 12 2051 8
1372 94 25 2819 10
1372 12 12 2051 8
1372 72 45 479 12
1372 13 12 2133 8
1372 32 45 3075 12
1372 54 25 155 10
1372 71 12 139 8
1372 41 12 3198 8
1372 51 45 1004 12
1372 28 12 729 8
1372 11 25 691 10
1372 30 45 603 12
1372 9 45 2417 12
1372 94 12 444 8
1372 97 45 3008 12
1373 11 45 2040 12
1373 95 12 3458 8
1373 79 12 3458 8
1373 3 45 1074 12
1373 15 12 1772 8
1373 28 25 2124 10
1373 97 25 273 10
1373 40 45 614 12
1373 40 12 217 8
1373 62 25 2233 10
1373 50 25 381 10
1373 1 12 936 8
1373 82 45 60 12
1373 78 45 837 12
1373 10 25 3835 10
1373 21 12 1253 8
1373 8 25 593 10
1373 10 45 1310 12
1373 53 25 1145 10
1373 20 25 2812 10
1373 45 25 1534 10
1373 42 25 414 10
1373 75 25 3234 10
1373 90 25 1044 10
1373 78 45 1931 12
1373 52 25 1779 10
1373 12 45 831 12
1373 13 25 3270 10
1373 79 25 3234 10
1373 2 25 2655 10
1373 48 45 3306 12
1373 9 25 3549 10
1373 65 25 385 10
1373 36 25 3996 10
1373 68 12 2027 8
1373 61 25 3885 10
1373 36 25 2661 10
1373 74 12 535 8
1373 73 25 1471 10
1373 36 25 1471 10
1373 45 25 2476 10
1373 80 25 1586 10
1373 53 12 645 8
1373 1 45 1745 12
1373 71 45 2746 12
1373 23 25 2946 10
1373 3 25 956 10
1373 74 25 347 10
1373 28 45 1074 12
1373 22 25 1307 10
1373 66 25 3270 10
1373 98 25 3270 10
1373 37 25 3270 10
1373 71 25 891 10
1373 37 25 3234 10
1373 10 45 182 12
1373 13 12 690 8
1373 33 25 2259 10
1373 16 45 1998 12
1373 70 25 2259 10
1373 5 45 601 12
1373 1 45 2162 12
1373 32 25 3386 10
1373 45 45 1998 12
1373 45 25 115 10
1373 8 45 376 12
1373 20 45 552 12
1373 44 12 2142 8
1373 53 25 1318 10
1373 58 12 1722 8
1373 41 25 643 10
1373 77 25 1118 10
1373 39 45 3610 12
1373 46 25 627 10
1373 17 25 3706 10
1373 12 25 1095 10
1373 70 25 2589 10
1373 14 25 197 10
1373 67 12 884 8
1373 8 25 208 10
1373 86 12 1893 8
1373 3 12 2803 8
1373 22 45 3284 12
1373 26 25 1708 10
1373 71 25 671 10
1373 92 12 804 8
1373 27 25 671 10
1373 27 45 1438 12
1373 15 25 581 10
1373 71 12 858 8
1373 36 45 1003 12
1373 70 12 1733 8
1373 32 25 303 10
1373 93 45 1075 12
1373 36 25 93 10
1373 88 12 1335 8
1373 36 12 3934 8
1373 47 25 1472 10
1373 53 25 96 10
1373 91 25 3494 10
1373 37 12 669 8
1373 14 25 1708 10
1373 94 25 1601 10
1373 82 45 2120 12
1373 77 45 3936 12
1373 90 12 1454 8
1373 45 25 2844 10
1373 88 25 2844 10
1373 87 25 2932 10
1373 84 25 655 10
1373 35 25 1895 10
1373 26 25 2911 10
1373 48 25 2911 10
1373 81 25 751 10
1373 43 12 1819 8
1373 13 12 2815 8
1373 94 25 1679 10
1373 50 25 125 10
1373 20 25 2844 10
1373 27 25 581 10
1373 13 45 2908 12
1373 15 25 640 10
1373 34 25 1160 10
1373 52 12 439 8
1373 24 25 63 10
1373 80 25 767 10
1373 38 12 1454 8
1373 19 25 63 10
1373 17 25 1784 10
1373 29 25 1178 10
1373 89 45 2971 12
1373 64 45 793 12
1373 88 45 2080 12
1373 85 12 1135 8
1373 60 25 515 10
1373 43 25 390 10
1373 28 25 1875 10
1373 72 45 2765 12
1373 82 45 1407 12
1373 54 12 785 8
1373 20 25 1195 10
1373 27 25 924 10
1373 30 25 469 10
1373 96 45 28 12
1373 84 45 3355 12
1373 11 25 3955 10
1373 88 45 1457 12
1373 95 25 415 10
1373 60 12 571 8
1373 89 25 336 10
1373 79 25 1708 10
1373 36 45 1004 12
1373 94 25 1308 10
1373 64 25 1090 10
1373 76 25 522 10
1373 73 25 302 10
1373 84 25 3487 10
1373 27 45 1375 12
1373 77 12 1437 8
1373 69 25 1918 10
1373 67 45 301 12
1373 82 25 302 10
1373 27 12 1736 8
1373 18 12 1252 8
1373 84 12 3936 8
1373 36 12 3702 8
1373 77 12 3053 8
1373 33 12 1736 8
1374 92 25 1708 10
1374 33 25 1708 10
1374 68 25 1916 10
1374 96 25 3146 10
1374 16 45 624 12
1374 4 25 3654 10
1374 14 25 2553 10
1374 19 25 3679 10
1374 35 45 624 12
1374 78 45 955 12
1374 95 12 2193 8
1374 41 25 1169 10
1374 47 45 1108 12
1374 56 25 342 10
1374 70 25 682 10
1374 22 12 86 8
1374 63 45 373 12
1374 5 25 26 10
1374 6 25 3398 10
1374 13 45 2799 12
1374 18 45 2004 12
1374 30 45 60 12
1374 13 45 1110 12
1374 2 25 279 10
1374 29 12 71 8
1374 34 25 742 10
1374 70 25 3280 10
1374 72 12 1251 8
1374 89 45 2478 12
1374 3 45 2992 12
1374 2 25 2317 10
1374 90 25 348 10
1374 44 25 1848 10
1374 44 25 1076 10
1374 91 12 192 8
1374 94 12 1168 8
1374 35 12 1303 8
1374 99 12 651 8
1374 60 25 2601 10
1374 19 25 205 10
1374 76 45 840 12
1374 46 25 1962 10
1374 40 45 580 12
1374 49 12 1314 8
1374 23 45 940 12
1374 36 45 940 12
1374 50 45 357 12
1374 62 45 1988 12
1374 51 12 871 8
1374 78 45 1399 12
1374 23 12 3299 8
1374 88 12 1077 8
1374 19 12 1077 8
1374 1 12 1077 8
1374 49 12 1077 8
1374 51 25 2392 10
1374 65 45 2775 12
1374 38 12 3015 8
1374 94 45 143 12
1374 1 12 1815 8
1374 85 45 1760 12
1374 52 25 1399 10
1374 26 12 771 8
1374 61 25 2541 10
1374 96 12 1396 8
1374 53 45 2711 12
1374 11 25 1205 10
1374 29 45 2711 12
1374 36 45 3770 12
1374 58 45 524 12
1374 55 45 799 12
1374 60 12 3521 8
1374 93 12 3521 8
1374 35 12 3521 8
1374 51 25 836 10
1374 79 25 359 10
1374 63 45 3237 12
1374 44 45 3637 12
1374 18 45 1199 12
1374 9 45 144 12
1374 97 45 1320 12
1374 70 45 1261 12
1374 89 12 1486 8
1374 44 45 1261 12
1374 47 25 395 10
1374 87 25 395 10
1374 60 12 3692 8
1374 77 25 668 10
1374 76 25 1028 10
1374 73 25 125 10
1374 98 12 748 8
1374 46 25 2736 10
1374 11 12 90 8
1374 66 12 1685 8
1374 58 25 3 10
1374 68 25 540 10
1374 21 12 3077 8
1374 76 25 3755 10
1374 47 12 1911 8
1374 70 25 3655 10
1374 32 25 2452 10
1374 73 25 1640 10
1374 94 45 313 12
1374 61 25 630 10
1374 15 25 2452 10
1374 21 12 771 8
1374 97 45 1085 12
1374 33 25 1717 10
1374 17 25 705 10
1374 82 45 1794 12
1374 54 25 788 10
1374 8 25 435 10
1374 74 45 997 12
1374 62 45 1794 12
1374 53 45 1721 12
1374 40 45 1330 12
1374 53 12 468 8
1374 60 25 2465 10
1374 34 25 454 10
1374 53 25 807 10
1374 15 45 1004 12
1374 17 45 2106 12
1374 31 25 3876 10
1374 63 12 547 8
1374 45 25 2916 10
1374 0 45 351 12
1374 29 25 3415 10
1374 89 12 1929 8
1374 76 45 611 12
1374 3 12 695 8
1374 37 12 1619 8
1374 61 45 1339 12
1374 26 45 1092 12
1374 26 45 1102 12
1374 19 12 3464 8
1374 68 25 3270 10
1374 32 25 333 10
1374 11 45 2387 12
1374 68 25 3585 10
1374 41 12 3916 8
1374 8 25 235 10
1374 63 25 3270 10
1374 90 45 313 12
1374 36 25 1022 10
1374 90 25 3062 10
1374 91 45 1004 12
1374 35 25 1056 10
1374 31 12 690 8
1374 51 45 529 12
1374 23 25 1023 10
1374 10 45 691 12
1374 24 12 1430 8
1374 72 45 986 12
1374 72 25 1056 10
1374 74 45 3109 12
1374 88 45 986 12
1374 60 25 222 10
1374 6 45 639 12
1374 31 12 1082 8
1374 82 12 3597 8
1374 99 25 373 10
1374 79 12 665 8
1374 18 25 1595 10
1374 17 25 1087 10
1374 51 25 1023 10
1374 97 45 3843 12
1374 51 45 365 12
1374 61 25 2662 10
1374 36 25 1733 10
1374 58 25 1227 10
1374 13 25 317 10
1374 93 45 97 12
1375 98 45 697 12
1375 3 12 561 8
1375 90 12 1947 8
1375 63 12 245 8
1375 8 25 1755 10
1375 27 12 1334 8
1375 86 12 462 8
1375 61 25 1823 10
1375 41 12 655 8
1375 45 25 1438 10
1375 60 12 2623 8
1375 41 25 395 10
1375 99 25 715 10
1375 18 25 2246 10
1375 74 25 691 10
1375 93 25 763 10
1375 77 45 2570 12
1375 47 25 615 10
1375 4 45 310 12
1375 31 25 1128 10
1375 79 45 1076 12
1375 43 45 43 12
1375 75 25 2222 10
1375 18 25 1646 10
1375 32 12 682 8
1375 39 25 831 10
1375 39 25 2669 10
1375 86 12 561 8
1375 60 25 715 10
1375 90 45 1909 12
1375 96 25 395 10
1375 38 25 181 10
1375 40 12 1383 8
1375 69 45 1246 12
1375 11 12 2459 8
1375 93 25 3487 10
1375 7 12 695 8
1375 88 25 3397 10
1375 29 12 3248 8
1375 24 12 138 8
1375 51 25 3632 10
1375 9 45 1284 12
1375 77 25 3188 10
1375 1 12 867 8
1375 26 45 1909 12
1375 89 12 1922 8
1375 5 12 741 8
1375 11 12 1593 8
1375 92 12 727 8
1375 87 25 395 10
1375 76 25 1529 10
1375 54 12 2597 8
1375 26 25 3270 10
1375 79 25 1962 10
1375 50 45 2977 12
1375 88 12 2697 8
1375 11 45 3002 12
1375 75 45 1027 12
1375 31 12 1369 8
1375 86 45 1761 12
1375 54 12 1077 8
1375 73 12 1102 8
1375 25 45 1421 12
1375 56 25 607 10
1375 52 12 1216 8
1375 75 25 3797 10
1375 66 25 1056 10
1375 3 25 1501 10
1375 57 45 973 12
1375 96 45 1318 12
1375 75 12 1130 8
1375 98 25 2869 10
1375 39 25 3818 10
1375 65 45 1436 12
1375 9 45 1330 12
1375 54 12 1433 8
1375 57 25 656 10
1375 64 25 1457 10
1375 73 25 203 10
1375 43 45 1110 12
1375 54 45 1581 12
1375 53 25 1356 10
1375 0 12 1710 8
1375 35 12 432 8
1375 29 25 2526 10
1375 91 25 1708 10
1375 66 25 97 10
1375 83 12 1357 8
1375 95 45 1965 12
1375 89 45 3760 12
1375 55 25 1939 10
1375 32 25 654 10
1375 77 12 530 8
1375 19 25 1577 10
1375 54 12 1869 8
1375 1 45 1703 12
1375 2 25 1020 10
1375 20 12 1449 8
1375 93 12 708 8
1375 99 25 3137 10
1375 9 45 301 12
1375 47 25 178 10
1375 29 25 1800 10
1375 91 25 2782 10
1375 41 12 3792 8
1375 51 25 1848 10
1375 97 12 3792 8
1375 8 25 1702 10
1375 43 12 266 8
1375 40 25 435 10
1375 47 12 95 8
1375 96 45 3353 12
1375 4 25 787 10
1375 95 25 1506 10
1375 85 25 1343 10
1375 13 45 1822 12
1375 3 12 3975 8
1375 91 25 1038 10
1375 34 25 999 10
1375 59 12 3265 8
1375 17 12 1650 8
1375 6 45 1907 12
1375 55 25 636 10
1375 57 25 342 10
1375 15 25 405 10
1375 10 25 339 10
1375 31 45 1098 12
1375 53 45 303 12
1375 15 25 405 10
1375 69 25 2332 10
1375 0 25 957 10
1375 76 25 1984 10
1375 55 25 2819 10
1375 68 25 86 10
1375 50 12 897 8
1375 70 25 128 10
1375 88 45 1907 12
1375 56 25 2704 10
1375 71 25 96 10
1375 99 12 2002 8
1375 40 12 372 8
1375 91 25 3415 10
1375 80 45 2444 12
1375 11 45 3489 12
1375 96 45 1852 12
1375 43 12 3104 8
1375 79 45 34 12
1375 42 25 618 10
1375 33 25 1022 10
1375 98 12 1909 8
1376 72 25 448 10
1376 5 25 2244 10
1376 97 25 2407 10
1376 49 45 3161 12
1376 9 12 771 8
1376 24 25 1614 10
1376 26 12 1915 8
1376 80 25 505 10
1376 53 12 8 8
1376 83 12 604 8
1376 29 25 791 10
1376 64 25 341 10
1376 63 25 1496 10
1376 14 25 3774 10
1376 69 12 1412 8
1376 2 25 233 10
1376 44 45 43 12
1376 0 12 639 8
1376 82 12 1430 8
1376 40 25 38 10
1376 49 25 285 10
1376 36 25 2958 10
1376 60 25 522 10
1376 60 25 3293 10
1376 66 12 2611 8
1376 66 45 2490 12
1376 69 25 3335 10
1376 47 45 198 12
1376 51 12 2189 8
1376 45 25 2039 10
1376 85 45 2411 12
1376 70 45 1781 12
1376 87 25 1197 10
1376 35 12 1589 8
1376 72 25 1442 10
1376 86 12 1648 8
1376 81 45 3598 12
1376 58 45 2852 12
1376 55 12 2971 8
1376 50 45 5 12
1376 13 12 1681 8
1376 84 45 5 12
1376 43 45 3217 12
1376 17 45 1773 12
1376 23 12 816 8
1376 28 12 1921 8
1376 84 45 1801 12
1376 23 25 1800 10
1376 36 12 3053 8
1376 5 45 1839 12
1376 38 45 1839 12
1376 13 12 971 8
1376 63 25 130 10
1376 66 45 1293 12
1376 25 45 1909 12
1376 19 12 836 8
1376 36 12 2590 8
1376 54 12 2174 8
1376 67 12 1244 8
1376 93 25 51 10
1376 32 12 1070 8
1376 40 45 3360 12
1376 34 12 3346 8
1376 19 45 3660 12
1376 60 45 1468 12
1376 2 45 913 12
1376 62 25 105 10
1376 31 25 720 10
1376 85 12 830 8
1376 45 25 336 10
1376 17 25 760 10
1376 31 25 3921 10
1376 50 12 1776 8
1376 85 45 827 12
1376 77 25 1059 10
1376 50 45 1674 12
1376 65 45 1023 12
1376 77 25 2043 10
1376 51 12 549 8
1376 92 25 956 10
1376 65 12 149 8
1376 59 25 3715 10
1376 41 12 772 8
1376 89 12 1198 8
1376 91 25 97 10
1376 48 45 3450 12
1376 52 12 1073 8
1376 63 25 3289 10
1376 48 12 967 8
1376 9 25 1099 10
1376 24 25 1899 10
1376 85 45 1689 12
1376 2 45 2634 12
1376 50 45 2634 12
1376 75 45 1102 12
1376 8 25 2043 10
1376 7 25 3015 10
1376 47 12 955 8
1376 7 45 1663 12
1376 76 12 3061 8
1376 38 12 3259 8
1376 99 12 565 8
1376 13 45 2600 12
1376 73 12 1168 8
1376 66 25 1142 10
1376 26 12 1959 8
1376 61 45 2136 12
1376 38 45 639 12
1376 9 25 3128 10
1376 32 45 3155 12
1376 3 12 3229 8
1376 88 25 336 10
1376 89 25 1383 10
1376 47 45 1700 12
1376 1 45 1808 12
1376 16 12 785 8
1376 66 45 639 12
1376 68 45 2591 12
1376 1 12 1919 8
1376 53 25 1471 10
1376 56 25 336 10
1376 55 12 1073 8
1376 96 25 27 10
1376 46 12 1173 8
1376 62 45 1314 12
1377 70 25 1237 10
1377 0 25 387 10
1377 93 45 2517 12
1377 79 25 3270 10
1377 95 25 3384 10
1377 29 45 3008 12
1377 82 25 1150 10
1377 52 45 1027 12
1377 19 45 1020 12
1377 12 25 251 10
1377 36 45 2032 12
1377 52 45 2498 12
1377 63 45 524 12
1377 21 25 2439 10
1377 20 25 203 10
1377 95 25 3270 10
1377 88 25 1635 10
1377 33 45 1953 12
1377 13 25 1237 10
1377 49 12 2495 8
1377 43 25 812 10
1377 42 12 2495 8
1377 35 12 289 8
1377 35 25 316 10
1377 70 12 3351 8
1377 5 25 2828 10
1377 94 25 750 10
1377 8 25 2209 10
1377 29 12 771 8
1377 44 12 771 8
1377 46 45 2423 12
1377 12 25 2412 10
1377 6 25 2569 10
1377 85 25 3453 10
1377 88 45 3461 12
1377 1 12 199 8
1377 62 25 1907 10
1377 26 12 2 8
1377 18 45 3611 12
1377 33 45 3047 12
1377 86 45 528 12
1377 34 45 1069 12
1377 12 12 1818 8
1377 72 25 1481 10
1377 24 25 655 10
1377 96 25 1635 10
1377 73 12 2680 8
1377 39 12 3421 8
1377 64 25 1059 10
1377 68 25 1284 10
1377 97 45 1134 12
1377 24 12 255 8
1377 12 45 3719 12
1377 39 45 3999 12
1377 4 25 1958 10
1377 28 12 2189 8
1377 84 12 1013 8
1377 16 12 852 8
1377 10 12 2687 8
1377 29 45 42 12
1377 41 45 2453 12
1377 40 45 1410 12
1377 37 25 2392 10
1377 71 25 125 10
1377 45 25 762 10
1377 42 45 3555 12
1377 89 45 503 12
1377 53 25 7 10
1377 83 25 851 10
1377 39 25 7 10
1377 96 45 1110 12
1377 37 25 3487 10
1377 2 25 1686 10
1377 12 12 970 8
1377 50 45 1410 12
1377 25 45 2206 12
1377 35 45 3318 12
1377 36 45 2693 12
1377 29 45 2693 12
1377 60 12 2864 8
1377 90 25 729 10
1377 94 12 1251 8
1377 38 25 719 10
1377 80 25 1708 10
1377 41 45 2245 12
1377 52 12 901 8
1377 51 25 638 10
1377 51 12 1420 8
1377 53 25 1329 10
1377 30 25 148 10
1377 69 12 3346 8
1377 34 45 1462 12
1377 0 25 762 10
1377 74 25 148 10
1377 1 45 2317 12
1377 8 12 3986 8
1377 57 25 1417 10
1377 12 12 1208 8
1377 13 45 185 12
1377 48 12 2979 8
1377 44 25 2761 10
1377 30 45 1346 12
1377 0 25 3746 10
1377 90 12 3762 8
1377 88 45 2887 12
1377 22 12 1251 8
1377 52 12 451 8
1377 32 25 986 10
1377 74 45 2652 12
1377 7 25 1841 10
1377 58 45 1243 12
1377 55 45 2625 12
1377 67 25 210 10
1377 86 12 2768 8
1377 47 45 977 12
1377 16 45 977 12
1377 34 25 1751 10
1377 61 12 1852 8
1377 4 25 1545 10
1377 38 25 1955 10
1377 53 25 178 10
1377 8 45 1130 12
1377 22 12 1852 8
1377 23 45 3112 12
1377 20 12 340 8
1377 51 25 1102 10
1377 23 45 85 12
1377 63 25 2652 10
1377 15 25 729 10
1377 41 45 2649 12
1377 18 25 3031 10
1377 2 25 580 10
1377 93 45 1053 12
1377 18 45 1193 12
1377 26 25 2069 10
1377 9 45 1194 12
1377 46 45 1243 12
1377 94 25 1044 10
1377 27 45 3112 12
1377 71 25 695 10
1378 44 12 792 8
1378 59 12 1117 8
1378 92 12 1130 8
1378 37 45 399 12
1378 17 12 1481 8
1378 97 12 1500 8
1378 66 25 3707 10
1378 78 12 1558 8
1378 67 45 2926 12
1378 53 25 579 10
1378 53 25 1600 10
1378 82 25 308 10
1378 92 12 225 8
1378 27 12 1035 8
1378 57 25 2091 10
1378 26 25 2081 10
1378 88 25 2835 10
1378 65 25 508 10
1378 47 25 508 10
1378 27 25 3707 10
1378 14 12 2916 8
1378 54 12 2828 8
1378 31 25 573 10
1378 92 25 1455 10
1378 18 45 1943 12
1378 1 25 795 10
1378 17 25 1504 10
1378 0 25 2531 10
1378 49 25 1731 10
1378 47 25 2679 10
1378 71 25 2679 10
1378 31 45 1537 12
1378 51 12 574 8
1378 89 25 1771 10
1378 47 25 77 10
1378 62 25 1706 10
1378 76 25 77 10
1378 63 25 845 10
1378 79 45 1524 12
1378 71 25 3054 10
1378 99 25 310 10
1378 12 45 2109 12
1378 81 25 2261 10
1378 76 45 939 12
1378 86 25 22 10
1378 6 45 317 12
1378 63 12 2735 8
1378 85 25 122 10
1378 20 25 448 10
1378 10 25 1387 10
1378 42 25 2670 10
1378 11 12 2234 8
1378 40 45 1353 12
1378 61 45 199 12
1378 20 45 896 12
1378 8 45 216 12
1378 88 45 3840 12
1378 34 25 3978 10
1378 19 12 967 8
1378 37 45 269 12
1378 77 12 2910 8
1378 83 45 2742 12
1378 41 45 1027 12
1378 69 45 2742 12
1378 16 25 77 10
1378 94 12 690 8
1378 20 12 957 8
1378 28 45 1261 12
1378 57 45 5 12
1378 48 25 3062 10
1378 34 12 3155 8
1378 39 12 690 8
1378 88 12 499 8
1378 83 45 2867 12
1378 99 25 3264 10
1378 70 12 3314 8
1378 43 25 3264 10
1378 2 25 3264 10
1378 2 45 1051 12
1378 15 45 1388 12
1378 71 25 1 10
1378 23 12 690 8
1378 9 25 3156 10
1378 30 45 2286 12
1378 17 12 2680 8
1378 76 25 77 10
1378 70 25 77 10
1378 14 45 376 12
1378 44 25 77 10
1378 84 12 3969 8
1378 59 12 3969 8
1378 33 12 3969 8
1378 94 45 2632 12
1378 28 25 77 10
1378 47 25 77 10
1379 17 45 1124 12
1379 13 12 245 8
1379 27 12 0 8
1379 0 12 3900 8
1379 81 25 2458 10
1379 33 45 2769 12
1379 8 12 206 8
1379 89 25 2824 10
1379 39 45 404 12
1379 89 12 1130 8
1379 30 25 1772 10
1379 9 25 780 10
1379 74 12 1130 8
1379 69 45 639 12
1379 19 45 878 12
1379 47 12 1130 8
1379 17 25 2824 10
1379 45 25 748 10
1379 5 25 1982 10
1379 34 12 3498 8
1379 18 45 1607 12
1379 65 12 1245 8
1379 53 25 239 10
1379 99 25 795 10
1379 56 45 2094 12
1379 16 25 1205 10
1379 89 25 1033 10
1379 10 45 1338 12
1379 81 45 837 12
1379 82 25 2823 10
1379 47 12 102 8
1379 90 25 1595 10
1379 68 12 3989 8
1379 51 45 3815 12
1379 62 25 1872 10
1379 9 45 921 12
1379 9 45 921 12
1379 61 25 2928 10
1379 0 45 3471 12
1379 20 45 2926 12
1379 45 25 2683 10
1379 63 45 2021 12
1379 4 25 1730 10
1379 84 45 630 12
1379 44 45 3389 12
1379 25 12 51 8
1379 80 12 1193 8
1379 97 45 1950 12
1379 91 25 115 10
1379 78 25 3978 10
1379 42 45 1650 12
1379 4 25 1504 10
1379 91 12 804 8
1379 19 45 1564 12
1379 10 45 3389 12
1379 61 12 1057 8
1379 4 25 1568 10
1379 10 25 3108 10
1379 53 25 3935 10
1379 34 45 1027 12
1379 63 45 1055 12
1379 72 45 1055 12
1379 84 45 896 12
1379 30 12 3969 8
1379 85 45 3438 12
1379 52 45 2290 12
1379 96 45 2688 12
1379 23 45 3020 12
1379 76 12 2792 8
1379 37 25 1532 10
1379 62 25 597 10
1379 81 25 1532 10
1379 7 45 1759 12
1379 75 12 1815 8
1379 10 12 3975 8
1379 12 45 60 12
1379 33 45 3228 12
1379 98 25 3829 10
1379 85 25 1161 10
1379 71 25 2156 10
1379 43 25 64 10
1379 15 12 1486 8
1379 39 25 790 10
1379 65 45 1339 12
1379 99 45 1782 12
1379 89 25 795 10
1379 62 25 1782 10
1379 31 45 1020 12
1379 7 12 1070 8
1379 10 45 2542 12
1379 98 25 970 10
1379 48 25 1667 10
1379 44 25 511 10
1379 30 25 3139 10
1379 41 25 269 10
1379 0 12 803 8
1379 79 45 465 12
1379 56 25 1823 10
1379 38 12 1164 8
1379 45 12 1749 8
1379 5 25 1023 10
1379 82 45 331 12
1379 99 12 1164 8
1379 21 25 3139 10
1379 12 25 751 10
1379 9 25 1482 10
1379 88 12 2860 8
1380 96 45 3185 12
1380 78 12 1077 8
1380 7 45 516 12
1380 23 12 2815 8
1380 48 12 756 8
1380 0 45 3185 12
1380 26 25 2093 10
1380 65 12 3088 8
1380 70 12 1077 8
1380 40 12 71 8
1380 52 45 3411 12
1380 62 25 811 10
1380 86 12 496 8
1380 2 45 1028 12
1380 80 45 738 12
1380 13 12 1818 8
1380 8 25 787 10
1380 20 45 2609 12
1380 18 45 3765 12
1380 52 12 3421 8
1380 19 25 2422 10
1380 91 25 2788 10
1380 68 45 514 12
1380 67 12 3792 8
1380 25 12 3792 8
1380 58 45 2914 12
1380 13 12 3001 8
1380 37 45 892 12
1380 58 45 892 12
1380 56 45 7 12
1380 4 45 989 12
1380 45 25 1740 10
1380 85 45 518 12
1380 20 25 2958 10
1380 58 12 2208 8
1380 93 25 1471 10
1380 83 45 976 12
1380 17 25 62 10
1380 19 25 1250 10
1380 55 45 1885 12
1380 35 45 1885 12
1380 32 12 2721 8
1380 99 12 1230 8
1380 32 45 1535 12
1380 27 12 2549 8
1380 0 45 2284 12
1380 3 12 877 8
1380 31 12 2010 8
1380 88 45 1981 12
1380 30 25 871 10
1380 49 25 527 10
1380 8 45 1282 12
1380 8 25 1928 10
1380 90 45 839 12
1380 46 12 2867 8
1380 99 12 1013 8
1380 11 25 2743 10
1380 47 25 1532 10
1380 91 12 3794 8
1380 83 25 2057 10
1380 76 12 372 8
1380 50 25 1921 10
1380 48 25 580 10
1380 45 12 2324 8
1380 26 12 740 8
1380 21 45 656 12
1380 88 25 532 10
1380 79 25 1674 10
1380 80 45 2284 12
1380 88 12 2561 8
1380 6 45 1052 12
1380 14 45 832 12
1380 82 45 837 12
1380 73 25 1090 10
1380 90 12 2049 8
1380 58 25 3234 10
1380 93 25 1261 10
1380 30 45 1447 12
1380 85 25 2205 10
1380 20 45 613 12
1380 97 45 118 12
1380 22 25 1617 10
1380 67 25 1494 10
1380 76 25 2205 10
1380 94 45 1630 12
1380 44 45 62 12
1380 34 45 665 12
1380 8 45 5 12
1380 63 12 278 8
1380 87 45 1109 12
1380 86 45 1719 12
1380 18 45 377 12
1380 63 45 1161 12
1380 20 45 1161 12
1380 82 12 957 8
1380 93 25 1822 10
1380 93 12 1455 8
1380 79 25 1199 10
1380 56 45 2694 12
1380 66 45 989 12
1380 80 25 1257 10
1380 83 25 2497 10
1380 86 45 1062 12
1380 5 25 996 10
1380 22 25 816 10
1380 80 25 2333 10
1380 91 25 1724 10
1380 66 25 2497 10
1380 68 25 1724 10
1380 1 45 2062 12
1380 42 25 2497 10
1380 20 25 1724 10
1380 47 25 1724 10
1380 57 25 2497 10
1380 97 25 1724 10
1380 24 12 95 8
1380 44 45 1662 12
1380 34 12 112 8
1380 84 25 1941 10
1380 41 25 2904 10
1380 12 25 1702 10
1380 71 25 1743 10
1380 30 45 832 12
1380 40 25 1555 10
1380 98 45 3776 12
1380 61 12 1536 8
1380 94 25 1779 10
1380 85 25 957 10
1380 55 25 1199 10
1380 98 12 2644 8
1380 86 25 1995 10
1380 60 25 1929 10
1380 81 25 318 10
1380 4 12 839 8
1380 99 12 839 8
1380 21 25 1929 10
1380 6 25 840 10
1380 97 12 839 8
1380 61 25 1408 10
1380 45 45 3776 12
1380 90 25 1800 10
1380 8 12 1507 8
1380 17 45 1567 12
1380 68 12 2549 8
1380 55 45 3271 12
1380 37 25 2656 10
1380 97 25 675 10
1380 13 45 1679 12
1380 52 12 2549 8
1380 84 25 2883 10
1380 56 25 2069 10
1380 60 45 1194 12
1380 65 12 1984 8
1380 31 25 390 10
1380 42 25 2707 10
1380 43 45 2759 12
1380 27 12 744 8
1380 75 25 1890 10
1380 50 25 1813 10
1380 84 45 60 12
1380 72 25 1890 10
1380 42 25 3270 10
1380 51 25 423 10
1380 90 45 1640 12
1380 8 45 614 12
1380 69 25 1813 10
1380 68 45 2833 12
1380 89 25 3211 10
1380 98 25 1813 10
1380 84 12 3046 8
1380 53 12 1497 8
1380 80 25 2781 10
1380 70 45 1950 12
1380 45 25 889 10
1380 6 25 1757 10
1380 52 25 3534 10
1380 31 12 268 8
1380 33 45 53 12
1380 11 45 1864 12
1380 24 45 2619 12
1380 33 25 525 10
1380 57 45 920 12
1380 52 45 920 12
1380 69 25 3696 10
1380 50 45 849 12
1380 91 45 3417 12
1380 46 45 1194 12
1380 45 25 2869 10
1380 7 45 1194 12
1380 27 25 3671 10
1380 12 25 2646 10
1380 87 25 3275 10
1380 19 45 1390 12
1380 74 12 255 8
1380 92 12 255 8
1380 53 12 255 8
1380 33 25 1470 10
1380 81 12 1405 8
1380 86 45 586 12
1380 28 12 1894 8
1380 34 45 2918 12
1381 44 12 962 8
1381 19 25 1348 10
1381 84 25 1262 10
1381 59 12 2915 8
1381 15 12 2915 8
1381 73 25 2068 10
1381 81 25 3442 10
1381 71 45 388 12
1381 68 25 3138 10
1381 77 25 3502 10
1381 0 25 599 10
1381 5 12 1782 8
1381 65 25 324 10
1381 38 25 2904 10
1381 99 12 1395 8
1381 91 25 388 10
1381 67 12 2775 8
1381 35 12 3308 8
1381 4 25 1150 10
1381 15 45 1028 12
1381 61 25 2389 10
1381 52 25 2497 10
1381 38 12 1588 8
1381 26 12 1750 8
1381 22 25 2389 10
1381 32 25 2389 10
1381 54 25 324 10
1381 64 25 2389 10
1381 4 12 3298 8
1381 54 12 2915 8
1381 48 12 1497 8
1381 34 25 1792 10
1381 64 12 813 8
1381 44 12 84 8
1381 74 12 1497 8
1381 58 25 3936 10
1381 64 45 253 12
1381 99 45 253 12
1381 13 45 2158 12
1381 99 45 479 12
1381 54 25 55 10
1381 78 45 686 12
1381 66 25 1945 10
1381 76 12 2823 8
1381 66 12 3469 8
1381 34 12 2823 8
1381 25 12 1125 8
1381 70 25 3245 10
1381 98 25 1362 10
1381 58 25 1598 10
1381 84 45 5 12
1381 48 12 3406 8
1381 97 12 1947 8
1381 25 25 3633 10
1381 60 25 2200 10
1381 4 12 905 8
1381 5 45 3314 12
1381 78 12 2707 8
1381 61 12 2823 8
1381 83 12 3727 8
1381 41 12 874 8
1381 88 12 1608 8
1381 15 25 1099 10
1381 88 45 1480 12
1381 34 25 599 10
1381 32 25 1646 10
1381 95 25 599 10
1381 90 45 1997 12
1381 82 25 2589 10
1381 1 45 92 12
1381 97 12 746 8
1381 80 25 2132 10
1381 66 25 277 10
1381 78 45 1745 12
1381 10 25 3502 10
1381 75 12 71 8
1381 9 12 547 8
1381 31 25 3625 10
1381 23 25 828 10
1381 61 45 1514 12
1381 3 25 2054 10
1381 92 45 899 12
1381 13 25 599 10
1381 42 45 159 12
1381 4 25 2805 10
1381 74 25 2904 10
1381 99 25 589 10
1381 87 45 385 12
1381 19 25 25 10
1381 57 12 3295 8
1381 72 45 3059 12
1381 8 12 2345 8
1381 60 12 150 8
1381 20 45 3824 12
1381 48 12 115 8
1381 7 12 488 8
1381 54 25 3097 10
1381 77 25 1343 10
1381 12 25 814 10
1381 74 45 2284 12
1381 12 25 1102 10
1381 94 25 1659 10
1381 18 25 1659 10
1381 39 25 148 10
1381 50 25 2811 10
1381 36 25 2811 10
1381 9 12 2345 8
1381 50 45 68 12
1381 91 45 2807 12
1381 62 25 1990 10
1381 82 12 2343 8
1381 58 12 89 8
1381 79 45 1353 12
1381 44 45 310 12
1381 1 25 1407 10
1381 26 25 1331 10
1381 70 12 1277 8
1381 22 25 220 10
1381 87 12 123 8
1381 63 25 1053 10
1381 40 25 1053 10
1381 86 25 1452 10
1381 58 45 1574 12
1381 29 45 3445 12
1381 24 25 2123 10
1381 11 45 21 12
1381 73 12 724 8
1381 16 45 2587 12
1381 49 45 3700 12
1381 21 45 1243 12
1381 94 12 2420 8
1381 36 45 1243 12
1381 30 12 327 8
1381 18 45 76 12
1381 56 25 2130 10
1381 88 25 3056 10
1381 40 12 2910 8
1381 37 45 1988 12
1381 89 12 1988 8
1381 87 25 1245 10
1381 53 12 115 8
1381 38 45 2923 12
1381 74 25 1927 10
1381 99 25 1761 10
1381 14 12 1843 8
1381 79 12 71 8
1381 50 12 609 8
1381 52 25 317 10
1381 35 25 1605 10
1381 86 25 3116 10
1381 11 45 1055 12
1381 49 45 3312 12
1381 65 25 297 10
1381 74 12 3958 8
1381 1 45 62 12
1381 29 45 2923 12
1381 44 25 1095 10
1381 1 25 1042 10
1381 88 12 61 8
1381 57 25 767 10
1381 28 45 687 12
1381 41 25 2730 10
1381 83 25 755 10
1381 70 12 3827 8
1381 21 25 3904 10
1381 31 25 409 10
1381 78 25 1195 10
1381 59 45 1147 12
1381 8 25 1651 10
1381 53 25 1195 10
1381 69 45 1147 12
1381 24 45 1248 12
1381 28 45 1759 12
1381 69 25 3824 10
1381 99 12 3045 8
1381 75 12 3663 8
1381 91 45 1719 12
1381 94 45 527 12
1381 2 25 159 10
1381 98 12 2367 8
1381 60 45 1523 12
1381 69 12 918 8
1381 78 25 1969 10
1381 23 12 14 8
1381 2 25 2679 10
1381 15 25 1864 10
1381 45 25 1724 10
1381 96 12 3024 8
1381 90 12 919 8
1381 47 25 924 10
1381 68 45 956 12
1381 48 25 487 10
1381 9 12 367 8
1381 63 25 166 10
1381 6 12 3024 8
1381 44 12 3045 8
1381 89 45 3101 12
1381 45 25 2822 10
1381 29 25 573 10
1381 75 12 592 8
1381 33 25 3138 10
1381 38 45 602 12
1381 12 25 704 10
1381 59 12 1713 8
1381 57 25 3767 10
1381 40 12 3801 8
1381 85 45 1502 12
1382 78 12 1872 8
1382 50 25 2261 10
1382 96 25 1132 10
1382 91 25 2127 10
1382 13 25 2261 10
1382 60 25 2958 10
1382 85 25 2261 10
1382 53 12 2203 8
1382 37 12 3244 8
1382 84 25 321 10
1382 45 25 636 10
1382 21 25 712 10
1382 75 45 1199 12
1382 90 45 3764 12
1382 64 12 2313 8
1382 85 45 2896 12
1382 50 12 1593 8
1382 43 25 2883 10
1382 2 45 3011 12
1382 57 12 2565 8
1382 23 12 1490 8
1382 51 45 1192 12
1382 20 25 979 10
1382 81 25 2255 10
1382 11 25 1036 10
1382 44 25 3745 10
1382 31 12 1466 8
1382 51 12 605 8
1382 90 45 1721 12
1382 10 12 2775 8
1382 48 25 2824 10
1382 8 12 1063 8
1382 79 25 76 10
1382 80 25 1461 10
1382 9 25 568 10
1382 78 45 3840 12
1382 26 25 3397 10
1382 40 25 3880 10
1382 30 45 614 12
1382 34 12 2566 8
1382 91 12 981 8
1382 25 12 2058 8
1382 77 25 159 10
1382 36 12 1888 8
1382 2 25 159 10
1382 44 45 2998 12
1382 91 25 3717 10
1382 58 25 481 10
1382 41 12 1888 8
1382 56 12 3174 8
1382 82 25 777 10
1382 4 25 815 10
1382 48 12 101 8
1382 41 45 2082 12
1382 65 25 3007 10
1382 65 12 1894 8
1382 98 25 3955 10
1382 0 25 925 10
1382 76 45 708 12
1382 61 12 2928 8
1382 7 12 114 8
1382 67 25 2389 10
1382 91 25 1239 10
1382 96 45 1358 12
1382 82 25 753 10
1382 12 12 114 8
1382 0 45 238 12
1382 24 45 236 12
1382 77 45 1877 12
1382 51 25 3533 10
1382 68 25 481 10
1382 87 25 1955 10
1382 67 25 890 10
1382 11 45 159 12
1382 46 25 890 10
1382 54 45 1721 12
1382 10 12 1988 8
1382 2 12 791 8
1382 1 25 1166 10
1382 60 25 720 10
1382 4 25 2525 10
1382 72 45 1362 12
1382 59 45 955 12
1382 56 25 1571 10
1382 78 25 2160 10
1382 68 25 2987 10
1382 99 12 1175 8
1382 99 25 1171 10
1382 25 25 1171 10
1382 19 45 1830 12
1382 64 45 2694 12
1382 90 12 657 8
1382 45 25 1040 10
1382 22 25 2522 10
1382 82 25 3275 10
1382 30 45 647 12
1382 32 45 1048 12
1382 20 12 2770 8
1382 30 45 2563 12
1382 86 12 831 8
1382 38 12 855 8
1382 48 12 855 8
1382 86 25 394 10
1382 65 12 651 8
1382 98 25 240 10
1382 49 25 752 10
1382 28 25 3895 10
1382 92 12 1421 8
1382 43 12 1421 8
1382 30 45 1464 12
1382 82 25 1059 10
1382 48 12 2870 8
1382 38 25 1784 10
1382 21 25 853 10
1382 66 25 3825 10
1382 9 45 1208 12
1382 32 25 532 10
1382 45 12 1455 8
1382 21 12 1393 8
1382 85 45 2961 12
1382 13 45 418 12
1382 12 12 150 8
1382 67 12 2293 8
1382 77 45 1326 12
1382 47 25 1042 10
1382 1 45 2119 12
1382 19 45 1293 12
1382 40 45 1406 12
1382 7 45 3628 12
1382 34 25 2091 10
1382 49 12 774 8
1382 68 45 3586 12
1382 60 25 1509 10
1382 32 45 2004 12
1382 88 12 881 8
1382 62 12 95 8
1382 26 45 844 12
1382 40 25 3403 10
1382 22 25 1315 10
1382 45 25 1899 10
1382 23 25 1761 10
1382 4 25 746 10
1382 31 25 3921 10
1382 85 12 1168 8
1382 81 45 1790 12
1382 75 12 2142 8
1382 90 45 2119 12
1382 71 12 195 8
1382 42 45 2800 12
1382 53 12 1313 8
1382 4 25 3487 10
1382 54 45 3314 12
1382 95 25 3914 10
1382 99 45 3928 12
1382 58 25 627 10
1382 62 25 3914 10
1382 93 12 3490 8
1382 85 25 1617 10
1382 39 25 347 10
1382 47 25 3914 10
1382 50 25 275 10
1382 51 12 2833 8
1382 67 25 1617 10
1382 30 45 1422 12
1382 53 45 1873 12
1382 10 25 195 10
1383 10 25 3925 10
1383 32 45 3760 12
1383 75 45 472 12
1383 85 45 472 12
1383 10 45 472 12
1383 67 45 472 12
1383 40 25 1967 10
1383 13 45 761 12
1383 3 12 3041 8
1383 82 25 3925 10
1383 63 12 3041 8
1383 16 12 2525 8
1383 43 12 2603 8
1383 16 12 2313 8
1383 14 45 1332 12
1383 4 25 2559 10
1383 7 25 565 10
1383 74 25 3356 10
1383 64 25 1693 10
1383 30 25 1693 10
1383 68 25 3356 10
1383 46 12 1489 8
1383 35 45 2765 12
1383 25 12 41 8
1383 95 25 1203 10
1383 94 25 599 10
1383 76 25 1974 10
1383 86 25 223 10
1383 46 45 2126 12
1383 26 45 218 12
1383 66 12 245 8
1383 79 12 396 8
1383 92 25 1684 10
1383 97 12 1638 8
1383 24 12 3888 8
1383 55 12 1638 8
1383 28 25 151 10
1383 96 25 1009 10
1383 14 12 1698 8
1383 91 25 2381 10
1383 8 12 848 8
1383 20 12 848 8
1383 10 45 301 12
1383 31 45 3555 12
1383 8 12 883 8
1383 40 45 1884 12
1383 94 25 131 10
1383 72 25 668 10
1383 88 25 2615 10
1383 36 12 848 8
1383 52 12 32 8
1383 76 45 1468 12
1383 30 25 382 10
1383 82 45 79 12
1383 59 25 779 10
1383 95 25 965 10
1383 86 12 1045 8
1383 44 45 2126 12
1383 5 45 848 12
1383 29 45 544 12
1383 17 25 1473 10
1383 71 45 3889 12
1383 69 25 1167 10
1383 56 12 1458 8
1383 76 25 1399 10
1383 66 12 507 8
1383 36 45 2654 12
1383 94 12 385 8
1383 22 45 1794 12
1383 80 25 1029 10
1383 85 12 385 8
1383 35 25 2262 10
1383 33 25 1743 10
1383 76 45 855 12
1383 36 25 2223 10
1383 6 45 1822 12
1383 59 25 905 10
1383 65 45 3457 12
1383 73 25 1769 10
1383 17 45 3502 12
1383 23 25 592 10
1383 93 12 1825 8
1383 35 25 2636 10
1383 86 45 2949 12
1383 55 12 2037 8
1383 72 45 1783 12
1383 33 25 580 10
1383 58 45 2444 12
1383 51 12 1073 8
1383 69 45 1198 12
1383 96 12 415 8
1383 0 12 3458 8
1383 4 25 2762 10
1383 51 25 492 10
1383 50 25 1355 10
1383 38 12 3458 8
1383 18 45 2062 12
1383 82 25 806 10
1383 84 25 1775 10
1383 24 25 63 10
1383 96 45 1238 12
1383 18 45 2512 12
1383 78 45 1902 12
1383 49 25 3409 10
1383 18 45 1902 12
1383 79 25 3883 10
1383 97 45 3180 12
1383 40 45 1664 12
1383 42 25 3958 10
1383 81 12 331 8
1383 19 45 3249 12
1383 19 45 317 12
1383 15 12 2710 8
1383 92 45 62 12
1383 12 45 3445 12
1383 36 45 317 12
1383 52 45 2615 12
1383 35 25 3334 10
1383 42 45 1502 12
1383 16 12 647 8
1383 51 12 352 8
1383 42 25 2732 10
1383 60 12 1313 8
1383 48 12 338 8
1383 59 25 1831 10
1383 50 25 476 10
1383 85 45 1627 12
1383 65 25 2009 10
1383 64 25 3375 10
1383 99 25 2916 10
1383 16 25 1580 10
1383 48 12 1208 8
1383 88 25 1027 10
1383 0 12 149 8
1383 72 25 1554 10
1383 3 25 1027 10
1383 43 25 1027 10
1383 56 12 2890 8
1383 77 25 1027 10
1383 72 12 2064 8
1384 7 25 113 10
1384 93 25 3441 10
1384 47 25 3441 10
1384 32 12 2867 8
1384 59 25 1307 10
1384 88 25 3441 10
1384 0 12 3760 8
1384 27 45 3586 12
1384 16 25 171 10
1384 40 25 656 10
1384 8 45 2158 12
1384 66 12 3260 8
1384 72 25 1798 10
1384 29 45 1296 12
1384 38 25 971 10
1384 11 45 1579 12
1384 9 45 2047 12
1384 85 45 1206 12
1384 33 45 1971 12
1384 52 25 2779 10
1384 90 12 1573 8
1384 82 12 3937 8
1384 86 25 1042 10
1384 28 12 1193 8
1384 43 45 311 12
1384 75 25 1362 10
1384 25 45 2383 12
1384 60 25 953 10
1384 63 45 2152 12
1384 37 12 2323 8
1384 6 25 1481 10
1384 75 25 953 10
1384 78 25 881 10
1384 96 25 204 10
1384 8 12 3397 8
1384 91 25 2090 10
1384 72 12 1126 8
1384 70 25 1714 10
1384 8 25 1003 10
1384 70 12 3937 8
1384 46 12 2957 8
1384 24 12 3707 8
1384 81 25 1754 10
1384 59 25 1512 10
1384 66 12 3937 8
1384 15 12 1489 8
1384 85 12 2957 8
1384 67 12 2957 8
1384 4 25 1237 10
1384 32 25 978 10
1384 31 12 301 8
1384 60 25 1699 10
1384 18 25 1371 10
1384 50 45 1593 12
1384 58 12 627 8
1384 4 25 3825 10
1384 51 45 1238 12
1384 87 25 455 10
1384 96 45 2183 12
1384 36 25 2869 10
1384 54 45 124 12
1384 26 12 1870 8
1384 8 25 89 10
1384 4 25 1506 10
1384 69 12 990 8
1384 38 25 798 10
1384 65 45 1729 12
1384 72 25 798 10
1384 1 45 1988 12
1384 13 45 2010 12
1384 83 45 2069 12
1384 51 45 1193 12
1384 96 12 71 8
1384 3 25 1177 10
1384 32 25 3413 10
1384 89 45 1329 12
1384 50 25 3780 10
1384 80 25 2039 10
1384 45 12 1949 8
1384 42 12 3521 8
1384 6 45 2676 12
1384 92 25 1047 10
1384 66 25 3370 10
1384 92 12 583 8
1384 17 12 420 8
1384 74 12 3521 8
1384 67 25 2162 10
1384 79 45 344 12
1384 28 25 2972 10
1384 16 25 2949 10
1384 8 25 1142 10
1384 1 25 758 10
1384 51 12 1870 8
1384 66 45 3965 12
1384 36 45 2137 12
1384 22 25 1744 10
1384 0 25 1862 10
1384 97 25 527 10
1384 13 25 3678 10
1384 6 12 3259 8
1384 70 25 3007 10
1384 38 25 2270 10
1384 99 12 100 8
1384 14 45 1806 12
1384 58 25 148 10
1384 27 45 947 12
1384 25 25 3157 10
1384 71 25 3312 10
1384 17 12 3259 8
1384 79 45 1806 12
1384 87 25 225 10
1384 13 25 2927 10
1384 94 12 150 8
1384 7 25 955 10
1384 54 45 900 12
1384 67 25 1265 10
1384 62 25 1705 10
1384 46 45 1809 12
1384 25 25 1204 10
1384 89 25 673 10
1384 59 45 3922 12
1384 2 25 3707 10
1385 8 45 1885 12
1385 20 25 1866 10
1385 42 12 1277 8
1385 58 45 1198 12
1385 87 45 3542 12
1385 28 25 752 10
1385 87 45 3389 12
1385 87 12 1980 8
1385 82 25 1829 10
1385 11 25 3312 10
1385 45 25 3312 10
1385 36 12 1929 8
1385 22 25 1310 10
1385 27 25 780 10
1385 98 25 3312 10
1385 41 25 3312 10
1385 1 25 1049 10
1385 54 45 204 12
1385 18 25 2679 10
1385 29 25 1059 10
1385 39 12 30 8
1385 19 12 31 8
1385 88 45 3389 12
1385 59 12 1929 8
1385 4 45 3389 12
1385 43 25 528 10
1385 54 25 2649 10
1385 18 12 1929 8
1385 12 45 1362 12
1385 60 25 806 10
1385 97 25 336 10
1385 39 45 1093 12
1385 32 45 1129 12
1385 23 12 1193 8
1385 85 45 1715 12
1385 99 12 2496 8
1385 33 45 116 12
1385 23 25 1955 10
1385 58 45 1965 12
1385 76 25 2883 10
1385 26 12 957 8
1385 21 12 1314 8
1385 43 25 618 10
1385 11 25 1350 10
1385 94 25 650 10
1385 22 25 630 10
1385 19 12 1298 8
1385 16 12 3592 8
1385 52 25 2081 10
1385 19 12 1608 8
1385 58 45 1983 12
1385 58 25 388 10
1385 12 25 2672 10
1385 76 25 999 10
1385 5 45 1028 12
1385 20 25 69 10
1385 5 45 614 12
1385 15 25 1799 10
1385 92 45 321 12
1385 37 25 1382 10
1385 25 45 1687 12
1385 88 25 2081 10
1385 33 25 2081 10
1385 23 45 2109 12
1385 6 12 3293 8
1385 31 45 687 12
1385 75 45 533 12
1385 20 45 3780 12
1385 63 25 675 10
1385 8 45 3419 12
1385 31 12 1285 8
1385 16 45 806 12
1385 98 25 1251 10
1385 70 45 2474 12
1385 63 45 394 12
1385 85 45 1916 12
1385 83 12 3748 8
1385 90 45 431 12
1385 90 45 3419 12
1385 14 25 1172 10
1385 93 12 3077 8
1385 22 45 1110 12
1385 69 45 3419 12
1385 48 45 3419 12
1385 21 45 3780 12
1385 15 45 1170 12
1385 96 45 768 12
1386 85 25 2636 10
1386 69 45 2746 12
1386 95 45 2619 12
1386 88 45 1880 12
1386 20 25 3325 10
1386 47 25 3022 10
1386 14 12 2806 8
1386 71 12 3773 8
1386 90 45 62 12
1386 12 25 127 10
1386 46 45 3586 12
1386 98 25 3525 10
1386 65 25 3824 10
1386 97 25 1079 10
1386 83 12 123 8
1386 97 12 871 8
1386 67 45 2619 12
1386 25 25 2658 10
1386 58 45 419 12
1386 56 25 1883 10
1386 80 45 1170 12
1386 67 45 292 12
1386 29 25 410 10
1386 90 25 189 10
1386 8 45 2324 12
1386 45 25 505 10
1386 9 25 3969 10
1386 19 12 1477 8
1386 58 12 3392 8
1386 46 45 2213 12
1386 33 45 463 12
1386 3 25 1152 10
1386 93 25 3292 10
1386 96 12 139 8
1386 19 12 139 8
1386 40 25 168 10
1386 25 12 1346 8
1386 89 45 2365 12
1386 55 25 3360 10
1386 40 45 1946 12
1386 26 25 986 10
1386 78 25 2266 10
1386 63 25 1350 10
1386 71 25 1021 10
1386 5 25 1502 10
1386 69 45 1243 12
1386 91 12 824 8
1386 8 12 3948 8
1386 27 25 2254 10
1386 42 12 401 8
1386 14 45 2650 12
1386 35 45 1121 12
1386 5 12 2804 8
1386 87 12 3807 8
1386 18 12 2262 8
1386 83 25 806 10
1386 53 45 197 12
1386 4 25 3312 10
1386 51 25 1522 10
1386 77 25 925 10
1386 57 12 526 8
1386 78 25 2212 10
1386 2 12 1317 8
1386 13 45 501 12
1386 61 25 3165 10
1386 82 25 1690 10
1386 43 12 1812 8
1386 27 45 545 12
1386 37 45 929 12
1386 65 45 268 12
1386 94 12 768 8
1386 46 25 3501 10
1386 63 25 3154 10
1386 7 25 3501 10
1386 5 25 777 10
1386 88 25 3403 10
1386 86 25 1412 10
1386 70 45 1437 12
1386 14 25 570 10
1386 97 12 1839 8
1386 29 12 1210 8
1386 13 12 1428 8
1386 28 45 587 12
1386 61 45 2383 12
1386 12 25 455 10
1386 75 45 980 12
1386 79 25 240 10
1386 53 12 3969 8
1386 9 45 1747 12
1386 3 25 319 10
1386 94 12 3034 8
1386 66 12 3034 8
1386 41 12 650 8
1386 66 25 2232 10
1386 79 25 1402 10
1386 93 25 1367 10
1386 49 12 457 8
1386 92 25 2138 10
1386 10 25 3661 10
1386 11 25 3661 10
1386 72 12 523 8
1386 66 45 472 12
1386 43 25 1709 10
1386 47 12 896 8
1386 97 45 472 12
1386 56 25 1047 10
1386 9 45 529 12
1386 15 25 280 10
1386 67 45 1056 12
1386 76 45 987 12
1386 95 45 2180 12
1386 37 25 3322 10
1386 36 25 2972 10
1386 63 12 1648 8
1386 41 12 2957 8
1386 73 12 3511 8
1386 25 45 2844 12
1386 86 45 580 12
1387 21 45 2849 12
1387 70 25 3960 10
1387 6 12 968 8
1387 9 12 1070 8
1387 34 12 3888 8
1387 1 25 1982 10
1387 61 25 640 10
1387 50 12 2262 8
1387 3 25 1146 10
1387 84 12 1314 8
1387 95 12 2823 8
1387 26 45 1783 12
1387 30 12 1812 8
1387 27 25 749 10
1387 25 25 3224 10
1387 24 25 438 10
1387 23 25 2660 10
1387 93 25 1791 10
1387 83 25 377 10
1387 65 25 377 10
1387 61 25 377 10
1387 64 12 2553 8
1387 94 25 2412 10
1387 98 45 3378 12
1387 85 25 1321 10
1387 79 25 1417 10
1387 40 25 2389 10
1387 85 25 70 10
1387 69 25 2389 10
1387 81 25 2389 10
1387 18 25 279 10
1387 75 12 3374 8
1387 62 25 166 10
1387 29 25 166 10
1387 31 45 267 12
1387 18 12 1129 8
1387 33 45 28 12
1387 84 12 1657 8
1387 34 25 867 10
1387 38 45 3901 12
1387 76 45 1956 12
1387 68 45 3901 12
1387 25 45 3609 12
1387 27 45 2952 12
1387 28 45 3609 12
1387 35 12 3153 8
1387 9 25 3915 10
1387 13 25 1343 10
1387 41 25 1627 10
1387 72 45 1988 12
1387 98 25 798 10
1387 36 45 2830 12
1387 57 45 1010 12
1387 4 45 870 12
1387 41 25 911 10
1387 97 25 1986 10
1387 79 45 2183 12
1387 39 25 3620 10
1387 94 45 2769 12
1387 51 12 3087 8
1387 97 45 1393 12
1387 76 45 1108 12
1387 6 25 1506 10
1387 49 45 2593 12
1387 87 25 754 10
1387 56 25 1267 10
1387 37 45 3637 12
1387 51 45 1004 12
1387 55 12 1427 8
1387 10 45 1004 12
1387 65 25 695 10
1387 44 12 254 8
1387 61 25 774 10
1387 66 12 860 8
1387 37 25 2160 10
1387 82 25 127 10
1387 29 45 3472 12
1387 33 25 1690 10
1387 96 12 284 8
1387 94 12 1297 8
1387 94 12 1190 8
1387 61 12 2896 8
1387 78 12 2896 8
1387 1 25 3114 10
1387 61 12 3521 8
1387 74 12 2525 8
1387 49 45 649 12
1387 55 12 1486 8
1387 65 25 661 10
1387 74 45 55 12
1387 88 12 2896 8
1387 62 45 1480 12
1387 36 25 661 10
1387 39 25 2536 10
1387 45 25 1435 10
1387 18 25 1541 10
1387 79 25 1899 10
1387 8 12 1763 8
1387 2 25 2918 10
1387 30 12 1089 8
1387 11 25 3909 10
1387 85 45 2668 12
1387 67 12 1227 8
1387 93 45 1342 12
1387 59 12 1715 8
1387 5 45 5 12
1387 33 25 1952 10
1387 52 25 1360 10
1387 71 25 206 10
1387 9 12 3634 8
1387 55 12 3767 8
1387 34 12 3270 8
1387 41 45 203 12
1387 18 25 2205 10
1387 12 45 2660 12
1387 39 45 1447 12
1387 14 25 4 10
1387 70 45 116 12
1387 37 25 371 10
1387 8 12 3077 8
1387 76 25 3901 10
1387 69 12 3077 8
1387 1 45 544 12
1387 53 12 3193 8
1387 23 25 2730 10
1387 53 25 860 10
1387 62 25 190 10
1387 68 12 2377 8
1387 8 45 3598 12
1387 78 25 673 10
1387 58 45 3242 12
1387 75 12 198 8
1387 6 45 3518 12
1387 52 25 142 10
1387 2 45 965 12
1387 43 25 1982 10
1387 73 25 850 10
1387 98 12 3246 8
1387 88 25 1160 10
1387 97 25 570 10
1387 91 12 583 8
1387 4 12 3203 8
1387 90 25 1059 10
1387 10 25 809 10
1387 70 25 1403 10
1387 30 45 311 12
1387 16 25 1403 10
1387 89 12 3035 8
1387 6 12 476 8
1387 58 25 809 10
1387 49 12 1200 8
1387 17 12 3490 8
1387 56 12 1885 8
1387 96 12 1645 8
1387 51 25 3940 10
1387 44 25 251 10
1387 47 25 1414 10
1387 71 45 1797 12
1387 20 25 1414 10
1387 2 25 336 10
1387 31 25 3237 10
1387 39 45 1755 12
1387 85 25 2531 10
1387 0 12 476 8
1387 91 45 3145 12
1387 19 45 1840 12
1387 57 45 2515 12
1387 16 12 3453 8
1387 90 45 2423 12
1387 66 25 2009 10
1387 93 12 1984 8
1387 61 25 2009 10
1387 16 25 2038 10
1387 55 45 410 12
1387 3 25 625 10
1387 35 25 625 10
1387 96 25 1989 10
1387 77 45 2554 12
1387 32 12 1984 8
1387 76 45 189 12
1387 35 12 15 8
1387 28 12 315 8
1387 77 25 1204 10
1387 65 45 3395 12
1387 65 45 1181 12
1387 13 12 2977 8
1387 8 12 2256 8
1387 44 45 779 12
1388 47 45 1129 12
1388 38 12 3673 8
1388 16 12 1235 8
1388 74 12 2452 8
1388 15 45 2745 12
1388 5 25 2106 10
1388 62 12 3597 8
1388 92 25 1601 10
1388 71 25 3536 10
1388 49 25 1005 10
1388 92 12 2358 8
1388 63 25 2069 10
1388 31 12 3875 8
1388 28 45 419 12
1388 7 12 3189 8
1388 99 25 2977 10
1388 8 45 2221 12
1388 81 45 270 12
1388 20 12 2056 8
1388 95 25 848 10
1388 38 25 626 10
1388 98 45 322 12
1388 49 25 3679 10
1388 70 45 1831 12
1388 19 25 2286 10
1388 96 12 502 8
1388 46 12 3958 8
1388 52 25 1448 10
1388 93 25 2009 10
1388 80 12 1919 8
1388 28 45 989 12
1388 47 25 239 10
1388 45 25 3293 10
1388 75 25 1092 10
1388 69 45 214 12
1388 96 12 1574 8
1388 17 25 807 10
1388 61 12 3191 8
1388 76 12 1523 8
1388 78 12 2768 8
1388 37 45 596 12
1388 36 25 3334 10
1388 73 25 3243 10
1388 2 12 1413 8
1388 30 25 2794 10
1388 39 25 999 10
1388 80 25 999 10
1388 82 12 68 8
1388 94 45 74 12
1388 98 25 1803 10
1388 98 12 1053 8
1388 22 12 3015 8
1388 81 25 1076 10
1388 65 12 3465 8
1388 7 25 1448 10
1388 9 12 3820 8
1388 1 25 1257 10
1388 44 12 2657 8
1388 2 25 2306 10
1388 8 25 767 10
1388 75 12 307 8
1388 69 12 297 8
1388 75 12 412 8
1388 84 12 3969 8
1388 87 12 609 8
1388 96 12 3937 8
1388 11 12 1455 8
1388 16 25 1845 10
1388 74 25 3885 10
1388 72 45 1943 12
1388 29 12 3933 8
1388 97 45 1943 12
1388 65 45 1201 12
1388 47 25 1861 10
1388 29 25 448 10
1388 82 12 2512 8
1388 71 12 3222 8
1388 28 12 1246 8
1388 7 12 405 8
1388 50 25 2478 10
1388 26 12 3015 8
1388 10 12 2185 8
1388 34 25 3361 10
1388 41 45 2444 12
1388 80 25 1967 10
1388 65 12 3484 8
1388 35 12 3484 8
1388 25 25 2615 10
1388 62 45 747 12
1388 23 12 1453 8
1388 51 12 3198 8
1388 32 45 1593 12
1388 47 25 1598 10
1388 79 25 202 10
1388 4 12 1113 8
1388 46 25 2685 10
1388 34 25 3735 10
1388 43 25 1368 10
1388 90 12 3072 8
1388 97 45 1774 12
1388 39 25 1578 10
1388 0 45 664 12
1388 18 12 863 8
1388 77 12 1013 8
1388 97 12 1292 8
1388 48 45 2821 12
1388 83 25 127 10
1388 20 12 3673 8
1388 86 25 1637 10
1388 1 12 1912 8
1388 56 12 902 8
1388 71 25 1004 10
1388 3 12 574 8
1388 14 45 268 12
1388 85 45 2890 12
1388 41 25 1909 10
1388 33 12 1283 8
1388 89 25 3733 10
1388 86 25 2716 10
1388 76 25 239 10
1388 86 12 393 8
1388 24 25 342 10
1388 22 25 1102 10
1388 71 25 1979 10
1388 78 25 1411 10
1388 97 12 2398 8
1388 48 12 393 8
1388 56 12 406 8
1388 25 25 1123 10
1388 4 25 1123 10
1388 45 12 1949 8
1388 29 12 3581 8
1388 4 12 616 8
1388 43 12 616 8
1388 91 45 1181 12
1388 66 25 1444 10
1388 41 25 1123 10
1388 88 25 1095 10
1388 26 12 2012 8
1388 30 12 892 8
1388 33 25 1123 10
1388 16 12 2398 8
1388 33 45 3038 12
1388 90 45 928 12
1388 29 45 1836 12
1388 38 25 1122 10
1388 6 45 1884 12
1388 65 25 3234 10
1388 39 25 89 10
1388 88 12 1681 8
1388 67 25 2852 10
1388 45 45 2587 12
1388 79 45 2587 12
1388 41 45 328 12
1388 75 12 2713 8
1388 57 12 159 8
1388 99 25 1761 10
1388 2 45 463 12
1388 10 25 2412 10
1388 19 45 331 12
1388 67 25 2355 10
1388 56 25 734 10
1388 39 25 10 10
1388 62 12 3734 8
1388 0 25 2009 10
1388 86 25 763 10
1388 51 45 346 12
1388 65 25 3851 10
1389 41 25 2094 10
1389 47 25 1585 10
1389 15 25 831 10
1389 89 12 1458 8
1389 82 45 1822 12
1389 41 25 2797 10
1389 94 45 1174 12
1389 73 45 1916 12
1389 13 25 532 10
1389 19 45 2103 12
1389 26 25 1324 10
1389 68 45 2834 12
1389 61 25 1224 10
1389 3 25 97 10
1389 64 25 567 10
1389 52 12 3341 8
1389 53 45 3695 12
1389 87 25 3633 10
1389 24 45 691 12
1389 60 12 384 8
1389 96 45 1646 12
1389 90 45 928 12
1389 28 25 2946 10
1389 50 25 2946 10
1389 50 45 1721 12
1389 73 25 3487 10
1389 7 12 2580 8
1389 5 25 147 10
1389 61 12 2580 8
1389 87 45 3096 12
1389 75 12 1955 8
1389 58 25 3748 10
1389 88 25 1918 10
1389 4 12 2712 8
1389 71 12 384 8
1389 56 45 2670 12
1389 69 25 1052 10
1389 0 25 1052 10
1389 37 45 1419 12
1389 59 25 2446 10
1389 8 12 2220 8
1389 44 12 3182 8
1389 79 25 624 10
1389 42 12 3673 8
1389 93 12 2765 8
1389 51 25 716 10
1389 74 45 213 12
1389 6 12 1665 8
1389 32 45 2949 12
1389 24 25 1969 10
1389 46 45 2949 12
1389 2 12 3321 8
1389 64 25 1751 10
1389 45 25 1832 10
1389 72 25 1183 10
1389 53 12 1173 8
1389 75 25 1183 10
1389 21 45 1560 12
1389 31 45 3889 12
1389 13 25 2039 10
1389 49 12 1994 8
1389 49 12 2765 8
1389 64 25 477 10
1389 64 45 3133 12
1389 16 45 1646 12
1389 42 25 1177 10
1389 70 25 1204 10
1389 97 12 24 8
1389 52 25 2844 10
1389 0 45 2949 12
1389 4 12 11 8
1389 21 12 670 8
1389 93 12 662 8
1389 29 25 1352 10
1389 41 45 1109 12
1389 60 45 1802 12
1389 83 12 3484 8
1389 25 25 1918 10
1389 0 45 1508 12
1389 61 45 368 12
1389 58 25 1428 10
1389 25 45 567 12
1389 51 25 539 10
1389 87 45 710 12
1389 16 25 1899 10
1389 21 25 1918 10
1389 73 45 1680 12
1389 22 45 2453 12
1389 34 25 1598 10
1389 3 25 2205 10
1389 17 25 3973 10
1389 51 45 3009 12
1389 10 25 2332 10
1389 93 45 1970 12
1389 2 25 3748 10
1389 3 12 2011 8
1389 18 45 870 12
1389 45 45 1023 12
1389 52 25 130 10
1389 97 45 551 12
1389 36 25 377 10
1389 96 12 942 8
1389 35 45 3345 12
1389 77 25 1212 10
1389 17 12 3752 8
1389 27 45 1884 12
1389 17 45 3835 12
1389 92 12 1168 8
1389 65 12 1099 8
1389 41 25 559 10
1389 81 45 1840 12
1389 23 25 1530 10
1389 73 25 1700 10
1389 3 25 1098 10
1389 78 25 1792 10
1389 63 25 339 10
1389 18 25 580 10
1389 24 25 798 10
1389 12 25 1377 10
1389 15 25 537 10
1389 88 45 3592 12
1389 55 12 1486 8
1389 35 12 824 8
1389 37 25 3502 10
1389 28 25 643 10
1389 86 12 439 8
1389 23 25 1350 10
1389 96 45 3840 12
1389 24 25 3097 10
1389 83 25 147 10
1389 64 12 1130 8
1389 78 45 2660 12
1389 14 45 519 12
1389 57 45 1840 12
1389 15 25 2306 10
1389 31 25 614 10
1389 64 12 301 8
1389 24 25 415 10
1389 39 12 1024 8
1389 45 25 640 10
1389 62 25 1539 10
1389 79 45 1646 12
1389 57 12 115 8
1389 19 25 453 10
1389 99 12 3132 8
1389 44 45 3627 12
1389 81 12 3929 8
1389 13 45 2377 12
1389 73 25 3056 10
1389 62 25 802 10
1389 68 12 1292 8
1389 47 25 1486 10
1389 49 12 2775 8
1389 18 12 466 8
1389 91 25 852 10
1389 50 12 430 8
1389 7 12 650 8
1389 33 12 2910 8
1389 49 12 2792 8
1389 16 12 466 8
1389 32 45 292 12
1390 48 12 2768 8
1390 87 12 1117 8
1390 28 25 3994 10
1390 40 25 508 10
1390 5 25 326 10
1390 90 45 1161 12
1390 80 25 181 10
1390 45 12 3202 8
1390 82 25 3313 10
1390 32 25 2887 10
1390 2 45 3802 12
1390 46 12 756 8
1390 88 25 1430 10
1390 62 25 532 10
1390 13 45 1735 12
1390 16 45 2423 12
1390 51 25 1831 10
1390 71 45 651 12
1390 52 45 228 12
1390 50 25 2205 10
1390 64 45 1735 12
1390 60 25 2381 10
1390 72 45 1256 12
1390 68 45 1028 12
1390 82 25 1084 10
1390 93 25 2830 10
1390 41 12 1627 8
1390 55 25 3445 10
1390 87 12 1627 8
1390 58 25 2523 10
1390 7 25 254 10
1390 2 45 1095 12
1390 3 45 2078 12
1390 59 45 1095 12
1390 21 25 1936 10
1390 19 25 1936 10
1390 9 45 679 12
1390 96 45 1320 12
1390 40 25 2376 10
1390 18 25 203 10
1390 18 25 568 10
1390 95 25 568 10
1390 87 45 944 12
1390 30 25 1234 10
1390 38 25 621 10
1390 62 25 723 10
1390 38 25 1750 10
1390 33 45 2485 12
1390 77 45 2945 12
1390 2 45 2649 12
1390 69 45 1363 12
1390 15 45 96 12
1390 55 45 96 12
1390 94 25 1989 10
1390 62 25 1521 10
1390 92 12 1594 8
1390 22 12 2824 8
1390 81 12 1151 8
1390 19 25 3969 10
1390 92 25 3487 10
1390 83 25 147 10
1390 27 45 3306 12
1390 24 25 2302 10
1390 93 12 341 8
1390 89 25 1090 10
1390 24 25 2376 10
1390 31 45 2377 12
1390 64 45 2562 12
1390 34 45 2887 12
1390 90 45 2887 12
1390 24 25 3154 10
1390 23 25 2996 10
1390 20 12 1355 8
1390 31 25 568 10
1390 73 25 326 10
1390 12 25 1936 10
1390 14 45 1516 12
1390 36 45 2500 12
1390 71 12 599 8
1390 30 45 2915 12
1390 71 25 3015 10
1390 59 25 383 10
1390 38 25 2259 10
1390 94 25 2132 10
1390 79 12 2675 8
1390 93 25 2712 10
1390 65 25 1702 10
1390 49 25 534 10
1390 48 12 618 8
1390 90 12 2390 8
1390 41 45 2052 12
1390 81 45 261 12
1390 90 45 3239 12
1390 66 25 1174 10
1390 75 45 1380 12
1390 77 12 892 8
1390 8 25 1592 10
1390 11 25 2057 10
1390 25 12 1578 8
1390 87 25 1318 10
1390 13 25 1765 10
1390 27 12 1748 8
1390 12 12 2185 8
1390 38 12 670 8
1390 97 25 1682 10
1390 29 12 584 8
1390 43 12 28 8
1390 3 25 672 10
1390 19 25 2647 10
1390 34 25 913 10
1390 69 12 312 8
1390 26 45 527 12
1390 67 25 1462 10
1390 46 25 2375 10
1390 93 25 2345 10
1390 40 45 3519 12
1390 31 45 1846 12
1390 80 12 971 8
1390 78 25 3885 10
1390 17 12 831 8
1390 11 12 831 8
1390 48 12 1316 8
1390 21 25 2891 10
1390 60 12 1135 8
1390 97 12 3299 8
1390 7 45 3338 12
1390 83 25 436 10
1390 35 25 1529 10
1390 79 25 1204 10
1390 47 25 733 10
1390 16 45 1468 12
1390 86 45 1004 12
1390 68 12 771 8
1390 91 25 1934 10
1390 65 45 2402 12
1390 77 25 656 10
1391 87 12 729 8
1391 0 25 447 10
1391 28 45 1743 12
1391 43 45 1047 12
1391 96 25 680 10
1391 84 25 1297 10
1391 38 25 3030 10
1391 38 25 2330 10
1391 22 45 337 12
1391 67 45 1574 12
1391 54 45 144 12
1391 55 45 1929 12
1391 48 25 1903 10
1391 30 25 927 10
1391 8 25 3146 10
1391 31 25 1650 10
1391 10 12 1906 8
1391 65 25 927 10
1391 50 12 2348 8
1391 55 25 44 10
1391 29 45 1351 12
1391 9 45 3509 12
1391 90 45 1368 12
1391 32 25 956 10
1391 96 12 2764 8
1391 9 25 2092 10
1391 49 25 19 10
1391 82 25 1911 10
1391 29 25 1911 10
1391 99 45 2989 12
1391 51 25 1688 10
1391 53 25 2887 10
1391 61 12 139 8
1391 19 12 2383 8
1391 96 45 870 12
1391 23 25 1922 10
1391 25 45 1196 12
1391 53 25 1710 10
1391 79 25 994 10
1391 69 45 533 12
1391 49 25 638 10
1391 86 45 1282 12
1391 77 25 1782 10
1391 53 25 1003 10
1391 74 45 1284 12
1391 92 25 2829 10
1391 2 25 2115 10
1391 32 12 682 8
1391 35 45 196 12
1391 27 45 968 12
1391 22 25 2412 10
1391 43 25 2794 10
1391 52 45 478 12
1391 9 12 1761 8
1391 66 25 2070 10
1391 79 25 979 10
1391 62 12 249 8
1391 4 25 65 10
1391 22 25 3029 10
1391 35 12 1179 8
1391 50 25 1605 10
1391 44 12 920 8
1391 50 45 78 12
1391 2 12 1123 8
1391 60 25 621 10
1391 12 25 2415 10
1391 66 12 245 8
1391 73 25 2389 10
1391 89 12 2989 8
1391 58 25 136 10
1391 72 25 186 10
1391 63 25 186 10
1391 83 45 551 12
1391 19 25 139 10
1391 25 12 1164 8
1391 82 25 1782 10
1391 46 25 1782 10
1391 40 45 126 12
1391 71 45 1047 12
1391 37 45 768 12
1391 10 45 1939 12
1391 24 45 84 12
1391 82 45 84 12
1391 50 25 3411 10
1391 51 25 3719 10
1391 82 12 806 8
1391 84 45 1522 12
1391 17 45 199 12
1391 78 12 2467 8
1391 52 12 2513 8
1391 62 12 1709 8
1391 52 45 689 12
1391 40 45 1563 12
1391 66 45 212 12
1391 77 25 925 10
1391 70 45 1563 12
1391 16 45 84 12
1391 76 45 376 12
1391 42 45 887 12
1391 34 12 732 8
1391 70 45 310 12
1391 29 45 1157 12
1391 86 45 1157 12
1391 58 12 3064 8
1391 18 25 1203 10
1391 8 45 2314 12
1391 32 25 975 10
1391 96 12 2068 8
1391 49 25 796 10
1391 97 25 796 10
1391 55 25 2811 10
1391 24 45 825 12
1391 91 12 95 8
1391 77 25 411 10
1391 11 25 917 10
1391 17 25 1180 10
1391 41 45 2769 12
1391 3 12 3198 8
1391 68 45 2221 12
1391 72 25 2262 10
1391 96 45 900 12
1391 80 25 796 10
1391 22 12 1480 8
1391 25 25 816 10
1391 75 12 116 8
1391 16 25 869 10
1391 8 45 1157 12
1391 27 25 181 10
1391 43 25 3663 10
1391 2 45 699 12
1391 84 45 1179 12
1391 18 12 3852 8
1391 60 45 1402 12
1391 89 12 665 8
1391 46 45 1679 12
1391 53 12 1932 8
1391 29 45 524 12
1391 34 12 1627 8
1391 91 25 1745 10
1391 32 12 1627 8
1391 44 45 2619 12
1391 56 25 1267 10
1391 95 25 1866 10
1391 8 12 701 8
1391 2 25 1307 10
1391 26 45 840 12
1391 21 45 3715 12
1391 84 25 336 10
1391 79 25 2661 10
1391 60 25 3209 10
1391 66 25 1855 10
1391 35 25 1561 10
1391 99 12 291 8
1391 91 25 1800 10
1391 86 12 3045 8
1391 64 12 384 8
1391 56 12 1848 8
1391 64 25 3751 10
1391 41 25 2882 10
1391 95 12 2827 8
1391 0 45 216 12
1391 14 45 1944 12
1391 11 25 2692 10
1391 19 45 2045 12
1391 80 45 2045 12
1391 96 12 2989 8
1391 10 25 2601 10
1391 87 25 506 10
1391 57 45 1595 12
1391 32 12 2588 8
1391 33 45 3928 12
1391 83 12 1316 8
1391 74 25 1869 10
1391 98 45 3445 12
1391 27 25 657 10
1391 37 45 1916 12
1391 21 45 1059 12
1391 81 25 295 10
1391 93 45 2064 12
1392 30 12 251 8
1392 70 12 1383 8
1392 29 25 482 10
1392 74 45 2314 12
1392 50 25 102 10
1392 89 45 180 12
1392 45 45 1998 12
1392 5 45 3172 12
1392 54 45 2314 12
1392 72 12 2155 8
1392 61 12 2644 8
1392 7 25 102 10
1392 36 12 154 8
1392 0 45 2800 12
1392 20 45 2314 12
1392 82 25 2677 10
1392 63 12 2184 8
1392 28 12 668 8
1392 75 45 2974 12
1392 55 12 3016 8
1392 88 45 2769 12
1392 74 25 2701 10
1392 18 12 464 8
1392 51 45 2769 12
1392 96 12 3016 8
1392 23 45 2769 12
1392 46 12 1393 8
1392 9 45 1066 12
1392 86 25 1984 10
1392 15 45 1157 12
1392 65 25 1784 10
1392 72 25 1984 10
1392 46 12 410 8
1392 96 25 2493 10
1392 26 12 462 8
1392 47 12 3886 8
1392 11 25 1784 10
1392 88 25 1743 10
1392 54 25 136 10
1392 58 25 3165 10
1392 26 12 179 8
1392 51 12 1434 8
1392 19 25 1984 10
1392 28 45 2843 12
1392 45 12 904 8
1392 13 25 1985 10
1392 23 45 1066 12
1392 9 12 883 8
1392 28 25 3419 10
1392 56 12 509 8
1392 23 25 269 10
1392 62 25 2493 10
1392 15 45 3002 12
1392 12 12 2806 8
1392 57 45 1309 12
1392 3 25 2304 10
1392 32 45 472 12
1392 70 45 472 12
1392 11 45 510 12
1392 66 25 2777 10
1392 19 45 1066 12
1392 5 45 472 12
1392 95 12 309 8
1392 52 25 1911 10
1392 16 12 2644 8
1392 81 45 1749 12
1392 38 45 3763 12
1392 16 45 1892 12
1392 3 25 1898 10
1392 54 45 1379 12
1392 95 45 1240 12
1392 31 25 1753 10
1392 50 12 3515 8
1392 50 12 3294 8
1392 55 45 1379 12
1392 24 12 3515 8
1392 78 25 1793 10
1392 61 25 3066 10
1392 88 25 3211 10
1392 30 12 1274 8
1392 3 25 2634 10
1392 6 45 2896 12
1392 71 25 678 10
1392 63 12 1274 8
1392 4 45 2281 12
1392 65 12 1797 8
1392 78 25 3995 10
1392 1 45 1877 12
1392 42 25 3054 10
1392 52 12 2584 8
1392 41 12 1150 8
1392 62 45 1523 12
1392 63 25 3292 10
1392 74 45 426 12
1392 6 45 236 12
1392 3 45 3637 12
1392 80 45 3848 12
1392 86 12 2644 8
1392 1 25 1448 10
1392 9 45 2281 12
1392 24 25 2661 10
1392 15 45 1344 12
1392 78 25 3494 10
1392 26 45 1379 12
1392 5 25 1203 10
1392 87 25 2237 10
1392 53 12 1906 8
1392 29 12 1053 8
1392 39 45 1707 12
1392 75 45 1691 12
1392 97 25 1969 10
1392 36 25 1927 10
1392 32 12 3792 8
1392 96 12 3265 8
1392 47 45 1379 12
1392 60 25 612 10
1393 84 25 2364 10
1393 18 45 1798 12
1393 91 12 2056 8
1393 99 25 551 10
1393 27 25 3922 10
1393 93 45 32 12
1393 16 12 2074 8
1393 90 45 2769 12
1393 32 45 1844 12
1393 27 25 1819 10
1393 20 12 700 8
1393 37 25 1321 10
1393 62 25 1251 10
1393 53 25 1989 10
1393 7 45 2989 12
1393 71 45 1457 12
1393 22 12 14 8
1393 15 25 207 10
1393 93 45 3653 12
1393 56 12 858 8
1393 60 25 610 10
1393 28 45 1959 12
1393 6 45 3727 12
1393 18 25 1172 10
1393 75 45 477 12
1393 75 45 181 12
1393 17 12 2637 8
1393 79 25 2221 10
1393 74 25 2221 10
1393 64 25 2777 10
1393 77 45 3008 12
1393 23 25 1161 10
1393 29 45 3008 12
1393 51 45 786 12
1393 92 45 1290 12
1393 79 45 786 12
1393 4 25 1337 10
1393 47 45 989 12
1393 42 25 691 10
1393 3 12 3852 8
1393 39 45 2570 12
1393 22 25 3751 10
1393 77 45 477 12
1393 65 25 2600 10
1393 69 45 1114 12
1393 97 45 2989 12
1393 91 25 681 10
1393 69 45 1328 12
1393 42 45 944 12
1393 39 12 2921 8
1393 3 45 900 12
1393 62 25 3460 10
1393 97 25 1862 10
1393 28 25 1918 10
1393 76 25 3712 10
1393 33 45 900 12
1393 43 45 900 12
1393 61 45 900 12
1393 68 45 404 12
1393 97 12 2256 8
1393 75 45 900 12
1393 42 12 960 8
1393 61 45 613 12
1393 32 12 2871 8
1393 20 45 150 12
1393 41 25 1424 10
1393 38 45 1583 12
1393 90 12 487 8
1393 33 45 1583 12
1393 1 45 1023 12
1393 59 25 3359 10
1393 35 12 1330 8
1393 16 25 283 10
1393 2 25 1848 10
1393 21 45 1023 12
1393 8 25 956 10
1393 92 12 3294 8
1393 51 25 3197 10
1393 74 45 84 12
1393 32 25 614 10
1393 90 45 1379 12
1393 99 45 1583 12
1393 20 45 1468 12
1393 4 25 3247 10
1393 4 45 1208 12
1393 50 45 1791 12
1393 8 45 1379 12
1393 44 45 1583 12
1393 72 45 987 12
1393 4 45 1583 12
1393 43 25 1717 10
1393 57 45 2047 12
1393 27 45 1583 12
1393 51 45 1743 12
1393 10 25 1832 10
1393 65 45 1583 12
1393 97 12 195 8
1393 36 25 1967 10
1393 50 25 1580 10
1393 15 25 95 10
1393 1 25 1251 10
1393 48 25 1424 10
1393 36 12 1580 8
1393 21 45 3727 12
1393 54 45 1920 12
1393 76 45 1899 12
1393 53 45 1824 12
1393 71 12 217 8
1393 13 12 645 8
1393 89 12 761 8
1394 63 45 2732 12
1394 7 12 668 8
1394 77 25 125 10
1394 10 45 1789 12
1394 50 12 2843 8
1394 61 12 38 8
1394 25 25 133 10
1394 22 45 2961 12
1394 79 25 424 10
1394 46 45 668 12
1394 48 25 2595 10
1394 18 45 814 12
1394 47 25 269 10
1394 61 25 133 10
1394 85 12 3478 8
1394 40 45 612 12
1394 59 45 1721 12
1394 53 45 3826 12
1394 97 45 431 12
1394 1 12 460 8
1394 54 12 942 8
1394 85 25 109 10
1394 33 25 373 10
1394 18 25 1412 10
1394 49 25 133 10
1394 98 45 116 12
1394 81 12 63 8
1394 26 45 969 12
1394 41 45 825 12
1394 96 25 1220 10
1394 34 45 2615 12
1394 1 45 514 12
1394 72 25 1417 10
1394 80 12 21 8
1394 24 45 1050 12
1394 81 25 3794 10
1394 83 45 399 12
1394 36 45 302 12
1394 1 12 3768 8
1394 44 45 2677 12
1394 65 45 515 12
1394 4 12 2776 8
1394 83 25 1802 10
1394 4 45 1059 12
1394 83 12 537 8
1394 12 25 1039 10
1394 14 25 2794 10
1394 59 12 95 8
1394 44 12 876 8
1394 99 25 3885 10
1394 62 12 276 8
1394 67 12 592 8
1394 93 25 3409 10
1394 30 25 509 10
1394 39 12 2208 8
1394 0 12 578 8
1394 55 25 2623 10
1394 57 12 1517 8
1394 91 45 816 12
1394 5 25 1754 10
1394 80 25 2074 10
1394 76 12 123 8
1394 36 25 269 10
1394 64 25 3270 10
1394 76 45 1389 12
1394 41 12 2868 8
1394 27 25 1676 10
1394 1 12 2796 8
1394 66 25 68 10
1394 34 12 2074 8
1394 63 25 1768 10
1394 10 25 1563 10
1394 50 25 1348 10
1394 20 25 3272 10
1394 0 45 3824 12
1394 31 25 3451 10
1394 13 45 486 12
1394 23 25 1461 10
1394 33 25 1461 10
1394 13 12 3849 8
1394 6 45 415 12
1394 54 25 3486 10
1394 53 25 3289 10
1394 93 25 1178 10
1394 97 25 1348 10
1394 94 25 1761 10
1394 31 45 3583 12
1394 4 12 3934 8
1394 87 45 3824 12
1394 90 25 252 10
1394 38 25 252 10
1394 58 45 664 12
1394 18 12 136 8
1394 97 25 1059 10
1394 74 25 1511 10
1394 25 25 2191 10
1394 73 45 89 12
1394 30 45 2989 12
1394 99 12 2817 8
1394 59 25 2292 10
1394 19 12 508 8
1394 69 25 995 10
1394 65 12 508 8
1394 25 25 1776 10
1394 58 12 3849 8
1394 6 12 2966 8
1394 86 25 1862 10
1394 13 45 1628 12
1394 66 25 503 10
1394 55 25 2463 10
1394 61 45 2405 12
1394 76 45 3426 12
1394 6 25 1521 10
1394 69 45 410 12
1394 25 12 1484 8
1394 59 25 1803 10
1394 25 25 1722 10
1394 4 45 1109 12
1394 5 25 2815 10
1394 70 45 2070 12
1394 39 25 3442 10
1394 62 25 2797 10
1394 42 25 2805 10
1394 15 45 1338 12
1394 14 25 269 10
1394 99 25 286 10
1394 58 12 2396 8
1394 99 25 2186 10
1394 45 25 3360 10
1394 88 12 93 8
1394 70 25 1059 10
1394 73 25 1487 10
1394 22 25 1606 10
1394 5 12 1926 8
1394 10 12 505 8
1394 57 12 1449 8
1394 48 25 654 10
1394 43 45 1749 12
1394 83 25 1751 10
1394 87 25 1237 10
1394 85 12 3155 8
1394 30 25 153 10
1394 33 25 407 10
1394 40 45 524 12
1394 44 25 407 10
1394 74 12 2513 8
1394 20 45 3864 12
1394 76 25 407 10
1394 13 25 3258 10
1394 76 12 1893 8
1394 49 25 1373 10
1394 46 45 553 12
1394 89 12 1814 8
1394 53 45 2520 12
1394 83 45 527 12
1394 59 45 3865 12
1394 76 45 1330 12
1394 71 45 2600 12
1394 42 12 3060 8
1394 39 25 889 10
1394 98 25 3767 10
1394 57 25 3620 10
1394 58 25 2212 10
1394 75 45 3864 12
1394 68 25 779 10
1394 22 45 1069 12
1394 31 12 1245 8
1394 92 12 1596 8
1394 60 12 1669 8
1394 35 12 1669 8
1394 16 12 2576 8
1394 86 12 1422 8
1394 13 25 3961 10
1394 32 12 781 8
1394 95 12 1422 8
1394 52 12 1422 8
1394 75 12 1422 8
1394 44 45 1578 12
1394 76 45 569 12
1394 0 45 242 12
1394 82 25 1395 10
1394 24 25 251 10
1394 88 12 1033 8
1394 30 25 340 10
1394 49 25 1816 10
1394 68 25 282 10
1394 96 45 133 12
1394 26 12 3355 8
1394 51 12 3322 8
1394 21 12 3322 8
1394 64 25 520 10
1394 85 45 233 12
1394 3 45 1069 12
1394 48 12 662 8
1394 93 12 161 8
1394 58 25 670 10
1394 35 25 1510 10
1394 59 12 594 8
1394 45 12 2367 8
1394 72 45 2711 12
1394 52 12 161 8
1394 29 12 3597 8
1394 47 12 758 8
1394 0 12 115 8
1394 40 45 518 12
1394 1 45 3777 12
1394 54 12 594 8
1394 22 12 758 8
1394 39 25 1487 10
1394 2 12 3202 8
1394 82 25 3536 10
1394 74 25 368 10
1394 11 25 1424 10
1394 40 25 3105 10
1395 29 45 611 12
1395 90 25 1330 10
1395 66 25 456 10
1395 71 25 187 10
1395 69 45 1760 12
1395 36 25 920 10
1395 26 25 1084 10
1395 27 45 2119 12
1395 58 25 3471 10
1395 29 12 1425 8
1395 98 25 2683 10
1395 80 45 3406 12
1395 46 12 1349 8
1395 13 45 3124 12
1395 72 25 1049 10
1395 37 25 3116 10
1395 19 25 2583 10
1395 20 25 1417 10
1395 42 12 3034 8
1395 87 45 825 12
1395 4 25 1923 10
1395 29 45 590 12
1395 32 25 1917 10
1395 82 12 1593 8
1395 63 45 2498 12
1395 81 25 1770 10
1395 59 12 955 8
1395 23 12 2335 8
1395 84 25 2587 10
1395 6 25 3934 10
1395 20 25 1617 10
1395 42 12 3465 8
1395 62 25 3270 10
1395 3 45 888 12
1395 20 45 164 12
1395 64 12 2155 8
1395 17 25 1245 10
1395 98 25 2420 10
1395 92 12 2335 8
1395 0 45 1899 12
1395 0 25 1997 10
1395 85 25 1093 10
1395 34 12 540 8
1395 42 25 1401 10
1395 55 25 1838 10
1395 35 12 3987 8
1395 66 12 3987 8
1395 92 25 2743 10
1395 28 45 415 12
1395 91 25 1021 10
1395 45 25 2900 10
1395 53 25 1350 10
1395 2 45 1583 12
1395 18 25 537 10
1395 39 25 445 10
1395 20 25 3851 10
1395 53 12 2896 8
1395 26 45 1324 12
1395 49 45 1508 12
1395 42 12 3981 8
1395 69 25 447 10
1395 97 12 2097 8
1395 74 12 2097 8
1395 46 25 2475 10
1395 7 12 477 8
1395 28 25 2102 10
1395 9 25 3935 10
1395 96 12 2229 8
1395 3 25 1640 10
1395 23 12 245 8
1395 70 45 229 12
1395 52 45 3824 12
1395 5 45 847 12
1395 75 45 1687 12
1395 37 45 3778 12
1395 46 45 446 12
1395 25 45 446 12
1395 5 45 2932 12
1395 52 25 261 10
1395 87 12 2354 8
1395 76 45 2600 12
1395 25 25 2261 10
1395 5 45 2609 12
1395 83 25 2408 10
1395 66 12 1657 8
1395 85 45 973 12
1395 50 25 2612 10
1395 40 12 968 8
1395 21 25 1882 10
1395 16 45 446 12
1395 88 45 2424 12
1395 11 25 1899 10
1395 88 25 1251 10
1395 49 12 245 8
1395 7 45 3145 12
1395 35 12 3133 8
1395 80 45 645 12
1395 85 12 354 8
1395 75 12 3133 8
1395 84 12 609 8
1395 54 12 841 8
1395 33 25 1057 10
1395 85 45 429 12
1395 10 25 438 10
1395 39 25 1907 10
1395 46 12 3174 8
1395 45 45 196 12
1395 13 45 1379 12
1395 66 45 196 12
1395 83 25 2340 10
1395 36 12 3784 8
1395 8 25 1700 10
1395 78 12 1949 8
1395 94 45 144 12
1395 80 25 407 10
1395 93 25 1190 10
1395 83 25 1832 10
1395 82 25 3206 10
1395 14 25 337 10
1395 91 25 1204 10
1395 36 25 1205 10
1395 36 25 1528 10
1395 15 25 3747 10
1395 87 12 3651 8
1395 40 45 1155 12
1395 12 45 665 12
1395 24 12 2220 8
1395 28 25 3840 10
1395 12 25 3537 10
1395 84 25 3772 10
1395 61 45 3050 12
1395 52 12 799 8
1395 66 45 1672 12
1395 15 12 384 8
1395 74 12 1574 8
1395 0 12 718 8
1395 3 45 817 12
1395 16 45 2403 12
1395 97 45 143 12
1395 59 25 3880 10
1395 50 25 225 10
1395 74 12 599 8
1395 46 25 1098 10
1395 9 25 225 10
1395 43 25 2055 10
1395 58 25 1126 10
1395 77 25 2403 10
1395 98 25 2439 10
1395 51 25 1917 10
1395 29 12 1024 8
1395 6 12 327 8
1395 66 25 1368 10
1395 78 45 2887 12
1395 83 12 399 8
1395 49 25 915 10
1395 83 25 1743 10
1395 42 25 2005 10
1395 23 25 754 10
1395 85 25 881 10
1395 53 12 1343 8
1395 71 25 611 10
1395 35 25 1027 10
1395 9 25 2588 10
1395 87 12 3677 8
1395 60 25 2005 10
1395 28 25 3286 10
1395 49 12 2476 8
1395 91 25 2732 10
1395 40 25 1197 10
1395 51 25 2388 10
1395 43 12 931 8
1395 79 45 2314 12
1395 40 25 2588 10
1395 69 25 1195 10
1395 19 45 604 12
1396 56 25 453 10
1396 49 25 2071 10
1396 1 45 1803 12
1396 6 45 2903 12
1396 89 45 2774 12
1396 56 12 2269 8
1396 96 25 2340 10
1396 97 45 956 12
1396 1 45 3177 12
1396 70 45 629 12
1396 0 25 64 10
1396 50 45 1700 12
1396 22 45 1306 12
1396 32 45 1652 12
1396 43 12 952 8
1396 61 12 1198 8
1396 66 25 795 10
1396 92 45 1559 12
1396 20 25 3273 10
1396 77 25 1154 10
1396 22 25 2217 10
1396 41 12 1894 8
1396 55 45 731 12
1396 99 12 662 8
1396 15 45 731 12
1396 76 25 189 10
1396 69 12 241 8
1396 30 25 269 10
1396 85 12 844 8
1396 23 25 32 10
1396 91 12 2775 8
1396 17 12 1915 8
1396 36 25 1319 10
1396 20 25 1575 10
1396 50 45 741 12
1396 42 12 2919 8
1396 75 12 1895 8
1396 13 45 3922 12
1396 31 25 438 10
1396 66 25 1405 10
1396 95 12 3807 8
1396 7 25 2948 10
1396 86 25 2669 10
1396 4 25 2412 10
1396 35 12 1276 8
1396 19 12 2421 8
1396 53 25 3451 10
1396 96 25 2412 10
1396 16 45 917 12
1396 53 45 381 12
1396 81 12 2915 8
1396 37 25 1571 10
1396 92 25 810 10
1396 65 25 1090 10
1396 46 12 2765 8
1396 31 25 2669 10
1396 4 45 800 12
1396 2 12 892 8
1396 40 12 892 8
1396 19 12 2169 8
1396 21 12 385 8
1396 71 25 2946 10
1396 48 45 1293 12
1396 20 12 706 8
1396 48 12 2971 8
1396 8 25 1663 10
1396 93 45 1149 12
1396 50 12 1515 8
1396 70 25 2661 10
1396 29 45 3450 12
1396 0 45 272 12
1396 31 45 3450 12
1396 44 45 1889 12
1396 70 25 1768 10
1396 8 12 41 8
1396 66 25 652 10
1396 41 45 3609 12
1396 93 25 2355 10
1396 96 45 687 12
1396 52 25 1638 10
1396 93 25 1313 10
1396 35 45 1109 12
1396 66 25 444 10
1396 74 45 381 12
1396 79 45 381 12
1396 97 25 254 10
1396 40 25 3769 10
1396 80 25 254 10
1396 16 45 3518 12
1396 13 25 3273 10
1396 92 45 3518 12
1396 73 25 568 10
1396 51 25 1768 10
1396 28 12 2921 8
1396 4 45 2903 12
1396 8 12 3611 8
1396 63 12 1198 8
1396 84 45 381 12
1396 73 12 3611 8
1396 34 12 1752 8
1396 15 45 1676 12
1396 19 45 1676 12
1396 18 45 25 12
1396 13 45 393 12
1396 30 25 1638 10
1396 54 12 1527 8
1396 83 25 148 10
1396 50 25 1916 10
1396 45 45 1678 12
1396 39 45 567 12
1396 94 25 2010 10
1396 12 45 1593 12
1396 20 12 1391 8
1396 31 12 3498 8
1396 61 25 1639 10
1396 54 25 168 10
1396 32 25 1863 10
1396 83 25 1273 10
1396 7 45 168 12
1396 40 12 842 8
1396 36 25 252 10
1396 65 45 1515 12
1396 44 25 1861 10
1396 17 45 1248 12
1396 45 25 2869 10
1396 17 25 1209 10
1396 34 25 403 10
1396 95 12 3092 8
1396 27 45 1801 12
1396 71 25 1059 10
1396 28 25 3451 10
1396 5 25 3577 10
1396 26 12 530 8
1396 54 25 2662 10
1396 92 12 1875 8
1396 90 25 403 10
1396 21 45 2471 12
1396 23 25 1209 10
1396 63 25 534 10
1396 28 25 1522 10
1396 30 25 207 10
1396 44 12 127 8
1396 13 25 2482 10
1396 57 25 1772 10
1396 83 12 2921 8
1396 50 25 2539 10
1396 24 45 550 12
1396 97 45 906 12
1396 98 45 2158 12
1396 96 45 1780 12
1396 55 25 1846 10
1396 20 12 2687 8
1396 33 45 1375 12
1396 44 12 694 8
1396 20 25 1861 10
1396 12 45 1396 12
1396 10 45 2517 12
1397 12 45 269 12
1397 45 25 2928 10
1397 92 45 2021 12
1397 70 25 2928 10
1397 61 25 3029 10
1397 64 12 1009 8
1397 55 12 1689 8
1397 94 45 199 12
1397 42 12 2142 8
1397 20 25 760 10
1397 31 25 1398 10
1397 63 12 1009 8
1397 46 25 1263 10
1397 60 25 760 10
1397 42 12 1129 8
1397 64 25 373 10
1397 27 25 1023 10
1397 48 45 1848 12
1397 53 25 3871 10
1397 45 45 1575 12
1397 10 12 3018 8
1397 29 45 3611 12
1397 63 25 3585 10
1397 27 25 2526 10
1397 33 45 3518 12
1397 40 25 1939 10
1397 35 25 3871 10
1397 28 12 147 8
1397 8 25 1768 10
1397 46 25 1043 10
1397 37 12 147 8
1397 77 25 1768 10
1397 89 45 552 12
1397 42 12 2823 8
1397 49 45 1074 12
1397 25 45 806 12
1397 9 12 549 8
1397 80 45 1074 12
1397 66 12 3018 8
1397 37 25 855 10
1397 77 25 254 10
1397 70 12 2142 8
1397 13 12 962 8
1397 28 12 314 8
1397 33 25 2137 10
1397 38 12 2037 8
1397 81 25 1059 10
1397 41 45 2024 12
1397 87 12 1480 8
1397 47 45 1124 12
1397 1 45 2024 12
1397 15 25 1407 10
1397 79 12 2202 8
1397 16 45 3996 12
1397 74 12 1032 8
1397 41 45 2496 12
1397 28 25 1457 10
1397 57 45 2496 12
1397 75 45 2496 12
1397 72 25 1148 10
1397 13 25 2186 10
1397 81 25 745 10
1397 24 45 989 12
1397 15 25 1719 10
1397 53 12 574 8
1397 65 25 673 10
1397 53 45 740 12
1397 29 12 2496 8
1397 75 45 3208 12
1397 61 45 3353 12
1397 5 45 3353 12
1397 55 12 2976 8
1397 70 25 1792 10
1397 81 25 520 10
1397 83 12 47 8
1398 88 45 1838 12
1398 28 45 1803 12
1398 84 45 3075 12
1398 6 12 2437 8
1398 49 25 181 10
1398 54 25 1448 10
1398 65 12 997 8
1398 12 25 732 10
1398 87 45 222 12
1398 57 45 2562 12
1398 29 45 1003 12
1398 67 45 1297 12
1398 37 45 267 12
1398 82 12 605 8
1398 71 12 1246 8
1398 94 25 1135 10
1398 51 25 3069 10
1398 72 45 2863 12
1398 52 45 755 12
1398 96 25 1313 10
1398 41 12 255 8
1398 0 25 81 10
1398 40 12 1815 8
1398 49 45 1583 12
1398 72 25 1521 10
1398 27 12 1233 8
1398 89 12 2293 8
1398 43 25 790 10
1398 82 25 3798 10
1398 99 45 1523 12
1398 31 12 1351 8
1398 26 45 647 12
1398 78 45 647 12
1398 74 12 906 8
1398 86 25 3733 10
1398 68 12 703 8
1398 16 45 1460 12
1398 24 12 490 8
1398 96 25 479 10
1398 34 12 910 8
1398 59 25 1806 10
1398 76 12 910 8
1398 34 45 664 12
1398 71 45 194 12
1398 70 12 3986 8
1398 69 12 906 8
1398 9 12 910 8
1398 1 45 1678 12
1398 70 45 2158 12
1398 31 45 1585 12
1398 52 12 2181 8
1398 17 25 590 10
1398 64 25 819 10
1398 90 25 454 10
1398 77 25 382 10
1398 33 25 1806 10
1398 87 12 906 8
1398 39 45 1193 12
1398 79 45 1664 12
1398 38 45 64 12
1398 87 25 411 10
1398 5 25 1806 10
1398 35 45 1056 12
1398 52 25 417 10
1398 74 25 1695 10
1398 80 12 314 8
1398 43 25 2784 10
1398 65 12 2203 8
1398 42 45 2080 12
1398 88 25 1036 10
1398 11 25 506 10
1398 20 25 1080 10
1398 44 25 767 10
1398 44 25 2542 10
1398 55 12 2498 8
1398 87 25 366 10
1398 94 12 3651 8
1398 46 25 2824 10
1398 74 12 3294 8
1398 36 45 3112 12
1398 74 12 3412 8
1398 30 25 2186 10
1398 59 45 588 12
1398 53 12 2230 8
1398 32 45 96 12
1398 64 45 1340 12
1398 46 25 757 10
1398 86 25 2415 10
1398 7 45 1372 12
1398 79 45 1575 12
1398 96 25 1995 10
1398 32 12 255 8
1398 77 45 986 12
1398 3 45 1208 12
1398 26 25 1581 10
1398 54 25 3353 10
1398 64 45 1088 12
1398 73 45 1088 12
1398 33 25 366 10
1398 57 45 2362 12
1398 24 45 2863 12
1398 32 25 377 10
1398 97 25 377 10
1398 2 25 1470 10
1398 68 25 1788 10
1398 76 45 1088 12
1398 53 12 189 8
1398 22 45 1950 12
1398 79 25 1769 10
1398 81 45 1062 12
1398 32 25 686 10
1398 40 25 2703 10
1398 15 25 749 10
1398 59 12 1497 8
1398 74 45 3211 12
1399 58 12 3707 8
1399 57 12 2768 8
1399 80 45 1627 12
1399 74 12 729 8
1399 45 45 29 12
1399 30 45 3273 12
1399 22 25 1800 10
1399 15 25 1380 10
1399 29 25 746 10
1399 3 12 3707 8
1399 70 25 2656 10
1399 87 25 660 10
1399 98 45 1091 12
1399 79 25 38 10
1399 75 12 2713 8
1399 49 25 159 10
1399 88 12 779 8
1399 95 12 3707 8
1399 64 25 2756 10
1399 77 25 3384 10
1399 98 25 1992 10
1399 87 45 229 12
1399 49 12 2891 8
1399 1 25 2276 10
1399 88 25 1262 10
1399 43 12 1580 8
1399 46 25 181 10
1399 80 45 2799 12
1399 13 12 118 8
1399 3 25 181 10
1399 93 25 647 10
1399 85 12 2399 8
1399 32 12 1580 8
1399 16 25 1770 10
1399 59 25 3994 10
1399 76 12 2768 8
1399 15 45 295 12
1399 64 25 1181 10
1399 55 12 526 8
1399 14 25 1456 10
1399 23 25 2160 10
1399 10 25 181 10
1399 63 12 2293 8
1399 7 25 534 10
1399 12 25 261 10
1399 27 12 3669 8
1399 64 45 742 12
1399 91 25 32 10
1399 97 25 181 10
1399 12 12 2891 8
1399 93 12 225 8
1399 41 25 1442 10
1399 64 45 817 12
1399 27 45 3171 12
1399 54 12 1374 8
1399 13 12 2427 8
1399 90 25 2229 10
1399 28 12 457 8
1399 37 25 1882 10
1399 29 45 2213 12
1399 33 25 214 10
1399 9 25 1803 10
1399 22 12 641 8
1399 13 12 704 8
1399 50 12 2398 8
1399 88 12 526 8
1399 88 45 3628 12
1399 85 25 2010 10
1399 76 12 3009 8
1399 9 12 3009 8
1399 7 45 2989 12
1399 96 45 671 12
1399 74 45 165 12
1399 58 25 1832 10
1399 68 12 3576 8
1399 49 12 2721 8
1399 0 45 1409 12
1399 3 12 3673 8
1399 28 12 1945 8
1399 45 25 181 10
1399 28 25 2869 10
1399 92 25 2869 10
1399 96 25 3409 10
1399 56 12 248 8
1399 49 12 2147 8
1399 89 25 2852 10
1399 90 12 1580 8
1399 86 45 2115 12
1399 1 45 231 12
1399 87 12 509 8
1399 91 12 1346 8
1399 88 12 1253 8
1399 16 25 1329 10
1399 64 12 1414 8
1399 56 25 1962 10
1399 68 25 1148 10
1399 64 12 238 8
1399 81 45 1981 12
1399 97 45 2554 12
1399 70 45 3171 12
1399 37 12 452 8
1399 4 12 667 8
1399 36 25 2993 10
1399 2 12 3294 8
1400 67 45 2103 12
1400 83 45 1877 12
1400 37 45 761 12
1400 56 25 1940 10
1400 27 25 94 10
1400 57 45 1198 12
1400 5 25 2398 10
1400 44 12 3669 8
1400 46 45 657 12
1400 0 25 776 10
1400 10 25 960 10
1400 90 12 1919 8
1400 83 25 1431 10
1400 79 25 1344 10
1400 91 25 790 10
1400 4 12 2990 8
1400 59 25 3403 10
1400 68 45 1198 12
1400 67 45 806 12
1400 18 45 3802 12
1400 37 25 1277 10
1400 82 45 540 12
1400 40 12 384 8
1400 58 25 449 10
1400 45 45 1 12
1400 82 25 960 10
1400 83 12 3677 8
1400 68 12 3669 8
1400 18 12 1176 8
1400 90 25 811 10
1400 56 45 540 12
1400 23 25 1631 10
1400 51 12 2767 8
1400 22 45 331 12
1400 96 45 1885 12
1400 42 25 3979 10
1400 9 45 2411 12
1400 29 12 3107 8
1400 63 45 2909 12
1400 57 45 115 12
1400 97 12 28 8
1400 85 12 1216 8
1400 72 45 2517 12
1400 61 12 2545 8
1400 93 25 211 10
1400 50 25 811 10
1400 14 45 1671 12
1400 92 25 1321 10
1400 85 25 211 10
1400 21 25 111 10
1400 95 45 2020 12
1400 28 12 791 8
1400 42 25 2093 10
1400 19 25 1348 10
1400 40 12 2767 8
1400 12 12 115 8
1400 16 12 599 8
1400 92 12 3958 8
1400 70 12 3122 8
1400 3 12 1245 8
1400 32 25 3015 10
1400 69 25 511 10
1400 61 12 2884 8
1400 34 45 1198 12
1400 35 12 2631 8
1400 85 25 1005 10
1400 85 45 2411 12
1400 33 25 2497 10
1400 77 45 402 12
1400 6 12 1507 8
1400 49 25 811 10
1400 79 12 1383 8
1400 15 25 734 10
1400 2 25 2928 10
1400 44 25 1940 10
1400 77 45 3974 12
1400 56 45 1198 12
1400 53 25 3996 10
1400 37 12 1507 8
1400 50 12 3049 8
1400 52 25 159 10
1401 29 25 2636 10
1401 57 12 255 8
1401 48 45 567 12
1401 33 45 596 12
1401 97 12 1828 8
1401 3 25 197 10
1401 76 12 102 8
1401 67 45 2769 12
1401 59 25 293 10
1401 8 45 1271 12
1401 48 25 3513 10
1401 71 25 1614 10
1401 15 12 3969 8
1401 37 45 1988 12
1401 2 25 1614 10
1401 81 45 719 12
1401 47 12 1449 8
1401 13 12 1314 8
1401 13 25 1227 10
1401 48 25 2863 10
1401 84 45 1170 12
1401 0 25 1171 10
1401 72 45 3378 12
1401 36 45 272 12
1401 69 12 1421 8
1401 43 12 255 8
1401 7 25 70 10
1401 2 45 1293 12
1401 56 45 2484 12
1401 1 25 262 10
1401 26 25 1130 10
1401 64 25 2286 10
1401 40 45 3550 12
1401 10 25 1703 10
1401 98 12 89 8
1401 53 45 3378 12
1401 44 45 1850 12
1401 46 12 11 8
1401 62 25 1709 10
1401 47 12 1153 8
1401 31 12 1153 8
1401 22 12 727 8
1401 34 45 1023 12
1401 86 25 3257 10
1401 96 45 3450 12
1401 99 25 2636 10
1401 3 25 751 10
1401 83 25 2054 10
1401 92 45 3059 12
1401 97 12 1783 8
1401 71 12 405 8
1401 33 12 3041 8
1401 70 12 95 8
1401 64 25 751 10
1401 92 12 243 8
1401 44 12 3969 8
1401 25 45 3378 12
1401 73 12 1127 8
1401 18 25 272 10
1401 10 25 695 10
1401 99 45 1574 12
1401 1 12 3969 8
1401 52 12 1474 8
1401 23 45 984 12
1401 26 12 2155 8
1401 45 12 2928 8
1401 34 25 181 10
1401 58 25 2279 10
1401 2 25 3486 10
1401 41 25 2622 10
1401 37 25 3370 10
1401 66 45 1652 12
1401 63 25 599 10
1401 66 25 122 10
1401 59 12 2492 8
1401 80 45 2221 12
1401 16 12 1472 8
1401 20 12 266 8
1401 86 25 148 10
1401 42 25 676 10
1401 23 25 1255 10
1401 44 25 2723 10
1401 35 12 1616 8
1401 56 45 1908 12
1401 15 12 1869 8
1401 95 25 1784 10
1401 91 25 2424 10
1401 8 12 2261 8
1401 66 25 1012 10
1401 37 25 1822 10
1401 70 25 1515 10
1401 20 25 492 10
1401 66 12 71 8
1401 65 12 3969 8
1401 4 25 650 10
1401 95 25 3436 10
1401 55 45 2958 12
1401 20 12 1524 8
1401 30 12 386 8
1401 4 25 142 10
1401 66 25 3454 10
1401 34 45 1375 12
1401 97 12 195 8
1401 66 12 2440 8
1401 71 45 139 12
1401 5 12 2440 8
1401 40 25 3231 10
1401 37 25 1782 10
1401 89 25 1112 10
1401 26 25 1744 10
1401 71 45 3764 12
1401 58 25 3955 10
1401 47 25 1449 10
1401 78 25 87 10
1401 51 25 1318 10
1401 0 45 1268 12
1401 14 45 1586 12
1401 2 45 1603 12
1401 21 45 1607 12
1401 52 45 284 12
1401 37 12 897 8
1401 21 25 3245 10
1401 83 25 1515 10
1401 61 45 1480 12
1401 32 45 331 12
1401 24 25 3875 10
1401 79 25 238 10
1401 0 12 1095 8
1401 24 45 1678 12
1401 86 12 2957 8
1401 62 45 900 12
1401 3 45 1344 12
1401 31 12 1136 8
1401 82 45 3439 12
1401 83 25 955 10
1401 47 12 251 8
1401 82 45 3457 12
1401 62 12 2091 8
1401 1 25 3487 10
1401 37 25 1875 10
1401 16 25 198 10
1401 11 45 72 12
1401 50 12 3606 8
1401 29 12 3606 8
1401 23 25 189 10
1401 55 25 3733 10
1401 81 25 308 10
1401 14 25 1461 10
1401 35 25 2381 10
1401 70 25 3487 10
1401 53 45 2444 12
1401 55 25 1767 10
1401 78 25 1689 10
1401 27 12 1526 8
1401 44 25 2096 10
1401 0 12 437 8
1401 50 45 2834 12
1401 86 45 2276 12
1401 71 12 451 8
1402 99 12 3673 8
1402 37 45 1155 12
1402 40 45 3818 12
1402 9 45 3133 12
1402 89 25 225 10
1402 61 25 3551 10
1402 56 25 3551 10
1402 38 25 2482 10
1402 60 45 2091 12
1402 63 12 3673 8
1402 93 12 251 8
1402 83 12 682 8
1402 52 25 2871 10
1402 61 45 2251 12
1402 39 25 2183 10
1402 89 45 214 12
1402 29 45 1351 12
1402 88 25 225 10
1402 56 25 1691 10
1402 10 45 3445 12
1402 22 45 1914 12
1402 99 25 1843 10
1402 33 45 1859 12
1402 50 45 3999 12
1402 83 45 1324 12
1402 68 25 3694 10
1402 29 25 225 10
1402 6 25 640 10
1402 23 25 3107 10
1402 37 12 1127 8
1402 70 25 1848 10
1402 34 12 3564 8
1402 72 25 1348 10
1402 17 25 611 10
1402 32 25 3525 10
1402 73 25 81 10
1402 94 25 2871 10
1402 66 25 3921 10
1402 67 45 1788 12
1402 81 25 1922 10
1402 87 12 1590 8
1402 92 25 3662 10
1402 89 25 913 10
1402 6 25 506 10
1402 21 45 1762 12
1402 46 25 683 10
1402 11 12 1225 8
1402 52 45 203 12
1402 0 45 2903 12
1402 8 25 1732 10
1402 49 25 2237 10
1402 68 25 2123 10
1402 61 45 715 12
1402 64 25 1457 10
1402 54 25 1471 10
1402 27 45 2554 12
1402 83 25 2126 10
1402 94 12 735 8
1402 29 25 705 10
1402 99 25 1398 10
1402 54 25 686 10
1402 86 25 385 10
1402 28 45 1736 12
1402 59 45 2453 12
1402 71 25 252 10
1402 94 25 252 10
1402 79 25 1195 10
1402 89 25 1431 10
1402 13 25 3940 10
1402 85 12 490 8
1402 72 25 695 10
1402 9 45 1902 12
1402 60 45 1454 12
1402 51 45 3360 12
1402 80 45 3360 12
1402 45 12 71 8
1402 6 45 269 12
1402 87 25 684 10
1402 69 25 1914 10
1402 91 12 264 8
1402 78 25 2013 10
1402 73 25 2013 10
1402 84 25 2013 10
1402 76 45 2063 12
1402 90 12 2792 8
1402 50 25 1955 10
1402 16 12 2165 8
1402 39 12 3219 8
1402 65 12 812 8
1402 93 25 3733 10
1402 68 25 1800 10
1402 29 25 2829 10
1402 48 25 894 10
1402 24 45 1535 12
1402 70 25 1493 10
1402 39 12 1384 8
1402 97 12 1164 8
1402 18 25 1929 10
1402 25 45 986 12
1402 86 12 2097 8
1402 12 25 453 10
1402 98 25 3809 10
1402 32 25 1558 10
1402 54 45 3285 12
1402 24 12 84 8
1402 17 25 1919 10
1402 74 25 1145 10
1402 68 25 1798 10
1402 6 45 233 12
1402 88 25 618 10
1402 85 12 2882 8
1402 27 25 2824 10
1402 62 12 1380 8
1402 16 12 2495 8
1402 84 45 259 12
1402 21 25 618 10
1402 83 45 480 12
1402 96 12 1163 8
1402 18 45 2112 12
1402 52 45 3468 12
1402 40 12 806 8
1402 71 12 3858 8
1402 53 25 2829 10
1402 88 45 3378 12
1402 12 25 928 10
1402 20 45 3226 12
1402 36 12 2293 8
1402 42 45 3538 12
1402 30 12 1791 8
1402 73 45 3378 12
1402 37 25 1513 10
1402 9 25 1617 10
1402 64 12 2440 8
1402 36 45 1890 12
1402 79 12 2983 8
1402 73 12 1430 8
1402 47 12 3087 8
1402 86 25 1675 10
1402 39 25 3360 10
1402 72 45 1712 12
1402 65 45 817 12
1402 68 45 2474 12
1402 38 12 494 8
1402 13 45 2625 12
1402 15 45 982 12
1402 74 45 982 12
1402 78 25 4 10
1402 58 12 327 8
1402 92 45 1485 12
1402 31 25 2575 10
1402 91 25 3779 10
1402 17 45 3836 12
1402 68 25 3696 10
1402 12 25 1770 10
1402 62 25 183 10
1402 24 25 3779 10
1402 44 25 439 10
1402 97 25 261 10
1403 97 25 1081 10
1403 88 12 2851 8
1403 61 25 2890 10
1403 53 25 2453 10
1403 40 12 1919 8
1403 19 25 225 10
1403 94 45 791 12
1403 68 12 1252 8
1403 96 12 3219 8
1403 60 45 1178 12
1403 3 25 1757 10
1403 90 12 3448 8
1403 90 45 1092 12
1403 88 12 1848 8
1403 97 12 430 8
1403 66 45 1161 12
1403 99 45 1575 12
1403 21 12 3219 8
1403 22 12 2091 8
1403 23 25 371 10
1403 49 45 484 12
1403 89 25 1731 10
1403 44 25 3764 10
1403 18 45 1363 12
1403 13 25 225 10
1403 25 12 71 8
1403 53 25 3227 10
1403 90 12 700 8
1403 42 25 3767 10
1403 55 45 2327 12
1403 98 45 3512 12
1403 78 45 1110 12
1403 48 12 2946 8
1403 62 25 980 10
1403 63 25 208 10
1403 56 45 715 12
1403 93 45 1511 12
1403 25 12 700 8
1403 76 45 124 12
1403 74 25 784 10
1403 46 45 92 12
1403 5 25 1699 10
1403 91 25 1920 10
1403 34 45 92 12
1403 60 25 854 10
1403 81 25 453 10
1403 91 45 259 12
1403 57 25 1650 10
1403 79 25 3270 10
1403 12 12 3041 8
1403 8 25 225 10
1403 26 45 1940 12
1403 76 25 225 10
1403 98 45 259 12
1403 35 12 3041 8
1403 89 25 814 10
1403 49 45 119 12
1403 37 45 1783 12
1403 84 25 2049 10
1403 4 25 2183 10
1403 6 45 3161 12
1403 17 45 477 12
1403 38 45 2879 12
1403 44 12 931 8
1403 85 45 1066 12
1403 11 25 1402 10
1403 61 25 1363 10
1403 79 25 1009 10
1403 86 12 1912 8
1403 1 25 355 10
1403 71 25 742 10
1403 3 25 380 10
1403 19 12 1717 8
1403 37 45 197 12
1403 59 25 3188 10
1403 67 25 2415 10
1403 4 25 1866 10
1403 35 25 1165 10
1403 33 45 920 12
1403 43 45 484 12
1403 89 25 10 10
1403 1 12 701 8
1403 84 25 974 10
1403 57 45 1245 12
1403 59 25 1740 10
1403 96 25 2033 10
1403 97 25 358 10
1403 20 45 912 12
1403 68 12 824 8
1403 21 25 942 10
1403 72 25 3273 10
1403 89 45 3998 12
1403 12 25 1958 10
1403 82 25 2559 10
1403 24 12 3018 8
1403 13 25 785 10
1403 1 12 1709 8
1403 22 25 535 10
1403 41 25 38 10
1403 66 12 118 8
1403 19 25 3742 10
1403 66 45 150 12
1403 56 12 1708 8
1403 30 25 2132 10
1403 65 25 1504 10
1403 55 45 755 12
1403 59 25 2824 10
1403 32 25 453 10
1403 59 45 1093 12
1403 32 25 1208 10
1403 79 12 787 8
1403 67 25 924 10
1403 36 12 3748 8
1403 48 12 294 8
1403 73 45 0 12
1403 12 12 1276 8
1404 85 45 2633 12
1404 87 25 1257 10
1404 51 45 3765 12
1404 20 12 3346 8
1404 58 12 1107 8
1404 30 45 2024 12
1404 47 25 1448 10
1404 96 12 517 8
1404 65 45 1324 12
1404 94 25 2669 10
1404 52 25 3973 10
1404 15 25 1939 10
1404 15 25 1831 10
1404 93 25 1636 10
1404 28 25 2437 10
1404 48 45 3177 12
1404 26 25 1872 10
1404 39 25 2229 10
1404 28 25 2783 10
1404 89 25 72 10
1404 45 25 72 10
1404 25 45 2780 12
1404 69 25 2131 10
1404 12 12 786 8
1404 88 25 1999 10
1404 96 25 2714 10
1404 20 45 3177 12
1404 52 45 3343 12
1404 8 45 1627 12
1404 74 45 3033 12
1404 92 25 2803 10
1404 7 45 1157 12
1404 23 45 1552 12
1404 89 12 1574 8
1404 82 45 95 12
1404 92 12 1205 8
1404 77 25 3585 10
1404 7 25 2616 10
1404 64 45 1005 12
1404 3 25 2173 10
1404 22 25 120 10
1404 14 45 1020 12
1404 25 25 3510 10
1404 8 12 1716 8
