0 0 9 18 30 20
1 0 63 11 50 5
2 0 23 11 50 5
3 0 96 9 50 5
4 0 18 0 50 5
5 0 15 10 50 5
6 0 5 2 40 10
7 0 13 0 40 10
8 0 82 0 50 5
9 0 37 10 50 5
10 0 25 13 50 5
11 0 10 20 50 5
12 0 97 13 30 20
13 0 67 13 50 5
14 0 55 13 50 5
15 0 42 19 50 5
16 0 33 7 50 5
17 0 57 21 50 5
18 0 96 7 40 10
19 0 56 7 40 10
20 0 71 19 50 5
21 0 30 17 50 5
22 0 41 2 50 5
23 0 6 17 50 5
24 0 45 5 50 5
25 0 64 10 50 5
26 0 24 20 50 5
27 0 30 17 40 10
28 0 58 7 40 10
29 0 30 23 40 10
30 0 50 23 40 10
31 0 79 8 40 10
32 0 28 15 50 5
33 0 4 17 50 5
34 0 51 8 50 5
35 0 41 7 50 5
36 0 58 7 50 5
37 0 43 6 50 5
38 0 31 17 50 5
39 0 60 13 50 5
40 0 71 6 50 5
41 0 81 16 50 5
42 0 81 20 50 5
43 0 39 2 50 5
44 0 32 2 50 5
45 0 83 17 50 5
46 0 4 2 50 5
47 0 54 5 50 5
48 0 27 0 50 5
49 0 3 9 50 5
50 0 34 0 50 5
51 0 95 0 50 5
52 0 16 16 50 5
53 0 41 16 40 10
54 0 50 22 50 5
55 0 96 6 30 20
56 0 39 6 50 5
57 0 77 10 40 10
58 0 49 21 40 10
59 0 62 6 50 5
60 0 66 20 50 5
61 0 88 9 50 5
62 0 19 1 40 10
63 0 66 1 50 5
64 0 54 1 40 10
65 0 17 23 50 5
66 0 28 0 40 10
67 0 26 0 50 5
68 0 21 23 40 10
69 0 91 23 50 5
70 0 23 7 40 10
71 0 56 6 50 5
72 0 98 10 40 10
73 0 74 6 30 20
74 0 82 16 30 20
75 0 73 16 50 5
76 0 94 10 30 20
77 0 41 8 50 5
78 0 68 18 30 20
79 0 18 6 40 10
80 0 20 6 30 20
81 0 79 15 50 5
82 0 45 18 50 5
83 0 79 15 50 5
84 0 11 6 30 20
85 0 57 6 50 5
86 0 93 2 50 5
87 0 39 17 30 20
88 0 13 9 50 5
89 0 48 8 50 5
90 0 58 2 50 5
91 0 83 2 30 20
92 0 80 18 50 5
93 0 73 1 30 20
94 0 79 20 50 5
95 0 95 9 40 10
96 0 52 8 50 5
97 0 27 1 50 5
98 0 93 3 40 10
99 0 16 1 50 5
100 0 58 1 50 5
101 0 23 1 50 5
102 0 11 14 50 5
103 0 45 8 40 10
104 0 58 11 40 10
105 0 79 15 50 5
106 0 28 8 40 10
107 0 11 20 50 5
108 0 94 15 50 5
109 0 86 8 50 5
110 0 43 8 50 5
111 0 88 20 50 5
112 0 58 8 50 5
113 0 56 6 50 5
114 0 33 14 50 5
115 0 69 6 50 5
116 0 95 1 50 5
117 0 87 19 40 10
118 0 41 13 50 5
119 0 88 17 40 10
120 0 78 22 40 10
121 0 1 22 50 5
122 0 19 1 40 10
123 0 54 1 50 5
124 0 81 14 50 5
125 0 49 1 50 5
126 0 51 14 30 20
127 0 74 20 50 5
128 0 96 3 50 5
129 0 70 13 50 5
130 0 59 12 50 5
131 0 16 14 50 5
132 0 76 12 30 20
133 0 93 12 30 20
134 0 1 0 50 5
135 0 50 20 30 20
136 0 68 0 30 20
137 0 20 0 40 10
138 0 41 8 30 20
139 0 94 0 40 10
140 0 45 6 50 5
141 0 10 0 30 20
142 0 2 15 50 5
143 0 91 0 50 5
144 0 61 10 50 5
145 0 2 10 50 5
146 0 65 6 30 20
147 0 98 6 50 5
148 0 19 0 50 5
149 0 34 0 50 5
150 0 3 17 40 10
151 0 33 2 50 5
152 0 18 7 40 10
153 0 91 12 50 5
154 0 63 18 50 5
155 0 65 19 50 5
156 0 31 19 40 10
157 0 40 19 50 5
158 0 54 17 50 5
159 0 60 0 50 5
160 0 17 7 50 5
161 0 42 22 50 5
162 0 54 0 50 5
163 0 20 0 50 5
164 0 8 22 50 5
165 0 95 13 40 10
166 0 83 0 50 5
167 0 30 7 50 5
168 0 52 18 40 10
169 0 57 22 40 10
170 0 25 0 50 5
171 0 92 0 50 5
172 0 59 16 50 5
173 0 95 0 50 5
174 0 53 0 40 10
175 0 47 4 50 5
176 0 85 4 40 10
177 0 87 21 30 20
178 0 36 12 50 5
179 0 19 4 50 5
180 0 54 14 40 10
181 0 36 7 50 5
182 0 54 4 50 5
183 0 44 4 50 5
184 0 73 16 40 10
185 0 67 9 50 5
186 0 37 16 50 5
187 0 32 1 50 5
188 0 53 22 50 5
189 0 31 1 50 5
190 0 14 1 50 5
191 0 39 7 50 5
192 0 17 15 40 10
193 0 59 1 50 5
194 0 13 5 50 5
195 0 16 12 40 10
196 0 5 12 30 20
197 0 16 18 50 5
198 0 46 5 50 5
199 0 15 20 50 5
200 0 79 7 40 10
201 0 82 1 40 10
202 0 52 1 50 5
203 0 47 7 50 5
204 0 85 10 50 5
205 0 72 1 50 5
206 0 15 18 50 5
207 0 13 0 50 5
208 0 59 16 40 10
209 0 16 0 50 5
210 0 79 22 50 5
211 0 60 11 50 5
212 0 65 20 50 5
213 0 33 20 50 5
214 0 88 10 50 5
215 0 43 9 50 5
216 0 81 3 40 10
217 0 24 16 50 5
218 0 67 0 50 5
219 0 85 1 40 10
220 0 98 7 50 5
221 0 4 11 30 20
222 0 81 20 50 5
223 0 70 1 50 5
224 0 71 5 50 5
225 0 74 1 50 5
226 0 66 14 50 5
227 0 30 1 50 5
228 0 18 22 50 5
229 0 74 14 50 5
230 0 25 16 50 5
231 0 49 7 40 10
232 0 84 10 50 5
233 0 35 7 40 10
234 0 64 2 50 5
235 0 49 2 50 5
236 0 1 0 50 5
237 0 97 9 50 5
238 0 84 12 50 5
239 0 22 10 50 5
240 0 52 20 50 5
241 0 41 10 30 20
242 0 4 8 50 5
243 0 24 11 40 10
244 0 92 0 40 10
245 0 53 0 50 5
246 0 37 23 50 5
247 0 51 4 30 20
248 0 46 22 50 5
249 0 23 0 50 5
250 0 16 6 50 5
251 0 72 0 50 5
252 0 9 12 30 20
253 0 29 1 50 5
254 0 69 1 40 10
255 0 72 1 50 5
256 0 43 1 50 5
257 0 89 16 30 20
258 0 85 13 50 5
259 0 16 6 50 5
260 0 51 1 40 10
261 0 83 4 50 5
262 0 13 14 50 5
263 0 95 5 50 5
264 0 36 12 50 5
265 0 27 4 50 5
266 0 30 12 50 5
267 0 21 9 40 10
268 0 87 2 40 10
269 0 80 13 30 20
270 0 35 2 50 5
271 0 60 2 50 5
272 0 24 1 30 20
273 0 68 14 40 10
274 0 84 14 50 5
275 0 40 1 50 5
276 0 13 6 40 10
277 0 43 6 40 10
278 0 35 15 50 5
279 0 1 18 50 5
280 0 43 6 50 5
281 0 40 22 30 20
282 0 65 6 50 5
283 0 76 12 40 10
284 0 39 6 40 10
285 0 72 8 50 5
286 0 53 13 40 10
287 0 58 16 50 5
288 0 9 12 50 5
289 0 8 21 40 10
290 0 38 22 50 5
291 0 52 12 40 10
292 0 20 12 50 5
293 0 40 11 50 5
294 0 27 11 50 5
295 0 35 13 50 5
296 0 60 17 30 20
297 0 28 11 50 5
298 0 28 6 50 5
299 0 1 20 40 10
300 0 0 21 50 5
301 0 31 0 50 5
302 0 85 20 50 5
303 0 8 0 40 10
304 0 33 3 50 5
305 0 54 4 30 20
306 0 45 2 40 10
307 0 95 2 50 5
308 0 74 2 50 5
309 0 7 2 50 5
310 0 32 2 50 5
311 0 31 10 40 10
312 0 17 2 50 5
313 0 46 18 50 5
314 0 60 8 40 10
315 0 37 2 30 20
316 0 56 5 50 5
317 0 63 11 50 5
318 0 77 19 50 5
319 0 1 2 50 5
320 0 82 2 50 5
321 0 60 4 50 5
322 0 37 1 50 5
323 0 81 4 50 5
324 0 48 11 30 20
325 0 33 11 30 20
326 0 78 20 50 5
327 0 37 20 50 5
328 0 36 22 50 5
329 0 35 19 50 5
330 0 97 2 40 10
331 0 38 15 50 5
332 0 28 1 40 10
333 0 49 15 40 10
334 0 86 23 40 10
335 0 11 23 50 5
336 0 4 7 40 10
337 0 64 10 50 5
338 0 20 17 50 5
339 0 48 14 50 5
340 0 31 7 40 10
341 0 56 7 50 5
342 0 40 10 30 20
343 0 88 12 30 20
344 0 77 7 50 5
345 0 33 6 50 5
346 0 78 9 50 5
347 0 19 10 50 5
348 0 73 3 50 5
349 0 32 15 50 5
350 0 13 8 50 5
351 0 58 3 50 5
352 0 27 10 40 10
353 0 42 22 50 5
354 0 24 3 50 5
355 0 73 18 50 5
356 0 19 3 50 5
357 0 46 3 30 20
358 0 46 22 50 5
359 0 81 11 40 10
360 0 16 6 30 20
361 0 14 6 30 20
362 0 39 5 50 5
363 0 65 9 40 10
364 0 98 17 50 5
365 0 1 6 40 10
366 0 14 19 50 5
367 0 9 10 40 10
368 0 35 16 50 5
369 0 80 12 50 5
370 0 56 21 50 5
371 0 12 5 50 5
372 0 98 16 50 5
373 0 71 20 40 10
374 0 80 22 50 5
375 0 6 21 40 10
376 0 26 20 50 5
377 0 44 12 50 5
378 0 94 12 30 20
379 0 49 5 30 20
380 0 43 17 40 10
381 0 6 5 50 5
382 0 68 2 50 5
383 0 76 2 50 5
384 0 42 2 50 5
385 0 68 21 30 20
386 0 34 0 50 5
387 0 79 21 50 5
388 0 61 20 50 5
389 0 66 0 50 5
390 0 25 0 50 5
391 0 26 23 50 5
392 0 11 0 50 5
393 0 87 0 50 5
394 0 33 16 30 20
395 0 31 16 40 10
396 0 16 18 50 5
397 0 41 0 50 5
398 0 52 0 30 20
399 0 51 0 50 5
400 0 9 1 50 5
401 0 54 1 50 5
402 0 32 23 40 10
403 0 67 5 50 5
404 0 46 1 50 5
405 0 77 3 40 10
406 0 73 1 50 5
407 0 7 8 50 5
408 0 37 14 50 5
409 0 70 3 50 5
410 0 84 17 30 20
411 0 37 18 50 5
412 0 61 1 50 5
413 0 72 20 50 5
414 0 28 1 50 5
415 0 20 1 40 10
416 0 24 21 50 5
417 0 1 21 40 10
418 0 5 17 50 5
419 0 58 4 40 10
420 0 35 8 50 5
421 0 55 23 50 5
422 0 43 23 50 5
423 0 85 16 50 5
424 0 22 17 50 5
425 0 10 16 40 10
426 0 97 11 40 10
427 0 24 4 50 5
428 0 63 12 50 5
429 0 49 2 50 5
430 0 37 21 40 10
431 0 90 7 30 20
432 0 81 22 30 20
433 0 25 23 50 5
434 0 23 2 50 5
435 0 89 11 50 5
436 0 26 7 50 5
437 0 35 7 50 5
438 0 91 21 50 5
439 0 6 20 50 5
440 0 70 7 50 5
441 0 24 5 50 5
442 0 30 20 40 10
443 0 0 5 50 5
444 0 15 5 50 5
445 0 13 11 30 20
446 0 84 5 50 5
447 0 39 5 40 10
448 0 51 3 50 5
449 0 45 3 50 5
450 0 48 9 40 10
451 0 79 5 50 5
452 0 18 6 50 5
453 0 96 6 30 20
454 0 80 14 50 5
455 0 64 6 50 5
456 0 88 6 40 10
457 0 39 6 50 5
458 0 54 17 50 5
459 0 38 19 50 5
460 0 43 3 50 5
461 0 70 21 40 10
462 0 54 17 30 20
463 0 84 13 30 20
464 0 58 16 40 10
465 0 0 6 30 20
466 0 82 6 50 5
467 0 75 21 40 10
468 0 57 10 30 20
469 0 18 10 50 5
470 0 29 17 40 10
471 0 98 2 50 5
472 0 18 2 50 5
473 0 15 23 50 5
474 0 6 2 50 5
475 0 90 2 50 5
476 0 9 8 50 5
477 0 96 2 50 5
478 0 62 9 40 10
479 0 91 0 40 10
480 0 38 15 40 10
481 0 84 0 50 5
482 0 97 4 50 5
483 0 51 17 30 20
484 0 96 0 50 5
485 0 46 21 40 10
486 0 83 13 40 10
487 0 63 17 50 5
488 0 75 17 30 20
489 0 77 22 50 5
490 0 62 8 50 5
491 0 56 13 50 5
492 0 97 8 40 10
493 0 19 8 50 5
494 0 88 9 50 5
495 0 79 9 50 5
496 0 94 9 50 5
497 0 34 15 50 5
498 0 58 11 50 5
499 0 92 9 50 5
500 0 18 14 40 10
501 0 59 12 50 5
502 0 7 9 50 5
503 0 33 23 50 5
504 0 11 9 50 5
505 0 83 11 40 10
506 0 82 9 50 5
507 0 0 7 50 5
508 0 52 23 50 5
509 0 67 7 50 5
510 0 79 5 50 5
511 0 62 5 50 5
512 0 2 5 50 5
513 0 21 15 30 20
514 0 24 2 50 5
515 0 18 16 40 10
516 0 21 16 40 10
517 0 78 18 50 5
518 0 44 18 50 5
519 0 85 2 50 5
520 0 85 2 30 20
521 0 58 2 40 10
522 0 13 2 50 5
523 0 11 2 50 5
524 0 49 3 30 20
525 0 14 15 40 10
526 0 44 15 40 10
527 0 10 14 30 20
528 0 81 22 50 5
529 0 81 18 50 5
530 0 4 13 40 10
531 0 21 13 40 10
532 0 91 2 40 10
533 0 65 1 50 5
534 0 58 10 30 20
535 0 59 21 50 5
536 0 25 13 50 5
537 0 52 1 50 5
538 0 17 17 40 10
539 0 15 1 40 10
540 0 46 10 50 5
541 0 32 5 50 5
542 0 8 18 40 10
543 0 91 1 50 5
544 0 90 5 30 20
545 0 9 9 50 5
546 0 6 10 50 5
547 0 0 11 50 5
548 0 44 5 40 10
549 0 17 10 40 10
550 0 63 10 50 5
551 0 2 5 40 10
552 0 82 20 50 5
553 0 71 5 50 5
554 0 4 5 50 5
555 0 39 22 50 5
556 0 79 1 50 5
557 0 96 1 40 10
558 0 77 12 30 20
559 0 22 16 50 5
560 0 1 0 50 5
561 0 43 11 50 5
562 0 58 0 50 5
563 0 30 5 50 5
564 0 27 23 40 10
565 0 78 19 50 5
566 0 55 12 40 10
567 0 96 0 40 10
568 0 59 4 40 10
569 0 21 2 40 10
570 0 95 2 50 5
571 0 47 22 50 5
572 0 6 2 50 5
573 0 69 2 30 20
574 0 33 8 40 10
575 0 53 17 50 5
576 0 13 11 50 5
577 0 9 2 50 5
578 0 96 21 50 5
579 0 39 4 40 10
580 0 93 22 30 20
581 0 32 13 40 10
582 0 54 12 50 5
583 0 75 19 50 5
584 0 75 0 50 5
585 0 21 15 50 5
586 0 54 0 50 5
587 0 8 13 50 5
588 0 3 18 50 5
589 0 18 14 40 10
590 0 3 0 50 5
591 0 68 0 50 5
592 0 14 0 40 10
593 0 94 1 50 5
594 0 79 1 50 5
595 0 87 1 30 20
596 0 88 1 50 5
597 0 27 0 40 10
598 0 27 23 50 5
599 0 69 17 50 5
600 0 96 20 30 20
601 0 39 17 50 5
602 0 62 18 50 5
603 0 36 23 50 5
604 0 40 18 30 20
605 0 21 18 50 5
606 0 67 5 50 5
607 0 3 2 40 10
608 0 26 6 50 5
609 0 9 20 50 5
610 0 95 18 40 10
611 0 99 18 40 10
612 0 24 18 40 10
613 0 66 21 50 5
614 0 43 21 50 5
615 0 70 21 50 5
616 0 68 8 50 5
617 0 65 2 50 5
618 0 56 2 50 5
619 0 51 2 40 10
620 0 84 2 50 5
621 0 24 21 50 5
622 0 51 5 30 20
623 0 17 10 50 5
624 0 88 12 40 10
625 0 15 23 50 5
626 0 67 19 50 5
627 0 85 22 50 5
628 0 19 11 50 5
629 0 99 15 50 5
630 0 86 11 50 5
631 0 9 11 50 5
632 0 46 10 50 5
633 0 63 0 40 10
634 0 85 13 30 20
635 0 96 0 40 10
636 0 50 0 50 5
637 0 74 2 30 20
638 0 37 15 50 5
639 0 51 0 50 5
640 0 91 0 50 5
641 0 6 8 50 5
642 0 77 0 50 5
643 0 16 0 50 5
644 0 35 19 40 10
645 0 68 19 40 10
646 0 70 1 30 20
647 0 51 4 40 10
648 0 77 1 50 5
649 0 93 2 50 5
650 0 39 23 50 5
651 0 55 1 30 20
652 0 53 1 50 5
653 0 76 10 40 10
654 0 97 9 30 20
655 0 97 19 50 5
656 0 67 1 50 5
657 0 19 22 50 5
658 0 77 1 50 5
659 0 40 1 50 5
660 0 7 17 50 5
661 0 39 9 40 10
662 0 43 1 40 10
663 0 46 23 50 5
664 0 40 23 40 10
665 0 83 23 40 10
666 0 1 11 50 5
667 0 38 11 50 5
668 0 38 14 30 20
669 0 29 13 50 5
670 0 61 19 50 5
671 0 10 19 50 5
672 0 55 16 40 10
673 0 78 12 30 20
674 0 29 12 40 10
675 0 12 0 50 5
676 0 57 0 30 20
677 0 68 12 50 5
678 0 11 16 50 5
679 0 72 16 50 5
680 0 93 21 40 10
681 0 75 11 50 5
682 0 39 11 50 5
683 0 36 1 50 5
684 0 29 2 40 10
685 0 10 1 30 20
686 0 14 19 50 5
687 0 44 1 50 5
688 0 56 1 50 5
689 0 80 1 50 5
690 0 56 14 50 5
691 0 62 0 50 5
692 0 84 2 40 10
693 0 32 2 50 5
694 0 86 21 40 10
695 0 50 1 50 5
696 0 48 22 50 5
697 0 5 1 50 5
698 0 18 16 50 5
699 0 27 10 50 5
700 0 41 14 40 10
701 0 36 4 50 5
702 0 87 19 50 5
703 0 18 14 50 5
704 0 75 9 50 5
705 0 98 2 40 10
706 0 46 19 40 10
707 0 49 1 50 5
708 0 58 3 50 5
709 0 61 3 50 5
710 0 94 20 50 5
711 0 52 9 50 5
712 0 47 22 50 5
713 0 28 0 50 5
714 0 64 0 50 5
715 0 5 6 50 5
716 0 69 12 50 5
717 0 79 23 50 5
718 0 52 12 50 5
719 0 38 19 40 10
720 0 0 0 50 5
721 0 20 13 50 5
722 0 99 4 30 20
723 0 3 4 40 10
724 0 24 4 50 5
725 0 37 22 40 10
726 0 79 6 50 5
727 0 49 8 50 5
728 0 19 15 50 5
729 0 7 6 50 5
730 0 60 9 50 5
731 0 29 17 50 5
732 0 65 6 50 5
733 0 90 11 40 10
734 0 96 21 40 10
735 0 85 12 30 20
736 0 46 22 50 5
737 0 36 3 50 5
738 0 89 3 40 10
739 0 7 1 50 5
740 0 64 1 50 5
741 0 95 6 40 10
742 0 46 20 40 10
743 0 28 23 50 5
744 0 30 7 30 20
745 0 54 3 40 10
746 0 8 1 50 5
747 0 52 23 50 5
748 0 21 21 50 5
749 0 20 11 50 5
750 0 42 13 50 5
751 0 62 20 50 5
752 0 2 6 40 10
753 0 78 1 50 5
754 0 98 8 50 5
755 0 69 1 50 5
756 0 56 2 50 5
757 0 34 16 50 5
758 0 71 2 40 10
759 0 5 2 30 20
760 0 44 2 50 5
761 0 69 2 30 20
762 0 69 2 50 5
763 0 59 2 30 20
764 0 16 4 40 10
765 0 41 18 30 20
766 0 0 13 50 5
767 0 84 17 50 5
768 0 7 11 50 5
769 0 94 2 50 5
770 0 71 15 50 5
771 0 60 10 30 20
772 0 13 8 50 5
773 0 10 8 40 10
774 0 32 7 30 20
775 0 14 7 50 5
776 0 15 2 50 5
777 0 84 2 50 5
778 0 85 10 30 20
779 0 43 5 30 20
780 0 19 20 50 5
781 0 65 6 50 5
782 0 92 4 50 5
783 0 22 15 40 10
784 0 93 19 30 20
785 0 13 12 50 5
786 0 61 18 50 5
787 0 20 12 50 5
788 0 33 12 50 5
789 0 52 12 40 10
790 0 69 12 50 5
791 0 50 20 30 20
792 0 14 2 50 5
793 0 18 2 50 5
794 0 77 2 40 10
795 0 78 20 50 5
796 0 71 17 40 10
797 0 4 2 50 5
798 0 20 8 50 5
799 0 68 22 50 5
800 0 96 14 50 5
801 0 35 22 50 5
802 0 46 11 50 5
803 0 80 17 50 5
804 0 8 8 50 5
805 0 26 7 30 20
806 0 14 17 50 5
807 0 35 7 30 20
808 0 93 0 50 5
809 0 56 1 40 10
810 0 50 0 50 5
811 0 33 13 50 5
812 0 9 22 30 20
813 0 18 9 50 5
814 0 51 13 50 5
815 0 13 13 50 5
816 0 19 13 50 5
817 0 16 20 50 5
818 0 15 20 50 5
819 0 5 17 50 5
820 0 27 4 50 5
821 0 58 4 50 5
822 0 3 13 30 20
823 0 41 4 40 10
824 0 68 4 50 5
825 0 15 13 40 10
826 0 28 4 50 5
827 0 33 11 50 5
828 0 39 8 30 20
829 0 89 4 50 5
830 0 78 4 50 5
831 0 51 5 30 20
832 0 6 4 50 5
833 0 41 1 50 5
834 0 15 13 50 5
835 0 73 12 50 5
836 0 63 10 50 5
837 0 38 14 40 10
838 0 91 12 50 5
839 0 74 19 30 20
840 0 34 16 50 5
841 0 36 10 50 5
842 0 59 7 50 5
843 0 83 1 50 5
844 0 92 22 50 5
845 0 76 15 50 5
846 0 24 1 40 10
847 0 56 10 50 5
848 0 17 1 30 20
849 0 84 14 50 5
850 0 80 12 50 5
851 0 99 6 40 10
852 0 59 6 50 5
853 0 10 6 40 10
854 0 72 8 50 5
855 0 87 11 50 5
856 0 2 6 30 20
857 0 8 13 50 5
858 0 87 16 50 5
859 0 4 5 50 5
860 0 57 5 50 5
861 0 36 5 50 5
862 0 10 16 30 20
863 0 94 19 30 20
864 0 97 5 30 20
865 0 31 18 50 5
866 0 80 5 50 5
867 0 34 5 50 5
868 0 24 3 50 5
869 0 27 3 50 5
870 0 77 3 50 5
871 0 12 19 30 20
872 0 54 7 40 10
873 0 64 23 50 5
874 0 30 5 50 5
875 0 53 3 40 10
876 0 38 3 50 5
877 0 53 18 40 10
878 0 43 22 50 5
879 0 52 3 50 5
880 0 50 7 50 5
881 0 39 10 50 5
882 0 30 3 50 5
883 0 51 19 50 5
884 0 42 7 50 5
885 0 79 23 40 10
886 0 25 3 30 20
887 0 91 2 50 5
888 0 51 23 50 5
889 0 26 19 40 10
890 0 42 21 40 10
891 0 89 10 30 20
892 0 74 10 50 5
893 0 97 16 50 5
894 0 35 18 40 10
895 0 52 9 50 5
896 0 37 9 40 10
897 0 3 3 50 5
898 0 21 3 40 10
899 0 56 16 50 5
900 0 11 9 50 5
901 0 1 3 50 5
902 0 73 23 50 5
903 0 37 3 50 5
904 0 55 18 30 20
905 0 1 12 50 5
906 0 45 14 30 20
907 0 65 4 50 5
908 0 82 7 50 5
909 0 95 17 50 5
910 0 71 17 50 5
911 0 25 11 40 10
912 0 27 11 50 5
913 0 97 9 50 5
914 0 6 9 30 20
915 0 81 15 50 5
916 0 55 9 40 10
917 0 36 19 50 5
918 0 99 7 40 10
919 0 52 1 50 5
920 0 50 16 50 5
921 0 35 15 50 5
922 0 35 1 50 5
923 0 20 9 50 5
924 0 61 18 50 5
925 0 21 1 50 5
926 0 43 6 50 5
927 0 90 12 50 5
928 0 54 20 50 5
929 0 37 5 50 5
930 0 15 1 50 5
931 0 60 17 50 5
932 0 56 2 40 10
933 0 53 22 30 20
934 0 56 1 40 10
935 0 51 6 40 10
936 0 31 16 40 10
937 0 28 22 50 5
938 0 77 21 40 10
939 0 68 17 50 5
940 0 52 16 30 20
941 0 40 12 40 10
942 0 73 12 50 5
943 0 77 17 30 20
944 0 49 8 40 10
945 0 1 5 40 10
946 0 92 5 50 5
947 0 84 1 50 5
948 0 38 1 40 10
949 0 12 10 50 5
950 0 97 1 40 10
951 0 68 19 50 5
952 0 60 22 30 20
953 0 77 15 50 5
954 0 85 1 50 5
955 0 1 22 50 5
956 0 58 5 50 5
957 0 46 23 50 5
958 0 27 15 50 5
959 0 16 17 50 5
960 0 19 5 30 20
961 0 43 3 50 5
962 0 4 1 50 5
963 0 1 18 50 5
964 0 91 19 50 5
965 0 74 19 50 5
966 0 54 19 50 5
967 0 93 19 50 5
968 0 28 19 40 10
969 0 99 8 50 5
970 0 6 16 40 10
971 0 16 7 30 20
972 0 13 2 50 5
973 0 26 13 40 10
974 0 38 20 40 10
975 0 74 2 30 20
976 0 82 2 50 5
977 0 11 19 50 5
978 0 42 12 50 5
979 0 63 11 50 5
980 0 28 4 50 5
981 0 62 4 50 5
982 0 90 4 40 10
983 0 76 8 30 20
984 0 76 7 50 5
985 0 66 4 50 5
986 0 11 5 50 5
987 0 59 4 50 5
988 0 4 23 50 5
989 0 93 5 50 5
990 0 87 7 50 5
991 0 82 23 50 5
992 0 86 4 50 5
993 0 1 3 50 5
994 0 45 4 40 10
995 0 30 3 50 5
996 0 21 1 40 10
997 0 29 1 50 5
998 0 27 12 40 10
999 0 89 16 50 5
1000 0 97 1 50 5
1001 0 86 10 50 5
1002 0 72 20 50 5
1003 0 47 0 50 5
1004 0 31 17 50 5
1005 0 85 6 50 5
1006 0 65 6 50 5
1007 0 85 6 50 5
1008 0 51 6 30 20
1009 0 56 16 50 5
1010 0 60 6 50 5
1011 0 93 20 40 10
1012 0 83 12 50 5
1013 0 20 23 50 5
1014 0 59 2 30 20
1015 0 91 9 50 5
1016 0 57 10 40 10
1017 0 92 16 50 5
1018 0 35 13 40 10
1019 0 20 2 50 5
1020 0 77 2 40 10
1021 0 82 11 40 10
1022 0 31 1 50 5
1023 0 4 1 50 5
1024 0 50 10 30 20
1025 0 28 23 50 5
1026 0 29 1 50 5
1027 0 85 14 50 5
1028 0 88 14 40 10
1029 0 79 21 40 10
1030 0 77 12 40 10
1031 0 26 13 50 5
1032 0 54 18 50 5
1033 0 87 17 30 20
1034 0 85 12 50 5
1035 0 82 2 40 10
1036 0 96 15 30 20
1037 0 47 6 50 5
1038 0 79 2 50 5
1039 0 23 2 30 20
1040 0 48 18 30 20
1041 0 27 19 50 5
1042 0 18 13 50 5
1043 0 98 15 40 10
1044 0 1 9 50 5
1045 0 51 7 30 20
1046 0 10 22 50 5
1047 0 82 19 30 20
1048 0 12 19 50 5
1049 0 20 20 50 5
1050 0 38 20 30 20
1051 0 27 10 50 5
1052 0 15 9 30 20
1053 0 51 0 50 5
1054 0 72 19 50 5
1055 0 80 15 50 5
1056 0 54 21 40 10
1057 0 77 14 40 10
1058 0 39 0 50 5
1059 0 69 1 30 20
1060 0 35 10 50 5
1061 0 47 13 50 5
1062 0 95 10 50 5
1063 0 1 4 50 5
1064 0 13 6 50 5
1065 0 6 4 50 5
1066 0 12 13 50 5
1067 0 15 19 40 10
1068 0 81 23 50 5
1069 0 26 4 40 10
1070 0 90 4 50 5
1071 0 59 4 50 5
1072 0 75 10 50 5
1073 0 80 23 40 10
1074 0 63 11 50 5
1075 0 61 19 50 5
1076 0 43 11 40 10
1077 0 96 10 50 5
1078 0 70 0 50 5
1079 0 56 2 50 5
1080 0 57 23 50 5
1081 0 96 11 40 10
1082 0 33 0 50 5
1083 0 23 17 50 5
1084 0 88 0 40 10
1085 0 75 5 50 5
1086 0 59 23 40 10
1087 0 6 14 50 5
1088 0 51 6 50 5
1089 0 9 0 50 5
1090 0 98 18 50 5
1091 0 33 22 30 20
1092 0 85 18 50 5
1093 0 92 3 50 5
1094 0 33 3 50 5
1095 0 34 3 50 5
1096 0 71 21 30 20
1097 0 11 5 40 10
1098 0 81 3 50 5
1099 0 16 3 50 5
1100 0 59 3 50 5
1101 0 43 8 40 10
1102 0 28 16 50 5
1103 0 75 5 50 5
1104 0 72 5 50 5
1105 0 1 5 50 5
1106 0 41 14 50 5
1107 0 12 5 50 5
1108 0 55 5 50 5
1109 0 45 5 50 5
1110 0 69 10 50 5
1111 0 77 20 50 5
1112 0 69 19 50 5
1113 0 29 11 50 5
1114 0 6 9 50 5
1115 0 2 18 50 5
1116 0 92 5 50 5
1117 0 93 5 50 5
1118 0 82 5 30 20
1119 0 44 10 50 5
1120 0 91 8 50 5
1121 0 89 0 50 5
1122 0 97 0 40 10
1123 0 63 3 40 10
1124 0 59 16 50 5
1125 0 71 23 40 10
1126 0 51 5 50 5
1127 0 15 0 50 5
1128 0 66 12 40 10
1129 0 13 0 50 5
1130 0 37 23 50 5
1131 0 41 17 50 5
1132 0 39 16 50 5
1133 0 87 15 50 5
1134 0 33 17 50 5
1135 0 75 0 40 10
1136 0 40 8 40 10
1137 0 81 11 30 20
1138 0 14 3 50 5
1139 0 86 3 50 5
1140 0 41 7 50 5
1141 0 57 21 50 5
1142 0 67 7 50 5
1143 0 30 7 50 5
1144 0 76 3 50 5
1145 0 88 3 50 5
1146 0 26 2 50 5
1147 0 30 12 50 5
1148 0 74 2 30 20
1149 0 47 7 50 5
1150 0 23 16 50 5
1151 0 23 2 40 10
1152 0 13 20 40 10
1153 0 89 15 40 10
1154 0 20 2 50 5
1155 0 51 18 50 5
1156 0 91 22 50 5
1157 0 39 12 50 5
1158 0 86 18 50 5
1159 0 8 2 50 5
1160 0 99 14 50 5
1161 0 3 16 40 10
1162 0 32 2 50 5
1163 0 3 5 50 5
1164 0 27 8 50 5
1165 0 85 2 50 5
1166 0 59 3 50 5
1167 0 86 23 50 5
1168 0 26 20 40 10
1169 0 22 5 50 5
1170 0 58 5 40 10
1171 0 3 5 50 5
1172 0 45 12 50 5
1173 0 49 7 30 20
1174 0 71 5 50 5
1175 0 65 5 30 20
1176 0 54 5 50 5
1177 0 56 2 40 10
1178 0 14 14 50 5
1179 0 2 21 40 10
1180 0 83 2 40 10
1181 0 1 2 50 5
1182 0 76 2 40 10
1183 0 94 14 50 5
1184 0 72 14 50 5
1185 0 32 15 50 5
1186 0 84 22 50 5
1187 0 51 4 50 5
1188 0 83 19 50 5
1189 0 76 11 50 5
1190 0 65 4 50 5
1191 0 38 15 50 5
1192 0 91 17 50 5
1193 0 32 20 50 5
1194 0 20 20 50 5
1195 0 56 20 50 5
1196 0 93 17 40 10
1197 0 26 8 40 10
1198 0 30 13 50 5
1199 0 25 8 40 10
1200 0 23 3 40 10
1201 0 96 3 50 5
1202 0 88 3 50 5
1203 0 81 18 50 5
1204 0 66 3 50 5
1205 0 41 21 50 5
1206 0 82 7 40 10
1207 0 14 7 50 5
1208 0 32 16 50 5
1209 0 31 9 50 5
1210 0 26 12 50 5
1211 0 15 6 50 5
1212 0 62 5 40 10
1213 0 58 5 50 5
1214 0 48 17 50 5
1215 0 35 12 30 20
1216 0 13 14 50 5
1217 0 12 11 50 5
1218 0 14 11 50 5
1219 0 0 13 40 10
1220 0 29 5 50 5
1221 0 52 15 50 5
1222 0 63 5 30 20
1223 0 85 5 50 5
1224 0 85 5 40 10
1225 0 19 14 40 10
1226 0 1 6 50 5
1227 0 45 6 50 5
1228 0 20 6 50 5
1229 0 47 17 50 5
1230 0 28 18 30 20
1231 0 56 18 40 10
1232 0 78 6 50 5
1233 0 45 19 30 20
1234 0 39 20 50 5
1235 0 14 17 50 5
1236 0 35 12 50 5
1237 0 9 12 50 5
1238 0 44 14 40 10
1239 0 82 12 50 5
1240 0 54 12 40 10
1241 0 52 9 30 20
1242 0 51 17 50 5
1243 0 83 12 40 10
1244 0 0 16 50 5
1245 0 45 12 50 5
1246 0 54 12 30 20
1247 0 31 12 40 10
1248 0 70 19 50 5
1249 0 97 12 50 5
1250 0 63 12 50 5
1251 0 36 11 50 5
1252 0 10 19 50 5
1253 0 85 7 50 5
1254 0 87 19 40 10
1255 0 75 7 50 5
1256 0 25 17 50 5
1257 0 98 7 30 20
1258 0 92 7 50 5
1259 0 29 7 50 5
1260 0 4 2 50 5
1261 0 17 6 50 5
1262 0 83 22 50 5
1263 0 34 7 40 10
1264 0 22 2 40 10
1265 0 49 20 40 10
1266 0 13 20 50 5
1267 0 44 5 40 10
1268 0 24 18 50 5
1269 0 29 18 50 5
1270 0 52 18 50 5
1271 0 66 21 50 5
1272 0 15 1 50 5
1273 0 42 18 50 5
1274 0 51 1 30 20
1275 0 52 1 50 5
1276 0 24 10 50 5
1277 0 36 14 50 5
1278 0 63 14 50 5
1279 0 38 18 30 20
1280 0 90 10 50 5
1281 0 82 2 50 5
1282 0 13 1 40 10
1283 0 48 1 40 10
1284 0 62 9 30 20
1285 0 93 6 50 5
1286 0 2 8 50 5
1287 0 88 8 40 10
1288 0 82 18 50 5
1289 0 63 8 50 5
1290 0 7 5 50 5
1291 0 84 19 50 5
1292 0 5 18 50 5
1293 0 90 21 40 10
1294 0 43 21 40 10
1295 0 65 15 50 5
1296 0 3 1 50 5
1297 0 33 1 50 5
1298 0 39 10 50 5
1299 0 16 1 40 10
1300 0 79 14 30 20
1301 0 86 1 50 5
1302 0 27 15 40 10
1303 0 0 21 50 5
1304 0 23 1 50 5
1305 0 43 9 50 5
1306 0 22 1 50 5
1307 0 63 5 50 5
1308 0 35 1 50 5
1309 0 57 15 40 10
1310 0 51 1 40 10
1311 0 74 0 50 5
1312 0 4 11 50 5
1313 0 41 15 50 5
1314 0 74 11 50 5
1315 0 23 18 40 10
1316 0 54 16 40 10
1317 0 67 10 50 5
1318 0 22 7 50 5
1319 0 53 22 50 5
1320 0 53 7 50 5
1321 0 16 19 50 5
1322 0 2 12 50 5
1323 0 48 7 50 5
1324 0 38 1 50 5
1325 0 35 1 50 5
1326 0 6 7 50 5
1327 0 61 1 50 5
1328 0 78 8 50 5
1329 0 47 0 50 5
1330 0 23 0 40 10
1331 0 75 20 50 5
1332 0 30 0 50 5
1333 0 26 5 30 20
1334 0 74 0 50 5
1335 0 54 16 50 5
1336 0 5 11 50 5
1337 0 60 1 50 5
1338 0 80 15 50 5
1339 0 85 20 50 5
1340 0 48 2 30 20
1341 0 46 9 30 20
1342 0 75 18 50 5
1343 0 70 0 50 5
1344 0 62 23 50 5
1345 0 86 0 50 5
1346 0 62 0 50 5
1347 0 5 0 40 10
1348 0 82 0 50 5
1349 0 69 0 40 10
1350 0 3 21 30 20
1351 0 9 10 50 5
1352 0 3 0 50 5
1353 0 71 16 50 5
1354 0 54 0 40 10
1355 0 10 0 50 5
1356 0 8 13 40 10
1357 0 82 0 50 5
1358 0 8 16 50 5
1359 0 38 0 50 5
1360 0 33 20 50 5
1361 0 98 18 50 5
1362 0 96 18 30 20
1363 0 13 18 50 5
1364 0 94 12 50 5
1365 0 63 12 50 5
1366 0 50 12 50 5
1367 0 52 11 50 5
1368 0 49 14 50 5
1369 0 79 19 50 5
1370 0 32 18 50 5
1371 0 1 16 50 5
1372 0 18 11 50 5
1373 0 52 11 50 5
1374 0 31 19 40 10
1375 0 64 17 50 5
1376 0 3 17 40 10
1377 0 56 17 50 5
1378 0 38 2 50 5
1379 0 8 13 50 5
1380 0 44 2 50 5
1381 0 99 7 50 5
1382 0 78 19 30 20
1383 0 56 12 50 5
1384 0 83 2 50 5
1385 0 46 2 40 10
1386 0 40 2 40 10
1387 0 74 18 40 10
1388 0 3 2 50 5
1389 0 38 0 50 5
1390 0 26 13 50 5
1391 0 77 12 40 10
1392 0 10 12 50 5
1393 0 66 14 30 20
1394 0 85 12 50 5
1395 0 36 12 50 5
1396 0 36 21 50 5
1397 0 28 21 50 5
1398 0 70 21 30 20
1399 0 34 22 50 5
1400 0 35 6 50 5
1401 0 99 9 30 20
1402 0 92 6 50 5
1403 0 14 17 40 10
1404 0 82 18 50 5
1405 0 10 6 50 5
1406 0 58 2 50 5
1407 0 25 6 50 5
1408 0 37 2 40 10
1409 0 98 2 50 5
1410 0 82 4 50 5
1411 0 90 14 50 5
1412 0 59 12 50 5
1413 0 11 11 50 5
1414 0 20 21 50 5
1415 0 12 22 50 5
1416 0 97 15 40 10
1417 0 99 5 50 5
1418 0 52 5 50 5
1419 0 94 22 50 5
1420 0 1 9 50 5
1421 0 47 17 50 5
1422 0 68 5 50 5
1423 0 76 15 50 5
1424 0 32 13 50 5
1425 0 34 5 50 5
1426 0 26 15 50 5
1427 0 80 10 50 5
1428 0 22 23 50 5
1429 0 44 14 50 5
1430 0 84 5 50 5
1431 0 40 3 50 5
1432 0 13 22 30 20
1433 0 42 16 50 5
1434 0 28 6 50 5
1435 0 10 0 50 5
1436 0 73 0 50 5
1437 0 4 0 30 20
1438 0 12 20 50 5
1439 0 34 14 50 5
1440 0 97 17 40 10
1441 0 19 4 40 10
1442 0 10 20 50 5
1443 0 4 12 50 5
1444 0 22 22 50 5
1445 0 53 0 40 10
1446 0 49 20 40 10
1447 0 34 17 40 10
1448 0 91 6 50 5
1449 0 57 6 50 5
1450 0 76 4 50 5
1451 0 78 19 50 5
1452 0 54 22 40 10
1453 0 27 4 50 5
1454 0 33 22 50 5
1455 0 75 6 50 5
1456 0 18 4 50 5
1457 0 53 1 40 10
1458 0 34 15 50 5
1459 0 1 9 40 10
1460 0 25 6 50 5
1461 0 55 1 50 5
1462 0 63 16 40 10
1463 0 65 13 30 20
1464 0 46 14 50 5
1465 0 59 14 30 20
1466 0 59 8 40 10
1467 0 36 8 50 5
1468 0 22 18 50 5
1469 0 65 8 50 5
1470 0 90 8 50 5
1471 0 4 7 50 5
1472 0 12 7 50 5
1473 0 74 8 40 10
1474 0 24 7 50 5
1475 0 51 11 50 5
1476 0 37 11 50 5
1477 0 36 3 50 5
1478 0 85 21 50 5
1479 0 26 5 40 10
1480 0 41 14 50 5
1481 0 39 12 50 5
1482 0 17 3 50 5
1483 0 43 14 50 5
1484 0 10 3 50 5
1485 0 34 11 50 5
1486 0 60 3 50 5
1487 0 27 3 50 5
1488 0 46 9 50 5
1489 0 96 19 50 5
1490 0 29 3 30 20
1491 0 84 3 40 10
1492 0 89 3 50 5
1493 0 48 12 50 5
1494 0 98 12 30 20
1495 0 7 2 50 5
1496 0 72 20 50 5
1497 0 21 22 40 10
1498 0 97 3 40 10
1499 0 2 11 40 10
1500 0 99 14 50 5
1501 0 65 14 50 5
1502 0 98 2 50 5
1503 0 97 2 50 5
1504 0 85 2 40 10
1505 0 0 2 50 5
1506 0 85 2 50 5
1507 0 83 11 50 5
1508 0 11 11 50 5
1509 0 20 1 50 5
1510 0 1 20 30 20
1511 0 9 1 40 10
1512 0 13 1 50 5
1513 0 6 21 30 20
1514 0 12 5 50 5
1515 0 42 11 40 10
1516 0 30 1 50 5
1517 0 31 1 50 5
1518 0 14 1 30 20
1519 0 72 21 30 20
1520 0 19 2 50 5
1521 0 77 2 50 5
1522 0 66 0 50 5
1523 0 71 4 50 5
1524 0 30 23 40 10
1525 0 19 20 40 10
1526 0 67 0 40 10
1527 0 49 3 50 5
1528 0 91 16 50 5
1529 0 90 15 50 5
1530 0 95 15 50 5
1531 0 83 15 50 5
1532 0 32 15 40 10
1533 0 99 3 50 5
1534 0 25 1 50 5
1535 0 17 1 40 10
1536 0 99 22 40 10
1537 0 53 10 50 5
1538 0 76 20 40 10
1539 0 41 18 30 20
1540 0 42 1 40 10
1541 0 74 9 50 5
1542 0 98 1 50 5
1543 0 23 1 50 5
1544 0 31 16 40 10
1545 0 94 0 40 10
1546 0 2 15 40 10
1547 0 93 1 40 10
1548 0 16 2 40 10
1549 0 39 13 50 5
1550 0 46 23 40 10
1551 0 26 0 40 10
1552 0 89 3 50 5
1553 0 76 1 40 10
1554 0 51 2 50 5
1555 0 50 6 50 5
1556 0 43 0 50 5
1557 0 18 15 50 5
1558 0 52 2 50 5
1559 0 9 20 50 5
1560 0 35 7 50 5
1561 0 26 23 40 10
1562 0 34 10 40 10
1563 0 42 0 40 10
1564 0 74 12 50 5
1565 0 66 3 40 10
1566 0 77 0 50 5
1567 0 24 0 50 5
1568 0 30 20 50 5
1569 0 8 21 50 5
1570 0 69 2 30 20
1571 0 40 9 50 5
1572 0 93 22 40 10
1573 0 59 2 40 10
1574 0 87 19 50 5
1575 0 68 2 50 5
1576 0 10 10 50 5
1577 0 20 4 50 5
1578 0 31 2 40 10
1579 0 38 15 40 10
1580 0 85 13 30 20
1581 0 20 2 50 5
1582 0 93 3 50 5
1583 0 64 21 40 10
1584 0 71 0 50 5
1585 0 57 11 50 5
1586 0 94 0 50 5
1587 0 10 0 40 10
1588 0 98 15 40 10
1589 0 74 15 50 5
1590 0 20 15 50 5
1591 0 75 21 50 5
1592 0 86 23 50 5
1593 0 30 8 50 5
1594 0 33 8 50 5
1595 0 55 10 50 5
1596 0 31 19 50 5
1597 0 55 15 50 5
1598 0 8 10 50 5
1599 0 17 21 50 5
1600 0 75 9 30 20
1601 0 95 9 50 5
1602 0 12 10 40 10
1603 0 79 9 40 10
1604 0 50 13 50 5
1605 0 6 10 30 20
1606 0 23 14 50 5
1607 0 85 9 50 5
1608 0 98 18 50 5
1609 0 9 23 30 20
1610 0 33 9 30 20
1611 0 44 2 30 20
1612 0 25 14 50 5
1613 0 98 1 50 5
1614 0 94 4 40 10
1615 0 65 1 50 5
1616 0 37 5 40 10
1617 0 66 3 30 20
1618 0 92 11 40 10
1619 0 47 8 50 5
1620 0 63 9 50 5
1621 0 44 13 50 5
1622 0 56 12 50 5
1623 0 17 11 30 20
1624 0 84 1 30 20
1625 0 53 1 50 5
1626 0 64 18 50 5
1627 0 41 7 50 5
1628 0 0 10 40 10
1629 0 15 7 50 5
1630 0 45 7 30 20
1631 0 9 7 40 10
1632 0 9 7 50 5
1633 0 76 7 50 5
1634 0 81 20 50 5
1635 0 9 9 40 10
1636 0 78 9 40 10
1637 0 15 11 50 5
1638 0 52 9 40 10
1639 0 16 13 50 5
1640 0 98 9 40 10
1641 0 92 20 50 5
1642 0 82 9 50 5
1643 0 68 21 30 20
1644 0 95 7 30 20
1645 0 6 4 50 5
1646 0 22 4 50 5
1647 0 24 4 50 5
1648 0 66 13 50 5
1649 0 60 11 50 5
1650 0 17 19 30 20
1651 0 94 8 50 5
1652 0 10 8 50 5
1653 0 84 2 50 5
1654 0 89 23 50 5
1655 0 59 19 50 5
1656 0 36 23 30 20
1657 0 75 11 40 10
1658 0 67 12 50 5
1659 0 19 8 50 5
1660 0 48 8 50 5
1661 0 98 8 40 10
1662 0 55 8 50 5
1663 0 16 18 50 5
1664 0 7 22 50 5
1665 0 96 12 50 5
1666 0 24 19 30 20
1667 0 17 13 50 5
1668 0 89 8 50 5
1669 0 40 21 50 5
1670 0 3 12 40 10
1671 0 76 10 50 5
1672 0 55 8 40 10
1673 0 48 6 50 5
1674 0 3 6 50 5
1675 0 46 10 50 5
1676 0 36 6 50 5
1677 0 66 1 50 5
1678 0 96 10 50 5
1679 0 85 2 50 5
1680 0 52 13 50 5
1681 0 21 9 50 5
1682 0 52 8 50 5
1683 0 8 8 50 5
1684 0 3 2 50 5
1685 0 84 2 50 5
1686 0 34 13 50 5
1687 0 66 2 50 5
1688 0 10 15 50 5
1689 0 81 2 50 5
1690 0 8 23 50 5
1691 0 29 5 50 5
1692 0 29 2 50 5
1693 0 41 2 50 5
1694 0 59 2 50 5
1695 0 58 13 40 10
1696 0 95 15 50 5
1697 0 87 2 50 5
1698 0 20 2 50 5
1699 0 16 2 50 5
1700 0 32 17 40 10
1701 0 63 10 50 5
1702 0 82 10 50 5
1703 0 63 10 50 5
1704 0 34 11 50 5
1705 0 7 6 50 5
1706 0 75 10 50 5
1707 0 51 12 50 5
1708 0 80 6 50 5
1709 0 62 6 40 10
1710 0 59 22 30 20
1711 0 26 2 50 5
1712 0 21 2 50 5
1713 0 16 2 50 5
1714 0 55 23 50 5
1715 0 42 9 40 10
1716 0 95 22 40 10
1717 0 40 9 40 10
1718 0 29 23 50 5
1719 0 29 15 50 5
1720 0 82 2 50 5
1721 0 51 7 50 5
1722 0 95 3 50 5
1723 0 24 15 50 5
1724 0 9 2 50 5
1725 0 54 23 50 5
1726 0 76 2 50 5
1727 0 59 12 30 20
1728 0 85 20 30 20
1729 0 61 22 50 5
1730 0 78 20 40 10
1731 0 24 20 40 10
1732 0 23 19 50 5
1733 0 15 3 40 10
1734 0 76 2 40 10
1735 0 1 2 50 5
1736 0 27 2 50 5
1737 0 0 2 50 5
1738 0 59 3 40 10
1739 0 35 3 40 10
1740 0 41 17 50 5
1741 0 84 10 50 5
1742 0 77 3 50 5
1743 0 80 0 40 10
1744 0 61 5 50 5
1745 0 2 0 50 5
1746 0 31 0 40 10
1747 0 86 0 30 20
1748 0 92 0 30 20
1749 0 95 0 50 5
1750 0 79 0 40 10
1751 0 38 0 50 5
1752 0 95 0 50 5
1753 0 87 23 50 5
1754 0 96 0 30 20
1755 0 19 0 50 5
1756 0 92 6 50 5
1757 0 1 9 50 5
1758 0 40 23 30 20
1759 0 10 6 50 5
1760 0 41 5 50 5
1761 0 31 5 50 5
1762 0 43 5 50 5
1763 0 99 21 50 5
1764 0 1 0 30 20
1765 0 27 0 50 5
1766 0 74 23 40 10
1767 0 47 4 50 5
1768 0 34 11 30 20
1769 0 69 13 50 5
1770 0 11 20 30 20
1771 0 58 17 50 5
1772 0 28 4 50 5
1773 0 17 4 50 5
1774 0 86 10 50 5
1775 0 97 4 50 5
1776 0 80 1 50 5
1777 0 70 3 50 5
1778 0 60 9 40 10
1779 0 96 5 40 10
1780 0 43 12 50 5
1781 0 70 1 50 5
1782 0 90 13 40 10
1783 0 57 23 40 10
1784 0 99 13 30 20
1785 0 30 2 50 5
1786 0 37 17 30 20
1787 0 34 2 50 5
1788 0 26 6 50 5
1789 0 25 0 50 5
1790 0 2 0 50 5
1791 0 73 0 30 20
1792 0 7 9 50 5
1793 0 80 4 50 5
1794 0 21 0 50 5
1795 0 91 12 40 10
1796 0 29 4 40 10
1797 0 71 0 40 10
1798 0 60 0 50 5
1799 0 22 13 40 10
1800 0 65 13 50 5
1801 0 3 17 30 20
1802 0 57 10 50 5
1803 0 84 13 50 5
1804 0 96 10 40 10
1805 0 69 5 40 10
1806 0 97 7 50 5
1807 0 6 12 50 5
1808 0 46 5 50 5
1809 0 88 9 50 5
1810 0 82 8 40 10
1811 0 50 5 40 10
1812 0 28 8 50 5
1813 0 87 19 50 5
1814 0 76 11 30 20
1815 0 59 11 50 5
1816 0 74 0 50 5
1817 0 33 0 50 5
1818 0 6 20 50 5
1819 0 51 1 40 10
1820 0 16 17 50 5
1821 0 61 0 50 5
1822 0 77 20 50 5
1823 0 19 0 40 10
1824 0 40 0 40 10
1825 0 76 0 50 5
1826 0 48 0 50 5
1827 0 74 0 50 5
1828 0 47 19 40 10
1829 0 99 19 50 5
1830 0 61 16 50 5
1831 0 61 5 50 5
1832 0 68 7 50 5
1833 0 0 21 30 20
1834 0 93 2 50 5
1835 0 43 12 50 5
1836 0 23 7 50 5
1837 0 46 21 40 10
1838 0 89 21 50 5
1839 0 19 0 30 20
1840 0 9 16 50 5
1841 0 53 16 50 5
1842 0 9 4 40 10
1843 0 52 5 50 5
1844 0 26 16 50 5
1845 0 68 22 50 5
1846 0 27 22 50 5
1847 0 9 0 50 5
1848 0 40 22 40 10
1849 0 23 7 50 5
1850 0 92 0 40 10
1851 0 97 13 50 5
1852 0 95 9 50 5
1853 0 95 0 50 5
1854 0 18 18 40 10
1855 0 22 19 30 20
1856 0 89 6 50 5
1857 0 84 17 50 5
1858 0 30 0 50 5
1859 0 11 0 50 5
1860 0 7 4 40 10
1861 0 12 20 50 5
1862 0 19 3 50 5
1863 0 11 0 50 5
1864 0 35 15 40 10
1865 0 4 0 50 5
1866 0 43 2 50 5
1867 0 67 9 50 5
1868 0 17 21 50 5
1869 0 50 2 50 5
1870 0 5 0 50 5
1871 0 67 21 40 10
1872 0 22 16 30 20
1873 0 87 0 40 10
1874 0 29 0 40 10
1875 0 4 6 50 5
1876 0 9 4 50 5
1877 0 51 7 50 5
1878 0 83 4 40 10
1879 0 25 1 40 10
1880 0 32 0 50 5
1881 0 7 3 40 10
1882 0 2 11 50 5
1883 0 30 23 30 20
1884 0 18 12 30 20
1885 0 94 16 30 20
1886 0 24 0 50 5
1887 0 86 7 50 5
1888 0 20 0 40 10
1889 0 32 13 50 5
1890 0 36 17 50 5
1891 0 55 4 50 5
1892 0 24 20 30 20
1893 0 72 15 40 10
1894 0 72 5 50 5
1895 0 43 13 40 10
1896 0 95 0 40 10
1897 0 73 3 50 5
1898 0 8 17 50 5
1899 0 99 16 50 5
1900 0 53 3 40 10
1901 0 16 12 50 5
1902 0 4 6 50 5
1903 0 98 3 30 20
1904 0 8 1 30 20
1905 0 14 1 50 5
1906 0 51 1 50 5
1907 0 42 1 50 5
1908 0 83 18 50 5
1909 0 36 20 50 5
1910 0 99 16 30 20
1911 0 57 16 40 10
1912 0 12 15 50 5
1913 0 94 7 50 5
1914 0 30 23 50 5
1915 0 54 2 50 5
1916 0 69 22 50 5
1917 0 82 12 50 5
1918 0 94 0 40 10
1919 0 14 7 30 20
1920 0 58 9 50 5
1921 0 41 18 30 20
1922 0 25 0 50 5
1923 0 36 9 50 5
1924 0 50 13 50 5
1925 0 26 15 40 10
1926 0 55 0 50 5
1927 0 78 0 50 5
1928 0 90 9 50 5
1929 0 83 22 50 5
1930 0 12 11 50 5
1931 0 58 0 30 20
1932 0 71 0 50 5
1933 0 62 0 50 5
1934 0 69 6 30 20
1935 0 68 10 50 5
1936 0 72 6 30 20
1937 0 90 6 50 5
1938 0 85 11 50 5
1939 0 92 12 50 5
1940 0 1 14 40 10
1941 0 17 14 40 10
1942 0 80 6 50 5
1943 0 62 14 50 5
1944 0 87 6 50 5
1945 0 75 6 50 5
1946 0 71 10 50 5
1947 0 36 6 50 5
1948 0 8 20 40 10
1949 0 13 20 50 5
1950 0 32 20 50 5
1951 0 0 18 50 5
1952 0 68 18 30 20
1953 0 17 9 50 5
1954 0 85 9 50 5
1955 0 32 6 50 5
1956 0 67 19 40 10
1957 0 82 6 40 10
1958 0 67 14 40 10
1959 0 58 17 50 5
1960 0 12 15 50 5
1961 0 2 6 50 5
1962 0 56 6 50 5
1963 0 99 0 50 5
1964 0 57 8 40 10
1965 0 23 23 50 5
1966 0 8 5 40 10
1967 0 20 14 50 5
1968 0 38 2 50 5
1969 0 69 0 30 20
1970 0 61 2 50 5
1971 0 79 9 50 5
1972 0 66 6 50 5
1973 0 55 9 50 5
1974 0 69 0 50 5
1975 0 44 9 50 5
1976 0 49 15 50 5
1977 0 28 10 50 5
1978 0 43 0 50 5
1979 0 3 1 50 5
1980 0 94 0 40 10
1981 0 34 3 40 10
1982 0 52 3 50 5
1983 0 67 12 50 5
1984 0 31 12 50 5
1985 0 60 2 50 5
1986 0 41 13 50 5
1987 0 42 19 50 5
1988 0 79 23 50 5
1989 0 9 20 50 5
1990 0 80 17 40 10
1991 0 24 2 40 10
1992 0 51 2 50 5
1993 0 38 16 40 10
1994 0 99 3 40 10
1995 0 93 2 40 10
1996 0 51 2 50 5
1997 0 72 7 50 5
1998 0 50 3 50 5
1999 0 76 18 50 5
2000 0 38 9 50 5
2001 0 10 2 50 5
2002 0 39 2 40 10
2003 0 47 2 50 5
2004 0 37 2 30 20
2005 0 97 2 30 20
2006 0 93 19 40 10
2007 0 50 0 50 5
2008 0 88 0 50 5
2009 0 61 23 50 5
2010 0 90 15 50 5
2011 0 72 23 50 5
2012 0 16 6 50 5
2013 0 93 19 50 5
2014 0 7 9 30 20
2015 0 99 10 50 5
2016 0 89 15 40 10
2017 0 89 6 50 5
2018 0 72 6 50 5
2019 0 54 11 50 5
2020 0 51 7 40 10
2021 0 1 6 50 5
2022 0 31 21 40 10
2023 0 98 6 50 5
2024 0 66 12 50 5
2025 0 30 0 40 10
2026 0 97 11 50 5
2027 0 12 14 50 5
2028 0 80 14 50 5
2029 0 46 0 30 20
2030 0 86 13 50 5
2031 0 7 9 30 20
2032 0 0 6 50 5
2033 0 93 0 50 5
2034 0 12 0 50 5
2035 0 83 15 40 10
2036 0 33 5 50 5
2037 0 77 0 50 5
2038 0 28 17 30 20
2039 0 35 1 30 20
2040 0 97 11 50 5
2041 0 9 10 50 5
2042 0 8 14 30 20
2043 0 60 10 50 5
2044 0 88 10 50 5
2045 0 74 13 50 5
2046 0 66 4 50 5
2047 0 94 23 50 5
2048 0 9 15 40 10
2049 0 7 1 40 10
2050 0 88 23 40 10
2051 0 31 23 50 5
2052 0 13 16 50 5
2053 0 99 1 50 5
2054 0 19 11 50 5
2055 0 62 3 50 5
2056 0 91 21 50 5
2057 0 49 17 50 5
2058 0 66 19 50 5
2059 0 37 5 50 5
2060 0 39 1 40 10
2061 0 27 1 50 5
2062 0 55 1 40 10
2063 0 12 10 40 10
2064 0 33 1 50 5
2065 0 83 1 30 20
2066 0 82 9 50 5
2067 0 93 9 40 10
2068 0 50 6 50 5
2069 0 65 6 50 5
2070 0 87 6 40 10
2071 0 61 12 30 20
2072 0 6 1 40 10
2073 0 79 1 50 5
2074 0 59 13 30 20
2075 0 47 5 40 10
2076 0 64 17 40 10
2077 0 12 19 50 5
2078 0 70 6 40 10
2079 0 24 21 50 5
2080 0 66 10 50 5
2081 0 7 16 50 5
2082 0 34 13 50 5
2083 0 29 14 50 5
2084 0 97 8 50 5
2085 0 93 15 50 5
2086 0 55 11 50 5
2087 0 69 8 30 20
2088 0 30 8 50 5
2089 0 63 4 50 5
2090 0 21 4 50 5
2091 0 42 4 40 10
2092 0 84 0 30 20
2093 0 37 0 50 5
2094 0 84 17 50 5
2095 0 72 10 30 20
2096 0 86 4 50 5
2097 0 15 10 40 10
2098 0 78 7 50 5
2099 0 26 22 30 20
2100 0 66 0 40 10
2101 0 67 22 50 5
2102 0 41 22 30 20
2103 0 36 12 50 5
2104 0 26 14 50 5
2105 0 63 16 50 5
2106 0 5 12 50 5
2107 0 27 15 50 5
2108 0 91 6 40 10
2109 0 87 12 50 5
2110 0 5 5 50 5
2111 0 67 21 40 10
2112 0 1 5 50 5
2113 0 96 10 40 10
2114 0 2 22 30 20
2115 0 81 5 50 5
2116 0 8 5 40 10
2117 0 42 5 40 10
2118 0 81 0 40 10
2119 0 62 11 50 5
2120 0 43 6 50 5
2121 0 4 4 50 5
2122 0 9 7 40 10
2123 0 89 11 50 5
2124 0 32 2 50 5
2125 0 98 4 30 20
2126 0 71 5 30 20
2127 0 24 14 50 5
2128 0 67 2 50 5
2129 0 41 23 50 5
2130 0 65 12 50 5
2131 0 23 21 40 10
2132 0 15 12 50 5
2133 0 74 12 50 5
2134 0 22 5 30 20
2135 0 98 23 40 10
2136 0 10 21 30 20
2137 0 77 5 50 5
2138 0 67 5 50 5
2139 0 39 4 50 5
2140 0 9 4 40 10
2141 0 1 19 50 5
2142 0 50 9 50 5
2143 0 69 1 40 10
2144 0 66 1 40 10
2145 0 97 2 50 5
2146 0 32 21 40 10
2147 0 38 18 50 5
2148 0 11 5 50 5
2149 0 71 4 30 20
2150 0 52 4 40 10
2151 0 99 4 30 20
2152 0 55 4 50 5
2153 0 42 4 40 10
2154 0 33 21 50 5
2155 0 98 8 50 5
2156 0 13 8 50 5
2157 0 64 8 30 20
2158 0 40 20 50 5
2159 0 48 8 50 5
2160 0 39 8 50 5
2161 0 1 6 50 5
2162 0 10 6 50 5
2163 0 4 17 50 5
2164 0 32 23 50 5
2165 0 23 23 50 5
2166 0 16 13 50 5
2167 0 8 22 40 10
2168 0 87 4 50 5
2169 0 61 15 50 5
2170 0 12 4 50 5
2171 0 50 19 40 10
2172 0 54 14 50 5
2173 0 84 4 50 5
2174 0 16 4 50 5
2175 0 50 4 50 5
2176 0 6 23 50 5
2177 0 35 22 50 5
2178 0 37 21 40 10
2179 0 40 1 50 5
2180 0 53 1 50 5
2181 0 94 19 50 5
2182 0 40 12 50 5
2183 0 86 1 30 20
2184 0 43 8 50 5
2185 0 39 1 50 5
2186 0 54 7 40 10
2187 0 70 15 40 10
2188 0 49 10 50 5
2189 0 14 3 30 20
2190 0 4 1 30 20
2191 0 83 1 50 5
2192 0 68 1 40 10
2193 0 90 18 50 5
2194 0 28 8 50 5
2195 0 1 8 50 5
2196 0 84 23 50 5
2197 0 35 8 50 5
2198 0 41 2 40 10
2199 0 45 8 50 5
2200 0 10 21 50 5
2201 0 91 6 50 5
2202 0 24 10 40 10
2203 0 90 18 50 5
2204 0 11 2 40 10
2205 0 25 16 40 10
2206 0 59 19 40 10
2207 0 71 4 40 10
2208 0 67 13 50 5
2209 0 25 5 50 5
2210 0 86 3 50 5
2211 0 22 3 50 5
2212 0 12 2 30 20
2213 0 93 2 40 10
2214 0 29 18 50 5
2215 0 34 23 40 10
2216 0 91 14 50 5
2217 0 8 2 50 5
2218 0 65 21 50 5
2219 0 52 2 50 5
2220 0 63 2 40 10
2221 0 65 0 40 10
2222 0 16 8 40 10
2223 0 79 19 40 10
2224 0 37 1 40 10
2225 0 57 7 30 20
2226 0 34 21 30 20
2227 0 6 5 30 20
2228 0 31 5 50 5
2229 0 72 20 40 10
2230 0 36 5 50 5
2231 0 62 5 50 5
2232 0 45 16 40 10
2233 0 81 7 40 10
2234 0 58 5 50 5
2235 0 60 12 50 5
2236 0 98 5 40 10
2237 0 45 20 50 5
2238 0 87 23 50 5
2239 0 81 5 50 5
2240 0 91 5 50 5
2241 0 9 14 30 20
2242 0 87 20 50 5
2243 0 37 9 50 5
2244 0 49 2 50 5
2245 0 90 6 40 10
2246 0 93 2 50 5
2247 0 91 18 50 5
2248 0 9 2 50 5
2249 0 54 2 50 5
2250 0 68 2 50 5
2251 0 40 2 50 5
2252 0 54 2 50 5
2253 0 24 11 50 5
2254 0 1 14 50 5
2255 0 65 5 30 20
2256 0 85 5 40 10
2257 0 94 23 50 5
2258 0 89 5 50 5
2259 0 24 7 50 5
2260 0 79 0 50 5
2261 0 55 0 50 5
2262 0 23 0 50 5
2263 0 44 0 30 20
2264 0 70 21 40 10
2265 0 87 7 40 10
2266 0 91 0 50 5
2267 0 58 6 40 10
2268 0 82 0 50 5
2269 0 90 1 50 5
2270 0 37 13 50 5
2271 0 88 10 50 5
2272 0 52 10 50 5
2273 0 88 10 50 5
2274 0 78 3 50 5
2275 0 45 16 50 5
2276 0 2 3 30 20
2277 0 72 23 50 5
2278 0 53 3 50 5
2279 0 75 15 50 5
2280 0 93 14 50 5
2281 0 78 9 50 5
2282 0 98 21 40 10
2283 0 10 21 50 5
2284 0 34 7 50 5
2285 0 91 7 50 5
2286 0 23 7 50 5
2287 0 77 7 50 5
2288 0 43 7 50 5
2289 0 88 7 40 10
2290 0 2 16 30 20
2291 0 72 0 30 20
2292 0 37 16 50 5
2293 0 3 0 50 5
2294 0 1 1 40 10
2295 0 23 17 50 5
2296 0 3 3 40 10
2297 0 86 3 50 5
2298 0 64 12 50 5
2299 0 70 4 50 5
2300 0 88 20 50 5
2301 0 10 10 40 10
2302 0 14 22 50 5
2303 0 53 4 50 5
2304 0 11 17 50 5
2305 0 15 3 40 10
2306 0 4 3 50 5
2307 0 67 1 50 5
2308 0 16 21 50 5
2309 0 52 1 50 5
2310 0 73 22 50 5
2311 0 23 5 50 5
2312 0 20 5 50 5
2313 0 53 10 50 5
2314 0 98 14 40 10
2315 0 67 14 50 5
2316 0 36 14 40 10
2317 0 98 16 30 20
2318 0 33 12 30 20
2319 0 57 12 30 20
2320 0 30 21 50 5
2321 0 77 0 50 5
2322 0 52 2 50 5
2323 0 52 0 50 5
2324 0 1 0 50 5
2325 0 55 0 50 5
2326 0 61 9 50 5
2327 0 47 4 50 5
2328 0 23 4 50 5
2329 0 75 12 50 5
2330 0 80 16 50 5
2331 0 87 4 50 5
2332 0 93 4 50 5
2333 0 31 4 30 20
2334 0 37 4 50 5
2335 0 9 4 40 10
2336 0 27 18 50 5
2337 0 48 11 50 5
2338 0 57 3 40 10
2339 0 83 3 50 5
2340 0 75 12 30 20
2341 0 5 13 30 20
2342 0 6 13 50 5
2343 0 44 10 50 5
2344 0 33 16 40 10
2345 0 47 23 40 10
2346 0 63 10 50 5
2347 0 12 19 50 5
2348 0 26 23 40 10
2349 0 30 18 50 5
2350 0 58 10 50 5
2351 0 82 5 50 5
2352 0 28 5 40 10
2353 0 62 1 40 10
2354 0 14 6 40 10
2355 0 62 4 50 5
2356 0 43 6 50 5
2357 0 35 11 50 5
2358 0 25 2 50 5
2359 0 72 3 50 5
2360 0 65 2 40 10
2361 0 63 15 30 20
2362 0 96 2 40 10
2363 0 70 4 50 5
2364 0 47 10 40 10
2365 0 22 12 50 5
2366 0 88 2 40 10
2367 0 91 2 50 5
2368 0 13 23 40 10
2369 0 66 20 50 5
2370 0 71 20 50 5
2371 0 72 0 50 5
2372 0 20 5 50 5
2373 0 62 14 50 5
2374 0 69 0 50 5
2375 0 77 14 40 10
2376 0 64 12 50 5
2377 0 49 0 40 10
2378 0 32 2 40 10
2379 0 26 21 50 5
2380 0 96 9 50 5
2381 0 81 9 30 20
2382 0 40 14 50 5
2383 0 83 5 50 5
2384 0 2 5 50 5
2385 0 36 6 50 5
2386 0 39 4 50 5
2387 0 58 19 30 20
2388 0 69 23 40 10
2389 0 61 4 40 10
2390 0 55 16 50 5
2391 0 89 7 50 5
2392 0 22 15 50 5
2393 0 94 12 50 5
2394 0 66 4 50 5
2395 0 78 22 50 5
2396 0 18 10 50 5
2397 0 83 3 50 5
2398 0 5 22 50 5
2399 0 26 13 50 5
2400 0 38 3 50 5
2401 0 76 7 40 10
2402 0 62 7 50 5
2403 0 68 19 50 5
2404 0 16 21 50 5
2405 0 30 5 50 5
2406 0 60 5 40 10
2407 0 81 22 50 5
2408 0 73 22 50 5
2409 0 20 22 50 5
2410 0 80 22 50 5
2411 0 13 8 50 5
2412 0 94 7 40 10
2413 0 75 7 50 5
2414 0 18 13 40 10
2415 0 8 7 40 10
2416 0 72 21 50 5
2417 0 90 7 30 20
2418 0 27 7 50 5
2419 0 60 6 50 5
2420 0 24 9 40 10
2421 0 31 9 50 5
2422 0 90 17 50 5
2423 0 80 13 50 5
2424 0 36 5 30 20
2425 0 46 18 50 5
2426 0 34 5 40 10
2427 0 14 5 50 5
2428 0 64 11 50 5
2429 0 67 14 40 10
2430 0 53 5 50 5
2431 0 82 5 50 5
2432 0 8 5 50 5
2433 0 88 5 40 10
2434 0 3 19 30 20
2435 0 38 2 50 5
2436 0 28 2 40 10
2437 0 33 16 50 5
2438 0 36 10 40 10
2439 0 87 2 50 5
2440 0 61 9 50 5
2441 0 92 20 50 5
2442 0 44 2 50 5
2443 0 66 2 40 10
2444 0 71 2 50 5
2445 0 57 12 30 20
2446 0 49 13 40 10
2447 0 48 16 40 10
2448 0 96 13 50 5
2449 0 32 18 50 5
2450 0 24 7 40 10
2451 0 88 7 50 5
2452 0 50 8 50 5
2453 0 90 7 40 10
2454 0 46 7 50 5
2455 0 40 7 50 5
2456 0 33 5 40 10
2457 0 55 18 40 10
2458 0 57 13 30 20
2459 0 95 10 50 5
2460 0 62 5 30 20
2461 0 27 5 50 5
2462 0 41 5 50 5
2463 0 24 5 30 20
2464 0 4 1 40 10
2465 0 12 18 50 5
2466 0 51 22 50 5
2467 0 28 10 50 5
2468 0 50 13 50 5
2469 0 45 12 50 5
2470 0 89 15 50 5
2471 0 63 20 50 5
2472 0 74 1 50 5
2473 0 7 7 40 10
2474 0 51 2 50 5
2475 0 75 17 40 10
2476 0 15 1 30 20
2477 0 75 0 50 5
2478 0 36 2 50 5
2479 0 34 13 40 10
2480 0 82 19 30 20
2481 0 50 13 40 10
2482 0 59 21 50 5
2483 0 88 21 50 5
2484 0 6 6 50 5
2485 0 80 0 50 5
2486 0 13 2 50 5
2487 0 57 12 30 20
2488 0 95 0 40 10
2489 0 69 0 50 5
2490 0 74 2 50 5
2491 0 0 18 50 5
2492 0 62 3 50 5
2493 0 98 3 50 5
2494 0 62 3 30 20
2495 0 90 12 50 5
2496 0 94 3 40 10
2497 0 65 4 30 20
2498 0 3 19 50 5
2499 0 30 3 50 5
2500 0 45 9 50 5
2501 0 87 11 50 5
2502 0 88 11 50 5
2503 0 79 3 40 10
2504 0 62 10 50 5
2505 0 24 21 50 5
2506 0 94 5 50 5
2507 0 63 11 50 5
2508 0 36 4 50 5
2509 0 82 3 40 10
2510 0 38 3 50 5
2511 0 33 20 40 10
2512 0 44 13 50 5
2513 0 25 13 50 5
2514 0 99 6 50 5
2515 0 30 14 50 5
2516 0 55 20 40 10
2517 0 6 14 50 5
2518 0 47 18 50 5
2519 0 52 18 50 5
2520 0 14 3 50 5
2521 0 9 6 50 5
2522 0 2 12 40 10
2523 0 29 9 50 5
2524 0 7 7 30 20
2525 0 6 3 50 5
2526 0 98 3 40 10
2527 0 70 2 40 10
2528 0 30 11 50 5
2529 0 50 4 50 5
2530 0 12 15 50 5
2531 0 84 3 40 10
2532 0 66 2 50 5
2533 0 44 22 30 20
2534 0 64 2 50 5
2535 0 94 2 50 5
2536 0 22 12 50 5
2537 0 87 21 50 5
2538 0 43 11 30 20
2539 0 93 11 50 5
2540 0 59 6 40 10
2541 0 38 6 50 5
2542 0 81 18 50 5
2543 0 2 6 40 10
2544 0 32 4 50 5
2545 0 41 19 40 10
2546 0 88 19 40 10
2547 0 49 13 30 20
2548 0 15 10 50 5
2549 0 65 0 50 5
2550 0 11 22 40 10
2551 0 69 0 50 5
2552 0 62 8 30 20
2553 0 0 0 30 20
2554 0 78 0 50 5
2555 0 42 0 40 10
2556 0 67 7 30 20
2557 0 53 4 50 5
2558 0 48 0 30 20
2559 0 1 0 50 5
2560 0 64 3 50 5
2561 0 49 15 40 10
2562 0 9 15 30 20
2563 0 17 18 30 20
2564 0 59 18 40 10
2565 0 54 5 50 5
2566 0 92 17 40 10
2567 0 84 19 50 5
2568 0 10 5 50 5
2569 0 42 15 50 5
2570 0 13 7 30 20
2571 0 13 22 50 5
2572 0 17 1 50 5
2573 0 1 16 30 20
2574 0 47 2 50 5
2575 0 22 21 50 5
2576 0 30 1 50 5
2577 0 0 1 40 10
2578 0 36 10 30 20
2579 0 71 17 50 5
2580 0 35 1 50 5
2581 0 22 5 40 10
2582 0 92 12 50 5
2583 0 89 12 30 20
2584 0 53 12 50 5
2585 0 91 12 50 5
2586 0 75 17 40 10
2587 0 97 15 50 5
2588 0 79 1 50 5
2589 0 98 13 30 20
2590 0 45 19 40 10
2591 0 43 21 50 5
2592 0 81 2 50 5
2593 0 1 11 40 10
2594 0 14 21 40 10
2595 0 10 11 50 5
2596 0 96 12 50 5
2597 0 87 15 40 10
2598 0 10 22 30 20
2599 0 43 20 30 20
2600 0 98 13 50 5
2601 0 19 15 50 5
2602 0 79 11 50 5
2603 0 75 11 30 20
2604 0 80 11 30 20
2605 0 5 19 40 10
2606 0 51 20 50 5
2607 0 36 2 50 5
2608 0 88 3 50 5
2609 0 49 2 50 5
2610 0 32 18 50 5
2611 0 30 18 50 5
2612 0 38 5 50 5
2613 0 29 5 50 5
2614 0 91 17 40 10
2615 0 2 5 40 10
2616 0 79 5 40 10
2617 0 52 18 50 5
2618 0 83 17 50 5
2619 0 62 14 40 10
2620 0 48 5 50 5
2621 0 59 5 50 5
2622 0 88 13 40 10
2623 0 7 2 50 5
2624 0 18 2 30 20
2625 0 61 12 50 5
2626 0 97 12 50 5
2627 0 34 12 50 5
2628 0 91 3 50 5
2629 0 86 7 50 5
2630 0 48 3 50 5
2631 0 73 21 50 5
2632 0 25 3 30 20
2633 0 74 17 50 5
2634 0 12 3 40 10
2635 0 83 6 40 10
2636 0 46 3 40 10
2637 0 98 3 40 10
2638 0 43 22 30 20
2639 0 98 20 30 20
2640 0 31 19 50 5
2641 0 23 3 40 10
2642 0 93 22 40 10
2643 0 31 16 40 10
2644 0 6 23 40 10
2645 0 4 7 50 5
2646 0 94 21 50 5
2647 0 81 18 50 5
2648 0 22 2 50 5
2649 0 70 2 50 5
2650 0 14 14 50 5
2651 0 69 2 30 20
2652 0 79 13 50 5
2653 0 56 2 30 20
2654 0 36 2 50 5
2655 0 14 2 50 5
2656 0 51 3 40 10
2657 0 18 5 50 5
2658 0 60 5 50 5
2659 0 49 11 50 5
2660 0 86 11 50 5
2661 0 53 21 50 5
2662 0 40 22 30 20
2663 0 54 22 40 10
2664 0 42 9 50 5
2665 0 66 9 40 10
2666 0 24 0 50 5
2667 0 84 10 50 5
2668 0 67 20 50 5
2669 0 40 10 30 20
2670 0 64 18 50 5
2671 0 68 1 50 5
2672 0 15 18 50 5
2673 0 93 18 50 5
2674 0 55 15 40 10
2675 0 60 19 50 5
2676 0 52 11 50 5
2677 0 39 13 40 10
2678 0 15 9 50 5
2679 0 74 23 30 20
2680 0 26 21 50 5
2681 0 28 21 50 5
2682 0 2 21 50 5
2683 0 70 0 40 10
2684 0 67 5 40 10
2685 0 54 0 50 5
2686 0 1 19 50 5
2687 0 22 12 50 5
2688 0 3 21 50 5
2689 0 74 16 30 20
2690 0 71 20 30 20
2691 0 49 16 40 10
2692 0 1 11 50 5
2693 0 81 5 50 5
2694 0 58 5 30 20
2695 0 78 5 50 5
2696 0 60 12 50 5
2697 0 26 14 50 5
2698 0 48 3 50 5
2699 0 86 16 50 5
2700 0 83 11 50 5
2701 0 45 16 50 5
2702 0 79 21 50 5
2703 0 1 12 50 5
2704 0 62 1 50 5
2705 0 22 19 40 10
2706 0 79 9 30 20
2707 0 69 18 30 20
2708 0 22 1 50 5
2709 0 28 1 50 5
2710 0 14 4 50 5
2711 0 69 11 50 5
2712 0 81 20 50 5
2713 0 76 3 50 5
2714 0 23 0 50 5
2715 0 34 11 50 5
2716 0 34 0 40 10
2717 0 88 0 50 5
2718 0 88 3 50 5
2719 0 45 5 40 10
2720 0 86 5 50 5
2721 0 66 5 30 20
2722 0 76 4 30 20
2723 0 1 4 50 5
2724 0 28 19 30 20
2725 0 72 19 50 5
2726 0 60 12 50 5
2727 0 51 12 50 5
2728 0 85 5 50 5
2729 0 33 11 50 5
2730 0 90 7 40 10
2731 0 20 7 50 5
2732 0 72 5 50 5
2733 0 94 1 50 5
2734 0 50 2 50 5
2735 0 60 17 50 5
2736 0 71 12 50 5
2737 0 89 13 40 10
2738 0 39 1 50 5
2739 0 52 1 50 5
2740 0 42 0 50 5
2741 0 51 0 50 5
2742 0 68 10 50 5
2743 0 57 1 40 10
2744 0 7 1 50 5
2745 0 72 1 30 20
2746 0 38 5 40 10
2747 0 47 1 50 5
2748 0 24 1 30 20
2749 0 41 19 50 5
2750 0 8 11 50 5
2751 0 32 12 50 5
2752 0 75 15 50 5
2753 0 11 2 50 5
2754 0 97 18 40 10
2755 0 66 1 50 5
2756 0 51 19 40 10
2757 0 23 15 50 5
2758 0 25 16 50 5
2759 0 53 15 50 5
2760 0 38 15 50 5
2761 0 76 6 50 5
2762 0 74 3 50 5
2763 0 67 0 50 5
2764 0 84 0 50 5
2765 0 64 0 40 10
2766 0 45 0 50 5
2767 0 82 4 40 10
2768 0 66 0 50 5
2769 0 18 11 50 5
2770 0 86 11 40 10
2771 0 87 4 50 5
2772 0 20 4 50 5
2773 0 77 13 30 20
2774 0 64 15 50 5
2775 0 31 7 40 10
2776 0 34 4 50 5
2777 0 44 20 50 5
2778 0 66 8 30 20
2779 0 80 14 40 10
2780 0 85 7 50 5
2781 0 71 19 50 5
2782 0 63 1 50 5
2783 0 39 4 50 5
2784 0 74 2 50 5
2785 0 97 14 50 5
2786 0 8 1 50 5
2787 0 94 4 50 5
2788 0 1 1 30 20
2789 0 75 2 50 5
2790 0 81 0 50 5
2791 0 78 0 50 5
2792 0 15 6 40 10
2793 0 27 6 50 5
2794 0 62 6 30 20
2795 0 18 14 50 5
2796 0 70 16 50 5
2797 0 82 0 50 5
2798 0 6 11 50 5
2799 0 7 9 50 5
2800 0 65 18 50 5
2801 0 30 17 50 5
2802 0 12 13 50 5
2803 0 92 13 50 5
2804 0 84 9 50 5
2805 0 56 6 50 5
2806 0 33 6 50 5
2807 0 5 6 40 10
2808 0 10 19 50 5
2809 0 99 3 30 20
2810 0 69 4 50 5
2811 0 95 3 50 5
2812 0 70 3 40 10
2813 0 48 18 50 5
2814 0 43 3 50 5
2815 0 62 15 50 5
2816 0 54 8 50 5
2817 0 40 8 50 5
2818 0 64 15 30 20
2819 0 95 11 50 5
2820 0 41 11 50 5
2821 0 55 19 50 5
2822 0 53 12 40 10
2823 0 19 15 50 5
2824 0 49 8 50 5
2825 0 17 8 50 5
2826 0 76 2 50 5
2827 0 70 2 50 5
2828 0 85 4 50 5
2829 0 72 3 50 5
2830 0 87 2 40 10
2831 0 77 2 30 20
2832 0 49 21 50 5
2833 0 97 7 50 5
2834 0 9 13 50 5
2835 0 17 23 50 5
2836 0 52 17 50 5
2837 0 2 15 30 20
2838 0 75 13 40 10
2839 0 19 8 50 5
2840 0 54 21 50 5
2841 0 66 5 50 5
2842 0 32 7 50 5
2843 0 57 5 30 20
2844 0 85 2 50 5
2845 0 18 15 50 5
2846 0 22 19 50 5
2847 0 3 13 50 5
2848 0 60 13 50 5
2849 0 17 13 50 5
2850 0 6 14 50 5
2851 0 26 3 30 20
2852 0 76 3 50 5
2853 0 47 3 50 5
2854 0 6 7 30 20
2855 0 61 7 50 5
2856 0 27 1 40 10
2857 0 67 11 50 5
2858 0 30 17 50 5
2859 0 2 13 40 10
2860 0 34 1 40 10
2861 0 96 20 50 5
2862 0 29 12 50 5
2863 0 56 11 30 20
2864 0 50 20 50 5
2865 0 27 1 50 5
2866 0 5 1 40 10
2867 0 91 22 50 5
2868 0 10 1 30 20
2869 0 93 1 50 5
2870 0 3 1 40 10
2871 0 96 11 40 10
2872 0 57 1 50 5
2873 0 90 20 50 5
2874 0 18 1 50 5
2875 0 66 22 50 5
2876 0 59 17 40 10
2877 0 27 1 40 10
2878 0 72 1 50 5
2879 0 39 3 50 5
2880 0 30 3 40 10
2881 0 79 1 30 20
2882 0 25 16 40 10
2883 0 91 12 50 5
2884 0 69 8 50 5
2885 0 41 5 40 10
2886 0 92 1 50 5
2887 0 19 6 50 5
2888 0 0 1 50 5
2889 0 8 18 50 5
2890 0 24 5 50 5
2891 0 14 1 30 20
2892 0 88 19 40 10
2893 0 12 1 50 5
2894 0 58 1 40 10
2895 0 99 23 50 5
2896 0 87 11 50 5
2897 0 0 11 40 10
2898 0 28 20 50 5
2899 0 60 11 50 5
2900 0 89 11 30 20
2901 0 86 5 50 5
2902 0 62 22 40 10
2903 0 32 11 50 5
2904 0 73 5 50 5
2905 0 87 9 50 5
2906 0 66 2 50 5
2907 0 97 2 40 10
2908 0 4 2 50 5
2909 0 49 2 50 5
2910 0 19 12 50 5
2911 0 71 12 50 5
2912 0 50 12 40 10
2913 0 87 12 50 5
2914 0 68 19 40 10
2915 0 40 16 30 20
2916 0 24 1 30 20
2917 0 53 7 40 10
2918 0 61 0 50 5
2919 0 32 7 40 10
2920 0 28 4 50 5
2921 0 84 17 40 10
2922 0 49 22 50 5
2923 0 69 0 50 5
2924 0 71 8 50 5
2925 0 27 10 50 5
2926 0 86 3 40 10
2927 0 31 0 50 5
2928 0 6 3 50 5
2929 0 13 3 50 5
2930 0 69 3 50 5
2931 0 59 3 50 5
2932 0 13 23 50 5
2933 0 71 9 50 5
2934 0 67 1 40 10
2935 0 4 1 50 5
2936 0 6 23 50 5
2937 0 74 1 50 5
2938 0 45 5 50 5
2939 0 78 14 50 5
2940 0 35 15 50 5
2941 0 53 23 30 20
2942 0 69 12 50 5
2943 0 80 4 50 5
2944 0 47 16 50 5
2945 0 91 23 50 5
2946 0 51 9 30 20
2947 0 46 14 50 5
2948 0 73 2 50 5
2949 0 43 12 50 5
2950 0 78 2 50 5
2951 0 52 3 50 5
2952 0 13 3 50 5
2953 0 41 3 50 5
2954 0 36 3 50 5
2955 0 63 3 50 5
2956 0 32 7 50 5
2957 0 34 7 30 20
2958 0 48 18 50 5
2959 0 1 18 50 5
2960 0 27 18 50 5
2961 0 64 19 50 5
2962 0 89 17 50 5
2963 0 44 15 50 5
2964 0 65 13 50 5
2965 0 10 11 50 5
2966 0 32 12 40 10
2967 0 67 2 40 10
2968 0 66 2 50 5
2969 0 71 11 40 10
2970 0 27 2 50 5
2971 0 67 2 50 5
2972 0 83 21 50 5
2973 0 29 10 50 5
2974 0 45 6 30 20
2975 0 20 12 50 5
2976 0 19 12 50 5
2977 0 40 12 50 5
2978 0 17 12 50 5
2979 0 49 4 50 5
2980 0 81 17 50 5
2981 0 3 9 50 5
2982 0 36 22 30 20
2983 0 14 17 50 5
2984 0 86 5 50 5
2985 0 96 5 50 5
2986 0 3 10 50 5
2987 0 76 5 30 20
2988 0 31 13 50 5
2989 0 25 5 50 5
2990 0 52 12 50 5
2991 0 8 5 50 5
2992 0 74 5 50 5
2993 0 46 0 50 5
2994 0 27 8 50 5
2995 0 21 21 50 5
2996 0 81 12 40 10
2997 0 48 11 40 10
2998 0 49 0 50 5
2999 0 65 20 50 5
3000 0 26 20 50 5
3001 0 79 2 50 5
3002 0 66 4 50 5
3003 0 1 0 50 5
3004 0 45 21 50 5
3005 0 72 20 50 5
3006 0 0 0 50 5
3007 0 12 6 40 10
3008 0 93 15 30 20
3009 0 71 23 50 5
3010 0 40 17 50 5
3011 0 93 12 50 5
3012 0 42 1 40 10
3013 0 58 1 50 5
3014 0 51 10 50 5
3015 0 65 8 50 5
3016 0 44 14 50 5
3017 0 98 4 50 5
3018 0 31 1 30 20
3019 0 62 22 30 20
3020 0 66 3 50 5
3021 0 12 1 50 5
3022 0 54 13 50 5
3023 0 27 9 50 5
3024 0 19 11 50 5
3025 0 76 1 50 5
3026 0 98 5 50 5
3027 0 90 17 30 20
3028 0 12 11 50 5
3029 0 62 23 50 5
3030 0 99 13 30 20
3031 0 77 21 50 5
3032 0 48 23 50 5
3033 0 65 12 50 5
3034 0 36 1 40 10
3035 0 74 16 50 5
3036 0 90 18 50 5
3037 0 62 11 50 5
3038 0 36 22 50 5
3039 0 97 1 50 5
3040 0 40 8 50 5
3041 0 56 20 30 20
3042 0 65 16 50 5
3043 0 57 1 50 5
3044 0 68 1 50 5
3045 0 20 6 50 5
3046 0 3 3 50 5
3047 0 91 5 50 5
3048 0 26 16 50 5
3049 0 11 0 40 10
3050 0 99 0 50 5
3051 0 34 0 50 5
3052 0 52 18 40 10
3053 0 72 10 30 20
3054 0 69 11 30 20
3055 0 55 6 30 20
3056 0 79 23 50 5
3057 0 31 6 50 5
3058 0 13 4 30 20
3059 0 4 12 50 5
3060 0 97 4 30 20
3061 0 87 14 50 5
3062 0 10 22 30 20
3063 0 73 13 40 10
3064 0 67 16 40 10
3065 0 70 1 50 5
3066 0 5 12 50 5
3067 0 63 5 40 10
3068 0 24 1 50 5
3069 0 69 16 50 5
3070 0 60 22 50 5
3071 0 73 6 50 5
3072 0 31 16 50 5
3073 0 53 10 50 5
3074 0 4 10 50 5
3075 0 28 7 40 10
3076 0 70 7 50 5
3077 0 30 7 40 10
3078 0 26 7 50 5
3079 0 19 3 40 10
3080 0 23 22 50 5
3081 0 90 3 50 5
3082 0 59 6 50 5
3083 0 78 3 50 5
3084 0 59 14 30 20
3085 0 99 14 50 5
3086 0 43 19 50 5
3087 0 74 6 50 5
3088 0 86 16 50 5
3089 0 42 2 50 5
3090 0 79 2 40 10
3091 0 47 4 40 10
3092 0 86 0 50 5
3093 0 65 0 50 5
3094 0 40 0 50 5
3095 0 12 0 40 10
3096 0 53 0 40 10
3097 0 77 3 50 5
3098 0 37 23 50 5
3099 0 87 0 50 5
3100 0 48 0 50 5
3101 0 16 4 50 5
3102 0 44 4 30 20
3103 0 8 3 50 5
3104 0 86 13 50 5
3105 0 67 2 40 10
3106 0 69 2 50 5
3107 0 65 9 50 5
3108 0 45 5 50 5
3109 0 44 2 50 5
3110 0 92 18 50 5
3111 0 95 8 50 5
3112 0 42 8 50 5
3113 0 48 1 40 10
3114 0 73 1 50 5
3115 0 23 3 50 5
3116 0 39 1 40 10
3117 0 42 9 50 5
3118 0 60 19 50 5
3119 0 18 1 30 20
3120 0 75 11 50 5
3121 0 4 9 50 5
3122 0 83 14 30 20
3123 0 2 1 40 10
3124 0 27 4 50 5
3125 0 45 19 30 20
3126 0 36 4 50 5
3127 0 64 19 50 5
3128 0 73 4 50 5
3129 0 78 4 50 5
3130 0 78 14 50 5
3131 0 53 7 40 10
3132 0 58 16 50 5
3133 0 98 7 50 5
3134 0 8 7 50 5
3135 0 28 12 40 10
3136 0 29 5 40 10
3137 0 33 3 40 10
3138 0 58 9 50 5
3139 0 91 3 50 5
3140 0 44 17 40 10
3141 0 64 5 40 10
3142 0 42 21 50 5
3143 0 21 18 50 5
3144 0 58 1 50 5
3145 0 21 6 40 10
3146 0 40 17 50 5
3147 0 51 23 50 5
3148 0 73 18 50 5
3149 0 95 6 50 5
3150 0 15 5 50 5
3151 0 30 22 40 10
3152 0 76 10 40 10
3153 0 21 20 50 5
3154 0 51 20 40 10
3155 0 55 4 40 10
3156 0 85 4 40 10
3157 0 95 2 50 5
3158 0 81 10 50 5
3159 0 67 4 30 20
3160 0 47 2 50 5
3161 0 92 2 40 10
3162 0 71 2 50 5
3163 0 36 2 40 10
3164 0 58 16 50 5
3165 0 24 21 50 5
3166 0 58 7 30 20
3167 0 21 8 40 10
3168 0 61 8 50 5
3169 0 90 14 50 5
3170 0 16 18 40 10
3171 0 35 11 50 5
3172 0 69 21 40 10
3173 0 4 13 40 10
3174 0 47 16 40 10
3175 0 53 1 50 5
3176 0 0 1 50 5
3177 0 55 4 30 20
3178 0 70 18 50 5
3179 0 16 3 30 20
3180 0 67 6 30 20
3181 0 51 20 50 5
3182 0 84 13 40 10
3183 0 24 2 50 5
3184 0 28 2 50 5
3185 0 19 2 50 5
3186 0 15 2 50 5
3187 0 83 15 50 5
3188 0 90 2 50 5
3189 0 24 18 40 10
3190 0 62 2 50 5
3191 0 42 14 40 10
3192 0 93 18 30 20
3193 0 78 7 50 5
3194 0 34 5 50 5
3195 0 11 11 50 5
3196 0 38 11 50 5
3197 0 23 19 50 5
3198 0 9 11 50 5
3199 0 87 11 50 5
3200 0 9 10 50 5
3201 0 56 19 50 5
3202 0 80 17 50 5
3203 0 50 16 30 20
3204 0 89 8 40 10
3205 0 81 14 40 10
3206 0 53 0 50 5
3207 0 70 23 50 5
3208 0 94 11 50 5
3209 0 30 14 50 5
3210 0 12 2 40 10
3211 0 90 22 50 5
3212 0 86 7 50 5
3213 0 59 8 40 10
3214 0 1 2 40 10
3215 0 68 10 30 20
3216 0 20 2 50 5
3217 0 48 22 50 5
3218 0 27 22 40 10
3219 0 46 23 50 5
3220 0 23 22 50 5
3221 0 82 12 50 5
3222 0 0 9 40 10
3223 0 91 7 50 5
3224 0 76 12 50 5
3225 0 13 20 50 5
3226 0 81 16 40 10
3227 0 58 4 50 5
3228 0 24 4 50 5
3229 0 58 4 50 5
3230 0 7 2 50 5
3231 0 4 0 50 5
3232 0 74 12 50 5
3233 0 93 0 30 20
3234 0 14 20 50 5
3235 0 90 13 50 5
3236 0 28 7 50 5
3237 0 94 6 30 20
3238 0 96 0 40 10
3239 0 19 0 50 5
3240 0 6 4 50 5
3241 0 89 0 50 5
3242 0 16 9 50 5
3243 0 72 9 50 5
3244 0 41 21 30 20
3245 0 64 21 50 5
3246 0 69 1 40 10
3247 0 12 1 50 5
3248 0 90 9 50 5
3249 0 54 19 40 10
3250 0 59 1 50 5
3251 0 77 21 50 5
3252 0 21 11 40 10
3253 0 22 1 50 5
3254 0 50 1 40 10
3255 0 31 23 50 5
3256 0 29 9 50 5
3257 0 5 1 40 10
3258 0 86 5 40 10
3259 0 32 3 50 5
3260 0 95 11 50 5
3261 0 15 15 50 5
3262 0 8 11 50 5
3263 0 23 14 50 5
3264 0 18 21 50 5
3265 0 83 20 50 5
3266 0 70 2 50 5
3267 0 62 7 50 5
3268 0 42 21 50 5
3269 0 56 10 50 5
3270 0 2 19 40 10
3271 0 7 18 50 5
3272 0 14 21 50 5
3273 0 11 21 50 5
3274 0 44 21 50 5
3275 0 11 10 40 10
3276 0 79 13 50 5
3277 0 68 8 50 5
3278 0 98 19 50 5
3279 0 6 15 50 5
3280 0 3 8 50 5
3281 0 11 8 50 5
3282 0 38 23 40 10
3283 0 62 4 30 20
3284 0 81 4 30 20
3285 0 54 4 50 5
3286 0 90 16 40 10
3287 0 11 9 40 10
3288 0 12 23 50 5
3289 0 11 6 50 5
3290 0 8 16 30 20
3291 0 58 18 50 5
3292 0 51 16 50 5
3293 0 31 10 50 5
3294 0 97 7 50 5
3295 0 13 6 50 5
3296 0 32 1 50 5
3297 0 57 15 30 20
3298 0 78 9 50 5
3299 0 55 3 50 5
3300 0 4 15 50 5
3301 0 59 15 50 5
3302 0 11 7 50 5
3303 0 9 7 50 5
3304 0 21 1 50 5
3305 0 41 1 50 5
3306 0 17 1 30 20
3307 0 86 1 50 5
3308 0 11 23 40 10
3309 0 94 2 50 5
3310 0 83 2 40 10
3311 0 87 2 30 20
3312 0 32 3 40 10
3313 0 61 11 40 10
3314 0 15 7 50 5
3315 0 73 7 50 5
3316 0 74 2 40 10
3317 0 25 2 50 5
3318 0 68 8 40 10
3319 0 95 8 50 5
3320 0 22 4 30 20
3321 0 22 9 50 5
3322 0 99 4 40 10
3323 0 37 4 50 5
3324 0 41 23 30 20
3325 0 0 4 30 20
3326 0 79 21 50 5
3327 0 51 4 40 10
3328 0 47 4 50 5
3329 0 52 19 50 5
3330 0 24 22 50 5
3331 0 27 19 50 5
3332 0 21 11 50 5
3333 0 98 22 30 20
3334 0 25 21 50 5
3335 0 66 0 50 5
3336 0 57 0 50 5
3337 0 27 4 50 5
3338 0 91 20 50 5
3339 0 0 14 40 10
3340 0 61 14 50 5
3341 0 40 14 50 5
3342 0 70 6 50 5
3343 0 16 23 40 10
3344 0 74 6 40 10
3345 0 88 6 50 5
3346 0 23 20 50 5
3347 0 52 4 40 10
3348 0 23 19 40 10
3349 0 91 4 40 10
3350 0 32 4 50 5
3351 0 69 6 40 10
3352 0 3 4 50 5
3353 0 40 15 40 10
3354 0 32 21 50 5
3355 0 89 4 40 10
3356 0 66 14 50 5
3357 0 4 18 50 5
3358 0 64 18 50 5
3359 0 53 15 50 5
3360 0 48 14 40 10
3361 0 77 8 50 5
3362 0 25 17 30 20
3363 0 8 8 50 5
3364 0 42 1 50 5
3365 0 7 18 50 5
3366 0 65 15 50 5
3367 0 54 5 50 5
3368 0 20 1 40 10
3369 0 70 19 50 5
3370 0 88 21 30 20
3371 0 7 19 50 5
3372 0 98 19 50 5
3373 0 18 19 50 5
3374 0 58 19 30 20
3375 0 2 16 40 10
3376 0 13 19 40 10
3377 0 75 16 50 5
3378 0 6 16 50 5
3379 0 38 5 50 5
3380 0 54 5 50 5
3381 0 5 0 50 5
3382 0 62 0 50 5
3383 0 9 4 40 10
3384 0 44 11 50 5
3385 0 17 8 50 5
3386 0 66 11 50 5
3387 0 22 11 50 5
3388 0 98 11 50 5
3389 0 62 11 50 5
3390 0 30 11 50 5
3391 0 95 18 50 5
3392 0 52 18 50 5
3393 0 90 12 50 5
3394 0 89 15 50 5
3395 0 31 13 30 20
3396 0 33 15 30 20
3397 0 95 7 40 10
3398 0 46 7 30 20
3399 0 87 7 50 5
3400 0 31 7 50 5
3401 0 82 7 50 5
3402 0 73 2 50 5
3403 0 52 2 40 10
3404 0 76 15 50 5
3405 0 98 2 40 10
3406 0 91 10 40 10
3407 0 4 14 40 10
3408 0 78 9 50 5
3409 0 41 9 50 5
3410 0 84 10 50 5
3411 0 97 6 30 20
3412 0 32 9 50 5
3413 0 60 6 50 5
3414 0 49 11 50 5
3415 0 65 1 50 5
3416 0 32 1 50 5
3417 0 34 1 50 5
3418 0 31 8 40 10
3419 0 66 1 50 5
3420 0 32 22 50 5
3421 0 40 4 50 5
3422 0 7 7 50 5
3423 0 57 1 50 5
3424 0 98 8 40 10
3425 0 98 7 50 5
3426 0 89 6 30 20
3427 0 59 22 50 5
3428 0 49 1 50 5
3429 0 7 10 50 5
3430 0 86 2 40 10
3431 0 92 5 50 5
3432 0 82 2 50 5
3433 0 41 19 50 5
3434 0 31 15 50 5
3435 0 58 8 50 5
3436 0 64 9 50 5
3437 0 19 2 50 5
3438 0 97 2 40 10
3439 0 81 2 50 5
3440 0 71 22 50 5
3441 0 83 19 30 20
3442 0 90 2 40 10
3443 0 22 16 50 5
3444 0 5 14 50 5
3445 0 72 14 30 20
3446 0 34 11 50 5
3447 0 90 22 50 5
3448 0 33 13 50 5
3449 0 13 11 50 5
3450 0 80 4 50 5
3451 0 6 2 30 20
3452 0 64 2 50 5
3453 0 26 11 30 20
3454 0 83 2 50 5
3455 0 42 19 50 5
3456 0 76 8 50 5
3457 0 48 2 50 5
3458 0 20 0 40 10
3459 0 90 8 40 10
3460 0 9 15 40 10
3461 0 3 15 40 10
3462 0 38 5 30 20
3463 0 25 5 50 5
3464 0 57 15 50 5
3465 0 4 19 40 10
3466 0 20 5 50 5
3467 0 15 20 40 10
3468 0 79 5 30 20
3469 0 36 5 50 5
3470 0 27 5 50 5
3471 0 46 5 50 5
3472 0 36 12 50 5
3473 0 47 12 50 5
3474 0 30 12 50 5
3475 0 56 13 50 5
3476 0 89 0 40 10
3477 0 38 3 30 20
3478 0 17 22 50 5
3479 0 16 6 50 5
3480 0 41 6 50 5
3481 0 49 0 50 5
3482 0 89 18 50 5
3483 0 89 14 50 5
3484 0 85 6 50 5
3485 0 47 7 50 5
3486 0 83 20 50 5
3487 0 51 7 50 5
3488 0 6 16 50 5
3489 0 61 5 40 10
3490 0 7 19 30 20
3491 0 84 0 40 10
3492 0 28 19 50 5
3493 0 40 14 50 5
3494 0 47 15 50 5
3495 0 12 19 50 5
3496 0 30 12 30 20
3497 0 57 22 50 5
3498 0 57 21 50 5
3499 0 4 12 50 5
3500 0 38 12 50 5
3501 0 99 12 50 5
3502 0 76 7 50 5
3503 0 88 11 40 10
3504 0 44 16 50 5
3505 0 83 1 40 10
3506 0 9 22 50 5
3507 0 20 6 50 5
3508 0 93 21 50 5
3509 0 57 6 50 5
3510 0 19 20 50 5
3511 0 0 11 50 5
3512 0 2 6 50 5
3513 0 39 10 30 20
3514 0 2 4 50 5
3515 0 52 22 50 5
3516 0 92 6 50 5
3517 0 91 11 50 5
3518 0 8 4 50 5
3519 0 53 4 40 10
3520 0 25 0 50 5
3521 0 69 0 50 5
3522 0 38 0 50 5
3523 0 2 20 50 5
3524 0 97 14 50 5
3525 0 61 14 40 10
3526 0 33 21 50 5
3527 0 69 20 50 5
3528 0 79 6 50 5
3529 0 57 6 50 5
3530 0 47 9 50 5
3531 0 50 22 50 5
3532 0 4 15 50 5
3533 0 78 13 50 5
3534 0 96 6 50 5
3535 0 0 20 30 20
3536 0 71 21 50 5
3537 0 17 14 50 5
3538 0 71 12 50 5
3539 0 84 19 40 10
3540 0 42 15 40 10
3541 0 47 3 50 5
3542 0 16 14 30 20
3543 0 88 11 40 10
3544 0 97 1 50 5
3545 0 34 1 50 5
3546 0 22 1 50 5
3547 0 47 1 50 5
3548 0 6 2 50 5
3549 0 30 18 50 5
3550 0 84 22 40 10
3551 0 23 1 50 5
3552 0 19 3 30 20
3553 0 67 1 50 5
3554 0 97 2 50 5
3555 0 48 2 30 20
3556 0 58 9 50 5
3557 0 24 8 50 5
3558 0 25 2 50 5
3559 0 45 15 30 20
3560 0 51 2 50 5
3561 0 53 2 50 5
3562 0 78 2 50 5
3563 0 40 13 50 5
3564 0 92 2 50 5
3565 0 74 2 50 5
3566 0 67 7 50 5
3567 0 30 17 50 5
3568 0 60 6 50 5
3569 0 10 5 50 5
3570 0 0 7 50 5
3571 0 80 17 50 5
3572 0 99 8 50 5
3573 0 46 8 50 5
3574 0 72 0 40 10
3575 0 93 1 50 5
3576 0 66 0 30 20
3577 0 1 0 50 5
3578 0 41 23 50 5
3579 0 78 20 50 5
3580 0 77 0 40 10
3581 0 69 0 50 5
3582 0 34 14 50 5
3583 0 34 0 40 10
3584 0 81 0 40 10
3585 0 66 14 40 10
3586 0 26 19 50 5
3587 0 55 0 50 5
3588 0 37 13 50 5
3589 0 36 23 50 5
3590 0 39 5 40 10
3591 0 58 0 50 5
3592 0 2 0 50 5
3593 0 95 12 40 10
3594 0 64 2 30 20
3595 0 43 2 50 5
3596 0 33 2 50 5
3597 0 70 2 50 5
3598 0 93 21 50 5
3599 0 97 12 30 20
3600 0 52 12 50 5
3601 0 42 18 50 5
3602 0 57 2 50 5
3603 0 81 8 40 10
3604 0 25 7 50 5
3605 0 79 8 50 5
3606 0 85 17 50 5
3607 0 24 19 40 10
3608 0 66 7 50 5
3609 0 11 21 40 10
3610 0 43 7 50 5
3611 0 5 3 40 10
3612 0 29 10 50 5
3613 0 93 19 50 5
3614 0 50 19 50 5
3615 0 40 12 50 5
3616 0 34 5 50 5
3617 0 23 3 50 5
3618 0 15 4 40 10
3619 0 12 22 40 10
3620 0 42 12 30 20
3621 0 28 6 50 5
3622 0 70 6 50 5
3623 0 26 6 50 5
3624 0 29 17 50 5
3625 0 67 23 50 5
3626 0 20 22 40 10
3627 0 60 23 50 5
3628 0 21 5 50 5
3629 0 11 17 50 5
3630 0 49 4 50 5
3631 0 58 4 40 10
3632 0 51 4 30 20
3633 0 76 15 50 5
3634 0 33 19 50 5
3635 0 78 23 40 10
3636 0 42 23 50 5
3637 0 78 6 50 5
3638 0 74 15 50 5
3639 0 96 6 50 5
3640 0 60 6 40 10
3641 0 0 6 50 5
3642 0 93 6 40 10
3643 0 86 2 50 5
3644 0 91 20 50 5
3645 0 68 23 50 5
3646 0 3 8 50 5
3647 0 5 17 50 5
3648 0 54 20 50 5
3649 0 98 4 50 5
3650 0 38 19 40 10
3651 0 36 11 50 5
3652 0 9 4 40 10
3653 0 10 1 50 5
3654 0 29 1 30 20
3655 0 43 1 50 5
3656 0 89 5 40 10
3657 0 29 9 50 5
3658 0 72 9 40 10
3659 0 7 9 50 5
3660 0 77 6 40 10
3661 0 47 6 50 5
3662 0 98 10 50 5
3663 0 62 10 30 20
3664 0 61 22 50 5
3665 0 72 5 40 10
3666 0 17 11 50 5
3667 0 63 11 40 10
3668 0 66 23 50 5
3669 0 57 14 50 5
3670 0 68 22 50 5
3671 0 78 10 40 10
3672 0 73 21 50 5
3673 0 55 16 40 10
3674 0 98 14 50 5
3675 0 90 10 50 5
3676 0 15 16 50 5
3677 0 22 16 50 5
3678 0 87 20 40 10
3679 0 31 6 50 5
3680 0 62 11 40 10
3681 0 39 22 50 5
3682 0 65 6 40 10
3683 0 19 6 40 10
3684 0 24 6 50 5
3685 0 71 0 50 5
3686 0 36 16 40 10
3687 0 15 16 40 10
3688 0 62 16 50 5
3689 0 21 4 40 10
3690 0 67 18 40 10
3691 0 93 0 30 20
3692 0 0 19 50 5
3693 0 16 7 30 20
3694 0 76 0 50 5
3695 0 92 11 50 5
3696 0 74 23 50 5
3697 0 79 12 40 10
3698 0 55 11 50 5
3699 0 24 7 50 5
3700 0 17 4 50 5
3701 0 67 4 50 5
3702 0 81 9 40 10
3703 0 7 16 40 10
3704 0 47 4 50 5
3705 0 74 12 50 5
3706 0 73 6 40 10
3707 0 61 22 40 10
3708 0 51 23 50 5
3709 0 98 15 50 5
3710 0 29 15 50 5
3711 0 76 1 50 5
3712 0 43 22 50 5
3713 0 15 15 50 5
3714 0 99 16 50 5
3715 0 0 13 50 5
3716 0 31 3 40 10
3717 0 90 1 50 5
3718 0 62 5 40 10
3719 0 63 5 50 5
3720 0 37 18 50 5
3721 0 30 4 50 5
3722 0 24 13 40 10
3723 0 52 14 50 5
3724 0 32 4 50 5
3725 0 49 5 40 10
3726 0 63 18 50 5
3727 0 9 13 50 5
3728 0 29 20 40 10
3729 0 63 23 40 10
3730 0 9 23 40 10
3731 0 32 4 50 5
3732 0 49 8 50 5
3733 0 8 4 30 20
3734 0 3 6 50 5
3735 0 46 5 50 5
3736 0 11 5 50 5
3737 0 43 14 50 5
3738 0 51 13 50 5
3739 0 53 13 50 5
3740 0 20 14 50 5
3741 0 96 0 40 10
3742 0 35 7 50 5
3743 0 60 5 50 5
3744 0 21 17 40 10
3745 0 31 14 50 5
3746 0 33 17 50 5
3747 0 35 11 30 20
3748 0 62 16 50 5
3749 0 11 9 50 5
3750 0 3 9 50 5
3751 0 5 9 50 5
3752 0 46 9 30 20
3753 0 79 8 40 10
3754 0 61 8 40 10
3755 0 30 13 40 10
3756 0 26 0 50 5
3757 0 10 4 40 10
3758 0 28 15 40 10
3759 0 53 0 50 5
3760 0 21 0 30 20
3761 0 1 19 30 20
3762 0 4 1 50 5
3763 0 58 23 30 20
3764 0 51 8 30 20
3765 0 1 20 50 5
3766 0 33 1 50 5
3767 0 14 11 40 10
3768 0 62 23 40 10
3769 0 17 0 50 5
3770 0 12 0 50 5
3771 0 39 5 50 5
3772 0 63 20 50 5
3773 0 21 2 50 5
3774 0 78 2 50 5
3775 0 31 2 50 5
3776 0 7 0 50 5
3777 0 40 2 50 5
3778 0 59 2 50 5
3779 0 15 13 40 10
3780 0 12 13 50 5
3781 0 52 13 40 10
3782 0 88 22 50 5
3783 0 75 13 50 5
3784 0 7 11 50 5
3785 0 27 14 50 5
3786 0 30 14 50 5
3787 0 32 14 40 10
3788 0 79 14 50 5
3789 0 6 10 50 5
3790 0 74 19 50 5
3791 0 25 15 50 5
3792 0 10 22 50 5
3793 0 6 15 40 10
3794 0 79 17 40 10
3795 0 37 11 40 10
3796 0 62 11 50 5
3797 0 91 0 40 10
3798 0 50 18 50 5
3799 0 65 8 50 5
3800 0 73 11 50 5
3801 0 24 14 50 5
3802 0 16 20 50 5
3803 0 5 22 50 5
3804 0 89 21 50 5
3805 0 83 5 50 5
3806 0 18 0 50 5
3807 0 47 6 40 10
3808 0 10 6 50 5
3809 0 40 6 50 5
3810 0 73 0 30 20
3811 0 46 2 40 10
3812 0 34 0 50 5
3813 0 55 0 50 5
3814 0 32 19 50 5
3815 0 64 11 30 20
3816 0 72 5 40 10
3817 0 82 0 50 5
3818 0 57 14 50 5
3819 0 64 0 30 20
3820 0 78 11 40 10
3821 0 46 3 50 5
3822 0 40 2 50 5
3823 0 10 17 50 5
3824 0 1 20 50 5
3825 0 84 1 40 10
3826 0 99 18 50 5
3827 0 10 17 50 5
3828 0 34 11 50 5
3829 0 1 1 50 5
3830 0 81 1 50 5
3831 0 3 1 50 5
3832 0 70 21 50 5
3833 0 58 15 50 5
3834 0 59 1 40 10
3835 0 49 1 40 10
3836 0 79 3 50 5
3837 0 73 8 50 5
3838 0 40 8 50 5
3839 0 84 19 50 5
3840 0 93 8 50 5
3841 0 12 9 50 5
3842 0 60 1 50 5
3843 0 88 18 40 10
3844 0 88 10 50 5
3845 0 32 11 40 10
3846 0 96 0 50 5
3847 0 63 23 30 20
3848 0 18 8 50 5
3849 0 22 21 50 5
3850 0 40 18 30 20
3851 0 32 16 50 5
3852 0 20 15 50 5
3853 0 23 11 50 5
3854 0 29 11 40 10
3855 0 99 19 50 5
3856 0 4 6 50 5
3857 0 47 17 50 5
3858 0 41 7 50 5
3859 0 22 4 50 5
3860 0 1 23 50 5
3861 0 83 23 50 5
3862 0 80 23 30 20
3863 0 55 8 40 10
3864 0 9 22 50 5
3865 0 65 8 30 20
3866 0 5 8 50 5
3867 0 80 20 50 5
3868 0 39 7 40 10
3869 0 73 10 50 5
3870 0 33 16 40 10
3871 0 79 13 50 5
3872 0 43 5 50 5
3873 0 15 11 50 5
3874 0 90 2 30 20
3875 0 72 8 50 5
3876 0 37 16 50 5
3877 0 43 6 50 5
3878 0 54 0 50 5
3879 0 82 19 40 10
3880 0 11 0 30 20
3881 0 82 8 50 5
3882 0 57 0 50 5
3883 0 31 0 50 5
3884 0 48 0 40 10
3885 0 95 5 40 10
3886 0 94 19 50 5
3887 0 94 19 50 5
3888 0 54 17 50 5
3889 0 23 14 40 10
3890 0 19 6 50 5
3891 0 48 6 40 10
3892 0 28 6 30 20
3893 0 20 14 50 5
3894 0 95 12 50 5
3895 0 64 13 40 10
3896 0 0 10 50 5
3897 0 14 4 50 5
3898 0 34 4 50 5
3899 0 21 14 50 5
3900 0 56 3 50 5
3901 0 11 4 50 5
3902 0 81 3 50 5
3903 0 22 3 30 20
3904 0 13 8 50 5
3905 0 74 6 50 5
3906 0 20 3 50 5
3907 0 46 3 50 5
3908 0 76 1 50 5
3909 0 43 1 40 10
3910 0 59 22 50 5
3911 0 44 18 50 5
3912 0 58 12 50 5
3913 0 95 22 50 5
3914 0 10 1 50 5
3915 0 99 14 50 5
3916 0 67 13 40 10
3917 0 51 7 50 5
3918 0 0 3 50 5
3919 0 43 11 40 10
3920 0 57 1 40 10
3921 0 79 1 50 5
3922 0 87 1 40 10
3923 0 29 2 40 10
3924 0 59 2 50 5
3925 0 23 23 40 10
3926 0 88 20 50 5
3927 0 24 14 50 5
3928 0 33 12 40 10
3929 0 63 3 50 5
3930 0 47 0 40 10
3931 0 7 3 50 5
3932 0 33 6 40 10
3933 0 70 0 50 5
3934 0 69 21 50 5
3935 0 43 5 50 5
3936 0 9 8 50 5
3937 0 79 13 50 5
3938 0 96 21 50 5
3939 0 80 8 50 5
3940 0 60 8 50 5
3941 0 96 18 30 20
3942 0 80 8 50 5
3943 0 75 6 50 5
3944 0 36 14 50 5
3945 0 49 6 50 5
3946 0 2 21 50 5
3947 0 46 23 50 5
3948 0 47 6 50 5
3949 0 78 6 50 5
3950 0 7 20 50 5
3951 0 76 12 50 5
3952 0 39 0 50 5
3953 0 57 0 50 5
3954 0 8 18 50 5
3955 0 93 3 50 5
3956 0 25 1 50 5
3957 0 15 13 50 5
3958 0 9 0 50 5
3959 0 76 6 50 5
3960 0 57 10 50 5
3961 0 22 22 30 20
3962 0 81 1 40 10
3963 0 0 22 50 5
3964 0 10 12 50 5
3965 0 18 23 50 5
3966 0 16 23 50 5
3967 0 62 15 50 5
3968 0 85 17 50 5
3969 0 76 0 50 5
3970 0 99 7 50 5
3971 0 28 15 50 5
3972 0 50 13 50 5
3973 0 7 13 50 5
3974 0 60 3 40 10
3975 0 50 2 50 5
3976 0 47 22 50 5
3977 0 65 21 50 5
3978 0 54 19 50 5
3979 0 69 2 50 5
3980 0 87 9 40 10
3981 0 47 20 50 5
3982 0 48 12 50 5
3983 0 79 23 50 5
3984 0 84 2 40 10
3985 0 10 15 30 20
3986 0 90 1 50 5
3987 0 60 10 50 5
3988 0 70 1 50 5
3989 0 3 1 50 5
3990 0 63 5 50 5
3991 0 43 0 30 20
3992 0 18 0 50 5
3993 0 90 7 40 10
3994 0 13 22 30 20
3995 0 89 22 50 5
3996 0 77 5 50 5
3997 0 6 10 50 5
3998 0 85 19 50 5
3999 0 25 14 50 5
4000 0 27 9 50 5
4001 0 17 5 50 5
4002 0 78 1 50 5
4003 0 45 1 40 10
4004 0 83 6 40 10
4005 0 80 15 50 5
4006 0 77 21 50 5
4007 0 75 18 40 10
4008 0 90 7 50 5
4009 0 48 18 50 5
4010 0 62 18 40 10
4011 0 19 20 50 5
4012 0 69 5 40 10
4013 0 64 17 50 5
4014 0 70 11 50 5
4015 0 70 5 50 5
4016 0 85 5 50 5
4017 0 17 11 50 5
4018 0 59 15 50 5
4019 0 84 14 40 10
4020 0 16 8 50 5
4021 0 48 9 50 5
4022 0 42 16 50 5
4023 0 42 9 50 5
4024 0 17 23 50 5
4025 0 43 6 50 5
4026 0 41 8 50 5
4027 0 11 6 50 5
4028 0 57 6 40 10
4029 0 94 6 30 20
4030 0 57 12 50 5
4031 0 90 6 30 20
4032 0 43 0 50 5
4033 0 27 11 50 5
4034 0 93 3 50 5
4035 0 78 16 40 10
4036 0 34 10 50 5
4037 0 80 6 50 5
4038 0 76 19 50 5
4039 0 91 6 40 10
4040 0 80 0 50 5
4041 0 50 1 50 5
4042 0 19 0 50 5
4043 0 85 0 30 20
4044 0 91 18 40 10
4045 0 39 12 50 5
4046 0 55 13 50 5
4047 0 24 17 50 5
4048 0 27 12 50 5
4049 0 34 16 50 5
4050 0 95 4 50 5
4051 0 18 22 50 5
4052 0 28 19 30 20
4053 0 57 12 50 5
4054 0 43 4 50 5
4055 0 1 9 40 10
4056 0 22 4 40 10
4057 0 92 9 50 5
4058 0 87 15 50 5
4059 0 80 4 40 10
4060 0 35 5 50 5
4061 0 39 19 50 5
4062 0 3 7 30 20
4063 0 56 13 50 5
4064 0 9 5 50 5
4065 0 5 8 50 5
4066 0 14 11 50 5
4067 0 28 16 40 10
4068 0 35 12 40 10
4069 0 16 21 50 5
4070 0 33 6 50 5
4071 0 54 0 50 5
4072 0 45 6 40 10
4073 0 88 17 40 10
4074 0 60 14 50 5
4075 0 29 0 40 10
4076 0 78 20 50 5
4077 0 37 14 40 10
4078 0 41 0 50 5
4079 0 31 0 50 5
4080 0 6 15 50 5
4081 0 71 16 50 5
4082 0 46 0 40 10
4083 0 58 18 50 5
4084 0 95 23 40 10
4085 0 15 19 30 20
4086 0 82 6 50 5
4087 0 2 7 50 5
4088 0 37 14 50 5
4089 0 92 4 40 10
4090 0 0 4 50 5
4091 0 18 4 30 20
4092 0 87 13 50 5
4093 0 54 4 50 5
4094 0 6 4 50 5
4095 0 8 4 50 5
4096 0 26 1 40 10
4097 0 77 1 50 5
4098 0 94 17 30 20
4099 0 12 17 50 5
4100 0 22 17 40 10
4101 0 48 22 50 5
4102 0 33 17 50 5
4103 0 61 17 50 5
4104 0 75 17 40 10
4105 0 50 14 50 5
4106 0 89 14 50 5
4107 0 53 23 50 5
4108 0 90 14 50 5
4109 0 79 14 50 5
4110 0 95 0 30 20
4111 0 45 0 50 5
4112 0 23 17 40 10
4113 0 74 0 50 5
4114 0 5 1 50 5
4115 0 49 0 50 5
4116 0 90 22 50 5
4117 0 4 11 50 5
4118 0 73 21 50 5
4119 0 29 18 50 5
4120 0 26 0 50 5
4121 0 11 0 50 5
4122 0 13 0 50 5
4123 0 79 0 50 5
4124 0 28 0 50 5
4125 0 19 7 50 5
4126 0 3 0 40 10
4127 0 2 13 50 5
4128 0 13 3 50 5
4129 0 24 1 50 5
4130 0 77 1 50 5
4131 0 58 1 40 10
4132 0 77 17 40 10
4133 0 50 3 50 5
4134 0 54 0 50 5
4135 0 6 0 50 5
4136 0 98 13 40 10
4137 0 56 0 40 10
4138 0 92 11 50 5
4139 0 97 0 50 5
4140 0 49 10 50 5
4141 0 13 0 50 5
4142 0 57 11 50 5
4143 0 81 7 40 10
4144 0 43 5 40 10
4145 0 39 2 50 5
4146 0 97 5 50 5
4147 0 30 0 30 20
4148 0 54 0 30 20
4149 0 56 15 50 5
4150 0 92 7 50 5
4151 0 80 7 30 20
4152 0 95 7 50 5
4153 0 71 1 40 10
4154 0 99 21 50 5
4155 0 72 1 30 20
4156 0 37 11 40 10
4157 0 34 6 50 5
4158 0 53 2 50 5
4159 0 98 14 50 5
4160 0 61 15 50 5
4161 0 72 1 50 5
4162 0 17 5 50 5
4163 0 91 1 50 5
4164 0 17 1 50 5
4165 0 97 1 30 20
4166 0 66 1 50 5
4167 0 20 21 50 5
4168 0 59 8 50 5
4169 0 29 16 50 5
4170 0 93 23 50 5
4171 0 8 18 40 10
4172 0 7 12 40 10
4173 0 91 8 50 5
4174 0 90 16 50 5
4175 0 42 8 50 5
4176 0 98 16 50 5
4177 0 78 21 50 5
4178 0 61 6 50 5
4179 0 13 6 40 10
4180 0 13 1 50 5
4181 0 33 16 50 5
4182 0 2 6 40 10
4183 0 67 10 50 5
4184 0 15 0 40 10
4185 0 2 0 50 5
4186 0 35 8 50 5
4187 0 12 14 50 5
4188 0 32 0 30 20
4189 0 78 20 50 5
4190 0 33 0 50 5
4191 0 99 0 50 5
4192 0 39 21 40 10
4193 0 86 0 50 5
4194 0 80 12 50 5
4195 0 31 12 40 10
4196 0 95 1 50 5
4197 0 49 16 50 5
4198 0 64 6 40 10
4199 0 92 1 50 5
4200 0 32 1 40 10
4201 0 41 9 50 5
4202 0 20 22 40 10
4203 0 40 12 50 5
4204 0 43 9 50 5
4205 0 33 9 50 5
4206 0 16 6 50 5
4207 0 66 22 50 5
4208 0 44 16 50 5
4209 0 66 20 30 20
4210 0 47 6 50 5
4211 0 8 6 50 5
4212 0 54 5 50 5
4213 0 2 5 50 5
4214 0 1 5 50 5
4215 0 93 11 50 5
4216 0 68 5 50 5
4217 0 90 5 40 10
4218 0 88 5 40 10
4219 0 73 5 50 5
4220 0 89 5 40 10
4221 0 58 12 50 5
4222 0 39 2 50 5
4223 0 71 6 50 5
4224 0 91 22 50 5
4225 0 98 17 50 5
4226 0 73 9 50 5
4227 0 69 9 50 5
4228 0 73 1 50 5
4229 0 45 5 50 5
4230 0 6 3 50 5
4231 0 20 13 50 5
4232 0 39 11 50 5
4233 0 98 1 50 5
4234 0 29 1 50 5
4235 0 38 5 40 10
4236 0 11 1 50 5
4237 0 93 8 50 5
4238 0 67 0 50 5
4239 0 96 0 50 5
4240 0 14 0 40 10
4241 0 71 9 50 5
4242 0 40 16 30 20
4243 0 30 17 50 5
4244 0 76 16 40 10
4245 0 21 15 50 5
4246 0 47 9 40 10
4247 0 48 9 50 5
4248 0 43 11 40 10
4249 0 45 9 50 5
4250 0 90 9 50 5
4251 0 55 9 50 5
4252 0 4 10 30 20
4253 0 87 4 50 5
4254 0 17 17 50 5
4255 0 98 4 30 20
4256 0 19 8 40 10
4257 0 53 20 50 5
4258 0 51 19 40 10
4259 0 83 8 30 20
4260 0 96 8 50 5
4261 0 39 15 30 20
4262 0 54 5 50 5
4263 0 78 23 40 10
4264 0 44 23 50 5
4265 0 46 23 50 5
4266 0 76 4 50 5
4267 0 36 18 40 10
4268 0 19 21 50 5
4269 0 32 4 30 20
4270 0 13 18 50 5
4271 0 62 18 40 10
4272 0 12 12 50 5
4273 0 31 12 50 5
4274 0 88 10 50 5
4275 0 0 3 50 5
4276 0 85 3 40 10
4277 0 61 10 50 5
4278 0 82 2 50 5
4279 0 8 2 50 5
4280 0 62 2 50 5
4281 0 28 2 50 5
4282 0 60 15 50 5
4283 0 59 2 50 5
4284 0 53 8 40 10
4285 0 73 11 50 5
4286 0 58 10 50 5
4287 0 32 22 40 10
4288 0 49 22 50 5
4289 0 49 9 50 5
4290 0 56 20 50 5
4291 0 15 13 50 5
4292 0 40 7 50 5
4293 0 20 8 50 5
4294 0 67 7 40 10
4295 0 7 1 50 5
4296 0 12 1 50 5
4297 0 44 7 30 20
4298 0 61 11 50 5
4299 0 71 11 50 5
4300 0 68 10 50 5
4301 0 65 9 50 5
4302 0 19 18 50 5
4303 0 65 11 50 5
4304 0 16 5 40 10
4305 0 45 6 40 10
4306 0 61 12 50 5
4307 0 23 19 50 5
4308 0 37 5 50 5
4309 0 84 18 40 10
4310 0 44 5 30 20
4311 0 10 12 50 5
4312 0 35 21 50 5
4313 0 20 21 30 20
4314 0 73 9 50 5
4315 0 42 23 50 5
4316 0 66 9 30 20
4317 0 55 6 40 10
4318 0 74 4 40 10
4319 0 30 4 50 5
4320 0 44 4 50 5
4321 0 79 15 40 10
4322 0 71 0 50 5
4323 0 97 21 50 5
4324 0 62 19 40 10
4325 0 14 3 40 10
4326 0 96 0 50 5
4327 0 57 0 50 5
4328 0 86 3 50 5
4329 0 70 6 40 10
4330 0 73 6 50 5
4331 0 56 22 30 20
4332 0 42 20 50 5
4333 0 97 5 40 10
4334 0 32 23 50 5
4335 0 21 17 50 5
4336 0 23 21 40 10
4337 0 90 7 50 5
4338 0 86 5 50 5
4339 0 52 16 50 5
4340 0 56 9 50 5
4341 0 78 5 40 10
4342 0 67 5 40 10
4343 0 40 16 50 5
4344 0 71 23 50 5
4345 0 55 4 50 5
4346 0 45 11 50 5
4347 0 51 8 50 5
4348 0 38 7 40 10
4349 0 11 7 50 5
4350 0 5 8 50 5
4351 0 58 3 40 10
4352 0 81 3 50 5
4353 0 76 21 50 5
4354 0 29 14 50 5
4355 0 56 16 50 5
4356 0 16 16 50 5
4357 0 63 16 50 5
4358 0 97 22 50 5
4359 0 86 22 50 5
4360 0 22 22 40 10
4361 0 56 22 50 5
4362 0 44 19 40 10
4363 0 18 19 50 5
4364 0 99 13 50 5
4365 0 73 19 40 10
4366 0 73 20 50 5
4367 0 71 20 50 5
4368 0 72 20 50 5
4369 0 12 20 50 5
4370 0 36 20 50 5
4371 0 70 8 50 5
4372 0 79 8 50 5
4373 0 74 19 30 20
4374 0 84 8 50 5
4375 0 88 3 50 5
4376 0 53 8 50 5
4377 0 12 21 50 5
4378 0 37 3 50 5
4379 0 40 3 40 10
4380 0 61 3 50 5
4381 0 88 5 50 5
4382 0 81 14 40 10
4383 0 74 6 40 10
4384 0 36 12 50 5
4385 0 54 5 50 5
4386 0 82 5 50 5
4387 0 81 5 30 20
4388 0 19 14 50 5
4389 0 98 5 50 5
4390 0 93 5 50 5
4391 0 82 22 40 10
4392 0 4 8 50 5
4393 0 23 5 40 10
4394 0 29 10 50 5
4395 0 15 10 40 10
4396 0 73 7 50 5
4397 0 89 8 50 5
4398 0 47 7 50 5
4399 0 84 7 40 10
4400 0 45 7 50 5
4401 0 62 7 50 5
4402 0 80 7 50 5
4403 0 28 5 50 5
4404 0 28 5 50 5
4405 0 60 5 40 10
4406 0 94 21 50 5
4407 0 15 5 50 5
4408 0 78 16 50 5
4409 0 41 2 50 5
4410 0 8 2 50 5
4411 0 84 4 50 5
4412 0 85 2 50 5
4413 0 10 21 40 10
4414 0 11 21 50 5
4415 0 85 8 50 5
4416 0 61 8 40 10
4417 0 40 8 50 5
4418 0 42 5 50 5
4419 0 62 0 50 5
4420 0 11 18 50 5
4421 0 27 16 40 10
4422 0 79 4 40 10
4423 0 90 11 50 5
4424 0 24 0 50 5
4425 0 9 2 40 10
4426 0 86 0 50 5
4427 0 43 0 30 20
4428 0 22 6 30 20
4429 0 57 0 50 5
4430 0 56 11 50 5
4431 0 16 4 50 5
4432 0 57 0 50 5
4433 0 10 5 40 10
4434 0 59 16 50 5
4435 0 82 2 50 5
4436 0 17 9 50 5
4437 0 51 5 50 5
4438 0 13 19 40 10
4439 0 74 2 50 5
4440 0 85 6 40 10
4441 0 80 20 50 5
4442 0 16 19 30 20
4443 0 79 19 50 5
4444 0 75 14 30 20
4445 0 16 18 40 10
4446 0 72 14 40 10
4447 0 46 21 50 5
4448 0 93 14 50 5
4449 0 51 14 50 5
4450 0 9 10 40 10
4451 0 69 10 50 5
4452 0 67 23 50 5
4453 0 58 21 40 10
4454 0 42 16 50 5
4455 0 6 9 40 10
4456 0 69 9 40 10
4457 0 48 5 50 5
4458 0 68 5 50 5
4459 0 13 10 50 5
4460 0 99 3 50 5
4461 0 63 16 50 5
4462 0 39 17 50 5
4463 0 86 4 50 5
4464 0 55 20 50 5
4465 0 45 9 50 5
4466 0 54 6 50 5
4467 0 17 12 50 5
4468 0 66 7 40 10
4469 0 15 0 50 5
4470 0 82 19 50 5
4471 0 20 0 50 5
4472 0 26 2 40 10
4473 0 83 2 50 5
4474 0 44 17 40 10
4475 0 86 2 50 5
4476 0 40 12 40 10
4477 0 21 2 50 5
4478 0 48 8 50 5
4479 0 77 5 50 5
4480 0 92 18 50 5
4481 0 31 20 40 10
4482 0 27 11 50 5
4483 0 28 1 50 5
4484 0 77 12 50 5
4485 0 31 22 50 5
4486 0 25 1 40 10
4487 0 60 1 50 5
4488 0 58 1 50 5
4489 0 5 1 50 5
4490 0 67 17 50 5
4491 0 99 1 50 5
4492 0 79 0 50 5
4493 0 83 0 50 5
4494 0 29 0 50 5
4495 0 7 1 50 5
4496 0 47 11 40 10
4497 0 22 21 50 5
4498 0 46 7 50 5
4499 0 21 15 50 5
4500 0 99 21 40 10
4501 0 86 1 50 5
4502 0 42 0 50 5
4503 0 1 0 50 5
4504 0 57 18 40 10
4505 0 21 0 50 5
4506 0 1 3 50 5
4507 0 30 9 30 20
4508 0 46 18 50 5
4509 0 6 16 30 20
4510 0 68 0 50 5
4511 0 21 0 30 20
4512 0 99 3 50 5
4513 0 78 7 40 10
4514 0 25 0 40 10
4515 0 57 18 30 20
4516 0 91 18 50 5
4517 0 58 5 50 5
4518 0 23 3 40 10
4519 0 84 12 50 5
4520 0 6 14 50 5
4521 0 49 6 40 10
4522 0 10 6 50 5
4523 0 31 6 40 10
4524 0 21 5 50 5
4525 0 84 5 50 5
4526 0 42 1 40 10
4527 0 10 0 50 5
4528 0 83 0 50 5
4529 0 59 13 40 10
4530 0 19 13 40 10
4531 0 32 12 30 20
4532 0 40 12 50 5
4533 0 56 0 30 20
4534 0 39 0 50 5
4535 0 56 19 50 5
4536 0 69 0 50 5
4537 0 26 19 50 5
4538 0 42 16 50 5
4539 0 73 12 50 5
4540 0 85 17 50 5
4541 0 69 7 50 5
4542 0 40 7 40 10
4543 0 17 2 50 5
4544 0 41 0 50 5
4545 0 32 7 30 20
4546 0 26 1 50 5
4547 0 67 17 50 5
4548 0 80 2 40 10
4549 0 96 15 50 5
4550 0 42 5 40 10
4551 0 47 6 50 5
4552 0 27 22 40 10
4553 0 40 22 40 10
4554 0 66 22 50 5
4555 0 38 3 50 5
4556 0 3 3 50 5
4557 0 21 21 50 5
4558 0 43 3 40 10
4559 0 37 3 50 5
4560 0 61 23 50 5
4561 0 2 3 50 5
4562 0 13 3 50 5
4563 0 1 3 50 5
4564 0 56 7 50 5
4565 0 40 1 40 10
4566 0 34 1 50 5
4567 0 25 1 50 5
4568 0 3 1 40 10
4569 0 27 1 50 5
4570 0 73 16 40 10
4571 0 20 9 50 5
4572 0 53 8 50 5
4573 0 87 8 30 20
4574 0 27 8 50 5
4575 0 4 21 50 5
4576 0 35 13 40 10
4577 0 12 4 50 5
4578 0 56 14 30 20
4579 0 48 4 50 5
4580 0 21 4 30 20
4581 0 29 4 50 5
4582 0 97 0 40 10
4583 0 30 4 50 5
4584 0 79 11 50 5
4585 0 78 0 50 5
4586 0 91 21 50 5
4587 0 69 7 50 5
4588 0 29 22 50 5
4589 0 15 6 30 20
4590 0 7 1 50 5
4591 0 4 17 50 5
4592 0 78 0 50 5
4593 0 34 19 40 10
4594 0 22 19 50 5
4595 0 46 22 40 10
4596 0 32 22 50 5
4597 0 60 9 40 10
4598 0 50 9 50 5
4599 0 49 10 50 5
4600 0 39 13 50 5
4601 0 91 10 50 5
4602 0 68 13 30 20
4603 0 64 9 50 5
4604 0 45 9 40 10
4605 0 63 20 50 5
4606 0 4 17 50 5
4607 0 45 9 40 10
4608 0 69 22 50 5
4609 0 71 7 50 5
4610 0 88 13 50 5
4611 0 70 2 50 5
4612 0 57 2 50 5
4613 0 45 2 50 5
4614 0 14 2 50 5
4615 0 29 7 40 10
4616 0 53 7 50 5
4617 0 16 20 50 5
4618 0 31 7 50 5
4619 0 67 22 50 5
4620 0 50 7 50 5
4621 0 53 14 50 5
4622 0 49 13 50 5
4623 0 22 7 50 5
4624 0 28 7 40 10
4625 0 68 7 50 5
4626 0 98 14 50 5
4627 0 68 0 50 5
4628 0 3 4 30 20
4629 0 21 15 50 5
4630 0 19 0 50 5
4631 0 92 0 40 10
4632 0 62 1 50 5
4633 0 79 23 40 10
4634 0 32 0 40 10
4635 0 60 0 50 5
4636 0 47 0 30 20
4637 0 11 3 30 20
4638 0 32 22 50 5
4639 0 73 9 50 5
4640 0 75 22 50 5
4641 0 15 23 40 10
4642 0 82 17 50 5
4643 0 15 9 40 10
4644 0 53 14 50 5
4645 0 9 21 50 5
4646 0 4 9 40 10
4647 0 72 16 50 5
4648 0 58 1 50 5
4649 0 23 15 30 20
4650 0 33 9 40 10
4651 0 93 9 40 10
4652 0 37 3 50 5
4653 0 67 3 30 20
4654 0 7 18 50 5
4655 0 55 18 30 20
4656 0 9 18 50 5
4657 0 24 8 40 10
4658 0 67 21 40 10
4659 0 32 8 50 5
4660 0 93 8 50 5
4661 0 24 7 50 5
4662 0 12 7 50 5
4663 0 94 1 50 5
4664 0 58 9 30 20
4665 0 94 0 40 10
4666 0 5 0 50 5
4667 0 17 4 40 10
4668 0 46 0 40 10
4669 0 1 21 50 5
4670 0 5 21 40 10
4671 0 66 11 50 5
4672 0 21 18 50 5
4673 0 6 9 50 5
4674 0 47 10 40 10
4675 0 78 9 50 5
4676 0 39 19 50 5
4677 0 61 17 50 5
4678 0 73 17 30 20
4679 0 63 1 30 20
4680 0 34 22 50 5
4681 0 79 0 30 20
4682 0 1 0 50 5
4683 0 36 0 30 20
4684 0 12 0 40 10
4685 0 43 3 30 20
4686 0 16 0 50 5
4687 0 90 0 30 20
4688 0 29 5 40 10
4689 0 26 22 50 5
4690 0 32 5 40 10
4691 0 38 5 50 5
4692 0 95 1 50 5
4693 0 80 1 50 5
4694 0 83 10 50 5
4695 0 57 1 30 20
4696 0 42 14 50 5
4697 0 24 6 50 5
4698 0 1 10 50 5
4699 0 56 19 50 5
4700 0 57 1 50 5
4701 0 46 23 40 10
4702 0 46 23 50 5
4703 0 18 12 50 5
4704 0 72 23 40 10
4705 0 73 1 50 5
4706 0 89 3 50 5
4707 0 37 13 40 10
4708 0 8 10 50 5
4709 0 54 12 40 10
4710 0 45 1 40 10
4711 0 42 23 40 10
4712 0 89 14 50 5
4713 0 54 1 50 5
4714 0 84 1 50 5
4715 0 2 14 50 5
4716 0 2 1 40 10
4717 0 52 5 50 5
4718 0 93 1 50 5
4719 0 85 1 30 20
4720 0 87 1 50 5
4721 0 13 1 40 10
4722 0 63 16 50 5
4723 0 64 18 50 5
4724 0 35 16 50 5
4725 0 21 16 50 5
4726 0 58 5 50 5
4727 0 52 7 50 5
4728 0 8 11 30 20
4729 0 50 3 50 5
4730 0 52 3 50 5
4731 0 73 3 50 5
4732 0 10 6 30 20
4733 0 85 22 50 5
4734 0 14 22 50 5
4735 0 31 10 50 5
4736 0 93 3 50 5
4737 0 36 18 50 5
4738 0 52 3 50 5
4739 0 59 7 50 5
4740 0 48 4 50 5
4741 0 38 4 50 5
4742 0 0 7 50 5
4743 0 18 0 50 5
4744 0 91 22 50 5
4745 0 58 7 50 5
4746 0 51 15 40 10
4747 0 59 22 40 10
4748 0 40 22 50 5
4749 0 27 15 50 5
4750 0 5 20 50 5
4751 0 5 20 50 5
4752 0 33 8 50 5
4753 0 18 22 30 20
4754 0 67 22 50 5
4755 0 43 2 40 10
4756 0 31 10 50 5
4757 0 30 18 40 10
4758 0 6 2 40 10
4759 0 31 6 50 5
4760 0 22 2 40 10
4761 0 51 15 50 5
4762 0 8 20 30 20
4763 0 81 4 50 5
4764 0 93 0 50 5
4765 0 8 15 50 5
4766 0 86 1 50 5
4767 0 90 1 50 5
4768 0 97 14 50 5
4769 0 75 19 50 5
4770 0 56 14 40 10
4771 0 43 6 40 10
4772 0 65 9 30 20
4773 0 72 12 50 5
4774 0 17 4 30 20
4775 0 38 21 50 5
4776 0 14 17 50 5
4777 0 97 6 50 5
4778 0 86 6 50 5
4779 0 32 6 40 10
4780 0 77 16 50 5
4781 0 54 6 50 5
4782 0 5 14 50 5
4783 0 8 6 40 10
4784 0 95 0 50 5
4785 0 39 0 50 5
4786 0 16 11 50 5
4787 0 68 11 50 5
4788 0 8 15 50 5
4789 0 33 11 50 5
4790 0 44 22 50 5
4791 0 72 11 50 5
4792 0 13 18 50 5
4793 0 95 5 50 5
4794 0 78 5 50 5
4795 0 35 5 50 5
4796 0 24 20 50 5
4797 0 69 20 50 5
4798 0 35 5 50 5
4799 0 92 5 50 5
4800 0 45 5 50 5
4801 0 3 1 50 5
4802 0 1 1 50 5
4803 0 92 21 50 5
4804 0 47 2 50 5
4805 0 4 1 40 10
4806 0 0 23 40 10
4807 0 52 1 50 5
4808 0 86 8 40 10
4809 0 63 10 50 5
4810 0 6 8 50 5
4811 0 57 12 50 5
4812 0 7 1 50 5
4813 0 87 23 50 5
4814 0 10 1 50 5
4815 0 1 16 50 5
4816 0 42 18 40 10
4817 0 48 20 50 5
4818 0 96 1 50 5
4819 0 46 8 50 5
4820 0 25 21 30 20
4821 0 37 13 40 10
4822 0 98 1 50 5
4823 0 36 1 30 20
4824 0 47 23 50 5
4825 0 55 16 30 20
4826 0 78 20 50 5
4827 0 46 18 50 5
4828 0 89 16 50 5
4829 0 98 16 50 5
4830 0 2 16 50 5
4831 0 98 21 50 5
4832 0 79 1 40 10
4833 0 2 17 40 10
4834 0 16 3 40 10
4835 0 98 21 40 10
4836 0 51 1 50 5
4837 0 12 13 30 20
4838 0 50 6 40 10
4839 0 57 1 50 5
4840 0 54 1 50 5
4841 0 45 1 50 5
4842 0 57 4 50 5
4843 0 56 6 50 5
4844 0 25 10 50 5
4845 0 87 6 30 20
4846 0 57 6 50 5
4847 0 14 6 50 5
4848 0 46 6 50 5
4849 0 33 19 50 5
4850 0 55 6 50 5
4851 0 52 19 50 5
4852 0 7 6 50 5
4853 0 65 18 50 5
4854 0 65 6 50 5
4855 0 76 6 50 5
4856 0 86 4 50 5
4857 0 21 4 40 10
4858 0 81 11 50 5
4859 0 38 22 50 5
4860 0 23 6 40 10
4861 0 57 12 30 20
4862 0 51 6 30 20
4863 0 10 15 50 5
4864 0 18 23 40 10
4865 0 50 6 50 5
4866 0 24 18 50 5
4867 0 92 6 50 5
4868 0 82 19 50 5
4869 0 42 20 50 5
4870 0 98 5 30 20
4871 0 66 5 50 5
4872 0 90 13 50 5
4873 0 74 20 40 10
4874 0 70 22 50 5
4875 0 29 20 50 5
4876 0 42 20 50 5
4877 0 13 20 50 5
4878 0 4 19 50 5
4879 0 35 0 50 5
4880 0 20 21 50 5
4881 0 7 21 50 5
4882 0 68 4 50 5
4883 0 30 4 50 5
4884 0 82 7 50 5
4885 0 53 18 40 10
4886 0 32 11 50 5
4887 0 52 4 50 5
4888 0 32 1 40 10
4889 0 41 14 50 5
4890 0 96 16 50 5
4891 0 38 6 50 5
4892 0 68 9 40 10
4893 0 37 1 50 5
4894 0 28 13 40 10
4895 0 46 12 50 5
4896 0 5 10 50 5
4897 0 31 6 40 10
4898 0 70 7 50 5
4899 0 20 22 50 5
4900 0 62 6 50 5
4901 0 53 3 40 10
4902 0 65 22 50 5
4903 0 53 2 40 10
4904 0 37 2 50 5
4905 0 96 22 50 5
4906 0 19 10 50 5
4907 0 64 4 50 5
4908 0 79 4 50 5
4909 0 39 4 50 5
4910 0 55 8 50 5
4911 0 78 2 50 5
4912 0 38 2 40 10
4913 0 24 2 40 10
4914 0 39 10 50 5
4915 0 12 2 50 5
4916 0 71 2 50 5
4917 0 27 2 50 5
4918 0 77 2 50 5
4919 0 53 2 50 5
4920 0 52 18 50 5
4921 0 76 19 50 5
4922 0 10 23 40 10
4923 0 87 6 50 5
4924 0 81 17 40 10
4925 0 15 6 50 5
4926 0 49 12 50 5
4927 0 39 23 50 5
4928 0 98 6 50 5
4929 0 5 10 50 5
4930 0 27 19 50 5
4931 0 79 19 50 5
4932 0 12 18 30 20
4933 0 41 12 50 5
4934 0 21 6 50 5
4935 0 21 18 50 5
4936 0 59 3 40 10
4937 0 72 3 50 5
4938 0 41 3 30 20
4939 0 35 3 50 5
4940 0 22 11 50 5
4941 0 82 11 50 5
4942 0 64 19 30 20
4943 0 39 19 50 5
4944 0 69 19 50 5
4945 0 77 17 50 5
4946 0 76 12 50 5
4947 0 36 1 50 5
4948 0 2 2 50 5
4949 0 24 6 50 5
4950 0 9 1 50 5
4951 0 73 1 50 5
4952 0 69 1 50 5
4953 0 84 1 30 20
4954 0 84 7 50 5
4955 0 25 5 50 5
4956 0 2 5 40 10
4957 0 3 3 50 5
4958 0 80 15 50 5
4959 0 85 14 50 5
4960 0 40 21 50 5
4961 0 3 12 50 5
4962 0 29 0 50 5
4963 0 99 10 50 5
4964 0 61 18 40 10
4965 0 65 18 50 5
4966 0 74 19 40 10
4967 0 85 17 50 5
4968 0 42 5 50 5
4969 0 82 5 50 5
4970 0 3 2 40 10
4971 0 76 17 40 10
4972 0 15 16 40 10
4973 0 33 12 40 10
4974 0 20 5 40 10
4975 0 78 0 40 10
4976 0 55 0 50 5
4977 0 19 1 40 10
4978 0 65 23 50 5
4979 0 26 0 50 5
4980 0 31 0 40 10
4981 0 54 5 40 10
4982 0 86 7 50 5
4983 0 3 10 30 20
4984 0 25 16 30 20
4985 0 15 17 50 5
4986 0 63 12 50 5
4987 0 27 10 50 5
4988 0 6 7 50 5
4989 0 30 7 50 5
4990 0 19 0 50 5
4991 0 41 14 40 10
4992 0 94 0 40 10
4993 0 32 16 30 20
4994 0 57 0 50 5
4995 0 33 0 50 5
4996 0 95 0 50 5
4997 0 92 20 50 5
4998 0 4 14 30 20
4999 0 9 12 50 5
5000 0 80 9 50 5
5001 0 64 14 50 5
5002 0 12 5 50 5
5003 0 85 5 50 5
5004 0 86 0 50 5
5005 0 48 17 50 5
5006 0 57 15 50 5
5007 0 41 1 50 5
5008 0 17 12 40 10
5009 0 70 20 50 5
5010 0 72 2 30 20
5011 0 62 0 40 10
5012 0 38 19 40 10
5013 0 11 0 50 5
5014 0 60 3 50 5
5015 0 46 3 50 5
5016 0 57 6 30 20
5017 0 72 17 50 5
5018 0 12 6 40 10
5019 0 40 3 50 5
5020 0 86 4 40 10
5021 0 11 3 50 5
5022 0 32 19 50 5
5023 0 0 23 40 10
5024 0 58 3 50 5
5025 0 25 3 50 5
5026 0 56 3 30 20
5027 0 28 6 40 10
5028 0 1 16 50 5
5029 0 87 19 50 5
5030 0 91 20 50 5
5031 0 45 4 50 5
5032 0 21 20 50 5
5033 0 43 2 50 5
5034 0 17 14 50 5
5035 0 39 6 50 5
5036 0 60 20 50 5
5037 0 47 11 50 5
5038 0 18 9 50 5
5039 0 84 19 50 5
5040 0 74 15 50 5
5041 0 94 11 50 5
5042 0 8 23 50 5
5043 0 82 5 40 10
5044 0 88 17 50 5
5045 0 54 5 50 5
5046 0 32 5 30 20
5047 0 42 6 50 5
5048 0 49 10 30 20
5049 0 10 5 50 5
5050 0 31 16 50 5
5051 0 24 5 50 5
5052 0 49 5 50 5
5053 0 10 10 50 5
5054 0 26 12 50 5
5055 0 69 3 50 5
5056 0 94 3 40 10
5057 0 85 13 50 5
5058 0 89 19 30 20
5059 0 27 3 50 5
5060 0 25 3 50 5
5061 0 99 3 50 5
5062 0 49 3 50 5
5063 0 10 23 50 5
5064 0 53 23 40 10
5065 0 1 19 50 5
5066 0 37 16 50 5
5067 0 43 16 40 10
5068 0 48 16 50 5
5069 0 98 5 30 20
5070 0 98 17 50 5
5071 0 82 21 50 5
5072 0 40 14 40 10
5073 0 56 5 50 5
5074 0 23 9 40 10
5075 0 61 23 40 10
5076 0 51 20 50 5
5077 0 47 11 50 5
5078 0 9 3 40 10
5079 0 50 3 40 10
5080 0 72 3 50 5
5081 0 18 0 40 10
5082 0 38 13 50 5
5083 0 98 13 40 10
5084 0 32 12 50 5
5085 0 45 19 50 5
5086 0 44 18 50 5
5087 0 62 12 40 10
5088 0 21 19 50 5
5089 0 44 19 50 5
5090 0 3 2 50 5
5091 0 67 5 40 10
5092 0 93 4 50 5
5093 0 91 0 30 20
5094 0 44 0 50 5
5095 0 6 0 50 5
5096 0 71 0 30 20
5097 0 22 21 50 5
5098 0 31 13 40 10
5099 0 57 19 50 5
5100 0 35 13 50 5
5101 0 33 20 50 5
5102 0 37 4 40 10
5103 0 33 10 50 5
5104 0 67 14 50 5
5105 0 12 11 40 10
5106 0 44 5 40 10
5107 0 90 2 50 5
5108 0 15 2 50 5
5109 0 30 2 30 20
5110 0 38 12 40 10
5111 0 21 10 50 5
5112 0 43 8 50 5
5113 0 46 21 30 20
5114 0 27 10 40 10
5115 0 2 13 50 5
5116 0 58 1 50 5
5117 0 48 1 50 5
5118 0 15 19 50 5
5119 0 87 19 40 10
5120 0 55 1 50 5
5121 0 62 1 50 5
5122 0 50 14 50 5
5123 0 59 2 40 10
5124 0 56 6 30 20
5125 0 5 3 50 5
5126 0 0 2 30 20
5127 0 27 2 30 20
5128 0 94 20 50 5
5129 0 50 19 50 5
5130 0 37 19 50 5
5131 0 46 2 30 20
5132 0 78 21 40 10
5133 0 18 2 40 10
5134 0 59 1 30 20
5135 0 48 19 50 5
5136 0 67 22 50 5
5137 0 71 23 30 20
5138 0 68 4 50 5
5139 0 8 3 40 10
5140 0 15 19 40 10
5141 0 88 12 50 5
5142 0 63 1 50 5
5143 0 46 5 50 5
5144 0 24 17 50 5
5145 0 23 0 50 5
5146 0 13 10 50 5
5147 0 45 1 50 5
5148 0 88 11 40 10
5149 0 95 10 40 10
5150 0 98 0 50 5
5151 0 5 18 30 20
5152 0 19 15 50 5
5153 0 13 1 50 5
5154 0 52 19 50 5
5155 0 15 6 50 5
5156 0 91 20 50 5
5157 0 39 16 50 5
5158 0 82 16 50 5
5159 0 70 16 50 5
5160 0 71 5 50 5
5161 0 43 8 50 5
5162 0 81 5 40 10
5163 0 66 5 40 10
5164 0 84 2 40 10
5165 0 30 17 30 20
5166 0 10 23 50 5
5167 0 13 4 50 5
5168 0 37 2 50 5
5169 0 34 2 50 5
5170 0 2 14 40 10
5171 0 45 14 50 5
5172 0 52 2 50 5
5173 0 56 2 50 5
5174 0 49 7 50 5
5175 0 87 14 50 5
5176 0 97 10 50 5
5177 0 52 7 50 5
5178 0 8 7 30 20
5179 0 41 19 50 5
5180 0 40 1 50 5
5181 0 89 1 50 5
5182 0 6 1 50 5
5183 0 9 1 50 5
5184 0 62 9 50 5
5185 0 87 9 50 5
5186 0 82 9 50 5
5187 0 40 9 50 5
5188 0 39 9 50 5
5189 0 42 16 50 5
5190 0 85 14 50 5
5191 0 62 7 40 10
5192 0 6 13 50 5
5193 0 99 1 50 5
5194 0 77 1 50 5
5195 0 25 19 50 5
5196 0 96 11 50 5
5197 0 44 1 30 20
5198 0 44 2 50 5
5199 0 97 1 50 5
5200 0 42 1 50 5
5201 0 39 20 40 10
5202 0 18 0 50 5
5203 0 12 11 50 5
5204 0 43 3 50 5
5205 0 88 19 40 10
5206 0 30 0 40 10
5207 0 47 17 50 5
5208 0 27 17 50 5
5209 0 55 14 40 10
5210 0 49 14 30 20
5211 0 67 20 50 5
5212 0 43 17 30 20
5213 0 62 16 40 10
5214 0 38 16 50 5
5215 0 3 4 50 5
5216 0 15 4 50 5
5217 0 28 16 50 5
5218 0 79 2 50 5
5219 0 85 2 50 5
5220 0 87 16 50 5
5221 0 42 11 50 5
5222 0 20 7 40 10
5223 0 52 6 50 5
5224 0 55 7 30 20
5225 0 62 7 50 5
5226 0 95 11 30 20
5227 0 84 7 50 5
5228 0 37 18 50 5
5229 0 88 7 30 20
5230 0 26 7 50 5
5231 0 92 15 40 10
5232 0 57 8 40 10
5233 0 60 21 50 5
5234 0 85 21 50 5
5235 0 26 7 50 5
5236 0 35 23 40 10
5237 0 44 19 50 5
5238 0 85 22 50 5
5239 0 31 19 50 5
5240 0 51 3 40 10
5241 0 99 3 50 5
5242 0 22 1 50 5
5243 0 55 20 50 5
5244 0 10 10 30 20
5245 0 16 7 50 5
5246 0 41 7 50 5
5247 0 24 7 40 10
5248 0 93 14 50 5
5249 0 27 11 50 5
5250 0 45 7 50 5
5251 0 59 11 40 10
5252 0 60 11 50 5
5253 0 41 11 50 5
5254 0 69 3 50 5
5255 0 53 11 40 10
5256 0 10 3 50 5
5257 0 54 4 50 5
5258 0 39 3 50 5
5259 0 70 8 40 10
5260 0 43 8 50 5
5261 0 22 8 50 5
5262 0 86 11 50 5
5263 0 17 19 40 10
5264 0 40 8 40 10
5265 0 41 22 40 10
5266 0 13 8 50 5
5267 0 13 4 50 5
5268 0 73 4 50 5
5269 0 30 10 30 20
5270 0 19 7 50 5
5271 0 65 4 50 5
5272 0 97 4 50 5
5273 0 94 4 30 20
5274 0 19 4 40 10
5275 0 74 13 30 20
5276 0 92 6 50 5
5277 0 20 15 50 5
5278 0 53 23 30 20
5279 0 77 17 50 5
5280 0 72 17 40 10
5281 0 88 17 50 5
5282 0 70 17 40 10
5283 0 20 16 50 5
5284 0 76 0 50 5
5285 0 52 5 50 5
5286 0 3 8 50 5
5287 0 12 0 50 5
5288 0 86 0 50 5
5289 0 46 14 30 20
5290 0 88 14 50 5
5291 0 28 20 50 5
5292 0 74 14 50 5
5293 0 23 3 50 5
5294 0 28 3 40 10
5295 0 75 3 30 20
5296 0 48 3 50 5
5297 0 54 3 40 10
5298 0 64 14 50 5
5299 0 49 16 30 20
5300 0 16 3 40 10
5301 0 57 3 50 5
5302 0 56 3 30 20
5303 0 55 16 50 5
5304 0 77 12 30 20
5305 0 1 12 50 5
5306 0 31 12 40 10
5307 0 48 11 50 5
5308 0 34 11 50 5
5309 0 79 20 50 5
5310 0 44 13 50 5
5311 0 23 15 50 5
5312 0 88 5 30 20
5313 0 71 14 50 5
5314 0 23 6 50 5
5315 0 96 6 50 5
5316 0 40 6 50 5
5317 0 42 16 50 5
5318 0 0 6 50 5
5319 0 91 17 50 5
5320 0 74 6 50 5
5321 0 40 16 50 5
5322 0 30 19 50 5
5323 0 38 17 50 5
5324 0 43 5 50 5
5325 0 50 15 50 5
5326 0 12 16 50 5
5327 0 55 4 50 5
5328 0 18 4 50 5
5329 0 98 4 40 10
5330 0 16 22 50 5
5331 0 55 20 50 5
5332 0 51 20 50 5
5333 0 72 8 50 5
5334 0 17 18 50 5
5335 0 13 8 50 5
5336 0 30 8 50 5
5337 0 96 16 40 10
5338 0 74 23 50 5
5339 0 58 6 50 5
5340 0 88 23 50 5
5341 0 84 17 50 5
5342 0 49 6 30 20
5343 0 70 4 50 5
5344 0 17 13 30 20
5345 0 67 7 30 20
5346 0 41 7 30 20
5347 0 24 7 50 5
5348 0 61 7 50 5
5349 0 60 0 40 10
5350 0 63 7 30 20
5351 0 5 14 40 10
5352 0 25 9 50 5
5353 0 3 12 50 5
5354 0 16 10 30 20
5355 0 87 15 50 5
5356 0 37 10 50 5
5357 0 80 10 50 5
5358 0 76 20 50 5
5359 0 14 4 40 10
5360 0 80 11 50 5
5361 0 37 4 50 5
5362 0 53 4 40 10
5363 0 85 4 50 5
5364 0 2 15 50 5
5365 0 41 22 40 10
5366 0 21 4 50 5
5367 0 95 18 40 10
5368 0 15 4 40 10
5369 0 12 4 50 5
5370 0 74 4 40 10
5371 0 5 8 50 5
5372 0 9 4 40 10
5373 0 12 3 50 5
5374 0 13 3 30 20
5375 0 18 3 40 10
5376 0 82 3 30 20
5377 0 24 6 50 5
5378 0 97 21 50 5
5379 0 42 3 50 5
5380 0 20 15 50 5
5381 0 58 6 50 5
5382 0 76 17 50 5
5383 0 78 4 40 10
5384 0 81 0 50 5
5385 0 54 3 50 5
5386 0 53 6 50 5
5387 0 52 0 50 5
5388 0 4 18 50 5
5389 0 81 0 50 5
5390 0 72 5 40 10
5391 0 69 23 30 20
5392 0 46 0 40 10
5393 0 48 4 50 5
5394 0 40 0 50 5
5395 0 24 9 50 5
5396 0 89 15 50 5
5397 0 99 2 50 5
5398 0 69 2 50 5
5399 0 1 21 50 5
5400 0 4 16 50 5
5401 0 13 2 30 20
5402 0 16 7 50 5
5403 0 26 5 50 5
5404 0 5 2 50 5
5405 0 43 22 50 5
5406 0 33 2 30 20
5407 0 38 9 50 5
5408 0 72 19 50 5
5409 0 18 2 50 5
5410 0 1 9 50 5
5411 0 69 9 40 10
5412 0 70 9 30 20
5413 0 27 9 50 5
5414 0 62 10 50 5
5415 0 77 2 40 10
5416 0 54 2 50 5
5417 0 85 2 50 5
5418 0 66 22 50 5
5419 0 67 2 40 10
5420 0 9 6 50 5
5421 0 37 2 40 10
5422 0 83 11 50 5
5423 0 7 9 50 5
5424 0 18 22 40 10
5425 0 63 17 50 5
5426 0 51 19 50 5
5427 0 58 9 50 5
5428 0 81 2 30 20
5429 0 85 0 50 5
5430 0 46 1 50 5
5431 0 9 22 40 10
5432 0 75 4 50 5
5433 0 58 4 50 5
5434 0 36 1 40 10
5435 0 16 21 30 20
5436 0 53 6 40 10
5437 0 32 1 40 10
5438 0 28 7 50 5
5439 0 63 7 50 5
5440 0 26 10 50 5
5441 0 8 10 50 5
5442 0 70 10 50 5
5443 0 50 10 50 5
5444 0 28 10 50 5
5445 0 83 5 50 5
5446 0 49 19 50 5
5447 0 20 15 50 5
5448 0 91 15 30 20
5449 0 79 2 50 5
5450 0 62 2 50 5
5451 0 27 2 50 5
5452 0 52 12 50 5
5453 0 47 13 40 10
5454 0 35 13 40 10
5455 0 15 2 40 10
5456 0 27 2 40 10
5457 0 55 2 50 5
5458 0 79 12 40 10
5459 0 35 10 50 5
5460 0 39 2 40 10
5461 0 5 17 50 5
5462 0 37 17 50 5
5463 0 12 17 40 10
5464 0 5 0 30 20
5465 0 25 18 40 10
5466 0 43 0 40 10
5467 0 20 19 50 5
5468 0 44 5 30 20
5469 0 6 9 30 20
5470 0 19 0 50 5
5471 0 52 7 40 10
5472 0 57 2 50 5
5473 0 39 0 50 5
5474 0 19 16 30 20
5475 0 74 0 50 5
5476 0 86 0 50 5
5477 0 69 6 50 5
5478 0 74 0 50 5
5479 0 45 0 30 20
5480 0 8 6 50 5
5481 0 48 4 50 5
5482 0 82 20 50 5
5483 0 73 21 50 5
5484 0 35 4 30 20
5485 0 37 20 50 5
5486 0 91 20 50 5
5487 0 89 12 40 10
5488 0 95 11 50 5
5489 0 82 12 50 5
5490 0 68 18 40 10
5491 0 89 10 50 5
5492 0 66 17 50 5
5493 0 36 4 50 5
5494 0 53 4 50 5
5495 0 25 20 50 5
5496 0 72 4 40 10
5497 0 69 13 50 5
5498 0 1 23 50 5
5499 0 91 21 50 5
5500 0 2 8 40 10
5501 0 89 18 50 5
5502 0 25 8 50 5
5503 0 9 21 50 5
5504 0 36 8 40 10
5505 0 46 13 50 5
5506 0 67 9 50 5
5507 0 72 14 40 10
5508 0 3 1 50 5
5509 0 86 1 50 5
5510 0 34 20 50 5
5511 0 83 13 50 5
5512 0 80 21 40 10
5513 0 86 1 40 10
5514 0 73 0 50 5
5515 0 35 2 50 5
5516 0 94 0 50 5
5517 0 5 0 40 10
5518 0 12 6 50 5
5519 0 8 19 50 5
5520 0 41 6 50 5
5521 0 75 11 50 5
5522 0 4 23 40 10
5523 0 61 6 50 5
5524 0 16 19 40 10
5525 0 10 19 50 5
5526 0 7 1 50 5
5527 0 52 1 50 5
5528 0 24 20 50 5
5529 0 6 17 50 5
5530 0 13 1 50 5
5531 0 96 1 50 5
5532 0 91 1 50 5
5533 0 97 7 50 5
5534 0 20 1 50 5
5535 0 4 1 50 5
5536 0 61 23 50 5
5537 0 30 1 50 5
5538 0 30 9 30 20
5539 0 53 1 40 10
5540 0 80 14 50 5
5541 0 65 5 50 5
5542 0 3 9 50 5
5543 0 28 5 50 5
5544 0 51 16 50 5
5545 0 26 21 50 5
5546 0 87 18 50 5
5547 0 7 15 50 5
5548 0 68 5 40 10
5549 0 93 17 50 5
5550 0 28 9 50 5
5551 0 9 5 50 5
5552 0 1 8 50 5
5553 0 80 17 50 5
5554 0 58 5 50 5
5555 0 25 16 50 5
5556 0 47 5 40 10
5557 0 32 5 50 5
5558 0 29 3 40 10
5559 0 79 0 40 10
5560 0 49 7 50 5
5561 0 49 0 50 5
5562 0 57 16 50 5
5563 0 8 9 50 5
5564 0 58 0 50 5
5565 0 4 9 50 5
5566 0 36 0 50 5
5567 0 60 17 40 10
5568 0 46 0 50 5
5569 0 2 9 30 20
5570 0 26 6 50 5
5571 0 94 6 40 10
5572 0 51 6 50 5
5573 0 79 6 40 10
5574 0 22 6 50 5
5575 0 10 6 50 5
5576 0 77 6 30 20
5577 0 73 5 50 5
5578 0 64 5 50 5
5579 0 5 7 40 10
5580 0 47 21 50 5
5581 0 41 22 50 5
5582 0 61 8 50 5
5583 0 28 5 50 5
5584 0 56 11 50 5
5585 0 94 10 50 5
5586 0 24 1 50 5
5587 0 14 14 30 20
5588 0 57 6 50 5
5589 0 19 23 50 5
5590 0 90 23 50 5
5591 0 23 17 50 5
5592 0 46 2 50 5
5593 0 47 7 50 5
5594 0 83 18 50 5
5595 0 85 12 50 5
5596 0 82 1 50 5
5597 0 13 14 40 10
5598 0 52 0 30 20
5599 0 15 5 40 10
5600 0 37 6 50 5
5601 0 73 17 50 5
5602 0 48 5 40 10
5603 0 35 10 40 10
5604 0 56 15 40 10
5605 0 75 13 50 5
5606 0 70 17 30 20
5607 0 5 23 40 10
5608 0 91 17 50 5
5609 0 62 5 40 10
5610 0 2 2 50 5
5611 0 48 2 50 5
5612 0 59 9 50 5
5613 0 42 20 50 5
5614 0 62 12 40 10
5615 0 87 2 50 5
5616 0 68 16 50 5
5617 0 28 1 50 5
5618 0 48 1 50 5
5619 0 8 1 50 5
5620 0 68 20 40 10
5621 0 59 18 50 5
5622 0 87 18 40 10
5623 0 2 14 50 5
5624 0 28 14 50 5
5625 0 47 9 30 20
5626 0 99 13 50 5
5627 0 97 6 50 5
5628 0 60 20 50 5
5629 0 45 6 50 5
5630 0 12 10 50 5
5631 0 9 14 40 10
5632 0 36 6 50 5
5633 0 66 18 30 20
5634 0 71 12 50 5
5635 0 28 10 50 5
5636 0 15 22 40 10
5637 0 15 21 40 10
5638 0 38 21 50 5
5639 0 7 20 50 5
5640 0 41 2 50 5
5641 0 79 21 50 5
5642 0 22 7 30 20
5643 0 60 2 50 5
5644 0 64 14 50 5
5645 0 21 16 50 5
5646 0 60 0 30 20
5647 0 65 8 50 5
5648 0 8 0 40 10
5649 0 19 3 50 5
5650 0 17 13 50 5
5651 0 49 15 50 5
5652 0 24 1 50 5
5653 0 89 20 50 5
5654 0 22 22 50 5
5655 0 63 22 50 5
5656 0 62 18 50 5
5657 0 79 14 50 5
5658 0 68 1 50 5
5659 0 85 6 40 10
5660 0 71 1 50 5
5661 0 95 1 50 5
5662 0 34 1 50 5
5663 0 0 1 50 5
5664 0 8 1 50 5
5665 0 57 21 30 20
5666 0 88 5 50 5
5667 0 35 7 50 5
5668 0 60 19 50 5
5669 0 79 7 50 5
5670 0 47 5 40 10
5671 0 74 4 50 5
5672 0 1 4 50 5
5673 0 5 10 40 10
5674 0 17 2 50 5
5675 0 36 2 50 5
5676 0 34 2 50 5
5677 0 15 15 50 5
5678 0 91 2 30 20
5679 0 94 3 50 5
5680 0 17 4 50 5
5681 0 66 3 50 5
5682 0 29 3 40 10
5683 0 63 23 30 20
5684 0 39 3 30 20
5685 0 93 9 50 5
5686 0 69 15 50 5
5687 0 99 20 50 5
5688 0 14 4 50 5
5689 0 5 11 50 5
5690 0 67 1 50 5
5691 0 38 9 50 5
5692 0 32 7 50 5
5693 0 23 17 50 5
5694 0 72 15 50 5
5695 0 39 1 50 5
5696 0 60 1 50 5
5697 0 61 1 50 5
5698 0 86 2 50 5
5699 0 74 2 50 5
5700 0 2 16 50 5
5701 0 5 16 50 5
5702 0 30 16 50 5
5703 0 98 2 50 5
5704 0 50 6 50 5
5705 0 55 10 50 5
5706 0 2 2 50 5
5707 0 32 20 50 5
5708 0 13 2 50 5
5709 0 28 15 50 5
5710 0 36 15 40 10
5711 0 92 21 50 5
5712 0 87 2 50 5
5713 0 21 2 40 10
5714 0 17 8 50 5
5715 0 88 7 50 5
5716 0 79 2 30 20
5717 0 71 23 40 10
5718 0 18 19 50 5
5719 0 76 19 50 5
5720 0 7 6 50 5
5721 0 73 6 50 5
5722 0 70 23 40 10
5723 0 13 14 40 10
5724 0 55 9 50 5
5725 0 18 6 50 5
5726 0 22 6 50 5
5727 0 22 6 50 5
5728 0 24 22 50 5
5729 0 27 13 40 10
5730 0 78 19 50 5
5731 0 10 13 50 5
5732 0 71 12 40 10
5733 0 37 16 50 5
5734 0 38 12 50 5
5735 0 21 14 50 5
5736 0 44 17 50 5
5737 0 84 15 50 5
5738 0 69 2 50 5
5739 0 41 13 50 5
5740 0 77 1 40 10
5741 0 10 21 50 5
5742 0 7 21 50 5
5743 0 97 4 50 5
5744 0 88 12 50 5
5745 0 54 14 50 5
5746 0 34 8 50 5
5747 0 28 20 40 10
5748 0 26 17 30 20
5749 0 20 8 50 5
5750 0 44 7 50 5
5751 0 0 7 30 20
5752 0 46 10 50 5
5753 0 44 23 50 5
5754 0 95 7 40 10
5755 0 88 7 50 5
5756 0 35 20 50 5
5757 0 30 16 50 5
5758 0 1 16 50 5
5759 0 37 18 50 5
5760 0 17 7 30 20
5761 0 19 7 50 5
5762 0 90 19 40 10
5763 0 21 14 50 5
5764 0 4 3 30 20
5765 0 91 3 50 5
5766 0 77 11 30 20
5767 0 47 4 50 5
5768 0 32 4 50 5
5769 0 66 4 50 5
5770 0 65 20 30 20
5771 0 34 21 50 5
5772 0 43 4 50 5
5773 0 91 12 50 5
5774 0 17 6 50 5
5775 0 64 18 50 5
5776 0 64 18 50 5
5777 0 43 19 40 10
5778 0 17 22 50 5
5779 0 24 12 50 5
5780 0 15 19 50 5
5781 0 73 19 50 5
5782 0 51 14 40 10
5783 0 78 12 30 20
5784 0 51 12 50 5
5785 0 47 2 40 10
5786 0 94 5 40 10
5787 0 7 12 40 10
5788 0 62 1 50 5
5789 0 68 19 50 5
5790 0 93 19 40 10
5791 0 42 6 50 5
5792 0 65 12 40 10
5793 0 28 1 50 5
5794 0 92 18 50 5
5795 0 75 2 50 5
5796 0 1 5 40 10
5797 0 80 5 40 10
5798 0 57 11 50 5
5799 0 40 8 50 5
5800 0 75 5 40 10
5801 0 51 16 50 5
5802 0 0 7 50 5
5803 0 42 10 50 5
5804 0 40 1 50 5
5805 0 39 15 50 5
5806 0 38 1 40 10
5807 0 92 1 50 5
5808 0 59 9 50 5
5809 0 41 1 40 10
5810 0 11 1 50 5
5811 0 54 22 40 10
5812 0 53 22 50 5
5813 0 3 12 50 5
5814 0 34 12 30 20
5815 0 32 7 50 5
5816 0 6 16 50 5
5817 0 66 23 50 5
5818 0 18 7 50 5
5819 0 97 0 50 5
5820 0 35 3 50 5
5821 0 13 22 40 10
5822 0 76 0 40 10
5823 0 21 18 40 10
5824 0 4 1 50 5
5825 0 57 18 50 5
5826 0 11 12 50 5
5827 0 18 6 50 5
5828 0 37 17 50 5
5829 0 76 22 40 10
5830 0 46 18 50 5
5831 0 30 6 50 5
5832 0 3 6 50 5
5833 0 86 6 50 5
5834 0 30 14 50 5
5835 0 36 6 50 5
5836 0 15 6 50 5
5837 0 69 22 50 5
5838 0 93 22 50 5
5839 0 32 22 30 20
5840 0 70 22 50 5
5841 0 80 22 50 5
5842 0 8 17 30 20
5843 0 84 22 50 5
5844 0 73 17 50 5
5845 0 34 2 50 5
5846 0 49 2 50 5
5847 0 48 2 50 5
5848 0 30 2 50 5
5849 0 58 15 50 5
5850 0 5 1 50 5
5851 0 66 1 30 20
5852 0 43 1 50 5
5853 0 71 1 50 5
5854 0 8 5 50 5
5855 0 46 5 50 5
5856 0 79 4 50 5
5857 0 9 11 50 5
5858 0 75 4 30 20
5859 0 55 4 50 5
5860 0 68 8 50 5
5861 0 16 8 40 10
5862 0 88 19 50 5
5863 0 24 19 30 20
5864 0 63 11 50 5
5865 0 73 4 50 5
5866 0 4 4 50 5
5867 0 86 12 50 5
5868 0 31 21 40 10
5869 0 55 4 50 5
5870 0 11 17 40 10
5871 0 45 4 50 5
5872 0 29 16 30 20
5873 0 89 5 40 10
5874 0 94 4 30 20
5875 0 67 23 50 5
5876 0 28 4 50 5
5877 0 9 11 30 20
5878 0 69 2 50 5
5879 0 84 14 40 10
5880 0 6 22 50 5
5881 0 46 17 50 5
5882 0 88 17 40 10
5883 0 13 12 40 10
5884 0 76 18 50 5
5885 0 65 0 50 5
5886 0 78 0 40 10
5887 0 66 0 50 5
5888 0 78 1 50 5
5889 0 90 0 50 5
5890 0 3 3 50 5
5891 0 82 0 30 20
5892 0 88 0 50 5
5893 0 3 0 40 10
5894 0 18 0 50 5
5895 0 25 20 50 5
5896 0 83 5 50 5
5897 0 33 3 50 5
5898 0 81 3 50 5
5899 0 3 15 50 5
5900 0 64 19 40 10
5901 0 36 15 30 20
5902 0 44 20 50 5
5903 0 88 20 50 5
5904 0 38 0 50 5
5905 0 41 0 40 10
5906 0 0 5 50 5
5907 0 50 10 50 5
5908 0 49 0 30 20
5909 0 26 8 50 5
5910 0 93 14 50 5
5911 0 87 8 40 10
5912 0 19 8 50 5
5913 0 14 8 50 5
5914 0 82 0 50 5
5915 0 51 5 30 20
5916 0 61 5 40 10
5917 0 76 22 40 10
5918 0 58 20 40 10
5919 0 82 20 50 5
5920 0 30 20 50 5
5921 0 77 20 30 20
5922 0 18 2 50 5
5923 0 21 2 50 5
5924 0 28 19 50 5
5925 0 54 2 50 5
5926 0 1 20 50 5
5927 0 91 11 40 10
5928 0 6 11 50 5
5929 0 18 22 50 5
5930 0 70 0 50 5
5931 0 95 4 40 10
5932 0 2 0 30 20
5933 0 22 6 50 5
5934 0 68 18 50 5
5935 0 20 7 50 5
5936 0 23 0 50 5
5937 0 80 0 50 5
5938 0 13 19 40 10
5939 0 63 14 50 5
5940 0 7 3 40 10
5941 0 61 18 50 5
5942 0 81 23 40 10
5943 0 95 4 40 10
5944 0 47 0 50 5
5945 0 13 21 50 5
5946 0 12 13 40 10
5947 0 3 13 50 5
5948 0 24 11 50 5
5949 0 27 19 50 5
5950 0 3 19 50 5
5951 0 77 11 50 5
5952 0 44 3 50 5
5953 0 77 3 40 10
5954 0 37 9 30 20
5955 0 56 8 30 20
5956 0 5 3 50 5
5957 0 98 9 50 5
5958 0 87 3 50 5
5959 0 30 3 50 5
5960 0 65 3 50 5
5961 0 72 3 50 5
5962 0 41 10 50 5
5963 0 93 22 50 5
5964 0 40 23 50 5
5965 0 23 23 40 10
5966 0 32 4 50 5
5967 0 66 4 50 5
5968 0 50 4 50 5
5969 0 12 15 50 5
5970 0 52 4 50 5
5971 0 32 9 50 5
5972 0 23 12 50 5
5973 0 7 0 50 5
5974 0 52 0 40 10
5975 0 43 10 50 5
5976 0 70 0 50 5
5977 0 29 0 50 5
5978 0 28 18 50 5
5979 0 56 1 50 5
5980 0 39 20 40 10
5981 0 46 4 40 10
5982 0 64 18 40 10
5983 0 70 0 50 5
5984 0 80 9 50 5
5985 0 64 8 30 20
5986 0 13 0 50 5
5987 0 26 0 40 10
5988 0 86 22 50 5
5989 0 5 11 40 10
5990 0 88 17 50 5
5991 0 26 17 40 10
5992 0 78 8 50 5
5993 0 39 8 30 20
5994 0 35 11 50 5
5995 0 31 3 50 5
5996 0 35 3 50 5
5997 0 91 3 50 5
5998 0 86 6 50 5
5999 0 75 22 50 5
6000 0 32 12 50 5
6001 0 12 6 50 5
6002 0 55 1 50 5
6003 0 41 14 50 5
6004 0 86 1 50 5
6005 0 83 1 40 10
6006 0 39 12 50 5
6007 0 45 6 50 5
6008 0 8 1 50 5
6009 0 81 6 50 5
6010 0 10 1 30 20
6011 0 42 1 50 5
6012 0 21 20 30 20
6013 0 59 2 50 5
6014 0 89 12 40 10
6015 0 9 16 50 5
6016 0 17 1 40 10
6017 0 95 1 50 5
6018 0 7 5 40 10
6019 0 83 0 50 5
6020 0 29 10 50 5
6021 0 70 15 50 5
6022 0 50 0 50 5
6023 0 13 18 40 10
6024 0 66 3 50 5
6025 0 62 5 50 5
6026 0 0 0 40 10
6027 0 89 6 50 5
6028 0 34 8 40 10
6029 0 61 0 50 5
6030 0 8 0 50 5
6031 0 94 22 50 5
6032 0 0 2 50 5
6033 0 99 0 50 5
6034 0 92 2 50 5
6035 0 12 14 50 5
6036 0 69 0 50 5
6037 0 61 0 50 5
6038 0 98 0 40 10
6039 0 50 0 50 5
6040 0 17 21 50 5
6041 0 88 21 50 5
6042 0 98 9 50 5
6043 0 10 9 40 10
6044 0 31 5 50 5
6045 0 58 23 50 5
6046 0 39 12 50 5
6047 0 43 5 50 5
6048 0 96 13 50 5
6049 0 32 13 30 20
6050 0 4 3 50 5
6051 0 14 12 40 10
6052 0 78 18 50 5
6053 0 51 18 50 5
6054 0 55 21 40 10
6055 0 28 21 40 10
6056 0 97 9 50 5
6057 0 33 4 50 5
6058 0 42 19 30 20
6059 0 73 6 40 10
6060 0 79 16 40 10
6061 0 51 5 50 5
6062 0 34 5 30 20
6063 0 12 11 50 5
6064 0 86 2 50 5
6065 0 99 12 50 5
6066 0 34 17 50 5
6067 0 31 3 50 5
6068 0 29 6 50 5
6069 0 92 0 50 5
6070 0 85 0 50 5
6071 0 29 2 50 5
6072 0 35 15 40 10
6073 0 23 22 30 20
6074 0 90 17 50 5
6075 0 40 17 40 10
6076 0 67 15 50 5
6077 0 7 15 50 5
6078 0 37 23 40 10
6079 0 65 3 30 20
6080 0 77 14 40 10
6081 0 75 13 40 10
6082 0 10 11 50 5
6083 0 12 3 40 10
6084 0 3 5 50 5
6085 0 88 14 50 5
6086 0 81 20 50 5
6087 0 8 1 50 5
6088 0 51 21 50 5
6089 0 88 10 50 5
6090 0 62 23 50 5
6091 0 0 8 50 5
6092 0 51 7 50 5
6093 0 38 9 50 5
6094 0 62 7 50 5
6095 0 57 7 50 5
6096 0 97 10 50 5
6097 0 41 7 50 5
6098 0 24 7 50 5
6099 0 96 15 50 5
6100 0 97 7 50 5
6101 0 86 7 50 5
6102 0 87 19 40 10
6103 0 23 7 50 5
6104 0 70 15 50 5
6105 0 16 20 40 10
6106 0 87 7 50 5
6107 0 1 7 50 5
6108 0 61 6 40 10
6109 0 3 8 40 10
6110 0 21 23 40 10
6111 0 14 14 50 5
6112 0 48 17 50 5
6113 0 20 11 50 5
6114 0 44 2 50 5
6115 0 99 9 40 10
6116 0 83 11 30 20
6117 0 31 2 50 5
6118 0 87 15 50 5
6119 0 72 22 50 5
6120 0 13 21 40 10
6121 0 20 18 50 5
6122 0 46 18 30 20
6123 0 19 16 50 5
6124 0 84 18 50 5
6125 0 96 13 50 5
6126 0 64 13 50 5
6127 0 37 11 50 5
6128 0 33 14 50 5
6129 0 59 12 50 5
6130 0 49 11 50 5
6131 0 18 11 50 5
6132 0 28 11 30 20
6133 0 70 11 50 5
6134 0 2 8 50 5
6135 0 62 13 30 20
6136 0 38 8 40 10
6137 0 77 21 50 5
6138 0 17 21 50 5
6139 0 27 9 40 10
6140 0 88 9 50 5
6141 0 65 9 50 5
6142 0 12 10 40 10
6143 0 45 16 50 5
6144 0 81 23 30 20
6145 0 71 8 40 10
6146 0 50 8 50 5
6147 0 52 16 50 5
6148 0 76 11 50 5
6149 0 8 18 40 10
6150 0 90 1 40 10
6151 0 19 1 50 5
6152 0 97 11 30 20
6153 0 46 16 40 10
6154 0 19 11 40 10
6155 0 31 23 50 5
6156 0 51 11 50 5
6157 0 41 21 50 5
6158 0 73 20 50 5
6159 0 59 6 50 5
6160 0 31 0 30 20
6161 0 26 15 50 5
6162 0 72 17 50 5
6163 0 37 0 50 5
6164 0 24 0 50 5
6165 0 97 0 50 5
6166 0 72 4 50 5
6167 0 65 3 50 5
6168 0 37 0 50 5
6169 0 72 21 50 5
6170 0 53 14 50 5
6171 0 68 14 40 10
6172 0 3 7 40 10
6173 0 12 7 50 5
6174 0 36 22 50 5
6175 0 40 7 40 10
6176 0 36 7 50 5
6177 0 5 17 50 5
6178 0 48 7 50 5
6179 0 42 1 50 5
6180 0 12 1 50 5
6181 0 6 9 50 5
6182 0 51 1 40 10
6183 0 77 1 30 20
6184 0 38 1 50 5
6185 0 89 4 50 5
6186 0 65 21 50 5
6187 0 1 16 40 10
6188 0 57 2 50 5
6189 0 52 9 50 5
6190 0 35 12 50 5
6191 0 27 12 50 5
6192 0 44 5 50 5
6193 0 48 2 50 5
6194 0 21 15 40 10
6195 0 29 15 50 5
6196 0 58 15 50 5
6197 0 5 15 50 5
6198 0 4 4 50 5
6199 0 15 17 50 5
6200 0 94 2 50 5
6201 0 94 9 50 5
6202 0 51 19 50 5
6203 0 43 1 50 5
6204 0 94 17 50 5
6205 0 27 1 40 10
6206 0 19 4 50 5
6207 0 84 16 40 10
6208 0 60 1 30 20
6209 0 78 9 50 5
6210 0 8 10 30 20
6211 0 59 3 30 20
6212 0 70 11 50 5
6213 0 84 3 40 10
6214 0 22 14 50 5
6215 0 46 0 40 10
6216 0 53 16 50 5
6217 0 59 0 40 10
6218 0 78 20 50 5
6219 0 19 22 50 5
6220 0 62 7 30 20
6221 0 52 18 50 5
6222 0 45 21 50 5
6223 0 28 6 50 5
6224 0 35 15 50 5
6225 0 41 3 50 5
6226 0 13 1 50 5
6227 0 35 14 30 20
6228 0 30 15 50 5
6229 0 46 0 40 10
6230 0 94 22 50 5
6231 0 77 0 30 20
6232 0 30 0 40 10
6233 0 48 0 50 5
6234 0 39 2 40 10
6235 0 38 23 50 5
6236 0 67 21 50 5
6237 0 5 12 50 5
6238 0 23 22 50 5
6239 0 98 0 50 5
6240 0 25 7 50 5
6241 0 36 7 50 5
6242 0 77 5 50 5
6243 0 55 16 30 20
6244 0 58 5 50 5
6245 0 76 3 50 5
6246 0 20 21 50 5
6247 0 99 21 40 10
6248 0 68 13 50 5
6249 0 13 2 50 5
6250 0 5 15 50 5
6251 0 3 2 50 5
6252 0 38 12 40 10
6253 0 20 6 50 5
6254 0 52 18 50 5
6255 0 83 6 50 5
6256 0 36 6 50 5
6257 0 53 0 40 10
6258 0 20 19 50 5
6259 0 23 15 50 5
6260 0 71 0 50 5
6261 0 64 14 50 5
6262 0 60 2 30 20
6263 0 52 0 40 10
6264 0 97 0 50 5
6265 0 96 0 40 10
6266 0 9 0 30 20
6267 0 3 17 50 5
6268 0 57 2 30 20
6269 0 26 2 40 10
6270 0 35 2 50 5
6271 0 14 5 50 5
6272 0 93 5 40 10
6273 0 92 12 50 5
6274 0 24 3 30 20
6275 0 29 22 30 20
6276 0 14 15 40 10
6277 0 14 3 50 5
6278 0 53 3 50 5
6279 0 82 1 50 5
6280 0 72 14 40 10
6281 0 26 13 50 5
6282 0 22 9 50 5
6283 0 96 7 50 5
6284 0 37 0 50 5
6285 0 25 18 50 5
6286 0 58 4 40 10
6287 0 67 0 50 5
6288 0 56 6 40 10
6289 0 26 0 30 20
6290 0 14 15 50 5
6291 0 45 6 50 5
6292 0 73 0 50 5
6293 0 20 0 50 5
6294 0 24 0 40 10
6295 0 25 9 50 5
6296 0 84 1 40 10
6297 0 7 7 40 10
6298 0 74 20 50 5
6299 0 97 19 50 5
6300 0 3 12 40 10
6301 0 98 22 50 5
6302 0 48 0 30 20
6303 0 79 0 50 5
6304 0 61 6 50 5
6305 0 63 17 40 10
6306 0 52 3 50 5
6307 0 80 8 40 10
6308 0 22 9 50 5
6309 0 29 11 50 5
6310 0 1 4 50 5
6311 0 1 4 40 10
6312 0 37 0 50 5
6313 0 76 18 50 5
6314 0 48 6 50 5
6315 0 8 19 40 10
6316 0 54 22 50 5
6317 0 25 0 50 5
6318 0 81 6 50 5
6319 0 43 0 50 5
6320 0 31 6 40 10
6321 0 61 5 50 5
6322 0 1 23 50 5
6323 0 19 3 50 5
6324 0 93 12 30 20
6325 0 19 12 40 10
6326 0 2 17 50 5
6327 0 11 17 50 5
6328 0 50 12 50 5
6329 0 40 12 50 5
6330 0 96 12 50 5
6331 0 39 8 50 5
6332 0 22 14 50 5
6333 0 62 3 50 5
6334 0 49 5 50 5
6335 0 80 20 50 5
6336 0 2 11 50 5
6337 0 76 3 50 5
6338 0 86 3 40 10
6339 0 81 3 50 5
6340 0 65 16 50 5
6341 0 10 3 40 10
6342 0 30 3 50 5
6343 0 97 1 50 5
6344 0 15 9 40 10
6345 0 96 1 50 5
6346 0 66 16 50 5
6347 0 84 0 40 10
6348 0 67 5 50 5
6349 0 43 0 50 5
6350 0 26 1 50 5
6351 0 10 9 50 5
6352 0 17 0 30 20
6353 0 53 22 50 5
6354 0 72 0 50 5
6355 0 40 9 50 5
6356 0 43 18 50 5
6357 0 78 6 50 5
6358 0 34 6 50 5
6359 0 24 6 50 5
6360 0 16 6 40 10
6361 0 63 23 50 5
6362 0 93 14 40 10
6363 0 77 6 50 5
6364 0 91 21 50 5
6365 0 21 21 30 20
6366 0 32 12 50 5
6367 0 11 3 50 5
6368 0 64 16 50 5
6369 0 13 3 50 5
6370 0 66 7 50 5
6371 0 47 3 50 5
6372 0 24 13 50 5
6373 0 17 6 40 10
6374 0 5 3 50 5
6375 0 82 19 50 5
6376 0 99 14 50 5
6377 0 80 18 40 10
6378 0 51 18 50 5
6379 0 86 7 50 5
6380 0 96 7 30 20
6381 0 77 7 50 5
6382 0 18 10 50 5
6383 0 18 22 40 10
6384 0 70 21 40 10
6385 0 70 23 50 5
6386 0 35 11 50 5
6387 0 50 7 40 10
6388 0 65 8 50 5
6389 0 73 20 50 5
6390 0 55 7 50 5
6391 0 72 14 50 5
6392 0 41 0 50 5
6393 0 81 23 50 5
6394 0 18 0 50 5
6395 0 93 15 50 5
6396 0 73 19 30 20
6397 0 28 19 50 5
6398 0 15 19 50 5
6399 0 88 19 50 5
6400 0 42 23 50 5
6401 0 7 23 40 10
6402 0 49 23 40 10
6403 0 37 19 50 5
6404 0 68 5 40 10
6405 0 23 5 50 5
6406 0 68 18 50 5
6407 0 3 2 50 5
6408 0 68 10 50 5
6409 0 72 14 50 5
6410 0 22 14 50 5
6411 0 83 8 50 5
6412 0 16 10 30 20
6413 0 69 3 40 10
6414 0 61 3 50 5
6415 0 66 2 50 5
6416 0 2 12 50 5
6417 0 70 2 50 5
6418 0 25 12 50 5
6419 0 47 14 40 10
6420 0 10 7 50 5
6421 0 18 10 50 5
6422 0 81 2 40 10
6423 0 8 2 50 5
6424 0 63 2 50 5
6425 0 15 0 50 5
6426 0 8 16 50 5
6427 0 67 0 50 5
6428 0 91 0 50 5
6429 0 45 16 50 5
6430 0 51 16 50 5
6431 0 67 19 50 5
6432 0 7 15 50 5
6433 0 44 2 50 5
6434 0 47 2 50 5
6435 0 7 3 50 5
6436 0 7 5 50 5
6437 0 53 20 40 10
6438 0 33 16 50 5
6439 0 45 13 50 5
6440 0 6 2 50 5
6441 0 15 9 50 5
6442 0 79 16 50 5
6443 0 93 10 40 10
6444 0 50 0 50 5
6445 0 67 23 30 20
6446 0 49 21 50 5
6447 0 87 0 50 5
6448 0 28 13 50 5
6449 0 96 0 40 10
6450 0 31 16 40 10
6451 0 78 0 50 5
6452 0 52 18 50 5
6453 0 19 0 30 20
6454 0 66 0 50 5
6455 0 75 4 50 5
6456 0 84 0 50 5
6457 0 83 0 50 5
6458 0 1 0 50 5
6459 0 27 1 40 10
6460 0 71 21 50 5
6461 0 93 18 50 5
6462 0 30 5 40 10
6463 0 47 16 50 5
6464 0 26 14 50 5
6465 0 80 22 50 5
6466 0 58 13 50 5
6467 0 89 5 50 5
6468 0 84 19 50 5
6469 0 15 14 30 20
6470 0 54 2 40 10
6471 0 54 15 50 5
6472 0 8 2 50 5
6473 0 43 2 30 20
6474 0 63 15 30 20
6475 0 61 4 50 5
6476 0 31 2 40 10
6477 0 12 1 50 5
6478 0 7 18 40 10
6479 0 34 19 50 5
6480 0 14 1 50 5
6481 0 60 11 30 20
6482 0 87 16 40 10
6483 0 73 1 30 20
6484 0 36 1 50 5
6485 0 51 1 50 5
6486 0 37 1 40 10
6487 0 64 1 50 5
6488 0 72 1 50 5
6489 0 85 1 50 5
6490 0 87 1 50 5
6491 0 35 10 50 5
6492 0 5 10 30 20
6493 0 77 23 40 10
6494 0 44 2 50 5
6495 0 64 2 40 10
6496 0 16 18 40 10
6497 0 9 7 50 5
6498 0 54 9 50 5
6499 0 91 21 40 10
6500 0 93 18 50 5
6501 0 98 12 30 20
6502 0 91 3 50 5
6503 0 90 12 50 5
6504 0 19 2 50 5
6505 0 89 3 50 5
6506 0 83 5 50 5
6507 0 1 2 50 5
6508 0 23 3 50 5
6509 0 3 11 50 5
6510 0 53 18 30 20
6511 0 61 11 50 5
6512 0 70 11 30 20
6513 0 25 19 30 20
6514 0 89 0 40 10
6515 0 38 0 40 10
6516 0 81 3 40 10
6517 0 93 18 40 10
6518 0 17 18 50 5
6519 0 95 8 50 5
6520 0 12 8 30 20
6521 0 17 3 50 5
6522 0 92 17 50 5
6523 0 73 18 40 10
6524 0 47 1 50 5
6525 0 99 22 50 5
6526 0 88 6 50 5
6527 0 33 12 50 5
6528 0 35 16 50 5
6529 0 23 1 50 5
6530 0 71 1 50 5
6531 0 28 23 50 5
6532 0 66 17 50 5
6533 0 1 10 50 5
6534 0 26 23 50 5
6535 0 37 9 40 10
6536 0 41 1 50 5
6537 0 25 20 50 5
6538 0 21 23 50 5
6539 0 93 2 40 10
6540 0 33 2 40 10
6541 0 27 11 50 5
6542 0 64 8 50 5
6543 0 74 9 50 5
6544 0 41 15 50 5
6545 0 77 17 50 5
6546 0 82 0 50 5
6547 0 15 0 40 10
6548 0 86 7 50 5
6549 0 54 8 50 5
6550 0 39 0 40 10
6551 0 46 12 30 20
6552 0 31 6 30 20
6553 0 55 19 30 20
6554 0 10 7 40 10
6555 0 40 17 50 5
6556 0 28 17 50 5
6557 0 32 6 50 5
6558 0 48 6 50 5
6559 0 33 17 50 5
6560 0 67 0 50 5
6561 0 93 0 30 20
6562 0 1 0 40 10
6563 0 60 0 50 5
6564 0 45 7 50 5
6565 0 96 0 40 10
6566 0 98 10 50 5
6567 0 87 11 50 5
6568 0 77 18 50 5
6569 0 62 11 30 20
6570 0 43 3 30 20
6571 0 32 12 50 5
6572 0 20 3 50 5
6573 0 57 3 50 5
6574 0 12 14 50 5
6575 0 36 3 30 20
6576 0 61 4 40 10
6577 0 28 14 50 5
6578 0 54 20 40 10
6579 0 80 8 40 10
6580 0 23 10 50 5
6581 0 69 8 30 20
6582 0 5 8 30 20
6583 0 4 8 50 5
6584 0 4 8 40 10
6585 0 83 8 40 10
6586 0 67 8 40 10
6587 0 30 22 50 5
6588 0 36 14 50 5
6589 0 50 23 40 10
6590 0 85 11 50 5
6591 0 29 11 50 5
6592 0 80 7 40 10
6593 0 54 7 50 5
6594 0 34 20 50 5
6595 0 8 3 40 10
6596 0 31 3 40 10
6597 0 2 3 50 5
6598 0 31 15 50 5
6599 0 21 3 50 5
6600 0 20 18 50 5
6601 0 28 1 50 5
6602 0 67 4 50 5
6603 0 74 8 30 20
6604 0 22 21 40 10
6605 0 89 6 40 10
6606 0 99 21 40 10
6607 0 78 14 50 5
6608 0 48 2 40 10
6609 0 37 19 40 10
6610 0 14 0 50 5
6611 0 3 20 50 5
6612 0 76 21 30 20
6613 0 4 19 50 5
6614 0 60 11 50 5
6615 0 15 13 30 20
6616 0 49 2 50 5
6617 0 9 10 50 5
6618 0 35 5 30 20
6619 0 73 0 50 5
6620 0 36 3 50 5
6621 0 21 0 50 5
6622 0 48 11 40 10
6623 0 34 19 40 10
6624 0 8 0 40 10
6625 0 72 0 30 20
6626 0 5 0 50 5
6627 0 13 1 50 5
6628 0 46 20 50 5
6629 0 98 1 40 10
6630 0 39 1 40 10
6631 0 75 12 50 5
6632 0 0 5 50 5
6633 0 63 7 50 5
6634 0 20 12 50 5
6635 0 72 20 50 5
6636 0 62 4 50 5
6637 0 36 2 30 20
6638 0 71 4 50 5
6639 0 63 1 30 20
6640 0 92 15 50 5
6641 0 97 1 50 5
6642 0 48 1 50 5
6643 0 51 1 30 20
6644 0 69 1 50 5
6645 0 73 3 50 5
6646 0 36 3 30 20
6647 0 81 3 50 5
6648 0 59 3 50 5
6649 0 28 22 50 5
6650 0 78 3 40 10
6651 0 54 16 50 5
6652 0 52 22 50 5
6653 0 53 3 50 5
6654 0 93 23 50 5
6655 0 36 12 50 5
6656 0 57 15 50 5
6657 0 75 8 50 5
6658 0 90 7 50 5
6659 0 22 10 50 5
6660 0 1 7 50 5
6661 0 91 7 30 20
6662 0 14 7 50 5
6663 0 12 7 50 5
6664 0 19 18 50 5
6665 0 84 18 50 5
6666 0 85 18 50 5
6667 0 27 15 40 10
6668 0 95 19 30 20
6669 0 90 15 50 5
6670 0 73 23 50 5
6671 0 76 15 40 10
6672 0 76 19 50 5
6673 0 65 18 40 10
6674 0 25 19 50 5
6675 0 29 15 40 10
6676 0 39 4 50 5
6677 0 72 7 40 10
6678 0 38 15 50 5
6679 0 49 16 50 5
6680 0 40 22 40 10
6681 0 48 4 50 5
6682 0 91 1 40 10
6683 0 70 1 50 5
6684 0 94 1 50 5
6685 0 62 14 50 5
6686 0 92 1 40 10
6687 0 98 1 50 5
6688 0 9 16 50 5
6689 0 70 11 50 5
6690 0 42 11 50 5
6691 0 57 23 50 5
6692 0 97 22 40 10
6693 0 89 11 50 5
6694 0 50 2 50 5
6695 0 57 2 50 5
6696 0 40 13 40 10
6697 0 87 16 50 5
6698 0 43 12 40 10
6699 0 44 2 50 5
6700 0 58 2 50 5
6701 0 27 22 50 5
6702 0 12 2 40 10
6703 0 78 0 50 5
6704 0 88 13 30 20
6705 0 57 0 50 5
6706 0 71 10 30 20
6707 0 1 3 50 5
6708 0 44 10 50 5
6709 0 57 10 50 5
6710 0 65 14 40 10
6711 0 25 19 50 5
6712 0 95 19 30 20
6713 0 67 19 50 5
6714 0 16 18 50 5
6715 0 23 1 50 5
6716 0 21 0 50 5
6717 0 26 6 50 5
6718 0 24 0 50 5
6719 0 34 23 40 10
6720 0 25 0 50 5
6721 0 9 0 50 5
6722 0 18 22 50 5
6723 0 35 4 40 10
6724 0 3 20 50 5
6725 0 88 0 40 10
6726 0 74 3 50 5
6727 0 8 1 50 5
6728 0 78 0 40 10
6729 0 20 15 40 10
6730 0 95 1 40 10
6731 0 58 18 50 5
6732 0 73 2 40 10
6733 0 75 6 40 10
6734 0 41 21 30 20
6735 0 95 1 40 10
6736 0 77 1 30 20
6737 0 42 4 40 10
6738 0 73 9 50 5
6739 0 16 1 50 5
6740 0 19 1 50 5
6741 0 82 14 50 5
6742 0 72 15 50 5
6743 0 17 22 50 5
6744 0 69 22 50 5
6745 0 90 23 40 10
6746 0 61 3 50 5
6747 0 34 8 40 10
6748 0 60 2 50 5
6749 0 28 22 30 20
6750 0 46 9 50 5
6751 0 57 5 40 10
6752 0 24 22 50 5
6753 0 93 14 50 5
6754 0 44 5 50 5
6755 0 9 5 30 20
6756 0 88 5 50 5
6757 0 61 10 50 5
6758 0 12 5 50 5
6759 0 68 9 50 5
6760 0 90 5 50 5
6761 0 57 7 40 10
6762 0 95 15 50 5
6763 0 19 5 50 5
6764 0 14 5 50 5
6765 0 76 15 50 5
6766 0 76 5 50 5
6767 0 4 14 50 5
6768 0 45 14 50 5
6769 0 67 14 50 5
6770 0 29 22 50 5
6771 0 55 12 50 5
6772 0 94 12 50 5
6773 0 46 4 50 5
6774 0 46 8 40 10
6775 0 10 4 50 5
6776 0 75 3 50 5
6777 0 4 3 50 5
6778 0 53 0 50 5
6779 0 76 23 50 5
6780 0 71 20 50 5
6781 0 52 8 30 20
6782 0 31 10 40 10
6783 0 88 21 50 5
6784 0 47 21 50 5
6785 0 73 19 50 5
6786 0 11 19 50 5
6787 0 82 7 50 5
6788 0 37 0 50 5
6789 0 49 1 40 10
6790 0 41 10 50 5
6791 0 37 23 50 5
6792 0 46 0 50 5
6793 0 72 0 50 5
6794 0 97 0 30 20
6795 0 47 11 50 5
6796 0 46 15 50 5
6797 0 39 8 40 10
6798 0 68 18 40 10
6799 0 33 9 50 5
6800 0 97 8 40 10
6801 0 88 8 50 5
6802 0 58 8 50 5
6803 0 86 16 50 5
6804 0 83 3 30 20
6805 0 47 3 40 10
6806 0 81 10 40 10
6807 0 96 13 40 10
6808 0 23 20 40 10
6809 0 12 15 40 10
6810 0 98 3 50 5
6811 0 46 22 50 5
6812 0 73 16 50 5
6813 0 71 3 30 20
6814 0 59 0 50 5
6815 0 14 0 50 5
6816 0 39 5 30 20
6817 0 91 4 40 10
6818 0 53 4 50 5
6819 0 11 17 50 5
6820 0 14 4 40 10
6821 0 69 22 50 5
6822 0 36 4 50 5
6823 0 75 2 50 5
6824 0 63 22 50 5
6825 0 66 20 50 5
6826 0 43 13 50 5
6827 0 51 22 50 5
6828 0 97 23 40 10
6829 0 26 6 50 5
6830 0 91 2 50 5
6831 0 86 14 50 5
6832 0 94 17 50 5
6833 0 98 14 50 5
6834 0 44 5 50 5
6835 0 45 0 40 10
6836 0 25 18 50 5
6837 0 12 10 50 5
6838 0 58 21 50 5
6839 0 85 0 50 5
6840 0 82 0 50 5
6841 0 41 21 40 10
6842 0 61 0 50 5
6843 0 74 7 50 5
6844 0 12 3 50 5
6845 0 13 23 50 5
6846 0 77 0 50 5
6847 0 72 0 50 5
6848 0 52 2 40 10
6849 0 41 0 40 10
6850 0 81 1 40 10
6851 0 4 1 50 5
6852 0 80 9 50 5
6853 0 7 17 50 5
6854 0 30 0 50 5
6855 0 94 12 30 20
6856 0 82 23 50 5
6857 0 68 8 40 10
6858 0 14 15 40 10
6859 0 79 1 30 20
6860 0 5 0 50 5
6861 0 33 7 50 5
6862 0 77 9 50 5
6863 0 36 18 50 5
6864 0 14 21 40 10
6865 0 45 13 50 5
6866 0 5 15 50 5
6867 0 81 8 50 5
6868 0 78 21 50 5
6869 0 8 12 50 5
6870 0 12 21 50 5
6871 0 18 1 50 5
6872 0 42 6 50 5
6873 0 55 1 50 5
6874 0 10 1 50 5
6875 0 86 5 50 5
6876 0 72 8 50 5
6877 0 99 5 50 5
6878 0 32 1 40 10
6879 0 72 12 50 5
6880 0 67 8 50 5
6881 0 9 12 40 10
6882 0 51 9 50 5
6883 0 20 16 50 5
6884 0 68 8 50 5
6885 0 37 9 50 5
6886 0 32 14 40 10
6887 0 98 17 50 5
6888 0 64 9 50 5
6889 0 12 9 50 5
6890 0 64 9 50 5
6891 0 71 12 40 10
6892 0 65 9 50 5
6893 0 95 0 40 10
6894 0 54 23 50 5
6895 0 1 16 50 5
6896 0 46 11 30 20
6897 0 19 0 50 5
6898 0 68 11 40 10
6899 0 24 13 50 5
6900 0 24 1 40 10
6901 0 61 4 50 5
6902 0 19 18 30 20
6903 0 87 18 50 5
6904 0 23 11 50 5
6905 0 46 3 50 5
6906 0 49 1 50 5
6907 0 2 8 50 5
6908 0 30 7 50 5
6909 0 15 23 50 5
6910 0 94 20 30 20
6911 0 67 18 50 5
6912 0 89 1 50 5
6913 0 7 1 40 10
6914 0 7 1 50 5
6915 0 87 1 50 5
6916 0 72 19 50 5
6917 0 56 4 50 5
6918 0 33 1 50 5
6919 0 5 12 50 5
6920 0 84 13 50 5
6921 0 47 6 50 5
6922 0 5 1 50 5
6923 0 20 1 50 5
6924 0 79 1 50 5
6925 0 61 1 50 5
6926 0 45 23 50 5
6927 0 99 6 50 5
6928 0 95 1 50 5
6929 0 13 11 50 5
6930 0 63 1 50 5
6931 0 90 21 50 5
6932 0 2 20 50 5
6933 0 81 2 50 5
6934 0 81 11 50 5
6935 0 88 20 50 5
6936 0 51 1 50 5
6937 0 49 9 50 5
6938 0 85 14 50 5
6939 0 37 18 30 20
6940 0 66 1 40 10
6941 0 91 6 50 5
6942 0 61 17 50 5
6943 0 56 11 50 5
6944 0 2 17 50 5
6945 0 92 11 50 5
6946 0 66 23 40 10
6947 0 33 11 50 5
6948 0 64 14 40 10
6949 0 86 14 30 20
6950 0 9 7 40 10
6951 0 99 7 40 10
6952 0 59 6 30 20
6953 0 83 8 50 5
6954 0 24 13 50 5
6955 0 71 6 50 5
6956 0 5 17 40 10
6957 0 20 6 50 5
6958 0 17 8 50 5
6959 0 15 6 50 5
6960 0 1 19 50 5
6961 0 67 4 50 5
6962 0 98 4 30 20
6963 0 83 7 50 5
6964 0 64 7 40 10
6965 0 79 2 50 5
6966 0 53 15 40 10
6967 0 69 3 50 5
6968 0 82 2 50 5
6969 0 3 12 50 5
6970 0 68 13 50 5
6971 0 56 16 50 5
6972 0 52 17 50 5
6973 0 92 12 50 5
6974 0 88 12 50 5
6975 0 14 4 30 20
6976 0 94 4 50 5
6977 0 47 4 50 5
6978 0 59 13 50 5
6979 0 24 11 50 5
6980 0 26 11 40 10
6981 0 41 7 50 5
6982 0 96 8 30 20
6983 0 80 3 40 10
6984 0 65 19 50 5
6985 0 74 17 30 20
6986 0 33 3 30 20
6987 0 84 2 50 5
6988 0 17 22 50 5
6989 0 99 2 50 5
6990 0 4 4 50 5
6991 0 74 4 50 5
6992 0 10 0 50 5
6993 0 99 18 50 5
6994 0 31 0 50 5
6995 0 77 0 50 5
6996 0 1 5 50 5
6997 0 26 5 30 20
6998 0 16 0 50 5
6999 0 91 0 50 5
7000 0 44 11 50 5
7001 0 46 2 50 5
7002 0 12 19 30 20
7003 0 38 0 30 20
7004 0 58 16 40 10
7005 0 95 7 30 20
7006 0 79 0 50 5
7007 0 44 20 50 5
7008 0 32 0 30 20
7009 0 31 12 50 5
7010 0 39 17 50 5
7011 0 46 0 50 5
7012 0 19 1 50 5
7013 0 32 1 50 5
7014 0 32 21 40 10
7015 0 55 0 50 5
7016 0 56 0 40 10
7017 0 71 6 50 5
7018 0 65 6 50 5
7019 0 71 6 50 5
7020 0 15 21 30 20
7021 0 11 21 40 10
7022 0 97 5 50 5
7023 0 67 16 50 5
7024 0 80 16 50 5
7025 0 11 0 40 10
7026 0 20 17 30 20
7027 0 39 0 50 5
7028 0 39 11 40 10
7029 0 65 4 50 5
7030 0 90 20 40 10
7031 0 11 23 50 5
7032 0 53 8 40 10
7033 0 71 19 50 5
7034 0 44 21 50 5
7035 0 73 19 50 5
7036 0 17 5 50 5
7037 0 75 11 50 5
7038 0 82 22 50 5
7039 0 54 9 50 5
7040 0 42 9 50 5
7041 0 14 13 50 5
7042 0 56 9 50 5
7043 0 77 9 40 10
7044 0 2 3 50 5
7045 0 53 12 50 5
7046 0 99 16 50 5
7047 0 16 3 30 20
7048 0 10 3 50 5
7049 0 69 8 40 10
7050 0 32 22 50 5
7051 0 35 18 50 5
7052 0 26 11 50 5
7053 0 27 11 50 5
7054 0 26 11 50 5
7055 0 6 21 50 5
7056 0 20 6 50 5
7057 0 87 6 50 5
7058 0 65 12 50 5
7059 0 44 9 50 5
7060 0 82 15 30 20
7061 0 61 6 40 10
7062 0 97 14 30 20
7063 0 0 0 50 5
7064 0 33 0 50 5
7065 0 10 7 40 10
7066 0 54 2 50 5
7067 0 84 0 30 20
7068 0 90 0 50 5
7069 0 18 15 40 10
7070 0 93 5 40 10
7071 0 10 0 50 5
7072 0 64 0 50 5
7073 0 85 2 50 5
7074 0 51 5 50 5
7075 0 45 21 50 5
7076 0 11 0 50 5
7077 0 12 0 30 20
7078 0 29 0 50 5
7079 0 49 12 40 10
7080 0 42 12 50 5
7081 0 57 12 50 5
7082 0 48 1 40 10
7083 0 92 19 50 5
7084 0 94 7 50 5
7085 0 52 17 40 10
7086 0 9 1 50 5
7087 0 52 11 50 5
7088 0 85 6 40 10
7089 0 67 15 50 5
7090 0 31 8 30 20
7091 0 96 1 50 5
7092 0 75 1 50 5
7093 0 61 12 50 5
7094 0 90 1 50 5
7095 0 64 10 50 5
7096 0 48 6 30 20
7097 0 7 9 50 5
7098 0 87 18 50 5
7099 0 56 15 40 10
7100 0 16 0 30 20
7101 0 79 10 50 5
7102 0 28 18 40 10
7103 0 11 8 40 10
7104 0 1 3 50 5
7105 0 22 11 50 5
7106 0 62 0 50 5
7107 0 53 0 50 5
7108 0 47 0 50 5
7109 0 10 0 30 20
7110 0 86 0 50 5
7111 0 80 0 50 5
7112 0 54 19 40 10
7113 0 30 17 50 5
7114 0 31 5 40 10
7115 0 16 1 50 5
7116 0 53 17 30 20
7117 0 71 1 40 10
7118 0 38 8 40 10
7119 0 95 12 50 5
7120 0 23 23 50 5
7121 0 69 1 30 20
7122 0 37 5 40 10
7123 0 91 8 50 5
7124 0 11 1 50 5
7125 0 93 20 50 5
7126 0 83 1 40 10
7127 0 45 1 30 20
7128 0 63 1 50 5
7129 0 81 10 50 5
7130 0 22 19 50 5
7131 0 47 0 30 20
7132 0 51 11 50 5
7133 0 21 11 50 5
7134 0 30 12 50 5
7135 0 36 12 50 5
7136 0 1 12 50 5
7137 0 64 6 50 5
7138 0 70 6 40 10
7139 0 12 14 50 5
7140 0 61 19 50 5
7141 0 60 17 50 5
7142 0 1 6 50 5
7143 0 63 14 50 5
7144 0 25 22 50 5
7145 0 86 7 50 5
7146 0 84 11 50 5
7147 0 58 6 50 5
7148 0 35 10 40 10
7149 0 45 13 40 10
7150 0 38 6 50 5
7151 0 2 21 50 5
7152 0 3 21 50 5
7153 0 46 21 50 5
7154 0 49 20 40 10
7155 0 77 3 50 5
7156 0 96 12 40 10
7157 0 60 16 50 5
7158 0 75 0 50 5
7159 0 96 5 50 5
7160 0 94 9 50 5
7161 0 17 5 50 5
7162 0 95 21 50 5
7163 0 56 22 50 5
7164 0 49 22 50 5
7165 0 8 22 30 20
7166 0 26 22 40 10
7167 0 29 2 50 5
7168 0 39 21 40 10
7169 0 83 2 50 5
7170 0 44 6 40 10
7171 0 99 2 50 5
7172 0 38 4 30 20
7173 0 46 4 40 10
7174 0 36 15 50 5
7175 0 78 13 50 5
7176 0 60 10 40 10
7177 0 41 4 40 10
7178 0 23 2 50 5
7179 0 19 2 50 5
7180 0 50 2 40 10
7181 0 8 6 50 5
7182 0 25 11 40 10
7183 0 19 2 50 5
7184 0 23 6 30 20
7185 0 67 2 40 10
7186 0 9 11 50 5
7187 0 48 11 40 10
7188 0 19 22 50 5
7189 0 97 10 50 5
7190 0 68 10 50 5
7191 0 63 21 30 20
7192 0 42 10 50 5
7193 0 40 10 50 5
7194 0 4 12 50 5
7195 0 17 10 50 5
7196 0 27 15 50 5
7197 0 9 7 40 10
7198 0 71 14 30 20
7199 0 70 14 50 5
7200 0 8 14 50 5
7201 0 48 14 50 5
7202 0 59 21 50 5
7203 0 10 0 50 5
7204 0 63 8 50 5
7205 0 95 5 50 5
7206 0 47 0 50 5
7207 0 25 0 50 5
7208 0 95 0 50 5
7209 0 39 13 50 5
7210 0 5 15 50 5
7211 0 25 4 50 5
7212 0 54 21 50 5
7213 0 21 4 40 10
7214 0 81 22 50 5
7215 0 24 7 50 5
7216 0 51 19 40 10
7217 0 1 17 50 5
7218 0 37 1 50 5
7219 0 37 23 40 10
7220 0 73 1 50 5
7221 0 15 12 40 10
7222 0 21 5 50 5
7223 0 83 12 50 5
7224 0 71 1 50 5
7225 0 32 1 40 10
7226 0 74 9 50 5
7227 0 55 5 50 5
7228 0 91 3 50 5
7229 0 39 14 50 5
7230 0 96 17 50 5
7231 0 10 6 50 5
7232 0 72 8 50 5
7233 0 3 3 40 10
7234 0 23 3 50 5
7235 0 45 22 50 5
7236 0 96 5 50 5
7237 0 79 18 40 10
7238 0 26 5 30 20
7239 0 96 12 50 5
7240 0 83 1 50 5
7241 0 21 2 50 5
7242 0 74 1 50 5
7243 0 41 18 50 5
7244 0 2 18 50 5
7245 0 35 22 50 5
7246 0 47 17 30 20
7247 0 83 19 50 5
7248 0 62 19 50 5
7249 0 58 19 50 5
7250 0 97 17 40 10
7251 0 99 17 40 10
7252 0 51 1 50 5
7253 0 99 23 50 5
7254 0 73 8 50 5
7255 0 56 15 30 20
7256 0 77 1 50 5
7257 0 55 1 50 5
7258 0 68 6 40 10
7259 0 28 1 40 10
7260 0 19 15 40 10
7261 0 67 1 50 5
7262 0 99 11 50 5
7263 0 61 11 30 20
7264 0 85 8 50 5
7265 0 67 22 40 10
7266 0 11 8 50 5
7267 0 41 19 40 10
7268 0 50 3 50 5
7269 0 70 11 40 10
7270 0 76 20 50 5
7271 0 48 4 50 5
7272 0 39 12 30 20
7273 0 75 15 50 5
7274 0 19 20 50 5
7275 0 76 6 50 5
7276 0 73 19 50 5
7277 0 11 6 50 5
7278 0 96 6 40 10
7279 0 19 1 50 5
7280 0 58 1 50 5
7281 0 38 1 30 20
7282 0 72 17 50 5
7283 0 55 9 50 5
7284 0 94 20 50 5
7285 0 2 1 50 5
7286 0 39 10 40 10
7287 0 10 1 50 5
7288 0 56 4 50 5
7289 0 49 1 50 5
7290 0 60 1 50 5
7291 0 43 1 50 5
7292 0 68 12 40 10
7293 0 17 10 50 5
7294 0 63 10 50 5
7295 0 30 11 50 5
7296 0 45 18 50 5
7297 0 2 20 50 5
7298 0 56 13 50 5
7299 0 65 15 40 10
7300 0 48 18 50 5
7301 0 1 13 50 5
7302 0 97 8 40 10
7303 0 75 9 50 5
7304 0 48 18 40 10
7305 0 67 7 30 20
7306 0 28 7 40 10
7307 0 31 7 50 5
7308 0 81 12 50 5
7309 0 75 23 50 5
7310 0 4 20 50 5
7311 0 7 18 40 10
7312 0 18 13 50 5
7313 0 88 20 50 5
7314 0 54 3 50 5
7315 0 34 3 50 5
7316 0 50 14 40 10
7317 0 47 14 50 5
7318 0 12 18 50 5
7319 0 92 23 50 5
7320 0 81 6 50 5
7321 0 77 23 40 10
7322 0 8 1 40 10
7323 0 28 21 40 10
7324 0 43 1 50 5
7325 0 1 23 50 5
7326 0 90 2 40 10
7327 0 73 1 50 5
7328 0 25 21 40 10
7329 0 59 1 50 5
7330 0 31 1 50 5
7331 0 79 1 50 5
7332 0 76 1 40 10
7333 0 20 7 50 5
7334 0 18 7 50 5
7335 0 76 1 50 5
7336 0 11 7 40 10
7337 0 49 5 40 10
7338 0 89 5 50 5
7339 0 36 5 30 20
7340 0 14 5 40 10
7341 0 51 22 50 5
7342 0 92 12 50 5
7343 0 30 5 50 5
7344 0 80 6 50 5
7345 0 64 5 50 5
7346 0 27 5 50 5
7347 0 0 21 50 5
7348 0 56 11 40 10
7349 0 52 19 30 20
7350 0 60 20 50 5
7351 0 63 2 30 20
7352 0 49 2 50 5
7353 0 20 4 50 5
7354 0 35 4 50 5
7355 0 44 4 40 10
7356 0 65 4 50 5
7357 0 65 4 30 20
7358 0 14 4 50 5
7359 0 28 4 50 5
7360 0 4 14 30 20
7361 0 67 20 30 20
7362 0 91 7 50 5
7363 0 22 8 50 5
7364 0 91 5 40 10
7365 0 23 20 50 5
7366 0 49 2 50 5
7367 0 27 2 50 5
7368 0 88 2 50 5
7369 0 31 22 40 10
7370 0 19 20 50 5
7371 0 97 2 50 5
7372 0 22 10 50 5
7373 0 90 0 50 5
7374 0 21 0 30 20
7375 0 75 0 50 5
7376 0 26 20 40 10
7377 0 35 17 50 5
7378 0 65 2 50 5
7379 0 23 2 50 5
7380 0 53 7 50 5
7381 0 46 23 50 5
7382 0 98 3 50 5
7383 0 35 19 50 5
7384 0 87 2 50 5
7385 0 2 3 50 5
7386 0 45 2 50 5
7387 0 37 7 50 5
7388 0 45 2 50 5
7389 0 48 2 50 5
7390 0 46 21 50 5
7391 0 25 11 50 5
7392 0 63 19 50 5
7393 0 75 2 30 20
7394 0 28 9 50 5
7395 0 32 2 50 5
7396 0 99 7 40 10
7397 0 90 5 50 5
7398 0 19 5 40 10
7399 0 64 5 30 20
7400 0 87 3 50 5
7401 0 15 20 50 5
7402 0 49 23 40 10
7403 0 63 14 50 5
7404 0 6 5 40 10
7405 0 9 10 50 5
7406 0 44 9 50 5
7407 0 67 22 50 5
7408 0 39 5 40 10
7409 0 81 10 30 20
7410 0 98 18 40 10
7411 0 35 9 50 5
7412 0 35 13 50 5
7413 0 51 9 50 5
7414 0 13 9 50 5
7415 0 53 2 30 20
7416 0 36 2 50 5
7417 0 65 13 40 10
7418 0 96 13 40 10
7419 0 78 3 50 5
7420 0 42 10 50 5
7421 0 26 14 50 5
7422 0 1 3 50 5
7423 0 42 9 50 5
7424 0 23 15 30 20
7425 0 18 11 50 5
7426 0 14 12 50 5
7427 0 10 20 40 10
7428 0 29 3 50 5
7429 0 38 3 30 20
7430 0 48 6 40 10
7431 0 35 1 50 5
7432 0 77 1 50 5
7433 0 95 1 50 5
7434 0 69 12 50 5
7435 0 4 17 40 10
7436 0 83 22 50 5
7437 0 55 18 40 10
7438 0 14 20 50 5
7439 0 41 7 40 10
7440 0 85 13 50 5
7441 0 41 15 30 20
7442 0 86 3 50 5
7443 0 47 3 50 5
7444 0 3 6 30 20
7445 0 42 9 50 5
7446 0 26 0 40 10
7447 0 86 9 50 5
7448 0 49 0 40 10
7449 0 66 0 50 5
7450 0 74 0 40 10
7451 0 54 0 50 5
7452 0 35 6 50 5
7453 0 81 11 50 5
7454 0 24 21 30 20
7455 0 40 18 50 5
7456 0 94 23 50 5
7457 0 44 0 50 5
7458 0 23 0 50 5
7459 0 79 9 50 5
7460 0 48 15 40 10
7461 0 91 0 50 5
7462 0 53 7 50 5
7463 0 8 13 50 5
7464 0 21 22 50 5
7465 0 87 13 50 5
7466 0 8 3 50 5
7467 0 48 11 50 5
7468 0 14 2 50 5
7469 0 62 19 40 10
7470 0 40 17 50 5
7471 0 96 2 30 20
7472 0 68 2 50 5
7473 0 21 12 50 5
7474 0 20 6 50 5
7475 0 61 12 40 10
7476 0 69 13 50 5
7477 0 54 8 50 5
7478 0 83 21 50 5
7479 0 29 23 50 5
7480 0 49 0 50 5
7481 0 98 11 50 5
7482 0 61 0 30 20
7483 0 60 1 50 5
7484 0 54 0 40 10
7485 0 58 18 40 10
7486 0 0 19 30 20
7487 0 82 19 50 5
7488 0 61 0 50 5
7489 0 66 15 50 5
7490 0 10 19 50 5
7491 0 97 19 40 10
7492 0 97 16 50 5
7493 0 43 9 50 5
7494 0 86 7 40 10
7495 0 88 5 50 5
7496 0 10 20 50 5
7497 0 92 18 50 5
7498 0 73 16 50 5
7499 0 39 11 40 10
7500 0 7 5 50 5
7501 0 22 17 50 5
7502 0 52 1 50 5
7503 0 43 1 50 5
7504 0 25 14 50 5
7505 0 52 10 50 5
7506 0 48 12 50 5
7507 0 60 10 50 5
7508 0 16 10 40 10
7509 0 34 14 50 5
7510 0 84 23 40 10
7511 0 64 8 50 5
7512 0 67 8 50 5
7513 0 95 6 50 5
7514 0 33 4 50 5
7515 0 95 4 30 20
7516 0 35 17 50 5
7517 0 1 4 50 5
7518 0 4 12 50 5
7519 0 34 23 50 5
7520 0 27 4 50 5
7521 0 80 15 50 5
7522 0 10 4 50 5
7523 0 13 4 40 10
7524 0 97 10 40 10
7525 0 13 10 30 20
7526 0 77 20 50 5
7527 0 2 0 50 5
7528 0 18 6 30 20
7529 0 29 0 50 5
7530 0 22 0 30 20
7531 0 31 8 50 5
7532 0 58 19 50 5
7533 0 22 0 50 5
7534 0 3 8 50 5
7535 0 14 9 50 5
7536 0 73 0 50 5
7537 0 60 0 50 5
7538 0 71 0 40 10
7539 0 26 0 40 10
7540 0 45 4 50 5
7541 0 46 22 40 10
7542 0 77 8 50 5
7543 0 52 4 40 10
7544 0 61 4 50 5
7545 0 72 0 50 5
7546 0 35 0 30 20
7547 0 35 10 50 5
7548 0 27 0 40 10
7549 0 4 12 50 5
7550 0 88 10 50 5
7551 0 34 13 50 5
7552 0 8 22 30 20
7553 0 19 15 50 5
7554 0 90 7 40 10
7555 0 82 15 40 10
7556 0 64 0 50 5
7557 0 10 11 50 5
7558 0 95 11 40 10
7559 0 51 12 50 5
7560 0 89 15 50 5
7561 0 9 17 30 20
7562 0 42 11 40 10
7563 0 50 14 50 5
7564 0 84 12 50 5
7565 0 65 20 50 5
7566 0 82 11 40 10
7567 0 1 6 50 5
7568 0 33 6 50 5
7569 0 98 11 40 10
7570 0 1 12 50 5
7571 0 76 6 50 5
7572 0 6 2 50 5
7573 0 12 4 40 10
7574 0 44 2 50 5
7575 0 62 15 50 5
7576 0 67 16 50 5
7577 0 71 20 40 10
7578 0 17 2 50 5
7579 0 75 3 30 20
7580 0 11 9 50 5
7581 0 77 2 50 5
7582 0 29 5 40 10
7583 0 16 19 30 20
7584 0 18 23 50 5
7585 0 52 15 50 5
7586 0 44 8 50 5
7587 0 70 9 50 5
7588 0 7 16 50 5
7589 0 91 9 40 10
7590 0 93 9 40 10
7591 0 50 6 50 5
7592 0 63 15 30 20
7593 0 6 11 40 10
7594 0 23 12 50 5
7595 0 73 4 50 5
7596 0 83 9 50 5
7597 0 25 4 50 5
7598 0 97 19 30 20
7599 0 15 0 50 5
7600 0 22 2 50 5
7601 0 1 16 30 20
7602 0 63 14 50 5
7603 0 79 7 50 5
7604 0 44 7 50 5
7605 0 67 0 50 5
7606 0 49 0 50 5
7607 0 27 14 40 10
7608 0 29 0 50 5
7609 0 2 15 30 20
7610 0 76 1 50 5
7611 0 21 23 50 5
7612 0 22 0 50 5
7613 0 57 7 40 10
7614 0 22 18 50 5
7615 0 79 22 50 5
7616 0 74 19 50 5
7617 0 73 18 40 10
7618 0 94 16 50 5
7619 0 76 15 50 5
7620 0 76 15 30 20
7621 0 74 7 50 5
7622 0 30 14 50 5
7623 0 21 10 30 20
7624 0 58 17 50 5
7625 0 27 6 50 5
7626 0 62 6 50 5
7627 0 23 5 50 5
7628 0 29 5 30 20
7629 0 89 5 50 5
7630 0 11 5 50 5
7631 0 95 21 40 10
7632 0 88 3 30 20
7633 0 11 16 50 5
7634 0 10 3 50 5
7635 0 89 3 50 5
7636 0 37 6 50 5
7637 0 86 3 40 10
7638 0 89 3 50 5
7639 0 59 10 50 5
7640 0 35 8 50 5
7641 0 25 3 50 5
7642 0 9 20 50 5
7643 0 77 3 50 5
7644 0 70 0 50 5
7645 0 63 0 40 10
7646 0 78 7 50 5
7647 0 18 15 50 5
7648 0 77 10 50 5
7649 0 3 22 50 5
7650 0 98 0 50 5
7651 0 16 8 50 5
7652 0 48 17 50 5
7653 0 83 0 50 5
7654 0 38 15 40 10
7655 0 33 0 50 5
7656 0 59 0 50 5
7657 0 97 10 50 5
7658 0 49 16 50 5
7659 0 84 22 40 10
7660 0 17 21 40 10
7661 0 90 6 50 5
7662 0 30 7 50 5
7663 0 67 6 50 5
7664 0 62 21 50 5
7665 0 83 6 50 5
7666 0 78 23 50 5
7667 0 11 21 40 10
7668 0 7 0 50 5
7669 0 49 0 50 5
7670 0 70 0 40 10
7671 0 24 4 40 10
7672 0 15 0 50 5
7673 0 22 6 50 5
7674 0 27 6 50 5
7675 0 2 8 50 5
7676 0 84 0 50 5
7677 0 62 5 40 10
7678 0 20 21 50 5
7679 0 67 23 50 5
7680 0 61 14 50 5
7681 0 62 14 40 10
7682 0 41 17 50 5
7683 0 33 6 50 5
7684 0 49 1 50 5
7685 0 67 7 40 10
7686 0 36 1 50 5
7687 0 26 1 40 10
7688 0 89 2 30 20
7689 0 82 20 50 5
7690 0 21 1 50 5
7691 0 0 12 40 10
7692 0 6 1 50 5
7693 0 23 12 50 5
7694 0 37 2 50 5
7695 0 27 6 50 5
7696 0 50 4 50 5
7697 0 59 0 50 5
7698 0 38 14 30 20
7699 0 0 23 50 5
7700 0 49 0 50 5
7701 0 89 0 50 5
7702 0 2 1 50 5
7703 0 55 0 30 20
7704 0 87 15 50 5
7705 0 21 16 50 5
7706 0 90 19 40 10
7707 0 43 4 50 5
7708 0 24 13 30 20
7709 0 96 0 50 5
7710 0 69 2 50 5
7711 0 48 21 50 5
7712 0 89 8 50 5
7713 0 13 1 50 5
7714 0 20 20 40 10
7715 0 64 6 50 5
7716 0 30 20 50 5
7717 0 91 6 40 10
7718 0 34 14 50 5
7719 0 5 5 50 5
7720 0 57 1 40 10
7721 0 26 23 50 5
7722 0 57 11 50 5
7723 0 25 16 50 5
7724 0 62 12 50 5
7725 0 86 12 50 5
7726 0 77 18 50 5
7727 0 97 19 30 20
7728 0 1 4 50 5
7729 0 87 14 50 5
7730 0 8 6 40 10
7731 0 75 18 50 5
7732 0 34 4 50 5
7733 0 0 1 50 5
7734 0 6 7 50 5
7735 0 18 3 50 5
7736 0 68 10 50 5
7737 0 13 1 40 10
7738 0 58 1 40 10
7739 0 52 5 50 5
7740 0 44 1 40 10
7741 0 52 5 30 20
7742 0 72 1 50 5
7743 0 77 1 50 5
7744 0 86 8 50 5
7745 0 69 8 50 5
7746 0 87 15 50 5
7747 0 57 8 40 10
7748 0 94 8 40 10
7749 0 52 13 50 5
7750 0 68 8 50 5
7751 0 11 8 50 5
7752 0 79 0 40 10
7753 0 37 9 50 5
7754 0 95 13 40 10
7755 0 85 11 50 5
7756 0 46 8 50 5
7757 0 97 8 50 5
7758 0 98 8 30 20
7759 0 67 8 50 5
7760 0 3 8 50 5
7761 0 0 1 50 5
7762 0 50 21 50 5
7763 0 97 1 50 5
7764 0 61 18 50 5
7765 0 46 8 30 20
7766 0 71 4 50 5
7767 0 33 19 50 5
7768 0 8 1 50 5
7769 0 57 1 50 5
7770 0 15 11 50 5
7771 0 49 12 40 10
7772 0 27 18 50 5
7773 0 71 11 50 5
7774 0 6 14 50 5
7775 0 32 11 50 5
7776 0 51 17 40 10
7777 0 81 5 30 20
7778 0 14 1 50 5
7779 0 58 21 50 5
7780 0 31 1 40 10
7781 0 76 22 50 5
7782 0 49 12 50 5
7783 0 7 23 50 5
7784 0 70 21 40 10
7785 0 41 1 50 5
7786 0 88 1 50 5
7787 0 48 14 50 5
7788 0 97 2 50 5
7789 0 53 1 50 5
7790 0 35 3 50 5
7791 0 80 0 40 10
7792 0 69 1 30 20
7793 0 7 0 50 5
7794 0 53 0 50 5
7795 0 75 21 40 10
7796 0 39 13 30 20
7797 0 98 11 50 5
7798 0 30 15 50 5
7799 0 40 16 50 5
7800 0 77 16 40 10
7801 0 96 16 40 10
7802 0 9 7 50 5
7803 0 84 19 50 5
7804 0 39 7 40 10
7805 0 0 7 50 5
7806 0 43 23 40 10
7807 0 40 14 50 5
7808 0 52 6 50 5
7809 0 8 3 50 5
7810 0 85 14 30 20
7811 0 29 1 50 5
7812 0 85 18 50 5
7813 0 69 14 50 5
7814 0 95 1 50 5
7815 0 97 1 40 10
7816 0 6 3 50 5
7817 0 75 12 50 5
7818 0 1 4 50 5
7819 0 89 1 50 5
7820 0 9 2 40 10
7821 0 65 14 50 5
7822 0 37 9 40 10
7823 0 34 2 30 20
7824 0 0 2 50 5
7825 0 0 22 50 5
7826 0 47 19 50 5
7827 0 3 2 50 5
7828 0 34 17 30 20
7829 0 54 2 40 10
7830 0 83 10 50 5
7831 0 92 11 50 5
7832 0 0 16 40 10
7833 0 26 11 50 5
7834 0 8 22 40 10
7835 0 9 2 30 20
7836 0 92 21 40 10
7837 0 29 16 40 10
7838 0 7 21 50 5
7839 0 18 1 50 5
7840 0 56 17 50 5
7841 0 71 1 50 5
7842 0 16 11 50 5
7843 0 34 21 50 5
7844 0 20 0 50 5
7845 0 85 10 50 5
7846 0 74 10 50 5
7847 0 40 11 50 5
7848 0 75 18 40 10
7849 0 97 4 50 5
7850 0 3 4 50 5
7851 0 58 6 40 10
7852 0 19 4 40 10
7853 0 17 4 30 20
7854 0 47 22 50 5
7855 0 37 7 50 5
7856 0 32 4 50 5
7857 0 11 18 50 5
7858 0 54 18 50 5
7859 0 5 18 50 5
7860 0 38 4 50 5
7861 0 88 13 50 5
7862 0 44 4 50 5
7863 0 74 4 50 5
7864 0 79 4 50 5
7865 0 99 4 50 5
7866 0 88 9 50 5
7867 0 97 21 50 5
7868 0 57 14 50 5
7869 0 63 22 50 5
7870 0 37 4 50 5
7871 0 0 19 50 5
7872 0 41 11 40 10
7873 0 39 9 30 20
7874 0 74 22 50 5
7875 0 72 9 40 10
7876 0 28 10 50 5
7877 0 10 15 50 5
7878 0 93 9 40 10
7879 0 4 9 30 20
7880 0 14 20 40 10
7881 0 78 9 50 5
7882 0 32 9 50 5
7883 0 88 3 40 10
7884 0 64 13 50 5
7885 0 51 3 50 5
7886 0 64 21 50 5
7887 0 17 3 50 5
7888 0 38 18 50 5
7889 0 17 10 50 5
7890 0 50 1 50 5
7891 0 75 2 50 5
7892 0 84 22 50 5
7893 0 1 20 50 5
7894 0 82 0 30 20
7895 0 66 4 50 5
7896 0 56 0 50 5
7897 0 41 0 40 10
7898 0 50 16 50 5
7899 0 22 19 30 20
7900 0 83 18 40 10
7901 0 14 0 50 5
7902 0 0 6 40 10
7903 0 9 20 40 10
7904 0 47 11 50 5
7905 0 11 11 50 5
7906 0 89 17 40 10
7907 0 41 3 50 5
7908 0 88 3 50 5
7909 0 29 2 50 5
7910 0 30 12 40 10
7911 0 87 23 50 5
7912 0 4 9 40 10
7913 0 39 15 50 5
7914 0 4 12 50 5
7915 0 20 9 50 5
7916 0 72 21 40 10
7917 0 44 9 40 10
7918 0 9 9 40 10
7919 0 74 21 50 5
7920 0 29 14 50 5
7921 0 15 20 50 5
7922 0 19 3 40 10
7923 0 4 2 50 5
7924 0 36 2 50 5
7925 0 49 20 50 5
7926 0 75 13 50 5
7927 0 86 4 30 20
7928 0 21 21 50 5
7929 0 92 21 50 5
7930 0 42 4 50 5
7931 0 50 4 40 10
7932 0 43 4 50 5
7933 0 7 3 50 5
7934 0 72 3 50 5
7935 0 56 8 40 10
7936 0 23 1 50 5
7937 0 59 12 50 5
7938 0 59 1 40 10
7939 0 95 19 50 5
7940 0 9 1 50 5
7941 0 11 1 40 10
7942 0 39 13 50 5
7943 0 19 9 50 5
7944 0 96 16 50 5
7945 0 77 2 50 5
7946 0 8 23 50 5
7947 0 90 19 50 5
7948 0 47 19 40 10
7949 0 5 19 40 10
7950 0 4 11 50 5
7951 0 72 19 50 5
7952 0 33 11 50 5
7953 0 17 8 50 5
7954 0 74 18 50 5
7955 0 35 15 30 20
7956 0 54 8 30 20
7957 0 79 8 50 5
7958 0 35 20 50 5
7959 0 95 22 50 5
7960 0 57 8 30 20
7961 0 35 0 50 5
7962 0 56 16 50 5
7963 0 10 5 40 10
7964 0 60 2 50 5
7965 0 2 22 50 5
7966 0 43 2 50 5
7967 0 34 5 50 5
7968 0 84 17 40 10
7969 0 99 2 50 5
7970 0 4 11 50 5
7971 0 94 0 50 5
7972 0 81 0 50 5
7973 0 20 15 50 5
7974 0 27 10 40 10
7975 0 40 1 30 20
7976 0 17 0 50 5
7977 0 22 14 50 5
7978 0 52 14 50 5
7979 0 54 19 50 5
7980 0 94 23 40 10
7981 0 28 23 40 10
7982 0 10 13 50 5
7983 0 95 12 30 20
7984 0 66 9 50 5
7985 0 2 10 50 5
7986 0 49 3 50 5
7987 0 6 3 30 20
7988 0 40 21 50 5
7989 0 8 10 40 10
7990 0 93 10 40 10
7991 0 81 16 50 5
7992 0 21 19 40 10
7993 0 86 4 50 5
7994 0 37 4 50 5
7995 0 59 7 50 5
7996 0 2 19 50 5
7997 0 12 13 30 20
7998 0 14 12 40 10
7999 0 88 12 40 10
8000 0 35 9 40 10
8001 0 22 9 50 5
8002 0 8 6 50 5
8003 0 66 6 30 20
8004 0 20 18 40 10
8005 0 62 1 50 5
8006 0 7 1 50 5
8007 0 11 1 30 20
8008 0 52 17 50 5
8009 0 86 1 50 5
8010 0 52 1 50 5
8011 0 24 21 50 5
8012 0 93 12 40 10
8013 0 28 6 50 5
8014 0 84 10 50 5
8015 0 4 6 30 20
8016 0 87 15 50 5
8017 0 18 9 50 5
8018 0 54 6 50 5
8019 0 31 6 50 5
8020 0 40 15 50 5
8021 0 87 16 50 5
8022 0 63 6 40 10
8023 0 70 7 50 5
8024 0 56 16 50 5
8025 0 21 19 30 20
8026 0 81 7 50 5
8027 0 62 21 50 5
8028 0 28 20 50 5
8029 0 45 8 50 5
8030 0 7 8 50 5
8031 0 50 8 50 5
8032 0 2 8 50 5
8033 0 71 6 50 5
8034 0 94 20 40 10
8035 0 82 17 50 5
8036 0 85 17 30 20
8037 0 53 17 50 5
8038 0 67 3 30 20
8039 0 20 3 50 5
8040 0 77 11 40 10
8041 0 20 13 40 10
8042 0 55 19 50 5
8043 0 40 19 50 5
8044 0 73 19 50 5
8045 0 75 19 50 5
8046 0 95 18 50 5
8047 0 43 19 50 5
8048 0 98 14 50 5
8049 0 84 13 40 10
8050 0 50 13 50 5
8051 0 78 19 40 10
8052 0 55 13 50 5
8053 0 36 13 50 5
8054 0 50 15 40 10
8055 0 59 15 40 10
8056 0 8 5 50 5
8057 0 36 22 50 5
8058 0 71 15 40 10
8059 0 40 5 50 5
8060 0 59 0 50 5
8061 0 43 0 50 5
8062 0 71 23 50 5
8063 0 66 20 40 10
8064 0 29 0 40 10
8065 0 20 18 50 5
8066 0 1 0 40 10
8067 0 48 1 50 5
8068 0 42 16 50 5
8069 0 82 20 50 5
8070 0 33 18 50 5
8071 0 31 6 40 10
8072 0 33 3 50 5
8073 0 70 0 40 10
8074 0 90 20 50 5
8075 0 65 9 50 5
8076 0 76 10 40 10
8077 0 64 0 50 5
8078 0 70 0 40 10
8079 0 1 9 40 10
8080 0 98 12 50 5
8081 0 40 12 50 5
8082 0 32 0 50 5
8083 0 0 0 50 5
8084 0 28 19 50 5
8085 0 30 0 50 5
8086 0 29 13 50 5
8087 0 51 1 50 5
8088 0 86 1 50 5
8089 0 9 0 50 5
8090 0 72 16 50 5
8091 0 80 21 40 10
8092 0 64 0 30 20
8093 0 65 2 50 5
8094 0 92 4 50 5
8095 0 55 2 50 5
8096 0 45 14 50 5
8097 0 22 16 50 5
8098 0 22 0 50 5
8099 0 41 8 50 5
8100 0 31 8 50 5
8101 0 8 8 50 5
8102 0 98 13 40 10
8103 0 88 6 50 5
8104 0 47 6 40 10
8105 0 76 6 50 5
8106 0 77 18 50 5
8107 0 76 2 40 10
8108 0 23 18 50 5
8109 0 76 4 30 20
8110 0 30 4 40 10
8111 0 9 4 40 10
8112 0 6 4 50 5
8113 0 94 9 50 5
8114 0 89 21 50 5
8115 0 29 8 50 5
8116 0 7 3 50 5
8117 0 56 13 50 5
8118 0 7 3 50 5
8119 0 99 3 50 5
8120 0 14 14 50 5
8121 0 61 16 50 5
8122 0 47 3 50 5
8123 0 80 5 50 5
8124 0 19 12 40 10
8125 0 84 20 30 20
8126 0 90 12 50 5
8127 0 56 11 50 5
8128 0 98 21 50 5
8129 0 89 19 30 20
8130 0 19 1 40 10
8131 0 60 12 40 10
8132 0 53 1 50 5
8133 0 65 8 50 5
8134 0 88 1 50 5
8135 0 68 18 50 5
8136 0 39 6 50 5
8137 0 90 7 30 20
8138 0 22 11 50 5
8139 0 86 14 50 5
8140 0 72 1 50 5
8141 0 21 14 40 10
8142 0 24 20 40 10
8143 0 46 14 50 5
8144 0 36 14 50 5
8145 0 85 14 50 5
8146 0 49 14 40 10
8147 0 41 12 40 10
8148 0 28 11 50 5
8149 0 59 11 50 5
8150 0 66 13 30 20
8151 0 35 15 50 5
8152 0 20 15 50 5
8153 0 24 1 50 5
8154 0 38 1 50 5
8155 0 51 6 40 10
8156 0 20 1 50 5
8157 0 46 12 50 5
8158 0 29 10 50 5
8159 0 44 5 50 5
8160 0 38 5 50 5
8161 0 69 1 50 5
8162 0 50 15 50 5
8163 0 38 10 50 5
8164 0 13 3 50 5
8165 0 14 18 50 5
8166 0 46 3 50 5
8167 0 89 18 50 5
8168 0 98 21 50 5
8169 0 98 20 40 10
8170 0 64 19 50 5
8171 0 22 4 50 5
8172 0 59 10 50 5
8173 0 36 16 50 5
8174 0 44 22 50 5
8175 0 3 10 30 20
8176 0 28 4 50 5
8177 0 52 7 50 5
8178 0 97 22 50 5
8179 0 47 4 40 10
8180 0 75 15 50 5
8181 0 97 9 40 10
8182 0 64 7 50 5
8183 0 58 21 50 5
8184 0 16 21 50 5
8185 0 7 4 50 5
8186 0 98 4 50 5
8187 0 67 21 50 5
8188 0 35 5 50 5
8189 0 87 4 30 20
8190 0 15 5 50 5
8191 0 49 10 50 5
8192 0 40 1 40 10
8193 0 12 2 50 5
8194 0 89 21 50 5
8195 0 23 21 50 5
8196 0 13 22 50 5
8197 0 84 1 30 20
8198 0 1 2 50 5
8199 0 81 13 40 10
8200 0 60 22 50 5
8201 0 13 21 40 10
8202 0 44 5 40 10
8203 0 7 2 50 5
8204 0 4 10 40 10
8205 0 88 2 50 5
8206 0 70 2 50 5
8207 0 34 20 50 5
8208 0 69 14 50 5
8209 0 95 21 50 5
8210 0 8 12 30 20
8211 0 35 4 50 5
8212 0 89 4 50 5
8213 0 21 11 50 5
8214 0 78 10 50 5
8215 0 8 2 40 10
8216 0 92 15 50 5
8217 0 69 16 50 5
8218 0 89 11 50 5
8219 0 84 2 50 5
8220 0 34 1 50 5
8221 0 99 19 40 10
8222 0 77 6 40 10
8223 0 98 1 50 5
8224 0 71 1 50 5
8225 0 39 8 40 10
8226 0 62 17 50 5
8227 0 42 20 30 20
8228 0 3 6 50 5
8229 0 66 16 50 5
8230 0 17 1 40 10
8231 0 64 0 50 5
8232 0 0 6 50 5
8233 0 1 6 50 5
8234 0 52 6 50 5
8235 0 42 6 40 10
8236 0 95 2 40 10
8237 0 55 6 50 5
8238 0 7 2 30 20
8239 0 85 1 50 5
8240 0 48 10 50 5
8241 0 12 7 40 10
8242 0 27 16 40 10
8243 0 14 5 50 5
8244 0 20 3 30 20
8245 0 33 2 50 5
8246 0 91 15 50 5
8247 0 17 5 50 5
8248 0 9 2 40 10
8249 0 87 9 40 10
8250 0 54 2 50 5
8251 0 82 16 50 5
8252 0 30 9 50 5
8253 0 84 2 50 5
8254 0 79 2 50 5
8255 0 72 2 40 10
8256 0 87 17 40 10
8257 0 53 22 50 5
8258 0 92 19 40 10
8259 0 16 7 50 5
8260 0 60 22 50 5
8261 0 49 7 50 5
8262 0 5 3 50 5
8263 0 76 3 50 5
8264 0 50 16 50 5
8265 0 95 8 30 20
8266 0 80 8 50 5
8267 0 29 8 30 20
8268 0 36 12 40 10
8269 0 3 12 50 5
8270 0 33 22 40 10
8271 0 67 20 50 5
8272 0 55 12 40 10
8273 0 67 11 50 5
8274 0 71 19 50 5
8275 0 63 16 40 10
8276 0 48 11 30 20
8277 0 18 0 30 20
8278 0 31 0 50 5
8279 0 11 7 50 5
8280 0 80 16 50 5
8281 0 37 13 50 5
8282 0 81 7 40 10
8283 0 26 7 40 10
8284 0 51 19 30 20
8285 0 75 8 50 5
8286 0 48 7 50 5
8287 0 0 20 50 5
8288 0 25 16 50 5
8289 0 86 11 40 10
8290 0 14 10 50 5
8291 0 3 7 40 10
8292 0 83 17 40 10
8293 0 24 17 40 10
8294 0 97 19 40 10
8295 0 64 17 50 5
8296 0 63 19 50 5
8297 0 62 14 50 5
8298 0 3 3 50 5
8299 0 92 6 50 5
8300 0 21 13 50 5
8301 0 79 3 40 10
8302 0 75 3 50 5
8303 0 23 12 40 10
8304 0 29 11 30 20
8305 0 92 10 40 10
8306 0 7 11 50 5
8307 0 41 13 40 10
8308 0 46 10 50 5
8309 0 89 12 50 5
8310 0 60 15 30 20
8311 0 99 5 50 5
8312 0 23 3 30 20
8313 0 68 1 50 5
8314 0 33 21 50 5
8315 0 93 1 40 10
8316 0 74 1 40 10
8317 0 27 1 50 5
8318 0 23 19 50 5
8319 0 66 5 40 10
8320 0 69 5 40 10
8321 0 32 10 50 5
8322 0 54 20 50 5
8323 0 45 19 50 5
8324 0 48 5 40 10
8325 0 18 23 50 5
8326 0 2 0 50 5
8327 0 78 20 50 5
8328 0 49 0 40 10
8329 0 92 0 50 5
8330 0 29 0 50 5
8331 0 37 11 30 20
8332 0 88 0 50 5
8333 0 77 9 50 5
8334 0 90 8 50 5
8335 0 8 11 40 10
8336 0 77 11 50 5
8337 0 98 7 50 5
8338 0 66 18 40 10
8339 0 74 2 30 20
8340 0 0 3 50 5
8341 0 73 3 40 10
8342 0 85 7 30 20
8343 0 30 22 50 5
8344 0 90 4 50 5
8345 0 88 10 30 20
8346 0 2 20 50 5
8347 0 38 2 30 20
8348 0 7 2 30 20
8349 0 32 7 50 5
8350 0 0 2 40 10
8351 0 5 5 50 5
8352 0 45 22 50 5
8353 0 28 2 30 20
8354 0 85 2 40 10
8355 0 98 2 50 5
8356 0 39 1 50 5
8357 0 84 23 40 10
8358 0 37 18 40 10
8359 0 49 4 50 5
8360 0 51 12 50 5
8361 0 81 8 50 5
8362 0 63 8 50 5
8363 0 15 21 50 5
8364 0 7 2 30 20
8365 0 51 18 50 5
8366 0 32 2 40 10
8367 0 32 2 50 5
8368 0 8 2 50 5
8369 0 18 2 50 5
8370 0 37 2 50 5
8371 0 43 22 40 10
8372 0 76 2 50 5
8373 0 59 0 50 5
8374 0 77 0 50 5
8375 0 35 3 50 5
8376 0 69 18 50 5
8377 0 6 10 50 5
8378 0 18 13 50 5
8379 0 75 22 40 10
8380 0 63 0 50 5
8381 0 3 13 50 5
8382 0 18 14 50 5
8383 0 77 0 40 10
8384 0 37 3 50 5
8385 0 87 0 30 20
8386 0 0 17 40 10
8387 0 7 19 50 5
8388 0 15 14 50 5
8389 0 61 23 50 5
8390 0 21 2 40 10
8391 0 35 0 30 20
8392 0 92 0 50 5
8393 0 97 0 50 5
8394 0 92 8 50 5
8395 0 23 2 30 20
8396 0 49 0 50 5
8397 0 21 0 50 5
8398 0 13 22 50 5
8399 0 33 20 50 5
8400 0 56 20 40 10
8401 0 1 22 50 5
8402 0 31 16 50 5
8403 0 79 16 50 5
8404 0 15 13 50 5
8405 0 44 14 40 10
8406 0 82 13 50 5
8407 0 41 13 50 5
8408 0 80 21 40 10
8409 0 78 13 50 5
8410 0 19 10 30 20
8411 0 60 15 50 5
8412 0 87 12 40 10
8413 0 5 10 50 5
8414 0 48 6 50 5
8415 0 81 14 50 5
8416 0 25 6 30 20
8417 0 42 6 50 5
8418 0 70 13 30 20
8419 0 43 19 40 10
8420 0 10 21 50 5
8421 0 13 6 30 20
8422 0 3 3 50 5
8423 0 86 3 50 5
8424 0 7 3 50 5
8425 0 84 3 40 10
8426 0 72 21 50 5
8427 0 86 3 50 5
8428 0 90 3 50 5
8429 0 86 12 30 20
8430 0 83 12 50 5
8431 0 36 12 50 5
8432 0 81 12 50 5
8433 0 8 11 50 5
8434 0 17 11 50 5
8435 0 30 11 50 5
8436 0 23 3 50 5
8437 0 46 3 50 5
8438 0 14 3 50 5
8439 0 53 3 40 10
8440 0 90 1 50 5
8441 0 3 16 50 5
8442 0 73 17 40 10
8443 0 16 7 40 10
8444 0 39 1 50 5
8445 0 5 1 30 20
8446 0 28 1 40 10
8447 0 32 1 40 10
8448 0 80 8 50 5
8449 0 72 8 30 20
8450 0 61 8 50 5
8451 0 2 6 50 5
8452 0 50 2 50 5
8453 0 87 2 50 5
8454 0 91 17 50 5
8455 0 29 17 50 5
8456 0 76 12 50 5
8457 0 21 18 50 5
8458 0 42 20 50 5
8459 0 83 6 40 10
8460 0 63 4 30 20
8461 0 29 19 30 20
8462 0 42 4 40 10
8463 0 50 20 50 5
8464 0 52 19 30 20
8465 0 7 12 50 5
8466 0 72 12 50 5
8467 0 34 8 50 5
8468 0 11 8 50 5
8469 0 91 9 50 5
8470 0 30 2 50 5
8471 0 62 8 50 5
8472 0 15 8 50 5
8473 0 71 1 50 5
8474 0 79 1 50 5
8475 0 94 0 50 5
8476 0 57 4 50 5
8477 0 96 9 50 5
8478 0 16 0 30 20
8479 0 27 0 50 5
8480 0 12 0 50 5
8481 0 32 23 30 20
8482 0 58 21 30 20
8483 0 32 13 40 10
8484 0 9 0 50 5
8485 0 51 0 50 5
8486 0 92 5 50 5
8487 0 97 0 50 5
8488 0 21 13 40 10
8489 0 77 6 50 5
8490 0 54 22 30 20
8491 0 15 0 30 20
8492 0 96 2 50 5
8493 0 98 0 50 5
8494 0 24 10 50 5
8495 0 12 23 40 10
8496 0 89 17 50 5
8497 0 27 2 50 5
8498 0 90 22 50 5
8499 0 98 2 50 5
8500 0 59 2 30 20
8501 0 34 8 40 10
8502 0 9 2 40 10
8503 0 99 6 40 10
8504 0 35 11 50 5
8505 0 36 20 50 5
8506 0 78 19 50 5
8507 0 27 2 50 5
8508 0 34 7 40 10
8509 0 51 2 30 20
8510 0 25 13 40 10
8511 0 93 2 50 5
8512 0 13 0 50 5
8513 0 54 0 40 10
8514 0 26 21 50 5
8515 0 90 10 50 5
8516 0 35 2 30 20
8517 0 87 2 50 5
8518 0 89 2 50 5
8519 0 28 0 50 5
8520 0 16 13 50 5
8521 0 45 3 50 5
8522 0 17 14 50 5
8523 0 69 0 40 10
8524 0 46 0 50 5
8525 0 34 12 40 10
8526 0 21 12 50 5
8527 0 9 23 50 5
8528 0 15 19 50 5
8529 0 34 20 50 5
8530 0 18 2 50 5
8531 0 46 15 50 5
8532 0 31 18 30 20
8533 0 11 2 40 10
8534 0 72 19 50 5
8535 0 50 3 50 5
8536 0 78 2 30 20
8537 0 70 2 50 5
8538 0 28 5 50 5
8539 0 78 4 30 20
8540 0 67 17 40 10
8541 0 63 13 50 5
8542 0 37 4 50 5
8543 0 81 4 50 5
8544 0 52 2 40 10
8545 0 18 6 30 20
8546 0 17 4 40 10
8547 0 50 15 50 5
8548 0 75 21 50 5
8549 0 15 22 50 5
8550 0 75 0 50 5
8551 0 17 0 50 5
8552 0 16 14 50 5
8553 0 33 0 40 10
8554 0 87 0 40 10
8555 0 31 0 50 5
8556 0 10 0 40 10
8557 0 85 9 50 5
8558 0 10 11 50 5
8559 0 16 0 50 5
8560 0 98 3 40 10
8561 0 18 17 50 5
8562 0 46 16 50 5
8563 0 38 11 50 5
8564 0 90 3 30 20
8565 0 91 10 50 5
8566 0 73 20 30 20
8567 0 60 20 50 5
8568 0 1 4 50 5
8569 0 62 20 50 5
8570 0 25 20 30 20
8571 0 75 22 50 5
8572 0 72 22 50 5
8573 0 81 10 50 5
8574 0 21 15 50 5
8575 0 91 13 40 10
8576 0 8 11 50 5
8577 0 22 11 30 20
8578 0 72 5 50 5
8579 0 68 1 30 20
8580 0 6 1 30 20
8581 0 55 4 50 5
8582 0 31 16 50 5
8583 0 12 2 50 5
8584 0 63 8 40 10
8585 0 77 23 50 5
8586 0 89 11 30 20
8587 0 14 18 40 10
8588 0 46 18 50 5
8589 0 74 14 50 5
8590 0 6 19 50 5
8591 0 17 0 50 5
8592 0 72 6 50 5
8593 0 78 4 40 10
8594 0 0 14 40 10
8595 0 86 8 50 5
8596 0 22 0 50 5
8597 0 24 0 30 20
8598 0 12 0 50 5
8599 0 81 6 50 5
8600 0 10 0 50 5
8601 0 43 3 50 5
8602 0 98 18 40 10
8603 0 5 1 50 5
8604 0 69 10 50 5
8605 0 92 21 40 10
8606 0 69 17 50 5
8607 0 3 14 40 10
8608 0 69 1 40 10
8609 0 69 23 40 10
8610 0 14 13 30 20
8611 0 91 1 30 20
8612 0 17 16 50 5
8613 0 4 6 40 10
8614 0 90 3 50 5
8615 0 57 0 50 5
8616 0 7 21 50 5
8617 0 92 18 50 5
8618 0 52 18 50 5
8619 0 17 18 40 10
8620 0 61 18 50 5
8621 0 62 14 40 10
8622 0 83 14 50 5
8623 0 59 20 30 20
8624 0 95 23 50 5
8625 0 78 3 50 5
8626 0 69 2 50 5
8627 0 22 17 50 5
8628 0 47 5 50 5
8629 0 66 18 50 5
8630 0 72 22 50 5
8631 0 14 14 50 5
8632 0 41 9 30 20
8633 0 6 10 50 5
8634 0 22 17 50 5
8635 0 47 2 50 5
8636 0 34 9 50 5
8637 0 22 7 50 5
8638 0 32 7 40 10
8639 0 95 13 40 10
8640 0 9 7 40 10
8641 0 2 10 50 5
8642 0 99 7 50 5
8643 0 3 17 50 5
8644 0 27 10 30 20
8645 0 62 15 50 5
8646 0 41 7 50 5
8647 0 87 19 40 10
8648 0 84 9 50 5
8649 0 51 9 40 10
8650 0 71 18 50 5
8651 0 37 1 50 5
8652 0 6 10 30 20
8653 0 53 3 40 10
8654 0 19 7 50 5
8655 0 66 2 40 10
8656 0 27 8 50 5
8657 0 76 19 50 5
8658 0 90 13 50 5
8659 0 59 2 50 5
8660 0 66 14 50 5
8661 0 23 14 50 5
8662 0 31 15 50 5
8663 0 15 15 50 5
8664 0 66 11 50 5
8665 0 9 6 50 5
8666 0 93 20 50 5
8667 0 38 20 40 10
8668 0 53 17 40 10
8669 0 9 11 50 5
8670 0 40 9 30 20
8671 0 39 9 50 5
8672 0 86 21 50 5
8673 0 89 19 50 5
8674 0 68 9 30 20
8675 0 10 19 40 10
8676 0 95 3 50 5
8677 0 76 1 50 5
8678 0 54 14 50 5
8679 0 48 20 50 5
8680 0 61 1 50 5
8681 0 50 15 50 5
8682 0 10 14 50 5
8683 0 49 15 40 10
8684 0 64 8 30 20
8685 0 10 21 50 5
8686 0 69 1 50 5
8687 0 97 16 50 5
8688 0 17 11 50 5
8689 0 64 16 40 10
8690 0 62 2 40 10
8691 0 65 1 50 5
8692 0 39 21 40 10
8693 0 53 7 50 5
8694 0 26 1 50 5
8695 0 77 23 50 5
8696 0 9 1 30 20
8697 0 47 0 50 5
8698 0 61 15 50 5
8699 0 30 11 40 10
8700 0 84 15 50 5
8701 0 87 10 50 5
8702 0 38 10 50 5
8703 0 63 23 50 5
8704 0 97 10 50 5
8705 0 4 9 50 5
8706 0 94 21 50 5
8707 0 39 15 50 5
8708 0 19 9 50 5
8709 0 52 17 40 10
8710 0 8 9 50 5
8711 0 53 2 40 10
8712 0 16 10 40 10
8713 0 58 13 50 5
8714 0 14 5 50 5
8715 0 23 8 50 5
8716 0 92 5 50 5
8717 0 31 15 50 5
8718 0 85 5 40 10
8719 0 43 16 50 5
8720 0 44 3 30 20
8721 0 11 2 40 10
8722 0 12 9 50 5
8723 0 78 18 50 5
8724 0 47 2 40 10
8725 0 92 4 50 5
8726 0 39 1 40 10
8727 0 3 1 50 5
8728 0 39 2 50 5
8729 0 57 6 50 5
8730 0 56 22 50 5
8731 0 9 7 50 5
8732 0 9 9 50 5
8733 0 90 7 50 5
8734 0 53 10 50 5
8735 0 87 19 50 5
8736 0 6 0 40 10
8737 0 9 0 50 5
8738 0 76 9 50 5
8739 0 43 9 50 5
8740 0 86 4 40 10
8741 0 85 0 50 5
8742 0 60 13 40 10
8743 0 77 3 50 5
8744 0 95 22 40 10
8745 0 71 2 50 5
8746 0 58 2 40 10
8747 0 46 15 30 20
8748 0 89 20 50 5
8749 0 65 15 50 5
8750 0 38 2 40 10
8751 0 66 2 50 5
8752 0 24 0 50 5
8753 0 85 19 40 10
8754 0 75 0 40 10
8755 0 96 0 50 5
8756 0 7 21 40 10
8757 0 39 13 50 5
8758 0 9 19 50 5
8759 0 31 11 40 10
8760 0 38 0 50 5
8761 0 64 0 50 5
8762 0 33 2 40 10
8763 0 52 0 40 10
8764 0 55 0 50 5
8765 0 66 20 50 5
8766 0 69 12 50 5
8767 0 93 21 50 5
8768 0 72 23 50 5
8769 0 14 19 50 5
8770 0 70 12 30 20
8771 0 26 6 40 10
8772 0 14 9 50 5
8773 0 13 16 50 5
8774 0 36 15 50 5
8775 0 47 17 50 5
8776 0 37 6 40 10
8777 0 6 6 50 5
8778 0 3 16 50 5
8779 0 27 6 40 10
8780 0 35 6 50 5
8781 0 18 0 50 5
8782 0 34 5 50 5
8783 0 50 5 50 5
8784 0 77 23 50 5
8785 0 14 14 50 5
8786 0 90 15 50 5
8787 0 76 10 30 20
8788 0 52 20 50 5
8789 0 90 13 40 10
8790 0 92 9 50 5
8791 0 15 9 50 5
8792 0 97 16 30 20
8793 0 87 22 50 5
8794 0 70 14 50 5
8795 0 71 2 50 5
8796 0 59 15 50 5
8797 0 94 2 50 5
8798 0 80 21 40 10
8799 0 14 2 40 10
8800 0 74 0 30 20
8801 0 91 20 40 10
8802 0 5 3 30 20
8803 0 35 4 50 5
8804 0 75 14 30 20
8805 0 49 13 50 5
8806 0 84 17 40 10
8807 0 71 2 50 5
8808 0 37 11 30 20
8809 0 58 2 40 10
8810 0 41 2 50 5
8811 0 16 15 50 5
8812 0 16 2 50 5
8813 0 16 12 30 20
8814 0 89 20 50 5
8815 0 15 19 40 10
8816 0 72 0 50 5
8817 0 15 21 30 20
8818 0 83 9 50 5
8819 0 7 12 50 5
8820 0 22 9 40 10
8821 0 49 22 50 5
8822 0 73 2 50 5
8823 0 50 9 50 5
8824 0 56 2 50 5
8825 0 26 2 50 5
8826 0 59 14 50 5
8827 0 87 19 50 5
8828 0 16 0 50 5
8829 0 28 11 50 5
8830 0 42 11 40 10
8831 0 88 11 50 5
8832 0 40 15 50 5
8833 0 9 19 50 5
8834 0 91 15 50 5
8835 0 23 15 50 5
8836 0 48 15 50 5
8837 0 22 6 50 5
8838 0 37 12 50 5
8839 0 37 6 50 5
8840 0 89 21 40 10
8841 0 20 18 50 5
8842 0 22 11 50 5
8843 0 2 21 50 5
8844 0 76 6 50 5
8845 0 10 20 50 5
8846 0 2 20 50 5
8847 0 11 2 50 5
8848 0 6 19 40 10
8849 0 21 13 50 5
8850 0 77 8 50 5
8851 0 74 7 50 5
8852 0 88 6 50 5
8853 0 0 2 50 5
8854 0 13 7 40 10
8855 0 48 18 50 5
8856 0 54 14 50 5
8857 0 29 5 50 5
8858 0 37 7 50 5
8859 0 71 4 50 5
8860 0 92 2 40 10
8861 0 32 17 40 10
8862 0 5 15 50 5
8863 0 73 10 40 10
8864 0 77 6 40 10
8865 0 16 6 50 5
8866 0 69 2 30 20
8867 0 41 22 30 20
8868 0 54 2 40 10
8869 0 24 19 50 5
8870 0 71 22 50 5
8871 0 29 3 40 10
8872 0 48 16 40 10
8873 0 71 10 50 5
8874 0 63 2 50 5
8875 0 71 15 30 20
8876 0 86 12 50 5
8877 0 96 4 50 5
8878 0 88 11 40 10
8879 0 24 7 50 5
8880 0 2 7 50 5
8881 0 47 11 50 5
8882 0 5 4 50 5
8883 0 21 4 40 10
8884 0 1 17 50 5
8885 0 58 17 40 10
8886 0 74 11 40 10
8887 0 53 23 50 5
8888 0 41 19 50 5
8889 0 78 11 50 5
8890 0 2 2 50 5
8891 0 75 14 50 5
8892 0 24 16 50 5
8893 0 38 21 40 10
8894 0 48 0 50 5
8895 0 84 0 50 5
8896 0 62 0 50 5
8897 0 88 0 50 5
8898 0 56 20 50 5
8899 0 53 16 50 5
8900 0 42 14 50 5
8901 0 39 14 50 5
8902 0 48 14 50 5
8903 0 66 22 50 5
8904 0 58 14 30 20
8905 0 85 13 40 10
8906 0 31 21 50 5
8907 0 20 13 50 5
8908 0 84 15 50 5
8909 0 79 7 40 10
8910 0 41 12 50 5
8911 0 49 7 50 5
8912 0 64 14 50 5
8913 0 75 11 40 10
8914 0 42 17 40 10
8915 0 74 12 50 5
8916 0 42 10 50 5
8917 0 18 10 50 5
8918 0 81 1 50 5
8919 0 13 13 30 20
8920 0 2 8 30 20
8921 0 87 5 50 5
8922 0 9 11 50 5
8923 0 53 5 50 5
8924 0 92 2 50 5
8925 0 26 5 30 20
8926 0 19 3 40 10
8927 0 15 0 40 10
8928 0 3 5 40 10
8929 0 84 5 50 5
8930 0 87 21 50 5
8931 0 98 7 50 5
8932 0 43 5 50 5
8933 0 80 23 50 5
8934 0 61 4 50 5
8935 0 93 4 50 5
8936 0 17 4 50 5
8937 0 47 12 50 5
8938 0 40 12 50 5
8939 0 85 4 50 5
8940 0 56 4 50 5
8941 0 1 4 50 5
8942 0 91 4 50 5
8943 0 21 18 50 5
8944 0 93 19 50 5
8945 0 9 4 50 5
8946 0 93 4 50 5
8947 0 76 14 50 5
8948 0 44 14 50 5
8949 0 97 5 50 5
8950 0 85 5 50 5
8951 0 11 9 50 5
8952 0 74 8 50 5
8953 0 97 14 50 5
8954 0 77 5 40 10
8955 0 18 5 50 5
8956 0 69 5 50 5
8957 0 91 5 50 5
8958 0 40 9 40 10
8959 0 76 18 50 5
8960 0 5 2 50 5
8961 0 77 15 50 5
8962 0 71 1 50 5
8963 0 25 15 50 5
8964 0 88 1 40 10
8965 0 37 1 50 5
8966 0 58 8 50 5
8967 0 54 1 50 5
8968 0 80 14 50 5
8969 0 2 7 40 10
8970 0 98 1 50 5
8971 0 25 19 50 5
8972 0 31 1 50 5
8973 0 92 22 50 5
8974 0 93 0 50 5
8975 0 17 0 40 10
8976 0 0 18 50 5
8977 0 42 0 50 5
8978 0 18 3 50 5
8979 0 0 15 50 5
8980 0 96 2 50 5
8981 0 57 11 50 5
8982 0 72 18 50 5
8983 0 14 0 40 10
8984 0 55 0 50 5
8985 0 77 0 50 5
8986 0 78 8 50 5
8987 0 16 20 50 5
8988 0 80 19 50 5
8989 0 0 19 40 10
8990 0 40 14 50 5
8991 0 0 7 50 5
8992 0 35 0 50 5
8993 0 94 6 40 10
8994 0 96 23 50 5
8995 0 55 20 30 20
8996 0 42 2 50 5
8997 0 80 14 50 5
8998 0 85 15 50 5
8999 0 64 1 50 5
9000 0 81 22 50 5
9001 0 40 0 50 5
9002 0 61 13 50 5
9003 0 53 1 50 5
9004 0 46 10 30 20
9005 0 30 0 50 5
9006 0 97 0 50 5
9007 0 68 3 50 5
9008 0 60 10 50 5
9009 0 32 4 50 5
9010 0 38 3 50 5
9011 0 9 5 40 10
9012 0 1 14 50 5
9013 0 34 18 50 5
9014 0 13 12 50 5
9015 0 99 13 50 5
9016 0 56 12 30 20
9017 0 37 16 50 5
9018 0 14 18 50 5
9019 0 77 16 50 5
9020 0 44 15 50 5
9021 0 8 8 50 5
9022 0 42 8 40 10
9023 0 61 8 40 10
9024 0 64 4 50 5
9025 0 23 4 40 10
9026 0 28 4 50 5
9027 0 0 6 50 5
9028 0 31 6 30 20
9029 0 58 6 50 5
9030 0 8 14 30 20
9031 0 0 7 40 10
9032 0 43 6 50 5
9033 0 68 0 40 10
9034 0 48 14 50 5
9035 0 18 10 50 5
9036 0 35 0 50 5
9037 0 42 0 50 5
9038 0 26 0 40 10
9039 0 22 10 50 5
9040 0 72 0 40 10
9041 0 67 0 30 20
9042 0 60 11 50 5
9043 0 13 12 40 10
9044 0 43 6 50 5
9045 0 42 21 50 5
9046 0 6 18 50 5
9047 0 1 15 50 5
9048 0 83 6 50 5
9049 0 1 19 50 5
9050 0 41 6 40 10
9051 0 86 11 50 5
9052 0 60 6 50 5
9053 0 30 15 30 20
9054 0 59 21 40 10
9055 0 85 12 50 5
9056 0 81 22 50 5
9057 0 65 6 50 5
9058 0 18 18 50 5
9059 0 28 9 50 5
9060 0 86 22 30 20
9061 0 75 15 50 5
9062 0 61 10 50 5
9063 0 52 10 50 5
9064 0 41 4 50 5
9065 0 47 4 40 10
9066 0 81 11 50 5
9067 0 24 7 50 5
9068 0 93 5 50 5
9069 0 54 4 50 5
9070 0 92 17 50 5
9071 0 68 4 40 10
9072 0 43 20 50 5
9073 0 61 15 50 5
9074 0 6 4 50 5
9075 0 58 20 50 5
9076 0 20 4 50 5
9077 0 26 19 50 5
9078 0 48 22 40 10
9079 0 24 4 50 5
9080 0 21 3 30 20
9081 0 93 3 30 20
9082 0 30 7 50 5
9083 0 67 4 50 5
9084 0 50 3 30 20
9085 0 1 3 40 10
9086 0 60 3 50 5
9087 0 14 3 30 20
9088 0 64 15 50 5
9089 0 29 19 50 5
9090 0 33 15 50 5
9091 0 44 11 50 5
9092 0 44 10 40 10
9093 0 41 10 50 5
9094 0 75 1 30 20
9095 0 77 19 50 5
9096 0 49 1 40 10
9097 0 59 10 50 5
9098 0 4 15 50 5
9099 0 88 20 50 5
9100 0 49 3 50 5
9101 0 63 1 40 10
9102 0 7 20 50 5
9103 0 71 13 50 5
9104 0 2 10 50 5
9105 0 98 14 30 20
9106 0 66 13 40 10
9107 0 62 23 50 5
9108 0 49 3 50 5
9109 0 97 23 50 5
9110 0 60 20 50 5
9111 0 29 21 30 20
9112 0 69 19 40 10
9113 0 28 13 50 5
9114 0 89 3 30 20
9115 0 7 17 30 20
9116 0 40 22 30 20
9117 0 93 0 50 5
9118 0 8 22 50 5
9119 0 28 22 50 5
9120 0 95 18 50 5
9121 0 61 18 50 5
9122 0 42 4 50 5
9123 0 79 4 50 5
9124 0 11 18 50 5
9125 0 68 10 50 5
9126 0 82 10 30 20
9127 0 97 23 50 5
9128 0 39 15 50 5
9129 0 9 12 50 5
9130 0 67 4 50 5
9131 0 61 19 50 5
9132 0 21 21 50 5
9133 0 3 3 50 5
9134 0 59 1 50 5
9135 0 3 10 50 5
9136 0 1 1 50 5
9137 0 92 12 50 5
9138 0 81 1 50 5
9139 0 52 17 50 5
9140 0 90 18 50 5
9141 0 56 18 30 20
9142 0 79 18 50 5
9143 0 98 7 50 5
9144 0 37 12 50 5
9145 0 88 23 40 10
9146 0 90 7 50 5
9147 0 27 7 50 5
9148 0 46 7 40 10
9149 0 24 21 50 5
9150 0 98 20 50 5
9151 0 27 5 50 5
9152 0 19 5 50 5
9153 0 3 5 50 5
9154 0 89 5 50 5
9155 0 72 2 50 5
9156 0 53 7 50 5
9157 0 81 16 40 10
9158 0 80 2 50 5
9159 0 82 2 50 5
9160 0 71 20 50 5
9161 0 23 2 50 5
9162 0 58 2 50 5
9163 0 93 1 40 10
9164 0 37 1 30 20
9165 0 62 1 50 5
9166 0 98 7 50 5
9167 0 67 11 50 5
9168 0 81 7 50 5
9169 0 1 7 50 5
9170 0 97 10 50 5
9171 0 62 7 40 10
9172 0 27 7 50 5
9173 0 83 7 50 5
9174 0 30 6 30 20
9175 0 40 12 50 5
9176 0 74 13 50 5
9177 0 22 6 50 5
9178 0 9 23 50 5
9179 0 4 0 50 5
9180 0 10 23 50 5
9181 0 37 23 50 5
9182 0 30 0 30 20
9183 0 25 3 50 5
9184 0 73 19 50 5
9185 0 90 3 40 10
9186 0 45 11 50 5
9187 0 44 3 30 20
9188 0 40 20 50 5
9189 0 89 23 50 5
9190 0 83 18 50 5
9191 0 28 18 50 5
9192 0 99 3 50 5
9193 0 39 3 50 5
9194 0 16 5 40 10
9195 0 55 3 50 5
9196 0 80 21 50 5
9197 0 64 5 50 5
9198 0 23 5 50 5
9199 0 8 20 50 5
9200 0 61 5 50 5
9201 0 44 5 40 10
9202 0 84 13 50 5
9203 0 28 13 40 10
9204 0 26 11 50 5
9205 0 86 1 40 10
9206 0 5 1 50 5
9207 0 27 19 50 5
9208 0 91 1 50 5
9209 0 51 18 50 5
9210 0 27 4 50 5
9211 0 33 21 50 5
9212 0 82 15 50 5
9213 0 29 1 50 5
9214 0 10 5 50 5
9215 0 23 0 50 5
9216 0 94 1 40 10
9217 0 12 4 50 5
9218 0 78 0 40 10
9219 0 64 8 50 5
9220 0 64 4 50 5
9221 0 27 4 30 20
9222 0 91 14 40 10
9223 0 2 14 50 5
9224 0 5 14 40 10
9225 0 44 14 40 10
9226 0 84 4 50 5
9227 0 55 5 40 10
9228 0 41 10 50 5
9229 0 65 4 30 20
9230 0 68 2 50 5
9231 0 34 6 50 5
9232 0 28 12 50 5
9233 0 13 2 50 5
9234 0 28 2 50 5
9235 0 33 10 40 10
9236 0 46 14 50 5
9237 0 54 13 40 10
9238 0 78 18 30 20
9239 0 94 11 50 5
9240 0 97 10 50 5
9241 0 93 2 50 5
9242 0 39 15 50 5
9243 0 10 9 50 5
9244 0 89 2 30 20
9245 0 40 7 50 5
9246 0 59 17 50 5
9247 0 95 2 50 5
9248 0 72 0 50 5
9249 0 61 21 40 10
9250 0 94 10 50 5
9251 0 37 0 50 5
9252 0 44 1 30 20
9253 0 55 21 40 10
9254 0 9 5 30 20
9255 0 6 3 50 5
9256 0 14 17 50 5
9257 0 20 2 50 5
9258 0 28 23 50 5
9259 0 40 0 50 5
9260 0 66 0 30 20
9261 0 89 0 50 5
9262 0 47 12 50 5
9263 0 32 17 50 5
9264 0 93 12 50 5
9265 0 45 16 50 5
9266 0 34 2 50 5
9267 0 24 4 50 5
9268 0 0 8 50 5
9269 0 35 2 50 5
9270 0 4 13 40 10
9271 0 71 9 40 10
9272 0 87 10 50 5
9273 0 92 2 50 5
9274 0 40 2 50 5
9275 0 43 2 40 10
9276 0 5 14 50 5
9277 0 4 2 50 5
9278 0 52 2 50 5
9279 0 61 6 30 20
9280 0 80 5 50 5
9281 0 23 2 50 5
9282 0 31 12 50 5
9283 0 31 2 50 5
9284 0 31 20 30 20
9285 0 24 20 40 10
9286 0 82 7 40 10
9287 0 18 7 40 10
9288 0 78 23 50 5
9289 0 30 9 50 5
9290 0 68 5 50 5
9291 0 87 17 50 5
9292 0 50 5 40 10
9293 0 16 23 50 5
9294 0 71 18 50 5
9295 0 48 7 50 5
9296 0 57 5 40 10
9297 0 21 5 30 20
9298 0 90 20 40 10
9299 0 13 3 50 5
9300 0 45 4 50 5
9301 0 64 19 50 5
9302 0 66 8 40 10
9303 0 21 3 50 5
9304 0 86 6 40 10
9305 0 23 3 50 5
9306 0 91 20 40 10
9307 0 58 16 30 20
9308 0 0 13 50 5
9309 0 92 3 50 5
9310 0 90 18 50 5
9311 0 78 12 50 5
9312 0 87 8 40 10
9313 0 11 21 50 5
9314 0 29 3 50 5
9315 0 60 16 50 5
9316 0 44 3 50 5
9317 0 25 23 50 5
9318 0 67 4 30 20
9319 0 40 6 50 5
9320 0 83 3 50 5
9321 0 87 3 50 5
9322 0 35 3 40 10
9323 0 54 16 50 5
9324 0 83 16 50 5
9325 0 57 16 50 5
9326 0 11 16 40 10
9327 0 99 16 50 5
9328 0 32 4 50 5
9329 0 47 23 50 5
9330 0 10 8 50 5
9331 0 65 16 50 5
9332 0 93 8 50 5
9333 0 90 22 50 5
9334 0 62 16 50 5
9335 0 21 0 50 5
9336 0 5 17 40 10
9337 0 41 0 30 20
9338 0 8 23 50 5
9339 0 59 15 40 10
9340 0 9 12 50 5
9341 0 22 6 30 20
9342 0 82 20 50 5
9343 0 82 11 50 5
9344 0 95 7 30 20
9345 0 1 2 50 5
9346 0 99 2 50 5
9347 0 60 11 40 10
9348 0 65 2 50 5
9349 0 63 8 50 5
9350 0 41 5 40 10
9351 0 56 11 50 5
9352 0 19 22 50 5
9353 0 79 17 30 20
9354 0 53 2 30 20
9355 0 70 3 50 5
9356 0 80 17 50 5
9357 0 40 3 50 5
9358 0 0 12 50 5
9359 0 87 3 50 5
9360 0 17 1 50 5
9361 0 24 6 50 5
9362 0 42 1 30 20
9363 0 34 11 50 5
9364 0 14 21 50 5
9365 0 86 1 40 10
9366 0 66 8 50 5
9367 0 95 5 50 5
9368 0 40 7 40 10
9369 0 93 8 50 5
9370 0 8 5 50 5
9371 0 46 9 50 5
9372 0 57 18 50 5
9373 0 71 8 50 5
9374 0 45 5 50 5
9375 0 97 14 50 5
9376 0 59 7 50 5
9377 0 19 1 50 5
9378 0 57 2 50 5
9379 0 1 1 50 5
9380 0 43 12 50 5
9381 0 55 12 50 5
9382 0 37 12 50 5
9383 0 80 20 50 5
9384 0 69 12 50 5
9385 0 99 12 50 5
9386 0 48 12 50 5
9387 0 27 12 50 5
9388 0 14 16 50 5
9389 0 85 9 50 5
9390 0 37 9 50 5
9391 0 27 6 30 20
9392 0 74 14 50 5
9393 0 66 6 50 5
9394 0 97 0 50 5
9395 0 43 3 40 10
9396 0 2 3 50 5
9397 0 20 15 30 20
9398 0 50 3 50 5
9399 0 27 3 50 5
9400 0 40 4 50 5
9401 0 39 3 50 5
9402 0 85 3 40 10
9403 0 19 3 30 20
9404 0 36 21 50 5
9405 0 18 21 30 20
9406 0 90 14 50 5
9407 0 21 19 50 5
9408 0 27 19 50 5
9409 0 83 19 50 5
9410 0 8 17 50 5
9411 0 29 1 50 5
9412 0 8 15 30 20
9413 0 51 17 40 10
9414 0 13 17 50 5
9415 0 60 1 50 5
9416 0 80 8 50 5
9417 0 37 12 50 5
9418 0 37 1 50 5
9419 0 3 0 40 10
9420 0 55 2 50 5
9421 0 87 8 50 5
9422 0 11 0 50 5
9423 0 76 22 50 5
9424 0 24 14 50 5
9425 0 35 22 50 5
9426 0 94 17 50 5
9427 0 29 0 50 5
9428 0 60 7 40 10
9429 0 51 17 50 5
9430 0 13 23 50 5
9431 0 95 4 50 5
9432 0 84 17 40 10
9433 0 14 3 50 5
9434 0 12 16 40 10
9435 0 51 12 50 5
9436 0 7 15 50 5
9437 0 74 3 50 5
9438 0 88 3 50 5
9439 0 61 3 50 5
9440 0 19 3 50 5
9441 0 41 8 50 5
9442 0 43 15 50 5
9443 0 2 17 50 5
9444 0 19 3 50 5
9445 0 88 7 50 5
9446 0 58 5 50 5
9447 0 17 8 50 5
9448 0 13 1 50 5
9449 0 98 1 30 20
9450 0 2 11 50 5
9451 0 28 1 50 5
9452 0 47 8 50 5
9453 0 25 7 50 5
9454 0 33 3 40 10
9455 0 74 4 50 5
9456 0 62 4 50 5
9457 0 88 19 50 5
9458 0 43 19 30 20
9459 0 48 15 50 5
9460 0 57 15 40 10
9461 0 53 15 50 5
9462 0 50 16 50 5
9463 0 96 11 50 5
9464 0 64 1 50 5
9465 0 64 14 50 5
9466 0 64 4 50 5
9467 0 45 1 40 10
9468 0 93 11 40 10
9469 0 19 23 50 5
9470 0 44 14 50 5
9471 0 67 1 50 5
9472 0 40 15 50 5
9473 0 54 15 30 20
9474 0 5 15 50 5
9475 0 26 0 50 5
9476 0 20 18 50 5
9477 0 0 17 50 5
9478 0 52 17 50 5
9479 0 21 17 50 5
9480 0 73 10 50 5
9481 0 44 7 50 5
9482 0 50 11 50 5
9483 0 73 6 50 5
9484 0 80 2 50 5
9485 0 78 9 40 10
9486 0 65 16 40 10
9487 0 84 2 50 5
9488 0 36 8 30 20
9489 0 6 19 50 5
9490 0 88 14 50 5
9491 0 7 18 40 10
9492 0 30 13 50 5
9493 0 88 13 50 5
9494 0 29 9 50 5
9495 0 84 1 50 5
9496 0 89 1 50 5
9497 0 82 1 50 5
9498 0 66 1 40 10
9499 0 27 1 50 5
9500 0 71 1 50 5
9501 0 33 1 50 5
9502 0 72 1 40 10
9503 0 50 15 50 5
9504 0 75 14 50 5
9505 0 54 5 50 5
9506 0 32 5 40 10
9507 0 53 5 50 5
9508 0 71 5 40 10
9509 0 71 5 50 5
9510 0 57 2 50 5
9511 0 43 20 50 5
9512 0 25 2 40 10
9513 0 19 3 50 5
9514 0 80 18 50 5
9515 0 40 11 50 5
9516 0 21 2 50 5
9517 0 90 16 50 5
9518 0 12 23 50 5
9519 0 18 23 40 10
9520 0 56 13 50 5
9521 0 36 13 50 5
9522 0 78 19 50 5
9523 0 2 2 50 5
9524 0 55 22 50 5
9525 0 14 20 40 10
9526 0 0 2 50 5
9527 0 73 4 40 10
9528 0 0 2 40 10
9529 0 4 19 50 5
9530 0 48 3 50 5
9531 0 56 9 50 5
9532 0 34 9 40 10
9533 0 95 9 50 5
9534 0 96 9 50 5
9535 0 4 2 40 10
9536 0 72 2 50 5
9537 0 25 2 50 5
9538 0 6 17 40 10
9539 0 44 9 50 5
9540 0 82 16 50 5
9541 0 75 17 50 5
9542 0 64 16 40 10
9543 0 2 14 50 5
9544 0 17 20 50 5
9545 0 66 2 40 10
9546 0 57 19 40 10
9547 0 90 20 50 5
9548 0 27 4 50 5
9549 0 62 10 40 10
9550 0 81 2 50 5
9551 0 53 13 50 5
9552 0 37 2 50 5
9553 0 54 3 50 5
9554 0 39 2 50 5
9555 0 39 5 50 5
9556 0 1 13 40 10
9557 0 35 11 40 10
9558 0 92 6 50 5
9559 0 66 1 50 5
9560 0 21 1 50 5
9561 0 99 1 50 5
9562 0 79 23 50 5
9563 0 96 1 40 10
9564 0 7 1 40 10
9565 0 93 1 40 10
9566 0 89 1 30 20
9567 0 84 5 50 5
9568 0 10 19 50 5
9569 0 25 12 40 10
9570 0 89 7 50 5
9571 0 94 19 50 5
9572 0 58 1 50 5
9573 0 17 0 50 5
9574 0 92 0 50 5
9575 0 25 0 50 5
9576 0 21 20 50 5
9577 0 30 20 50 5
9578 0 14 10 50 5
9579 0 63 10 50 5
9580 0 91 10 40 10
9581 0 79 10 40 10
9582 0 23 4 50 5
9583 0 29 10 50 5
9584 0 58 4 30 20
9585 0 88 4 30 20
9586 0 55 4 50 5
9587 0 84 12 30 20
9588 0 34 4 50 5
9589 0 8 0 50 5
9590 0 68 1 50 5
9591 0 43 0 50 5
9592 0 86 0 50 5
9593 0 62 0 40 10
9594 0 33 18 50 5
9595 0 58 12 50 5
9596 0 63 0 50 5
9597 0 55 0 50 5
9598 0 61 14 40 10
9599 0 73 0 30 20
9600 0 45 18 50 5
9601 0 18 15 40 10
9602 0 6 4 50 5
9603 0 48 4 50 5
9604 0 10 4 50 5
9605 0 81 4 50 5
9606 0 5 3 50 5
9607 0 9 3 50 5
9608 0 88 13 50 5
9609 0 39 11 40 10
9610 0 77 8 50 5
9611 0 19 3 50 5
9612 0 12 22 50 5
9613 0 76 3 50 5
9614 0 5 12 40 10
9615 0 62 3 50 5
9616 0 68 11 50 5
9617 0 7 3 50 5
9618 0 74 3 50 5
9619 0 47 6 50 5
9620 0 47 19 50 5
9621 0 84 3 50 5
9622 0 50 21 30 20
9623 0 18 21 50 5
9624 0 5 21 40 10
9625 0 82 3 50 5
9626 0 49 1 50 5
9627 0 4 17 40 10
9628 0 50 12 50 5
9629 0 46 1 30 20
9630 0 16 1 50 5
9631 0 33 15 50 5
9632 0 84 1 30 20
9633 0 94 1 30 20
9634 0 92 1 50 5
9635 0 71 14 50 5
9636 0 41 1 50 5
9637 0 88 1 50 5
9638 0 22 9 50 5
9639 0 88 16 50 5
9640 0 26 5 50 5
9641 0 42 1 50 5
9642 0 54 12 50 5
9643 0 7 19 50 5
9644 0 63 19 40 10
9645 0 38 5 50 5
9646 0 41 0 50 5
9647 0 98 0 40 10
9648 0 64 8 50 5
9649 0 42 5 50 5
9650 0 24 5 50 5
9651 0 41 5 50 5
9652 0 83 7 40 10
9653 0 57 4 50 5
9654 0 95 21 50 5
9655 0 13 22 50 5
9656 0 35 4 50 5
9657 0 56 5 50 5
9658 0 62 11 50 5
9659 0 69 4 50 5
9660 0 21 0 50 5
9661 0 57 23 50 5
9662 0 41 16 40 10
9663 0 29 0 50 5
9664 0 99 22 50 5
9665 0 62 5 50 5
9666 0 33 7 50 5
9667 0 61 0 30 20
9668 0 44 0 50 5
9669 0 78 9 50 5
9670 0 72 0 50 5
9671 0 10 2 50 5
9672 0 82 0 50 5
9673 0 98 0 30 20
9674 0 5 19 40 10
9675 0 45 17 50 5
9676 0 25 21 40 10
9677 0 31 15 40 10
9678 0 16 20 50 5
9679 0 94 0 50 5
9680 0 17 0 30 20
9681 0 34 1 30 20
9682 0 80 6 50 5
9683 0 80 6 50 5
9684 0 9 6 50 5
9685 0 0 23 50 5
9686 0 81 6 40 10
9687 0 76 6 40 10
9688 0 85 6 40 10
9689 0 68 18 40 10
9690 0 44 2 40 10
9691 0 33 18 50 5
9692 0 8 8 40 10
9693 0 83 8 50 5
9694 0 97 8 50 5
9695 0 59 18 50 5
9696 0 95 18 40 10
9697 0 61 18 30 20
9698 0 68 10 40 10
9699 0 10 17 30 20
9700 0 34 3 50 5
9701 0 86 22 50 5
9702 0 55 21 50 5
9703 0 58 21 50 5
9704 0 72 21 50 5
9705 0 1 21 50 5
9706 0 65 12 50 5
9707 0 41 17 30 20
9708 0 85 18 50 5
9709 0 61 20 40 10
9710 0 29 14 40 10
9711 0 54 10 50 5
9712 0 0 10 30 20
9713 0 66 12 50 5
9714 0 73 10 50 5
9715 0 20 10 30 20
9716 0 2 4 50 5
9717 0 55 4 50 5
9718 0 58 4 50 5
9719 0 73 9 50 5
9720 0 7 19 50 5
9721 0 33 3 50 5
9722 0 61 3 40 10
9723 0 36 16 50 5
9724 0 91 3 30 20
9725 0 76 10 50 5
9726 0 81 3 30 20
9727 0 4 18 40 10
9728 0 54 6 30 20
9729 0 35 18 50 5
9730 0 26 5 50 5
9731 0 36 20 50 5
9732 0 0 13 50 5
9733 0 82 23 50 5
9734 0 33 15 50 5
9735 0 18 8 50 5
9736 0 30 19 40 10
9737 0 42 8 50 5
9738 0 25 12 50 5
9739 0 36 3 40 10
9740 0 21 15 50 5
9741 0 78 17 50 5
9742 0 97 16 40 10
9743 0 25 10 50 5
9744 0 55 0 40 10
9745 0 91 0 40 10
9746 0 55 1 50 5
9747 0 6 0 50 5
9748 0 57 0 30 20
9749 0 53 11 30 20
9750 0 68 0 40 10
9751 0 31 0 50 5
9752 0 39 0 50 5
9753 0 86 19 50 5
9754 0 94 0 40 10
9755 0 94 15 50 5
9756 0 96 0 50 5
9757 0 60 0 50 5
9758 0 23 0 50 5
9759 0 44 22 40 10
9760 0 63 1 50 5
9761 0 3 1 50 5
9762 0 10 1 50 5
9763 0 98 23 50 5
9764 0 75 17 30 20
9765 0 28 1 40 10
9766 0 6 16 50 5
9767 0 5 9 40 10
9768 0 90 10 50 5
9769 0 45 20 50 5
9770 0 1 1 50 5
9771 0 1 3 50 5
9772 0 44 3 50 5
9773 0 29 1 50 5
9774 0 33 5 40 10
9775 0 32 19 50 5
9776 0 52 16 40 10
9777 0 28 16 50 5
9778 0 23 16 50 5
9779 0 46 16 50 5
9780 0 80 16 50 5
9781 0 53 6 50 5
9782 0 62 20 30 20
9783 0 67 20 30 20
9784 0 32 8 30 20
9785 0 43 2 40 10
9786 0 51 1 50 5
9787 0 87 2 50 5
9788 0 81 0 50 5
9789 0 28 0 40 10
9790 0 6 0 50 5
9791 0 56 0 50 5
9792 0 21 8 50 5
9793 0 20 17 50 5
9794 0 34 0 50 5
9795 0 45 6 40 10
9796 0 45 0 50 5
9797 0 63 1 50 5
9798 0 34 0 50 5
9799 0 51 0 40 10
9800 0 96 0 50 5
9801 0 67 18 50 5
9802 0 69 21 50 5
9803 0 53 23 50 5
9804 0 47 12 50 5
9805 0 56 14 50 5
9806 0 72 12 30 20
9807 0 47 5 50 5
9808 0 8 5 40 10
9809 0 71 5 50 5
9810 0 47 22 50 5
9811 0 78 5 40 10
9812 0 59 0 50 5
9813 0 85 6 40 10
9814 0 19 9 50 5
9815 0 48 13 30 20
9816 0 0 19 50 5
9817 0 45 0 50 5
9818 0 21 0 50 5
9819 0 32 13 40 10
9820 0 44 5 50 5
9821 0 74 5 50 5
9822 0 97 5 50 5
9823 0 9 3 50 5
9824 0 67 3 30 20
9825 0 18 14 50 5
9826 0 39 6 50 5
9827 0 38 2 40 10
9828 0 52 2 40 10
9829 0 7 20 50 5
9830 0 34 19 50 5
9831 0 47 2 50 5
9832 0 86 12 30 20
9833 0 19 21 50 5
9834 0 42 14 50 5
9835 0 69 10 50 5
9836 0 9 10 50 5
9837 0 17 3 40 10
9838 0 74 23 40 10
9839 0 4 16 30 20
9840 0 89 16 50 5
9841 0 25 7 40 10
9842 0 30 22 50 5
9843 0 83 7 50 5
9844 0 27 8 50 5
9845 0 5 3 50 5
9846 0 15 18 50 5
9847 0 80 23 50 5
9848 0 56 3 40 10
9849 0 50 1 50 5
9850 0 65 1 50 5
9851 0 60 17 50 5
9852 0 35 17 30 20
9853 0 87 1 50 5
9854 0 39 15 50 5
9855 0 81 10 50 5
9856 0 1 15 50 5
9857 0 24 15 50 5
9858 0 36 21 50 5
9859 0 66 10 50 5
9860 0 17 8 50 5
9861 0 89 23 50 5
9862 0 0 8 40 10
9863 0 53 13 30 20
9864 0 87 8 30 20
9865 0 96 17 50 5
9866 0 80 12 50 5
9867 0 63 18 50 5
9868 0 41 3 40 10
9869 0 23 18 40 10
9870 0 29 18 50 5
9871 0 13 18 50 5
9872 0 63 17 50 5
9873 0 15 12 50 5
9874 0 74 12 50 5
9875 0 97 20 50 5
9876 0 52 12 50 5
9877 0 17 14 50 5
9878 0 78 3 50 5
9879 0 1 1 40 10
9880 0 55 12 50 5
9881 0 4 1 50 5
9882 0 35 1 50 5
9883 0 17 6 40 10
9884 0 41 13 30 20
9885 0 12 21 40 10
9886 0 43 19 40 10
9887 0 44 1 50 5
9888 0 23 1 40 10
9889 0 76 1 30 20
9890 0 63 19 40 10
9891 0 3 11 30 20
9892 0 90 11 40 10
9893 0 28 18 50 5
9894 0 30 11 40 10
9895 0 63 22 50 5
9896 0 65 11 50 5
9897 0 27 12 40 10
9898 0 6 15 50 5
9899 0 77 13 50 5
9900 0 42 23 50 5
9901 0 70 18 40 10
9902 0 5 2 50 5
9903 0 90 2 30 20
9904 0 87 2 50 5
9905 0 99 2 50 5
9906 0 47 23 40 10
9907 0 23 9 50 5
9908 0 90 0 50 5
9909 0 11 22 50 5
9910 0 93 21 50 5
9911 0 52 1 50 5
9912 0 99 5 50 5
9913 0 78 1 50 5
9914 0 42 8 50 5
9915 0 64 14 50 5
9916 0 65 3 50 5
9917 0 52 9 50 5
9918 0 95 1 50 5
9919 0 63 1 30 20
9920 0 94 20 50 5
9921 0 33 1 40 10
9922 0 51 8 50 5
9923 0 95 7 50 5
9924 0 90 15 50 5
9925 0 54 7 40 10
9926 0 16 12 40 10
9927 0 96 6 50 5
9928 0 15 5 50 5
9929 0 64 3 30 20
9930 0 76 15 50 5
9931 0 52 4 50 5
9932 0 52 2 50 5
9933 0 92 18 40 10
9934 0 14 6 50 5
9935 0 33 23 50 5
9936 0 53 2 50 5
9937 0 8 23 40 10
9938 0 79 2 50 5
9939 0 73 14 50 5
9940 0 12 8 50 5
9941 0 55 8 50 5
9942 0 23 18 50 5
9943 0 33 9 50 5
9944 0 79 2 50 5
9945 0 0 18 50 5
9946 0 47 5 50 5
9947 0 59 17 30 20
9948 0 87 2 40 10
9949 0 30 18 30 20
9950 0 38 16 50 5
9951 0 86 4 50 5
9952 0 27 4 40 10
9953 0 46 4 50 5
9954 0 82 23 50 5
9955 0 27 7 50 5
9956 0 63 22 40 10
9957 0 82 4 50 5
9958 0 83 20 40 10
9959 0 82 4 50 5
9960 0 85 23 50 5
9961 0 18 16 50 5
9962 0 45 4 40 10
9963 0 15 6 50 5
9964 0 16 14 50 5
9965 0 61 4 50 5
9966 0 13 4 50 5
9967 0 80 2 50 5
9968 0 10 2 40 10
9969 0 21 12 50 5
9970 0 65 12 50 5
9971 0 5 21 50 5
9972 0 12 21 50 5
9973 0 38 18 50 5
9974 0 92 10 50 5
9975 0 9 23 50 5
9976 0 54 10 50 5
9977 0 60 11 30 20
9978 0 14 10 50 5
9979 0 64 10 40 10
9980 0 25 5 50 5
9981 0 31 5 50 5
9982 0 25 5 50 5
9983 0 70 12 50 5
9984 0 84 0 40 10
9985 0 98 7 50 5
9986 0 67 21 50 5
9987 0 67 11 50 5
9988 0 94 12 40 10
9989 0 10 12 40 10
9990 0 34 12 40 10
9991 0 74 5 50 5
9992 0 45 19 50 5
9993 0 66 20 50 5
9994 0 93 5 30 20
9995 0 43 12 50 5
9996 0 3 17 40 10
9997 0 37 15 50 5
9998 0 83 0 50 5
9999 0 92 10 50 5
