Rid arr_time   AP   chunk_id deadline profit
0     0         5    1         70        20
1     5        10    5         75        20
2    12        15    8         82        20
3    13        14    2         83        20
4    20         5    1         90        20
5    23        10    5         93        20
6    25        13    2         95        20
7    28         4    4         98        20
8    28         8    8         98        20
9    32        13    4        102        20
10    36         2    2        106        20
11    40         3    2        110        20
12    43        14    3        113        20
13    46         1    9        116        20
14    55         8    7        125        20
15    58        12    7        128        20
16    60        14    1        130        20
17    68         4    4        138        20
18    77         6    9        207        10
19    78         2    3        148        20
20    86         4    0        156        20
21    89         2    5        219        10
22    98         6    8        168        20
23    99         6    4        169        20
24   107        13    7        177        20
25   108        14    6        178        20
26   108         9    9        208         5
27   116         5    4        216         5
28   125         4    9        225         5
29   134         1    0        204        20
30   140        13    0        240         5
31   143        14    0        213        20
32   150        12    9        220        20
33   156         2    5        226        20
34   164        12    1        234        20
35   171         7    6        241        20
36   179        14    4        249        20
37   186         7    8        256        20
38   194         6    0        294         5
39   200        15    3        270        20
40   208         5    5        278        20
41   212        10    6        282        20
42   215         2    9        345        10
43   222         6    4        292        20
44   225         7    8        295        20
45   225        14    8        295        20
46   228         0    7        298        20
47   234        11    4        364        10
48   241         7    3        311        20
49   243         3    2        313        20
50   250         2    5        320        20
51   257         6    1        387        10
52   264         8    0        364         5
53   270         8    0        340        20
54   278        12    5        348        20
55   278         8    3        348        20
56   285         4    2        355        20
57   286         1    3        386         5
58   289         9    9        359        20
59   293        15    0        363        20
60   296        13    7        396         5
61   305         9    1        375        20
62   309         0    1        379        20
63   316        13    2        386        20
64   316         3    1        386        20
65   324         8    3        394        20
66   330         6    6        400        20
67   338        10    1        408        20
68   345         7    4        415        20
69   347         8    6        447         5
70   354         4    7        424        20
71   361         9    9        491        10
72   367        15    0        437        20
73   375         4    5        445        20
74   382        12    4        452        20
75   388         8    1        458        20
76   391        10    7        461        20
77   395         1    1        465        20
78   399         8    9        469        20
79   407        12    9        507         5
80   411         6    8        481        20
81   418         2    0        488        20
82   423         3    9        493        20
83   427        12    7        497        20
84   432         0    0        532         5
85   435         6    3        505        20
86   437        11    5        507        20
87   443        11    3        543         5
88   452        11    3        522        20
89   452         4    8        552         5
90   452         7    2        522        20
91   456        12    5        556         5
92   464         5    1        534        20
93   467        10    8        537        20
94   468         5    8        538        20
95   474         1    4        544        20
96   478         5    3        548        20
97   487         1    6        557        20
98   496         7    4        596         5
99   497         3    8        627        10
100   499         8    0        569        20
101   505         5    1        605         5
102   511        15    5        611         5
103   512         9    2        582        20
104   515        14    6        615         5
105   520         3    7        650        10
106   520         7    4        620         5
107   529         2    1        659        10
108   534         0    2        604        20
109   535         3    2        605        20
110   541         6    7        641         5
111   541         5    6        611        20
112   543         5    9        643         5
113   550         7    7        650         5
114   553        15    3        623        20
115   556        11    4        626        20
116   557         5    4        627        20
117   559         4    3        659         5
118   559        11    1        629        20
119   568        10    6        638        20
120   568        12    9        638        20
121   568         1    5        638        20
122   577        10    7        647        20
123   583         4    2        653        20
124   590         3    9        660        20
125   591        13    2        661        20
126   598         6    4        668        20
127   599         1    0        669        20
128   603        11    2        673        20
129   610         5    1        680        20
130   613         8    8        743        10
131   614        10    4        684        20
132   620        10    8        690        20
133   629         6    8        699        20
134   632        14    9        762        10
135   635         7    4        705        20
136   637        11    6        737         5
137   644        15    7        714        20
138   648        13    5        718        20
139   650        12    6        720        20
140   654         0    6        754         5
141   661        10    6        731        20
142   661         3    6        761         5
143   669        14    0        739        20
144   677        11    4        747        20
145   680        12    6        750        20
146   689        15    8        759        20
147   691        11    6        761        20
148   691        14    8        791         5
149   691        10    9        761        20
150   697         4    5        767        20
151   705        10    6        775        20
152   707        15    6        807         5
153   712        15    0        782        20
154   716        12    7        816         5
155   722         1    1        822         5
156   729        15    6        799        20
157   734        11    2        804        20
158   741         9    4        871        10
159   743         5    9        873        10
160   743        12    4        813        20
161   748        13    9        848         5
162   750         1    5        850         5
163   751         7    2        821        20
164   753         4    9        823        20
165   758         3    5        858         5
166   766        11    9        836        20
167   767        12    3        867         5
168   776        13    1        846        20
169   780         0    0        910        10
170   781         4    1        851        20
171   783        13    4        883         5
172   788         3    3        888         5
173   796         0    2        866        20
174   804         6    2        874        20
175   809         0    9        879        20
176   810         1    7        880        20
177   813         8    1        913         5
178   819        11    5        949        10
179   823         5    7        923         5
180   823         3    9        893        20
181   827         1    7        897        20
182   833        14    4        903        20
183   841         6    5        911        20
184   848        10    5        918        20
185   853         5    2        923        20
186   855         3    0        925        20
187   862         8    0        932        20
188   862         1    0        992        10
189   864        10    6        994        10
190   871         7    2        971         5
191   880         7    3        950        20
192   889         0    8        959        20
193   898        15    9        998         5
194   907        10    3        977        20
195   908         1    8        978        20
196   914        15    3        984        20
197   916         4    3       1016         5
198   925        12    2        995        20
199   925         0    6       1025         5
200   933        12    3       1003        20
201   940        15    3       1010        20
202   942         5    7       1012        20
203   950        13    1       1020        20
204   958         0    9       1028        20
205   958        11    7       1028        20
206   966         9    3       1066         5
207   970         3    1       1040        20
208   972        14    1       1072         5
209   979         3    1       1049        20
210   985        11    5       1055        20
211   992         1    1       1062        20
212   999        13    3       1099         5
213  1001        15    2       1071        20
214  1010         1    5       1080        20
215  1014         4    0       1084        20
216  1019         7    8       1089        20
217  1024        13    8       1094        20
218  1029         8    0       1099        20
219  1032         4    9       1132         5
220  1036         2    3       1106        20
221  1041         4    3       1141         5
222  1048         8    3       1118        20
223  1057        13    8       1127        20
224  1063        15    8       1133        20
225  1070         4    6       1140        20
226  1074        11    1       1174         5
227  1083         0    0       1153        20
228  1083         1    0       1183         5
229  1088         2    7       1158        20
230  1097        10    9       1167        20
231  1101        10    3       1201         5
232  1109         1    6       1179        20
233  1109         2    1       1179        20
234  1117         8    4       1247        10
235  1117         5    7       1217         5
236  1117        15    3       1187        20
237  1125         5    0       1195        20
238  1129         2    1       1199        20
239  1129        14    0       1199        20
240  1130        10    0       1200        20
241  1133         5    8       1203        20
242  1136         7    8       1206        20
243  1139         6    0       1209        20
244  1141         2    2       1211        20
245  1148        13    6       1218        20
246  1150         4    8       1250         5
247  1159        12    3       1259         5
248  1165        14    3       1265         5
249  1165        14    6       1235        20
250  1169         2    6       1239        20
251  1174        11    6       1304        10
252  1174        10    4       1244        20
253  1178        15    4       1308        10
254  1184         4    2       1314        10
255  1190        15    5       1320        10
256  1195         2    8       1265        20
257  1200         5    2       1270        20
258  1207        11    1       1277        20
259  1215        13    3       1285        20
260  1221         5    5       1291        20
261  1221         3    2       1291        20
262  1225        13    6       1295        20
263  1230         3    6       1300        20
264  1232         3    8       1302        20
265  1234         3    9       1304        20
266  1241         4    9       1311        20
267  1243        13    4       1313        20
268  1250         8    5       1380        10
269  1252         5    7       1382        10
270  1261        11    9       1331        20
271  1267         9    4       1337        20
272  1273        13    1       1343        20
273  1278         6    8       1348        20
274  1278         6    0       1348        20
275  1282        13    2       1382         5
276  1282        13    3       1352        20
277  1287         4    8       1357        20
278  1293         0    3       1363        20
279  1298         7    2       1398         5
280  1301         5    5       1371        20
281  1305         0    9       1375        20
282  1306        11    5       1406         5
283  1314         5    8       1384        20
284  1323        15    0       1453        10
285  1325         5    4       1425         5
286  1327         3    7       1397        20
287  1330         6    7       1400        20
288  1333         0    7       1463        10
289  1336         8    6       1406        20
290  1339         4    0       1439         5
291  1347         0    4       1417        20
292  1349         0    0       1419        20
293  1357         1    5       1457         5
294  1357        12    6       1427        20
295  1359         2    2       1429        20
296  1360        10    8       1460         5
297  1369         8    4       1439        20
298  1374         3    4       1444        20
299  1381        12    6       1451        20
300  1383         4    0       1453        20
301  1389         2    9       1459        20
302  1394        10    3       1464        20
303  1397        14    6       1467        20
304  1397         0    4       1497         5
305  1402        14    9       1472        20
306  1407         1    0       1477        20
307  1412        14    0       1512         5
308  1413         3    8       1483        20
309  1419        10    4       1489        20
310  1420        13    9       1520         5
311  1424        13    7       1524         5
312  1431         6    0       1531         5
313  1431        11    1       1501        20
314  1433         9    3       1503        20
315  1434        11    9       1504        20
316  1438        11    1       1508        20
317  1447        13    4       1577        10
318  1448        12    1       1518        20
319  1451        10    4       1521        20
320  1453         2    7       1553         5
321  1460         7    0       1530        20
322  1465        12    7       1565         5
323  1473         0    7       1543        20
324  1473        12    1       1573         5
325  1477         2    6       1607        10
326  1477         0    8       1577         5
327  1483         0    5       1553        20
328  1490        14    0       1590         5
329  1498        11    0       1568        20
330  1502        11    7       1572        20
331  1511        11    2       1581        20
332  1519        10    0       1619         5
333  1519         6    3       1589        20
334  1521         8    8       1621         5
335  1527         3    5       1597        20
336  1529        10    1       1599        20
337  1530         5    9       1600        20
338  1532         0    1       1632         5
339  1538         0    0       1638         5
340  1540        14    7       1610        20
341  1544         9    8       1614        20
342  1545         3    7       1615        20
343  1549         5    6       1619        20
344  1558         8    9       1628        20
345  1560         8    4       1660         5
346  1568         6    9       1638        20
347  1571         5    8       1641        20
348  1580         5    7       1650        20
349  1587        15    2       1657        20
350  1591         9    1       1661        20
351  1594         2    9       1664        20
352  1597        15    7       1667        20
353  1597         9    7       1667        20
354  1604        12    6       1674        20
355  1609         6    5       1679        20
356  1613         0    4       1713         5
357  1621         0    4       1691        20
358  1628         2    8       1698        20
359  1635         5    2       1765        10
360  1637         8    8       1707        20
361  1638         3    2       1708        20
362  1641         5    2       1771        10
363  1648         1    2       1718        20
364  1648         2    7       1748         5
365  1654         8    2       1724        20
366  1659        12    3       1729        20
367  1660         0    9       1730        20
368  1664         4    7       1734        20
369  1669         3    5       1769         5
370  1673        11    8       1743        20
371  1677        11    3       1777         5
372  1681         5    9       1751        20
373  1690         8    2       1760        20
374  1698        10    3       1768        20
375  1700         8    5       1830        10
376  1705         4    0       1775        20
377  1705        13    6       1775        20
378  1712         8    2       1842        10
379  1715        10    3       1785        20
380  1719         6    3       1789        20
381  1725         3    5       1795        20
382  1728         0    5       1798        20
383  1732         6    8       1802        20
384  1739        15    3       1809        20
385  1739         5    7       1869        10
386  1746        11    6       1816        20
387  1750         9    2       1850         5
388  1750         4    8       1850         5
389  1754         1    0       1854         5
390  1759         8    2       1829        20
391  1766         8    8       1836        20
392  1766        15    3       1836        20
393  1770         7    5       1840        20
394  1778         9    5       1878         5
395  1786         7    5       1856        20
396  1786         5    0       1856        20
397  1786         0    9       1856        20
398  1795         0    1       1895         5
399  1798        14    7       1868        20
400  1807         4    0       1877        20
401  1809         0    9       1939        10
402  1811        10    3       1881        20
403  1812         8    4       1912         5
404  1815         1    1       1885        20
405  1818        14    7       1888        20
406  1824         9    4       1894        20
407  1830        13    0       1900        20
408  1835         0    3       1905        20
409  1839         3    4       1909        20
410  1846         7    8       1916        20
411  1848         3    3       1978        10
412  1855         4    5       1925        20
413  1859         1    3       1929        20
414  1864         9    7       1964         5
415  1865         0    0       1965         5
416  1869        10    3       1939        20
417  1877         5    1       1947        20
418  1879         3    5       1949        20
419  1881         2    6       1951        20
420  1887         0    6       1957        20
421  1894        15    7       1964        20
422  1902        11    7       1972        20
423  1905         1    1       1975        20
424  1908        12    2       1978        20
425  1915         1    6       1985        20
426  1924        15    2       1994        20
427  1925         5    8       1995        20
428  1927        10    3       2027         5
429  1931         6    9       2031         5
430  1931        10    2       2031         5
431  1934         4    9       2004        20
432  1940         4    9       2010        20
433  1940         5    6       2010        20
434  1946         4    8       2016        20
435  1946        15    9       2016        20
436  1947         8    7       2047         5
437  1951         5    9       2021        20
438  1956         9    5       2026        20
439  1962        13    9       2032        20
440  1964         7    3       2034        20
441  1971         2    2       2071         5
442  1976        13    6       2046        20
443  1984         7    6       2114        10
444  1984         9    1       2114        10
445  1984         1    5       2054        20
446  1984        14    6       2054        20
447  1991         5    3       2061        20
448  1992         9    8       2062        20
449  1999         0    4       2069        20
450  2007        10    0       2077        20
451  2014         8    1       2084        20
452  2023        13    2       2123         5
453  2031         1    2       2101        20
454  2034         2    5       2104        20
455  2035        10    6       2105        20
456  2038         6    7       2138         5
457  2041         8    5       2111        20
458  2044        15    1       2114        20
459  2045         2    6       2115        20
460  2051         9    4       2121        20
461  2054         2    7       2154         5
462  2056         3    2       2126        20
463  2064        11    5       2134        20
464  2073        12    2       2143        20
465  2082         8    1       2152        20
466  2084         2    1       2154        20
467  2086         7    6       2156        20
468  2095         4    7       2165        20
469  2098         4    2       2198         5
470  2103         2    2       2173        20
471  2107         0    2       2177        20
472  2108        14    2       2178        20
473  2109         3    9       2209         5
474  2116         1    7       2216         5
475  2124        15    6       2224         5
476  2129        13    9       2199        20
477  2129        11    5       2229         5
478  2137         6    2       2207        20
479  2146         0    4       2216        20
480  2151         3    8       2251         5
481  2160        14    2       2290        10
482  2167         9    8       2267         5
483  2169         4    5       2269         5
484  2175         3    8       2245        20
485  2180        15    8       2250        20
486  2188         7    6       2258        20
487  2194         8    5       2264        20
488  2199         5    6       2269        20
489  2201         4    2       2271        20
490  2204         0    4       2274        20
491  2211         7    6       2281        20
492  2213        10    6       2283        20
493  2218        12    4       2288        20
494  2224         3    9       2324         5
495  2229        11    3       2299        20
496  2238         2    3       2338         5
497  2247         3    6       2317        20
498  2250        12    3       2320        20
499  2252         9    6       2322        20
500  2258        13    3       2328        20
501  2262         3    5       2332        20
502  2269        12    2       2339        20
503  2274        13    8       2344        20
504  2279        15    2       2349        20
505  2280        12    3       2350        20
506  2281        10    9       2351        20
507  2286         2    2       2356        20
508  2293         7    8       2363        20
509  2302         7    4       2372        20
510  2306         8    7       2376        20
511  2309         7    8       2379        20
512  2311         0    7       2381        20
513  2317         7    6       2387        20
514  2320         8    3       2390        20
515  2325        14    8       2425         5
516  2331         8    2       2461        10
517  2336         1    4       2466        10
518  2337         0    6       2407        20
519  2346         6    9       2416        20
520  2350         1    6       2420        20
521  2355        13    9       2425        20
522  2364        11    3       2464         5
523  2372        11    6       2442        20
524  2380         6    2       2450        20
525  2385        12    7       2455        20
526  2385         2    9       2455        20
527  2386        11    9       2516        10
528  2394         0    1       2464        20
529  2402        12    9       2472        20
530  2407        10    7       2477        20
531  2408        12    4       2478        20
532  2411        10    0       2481        20
533  2415        10    6       2515         5
534  2417        15    2       2517         5
535  2418        12    1       2548        10
536  2424         1    3       2494        20
537  2431         7    5       2501        20
538  2433         1    1       2503        20
539  2437         9    4       2507        20
540  2444        15    9       2574        10
541  2450        13    9       2550         5
542  2456        13    3       2526        20
543  2456         2    1       2526        20
544  2456         9    6       2586        10
545  2460         3    2       2560         5
546  2469        15    6       2539        20
547  2470        13    9       2540        20
548  2475         6    9       2575         5
549  2481        15    1       2551        20
550  2490         6    2       2560        20
551  2491        10    4       2561        20
552  2492         3    7       2592         5
553  2501        11    0       2571        20
554  2508         8    1       2638        10
555  2516         6    5       2616         5
556  2523         4    9       2593        20
557  2530        10    0       2630         5
558  2536         7    4       2606        20
559  2541         4    3       2611        20
560  2544        14    8       2644         5
561  2550        13    4       2680        10
562  2552         4    2       2652         5
563  2552         9    2       2622        20
564  2553         3    6       2623        20
565  2553         1    4       2653         5
566  2559         2    6       2659         5
567  2560         6    9       2630        20
568  2562        12    6       2632        20
569  2564        10    6       2634        20
570  2569        14    4       2639        20
571  2575        12    7       2645        20
572  2577        13    5       2647        20
573  2584         5    7       2654        20
574  2586        13    7       2656        20
575  2595        10    2       2665        20
576  2604         5    8       2734        10
577  2611        10    3       2681        20
578  2615         6    0       2715         5
579  2621        10    2       2691        20
580  2626         4    6       2696        20
581  2626         1    0       2756        10
582  2626         1    6       2696        20
583  2629        12    2       2699        20
584  2631         2    3       2731         5
585  2633         6    2       2703        20
586  2640        15    1       2740         5
587  2642         2    6       2772        10
588  2642        13    8       2742         5
589  2646        15    0       2716        20
590  2650        12    2       2720        20
591  2652        13    8       2722        20
592  2655         2    0       2755         5
593  2656        12    9       2756         5
594  2664         1    3       2734        20
595  2668         7    1       2768         5
596  2668         0    1       2738        20
597  2674         0    0       2744        20
598  2679        15    7       2749        20
599  2682         3    0       2752        20
600  2689         9    2       2759        20
601  2693        15    9       2763        20
602  2699         9    6       2829        10
603  2699         2    5       2769        20
604  2699        10    5       2769        20
605  2705         8    7       2775        20
606  2712         0    9       2782        20
607  2713         7    7       2843        10
608  2720        12    4       2790        20
609  2722         4    7       2852        10
610  2726         4    7       2796        20
611  2731        12    4       2801        20
612  2732        11    1       2832         5
613  2733        15    1       2803        20
614  2739         9    5       2809        20
615  2739         5    5       2809        20
616  2743         6    4       2813        20
617  2743         6    7       2813        20
618  2750         8    6       2820        20
619  2754         5    5       2824        20
620  2754         8    0       2824        20
621  2754         1    8       2824        20
622  2759         7    7       2829        20
623  2762        15    0       2832        20
624  2766         6    2       2836        20
625  2766         3    5       2836        20
626  2770        11    0       2840        20
627  2779         0    1       2909        10
628  2779         9    8       2849        20
629  2787        15    3       2857        20
630  2787        12    6       2857        20
631  2793        10    4       2863        20
632  2794        15    7       2864        20
633  2795        13    1       2925        10
634  2804         9    1       2934        10
635  2805         3    7       2875        20
636  2805        12    0       2875        20
637  2810        12    7       2880        20
638  2816        13    8       2886        20
639  2819         0    7       2889        20
640  2821         6    6       2891        20
641  2822         9    1       2892        20
642  2823         2    4       2893        20
643  2830        12    0       2900        20
644  2836         1    6       2936         5
645  2841         1    9       2911        20
646  2849         5    0       2919        20
647  2856        13    7       2926        20
648  2865         8    1       2995        10
649  2868         3    0       2938        20
650  2871        10    6       2941        20
651  2875         7    1       2945        20
652  2878        13    4       2948        20
653  2886        10    3       2956        20
654  2892         1    3       2962        20
655  2894         2    2       2994         5
656  2903         1    0       2973        20
657  2910         9    1       2980        20
658  2916         8    7       2986        20
659  2924         9    2       2994        20
660  2932         7    7       3002        20
661  2937         6    8       3007        20
662  2938         2    7       3008        20
663  2939         4    7       3009        20
664  2945         6    7       3015        20
665  2948        11    9       3018        20
666  2954         7    8       3024        20
667  2955         9    5       3025        20
668  2959        14    6       3029        20
669  2963        11    0       3033        20
670  2971        14    1       3041        20
671  2971        14    4       3041        20
672  2973        12    0       3043        20
673  2978         2    4       3048        20
674  2979         8    8       3049        20
675  2981         1    4       3081         5
676  2988         1    9       3058        20
677  2991        15    1       3061        20
678  2991        14    2       3061        20
679  2995        11    8       3095         5
680  2999        15    7       3069        20
681  3000         6    4       3100         5
682  3003        14    7       3103         5
683  3006         1    4       3076        20
684  3013         4    3       3083        20
685  3019         0    8       3149        10
686  3022         1    9       3152        10
687  3028        13    7       3128         5
688  3031        12    0       3101        20
689  3039         6    3       3169        10
690  3043         1    2       3143         5
691  3052        12    4       3122        20
692  3053         2    9       3123        20
693  3061        13    3       3131        20
694  3069         8    5       3139        20
695  3070         9    1       3140        20
696  3076         7    6       3176         5
697  3082         3    8       3152        20
698  3091        12    8       3161        20
699  3098         9    9       3228        10
700  3107         5    9       3237        10
701  3113        11    8       3183        20
702  3116         9    0       3186        20
703  3123         8    8       3193        20
704  3132         5    0       3202        20
705  3140         5    0       3240         5
706  3145        14    9       3215        20
707  3153         4    0       3223        20
708  3157         0    5       3227        20
709  3162         2    4       3232        20
710  3163        13    7       3233        20
711  3165         7    4       3265         5
712  3169         3    8       3269         5
713  3171         5    6       3241        20
714  3176        12    4       3276         5
715  3182        11    2       3252        20
716  3183         6    2       3253        20
717  3188        13    8       3258        20
718  3194         1    4       3264        20
719  3198         8    5       3328        10
720  3206        14    5       3306         5
721  3211         1    4       3281        20
722  3218        14    7       3348        10
723  3222         1    5       3292        20
724  3226         0    6       3296        20
725  3229        13    7       3299        20
726  3235         8    8       3305        20
727  3244         0    7       3374        10
728  3247         9    1       3377        10
729  3254        12    4       3354         5
730  3260        14    2       3360         5
731  3265        14    7       3335        20
732  3269        11    1       3339        20
733  3276         6    7       3346        20
734  3281         7    4       3351        20
735  3285         7    5       3355        20
736  3286        10    6       3356        20
737  3287        11    7       3357        20
738  3294        12    5       3364        20
739  3298        12    0       3368        20
740  3305         8    8       3405         5
741  3307         0    7       3407         5
742  3310         7    7       3410         5
743  3319        11    0       3449        10
744  3324        13    8       3424         5
745  3330         9    5       3400        20
746  3331        12    0       3401        20
747  3340        12    5       3410        20
748  3340        10    3       3410        20
749  3343         7    6       3413        20
750  3350         7    7       3420        20
751  3351        12    2       3421        20
752  3354        15    1       3424        20
753  3356         4    8       3426        20
754  3358         6    5       3428        20
755  3360        15    9       3490        10
756  3369        11    4       3439        20
757  3376        12    4       3446        20
758  3385         8    9       3455        20
759  3387         1    7       3457        20
760  3394         4    5       3494         5
761  3394        14    0       3464        20
762  3399         5    5       3469        20
763  3408        14    7       3478        20
764  3411         7    9       3481        20
765  3419         2    2       3519         5
766  3423         0    4       3523         5
767  3423         2    5       3493        20
768  3432         2    3       3502        20
769  3436        13    4       3506        20
770  3437         9    7       3507        20
771  3443         2    4       3513        20
772  3451         0    6       3551         5
773  3457         2    7       3527        20
774  3461         7    8       3531        20
775  3462        12    6       3562         5
776  3466         3    3       3536        20
777  3474        11    0       3544        20
778  3483         6    8       3553        20
779  3491        13    2       3591         5
780  3496         8    4       3566        20
781  3497         8    4       3567        20
782  3502        13    0       3572        20
783  3504         1    0       3574        20
784  3505         7    9       3635        10
785  3506         6    7       3576        20
786  3511         2    7       3581        20
787  3519        15    4       3649        10
788  3519        10    4       3589        20
789  3519         4    2       3589        20
790  3528         1    3       3598        20
791  3537         5    3       3637         5
792  3538         0    0       3638         5
793  3538         1    4       3638         5
794  3546        11    5       3646         5
795  3548         1    6       3618        20
796  3553         2    7       3623        20
797  3556         9    4       3656         5
798  3564        11    0       3634        20
799  3569         2    4       3639        20
800  3571         5    9       3641        20
801  3577         1    1       3647        20
802  3583        15    4       3683         5
803  3592        14    5       3662        20
804  3595         0    0       3665        20
805  3599         1    1       3669        20
806  3606         4    4       3676        20
807  3613         5    6       3683        20
808  3620         0    2       3690        20
809  3628         2    2       3698        20
810  3629         1    4       3699        20
811  3631         5    5       3701        20
812  3631         9    5       3731         5
813  3634         7    5       3704        20
814  3640         9    3       3710        20
815  3646        14    7       3716        20
816  3654        15    5       3724        20
817  3660        15    5       3730        20
818  3666        11    5       3736        20
819  3670         8    2       3770         5
820  3679         6    6       3779         5
821  3687        11    8       3787         5
822  3690        11    2       3820        10
823  3690         4    7       3790         5
824  3698         6    2       3768        20
825  3707        13    0       3777        20
826  3716         6    8       3786        20
827  3719         0    0       3849        10
828  3719         3    6       3789        20
829  3724         2    6       3794        20
830  3732         2    3       3802        20
831  3738        15    0       3838         5
832  3741        11    8       3811        20
833  3746         1    3       3846         5
834  3751         4    5       3881        10
835  3753         7    8       3823        20
836  3753         1    7       3853         5
837  3755         3    8       3855         5
838  3755         5    7       3825        20
839  3761        12    2       3831        20
840  3764         9    3       3834        20
841  3770         5    5       3840        20
842  3775         7    4       3845        20
843  3778        13    1       3848        20
844  3778         4    5       3878         5
845  3783        11    9       3913        10
846  3787         4    7       3857        20
847  3789        12    6       3859        20
848  3798        14    5       3898         5
849  3799         8    6       3869        20
850  3807         7    4       3907         5
851  3811         3    2       3911         5
852  3811         6    5       3941        10
853  3812        11    1       3912         5
854  3813        14    5       3883        20
855  3813         5    3       3883        20
856  3822        13    3       3952        10
857  3824        10    3       3924         5
858  3828        15    3       3898        20
859  3837         3    2       3937         5
860  3838         2    5       3908        20
861  3840         5    5       3940         5
862  3842        11    4       3942         5
863  3849         0    8       3919        20
864  3849        13    0       3919        20
865  3853         4    1       3923        20
866  3855         1    3       3925        20
867  3855         6    7       3955         5
868  3862        10    3       3932        20
869  3870         2    8       3970         5
870  3879         3    6       3949        20
871  3879         9    0       3979         5
872  3886         8    6       3956        20
873  3886        14    2       3956        20
874  3886        14    4       3986         5
875  3886        12    5       3956        20
876  3892         1    4       3962        20
877  3897        14    4       3967        20
878  3897         5    5       3967        20
879  3899         3    5       3969        20
880  3899        13    0       3969        20
881  3899         7    1       3969        20
882  3906        15    3       4036        10
883  3907         8    2       4007         5
884  3914         2    3       3984        20
885  3915        10    2       3985        20
886  3921         2    2       4021         5
887  3927         1    5       4027         5
888  3931        14    2       4001        20
889  3938         1    2       4038         5
890  3942        14    5       4012        20
891  3945         1    8       4075        10
892  3950         7    9       4050         5
893  3957        10    1       4027        20
894  3963        15    3       4033        20
895  3967        13    0       4037        20
896  3975         2    4       4105        10
897  3980         1    2       4050        20
898  3981        13    4       4081         5
899  3989         2    5       4119        10
900  3993         3    6       4063        20
901  4002         5    2       4072        20
902  4007         6    4       4077        20
903  4016         5    2       4086        20
904  4023         4    4       4153        10
905  4023         4    7       4123         5
906  4028        15    4       4098        20
907  4028        11    1       4158        10
908  4032         9    8       4102        20
909  4037         7    7       4107        20
910  4040         6    5       4140         5
911  4043        10    0       4113        20
912  4043         2    4       4113        20
913  4043         5    4       4143         5
914  4044        10    8       4144         5
915  4051        14    8       4151         5
916  4056         2    2       4126        20
917  4064         2    6       4134        20
918  4066        14    4       4136        20
919  4075        15    1       4145        20
920  4077         0    7       4177         5
921  4086         8    5       4216        10
922  4090        11    8       4160        20
923  4093         3    1       4163        20
924  4095        11    4       4165        20
925  4101         9    8       4171        20
926  4103         6    7       4203         5
927  4104         0    0       4174        20
928  4107         3    8       4207         5
929  4108         2    3       4178        20
930  4113         2    4       4183        20
931  4118         4    2       4188        20
932  4123         5    9       4193        20
933  4129         3    2       4229         5
934  4135         6    8       4205        20
935  4137         8    4       4207        20
936  4139         6    4       4209        20
937  4143        14    1       4213        20
938  4150         1    8       4220        20
939  4154         1    2       4224        20
940  4163         3    5       4293        10
941  4163        14    5       4293        10
942  4166        13    4       4296        10
943  4168         9    7       4238        20
944  4170         7    1       4240        20
945  4177        10    9       4247        20
946  4178         2    4       4248        20
947  4187        14    8       4257        20
948  4196        15    1       4266        20
949  4200        10    3       4270        20
950  4201        11    2       4271        20
951  4207         8    3       4277        20
952  4214        11    4       4314         5
953  4216         8    2       4286        20
954  4222        14    5       4292        20
955  4225         0    3       4325         5
956  4232         5    0       4302        20
957  4240        10    2       4310        20
958  4245         8    2       4315        20
959  4248        15    2       4378        10
960  4251         6    6       4351         5
961  4257        14    1       4327        20
962  4263         6    0       4333        20
963  4263         4    0       4333        20
964  4264         7    0       4334        20
965  4271         6    6       4341        20
966  4277        11    2       4347        20
967  4280         9    6       4350        20
968  4289         4    6       4359        20
969  4289         6    2       4359        20
970  4297        14    8       4397         5
971  4300         7    7       4400         5
972  4305         7    3       4435        10
973  4314        11    6       4384        20
974  4316         3    1       4446        10
975  4322         9    8       4422         5
976  4328         4    0       4398        20
977  4335        15    6       4435         5
978  4336        13    1       4466        10
979  4338        15    4       4408        20
980  4340         0    8       4410        20
981  4342         9    9       4442         5
982  4350         2    6       4450         5
983  4354         4    9       4424        20
984  4355         7    4       4425        20
985  4364        10    8       4434        20
986  4366        14    9       4436        20
987  4367         1    4       4437        20
988  4372        14    9       4442        20
989  4381         5    8       4511        10
990  4381        12    5       4481         5
991  4389         2    6       4459        20
992  4397         5    1       4467        20
993  4401        13    1       4471        20
994  4401         2    7       4471        20
995  4401         9    7       4471        20
996  4408         1    5       4478        20
997  4411         5    7       4481        20
998  4417        12    2       4517         5
999  4426         1    1       4526         5
1000  4432         8    8       4502        20
1001  4441         3    0       4541         5
1002  4447        12    0       4547         5
1003  4447         5    1       4577        10
1004  4453        14    5       4553         5
1005  4461         6    4       4531        20
1006  4466         0    8       4596        10
1007  4474         2    1       4574         5
1008  4481        15    4       4551        20
1009  4489        10    0       4559        20
1010  4498         4    8       4568        20
1011  4505        10    4       4575        20
1012  4505        13    5       4575        20
1013  4511         9    3       4581        20
1014  4514         8    9       4614         5
1015  4514        10    0       4614         5
1016  4516        13    1       4586        20
1017  4520         4    3       4590        20
1018  4529         5    8       4629         5
1019  4529        13    9       4599        20
1020  4529        12    9       4599        20
1021  4535         2    8       4605        20
1022  4543        11    5       4613        20
1023  4551         2    0       4651         5
1024  4560         8    2       4630        20
1025  4567         7    8       4637        20
1026  4570        14    3       4670         5
1027  4571        11    6       4641        20
1028  4575        11    6       4645        20
1029  4583         8    6       4653        20
1030  4588         3    9       4658        20
1031  4588         7    7       4688         5
1032  4594        10    1       4694         5
1033  4603        13    7       4673        20
1034  4609         5    2       4679        20
1035  4609         2    9       4679        20
1036  4618        15    2       4748        10
1037  4622         8    2       4692        20
1038  4626        12    0       4696        20
1039  4633        11    4       4733         5
1040  4638         2    8       4708        20
1041  4640         5    4       4710        20
1042  4642        15    4       4772        10
1043  4645         6    6       4715        20
1044  4654        15    5       4724        20
1045  4659         1    3       4729        20
1046  4664         8    0       4734        20
1047  4669         2    8       4739        20
1048  4670         4    0       4740        20
1049  4678        15    6       4748        20
1050  4685         9    0       4755        20
1051  4686        13    0       4756        20
1052  4689         9    4       4759        20
1053  4692         9    2       4762        20
1054  4700        14    8       4770        20
1055  4701         6    0       4771        20
1056  4701         5    9       4801         5
1057  4706         4    0       4776        20
1058  4714         2    5       4784        20
1059  4714         3    7       4784        20
1060  4718        14    4       4788        20
1061  4718         7    9       4818         5
1062  4723         6    4       4793        20
1063  4729         4    6       4829         5
1064  4733         1    9       4833         5
1065  4736        12    8       4806        20
1066  4736        15    3       4806        20
1067  4737         7    3       4837         5
1068  4739         2    7       4809        20
1069  4746         7    0       4846         5
1070  4753        14    0       4823        20
1071  4759        13    1       4829        20
1072  4766         5    5       4836        20
1073  4771         6    7       4841        20
1074  4777         5    9       4847        20
1075  4786        12    1       4856        20
1076  4792        13    2       4922        10
1077  4796         9    0       4866        20
1078  4798         9    5       4868        20
1079  4798         5    4       4898         5
1080  4800         4    0       4900         5
1081  4801         4    2       4871        20
1082  4809         3    6       4879        20
1083  4818         9    0       4918         5
1084  4827        13    0       4927         5
1085  4833         2    0       4903        20
1086  4834        10    7       4904        20
1087  4840         7    8       4970        10
1088  4843         6    6       4913        20
1089  4845        12    0       4915        20
1090  4853         6    2       4923        20
1091  4853         9    5       4953         5
1092  4854         1    1       4924        20
1093  4863        10    1       4963         5
1094  4863        14    0       4933        20
1095  4864        15    2       4934        20
1096  4864         5    2       4964         5
1097  4870         8    5       5000        10
1098  4872         2    8       4972         5
1099  4878        11    0       4948        20
1100  4885        15    4       4955        20
1101  4894        12    1       4964        20
1102  4894         0    0       4964        20
1103  4896        15    2       4966        20
1104  4896        14    8       4966        20
1105  4903         7    6       5003         5
1106  4905         0    4       5005         5
1107  4907         3    1       5037        10
1108  4911        15    0       5011         5
1109  4918         9    3       5048        10
1110  4918         2    5       5018         5
1111  4927        11    3       5057        10
1112  4936         6    4       5036         5
1113  4940        10    0       5010        20
1114  4944        10    9       5014        20
1115  4945         8    5       5015        20
1116  4947        14    5       5077        10
1117  4952         6    7       5022        20
1118  4952        10    4       5052         5
1119  4960        13    6       5090        10
1120  4965         2    0       5065         5
1121  4969         7    5       5099        10
1122  4978         1    0       5048        20
1123  4980         4    2       5110        10
1124  4982        13    1       5052        20
1125  4989         9    0       5059        20
1126  4993         2    2       5063        20
1127  5000         1    7       5070        20
1128  5004        14    6       5104         5
1129  5008         9    8       5078        20
1130  5013         8    8       5083        20
1131  5022         7    8       5122         5
1132  5024        15    7       5094        20
1133  5026         0    8       5096        20
1134  5032         8    5       5102        20
1135  5034        10    8       5104        20
1136  5040         7    0       5110        20
1137  5041        14    9       5111        20
1138  5045         6    8       5115        20
1139  5051         4    4       5121        20
1140  5055        14    4       5155         5
1141  5063        10    7       5133        20
1142  5071        12    1       5141        20
1143  5078        11    8       5178         5
1144  5079         1    8       5149        20
1145  5087         8    1       5217        10
1146  5093         8    6       5163        20
1147  5098         3    4       5168        20
1148  5100         6    1       5170        20
1149  5106        11    5       5176        20
1150  5112         5    6       5182        20
1151  5120        15    7       5190        20
1152  5125         2    9       5195        20
1153  5127        13    2       5197        20
1154  5130        12    8       5200        20
1155  5135        13    5       5205        20
1156  5143         9    0       5213        20
1157  5143        12    5       5243         5
1158  5148        12    6       5218        20
1159  5149         2    5       5219        20
1160  5156         5    4       5226        20
1161  5161         8    5       5231        20
1162  5162         7    7       5232        20
1163  5170         3    3       5240        20
1164  5174         9    3       5244        20
1165  5182         9    8       5252        20
1166  5190        15    0       5260        20
1167  5190         5    5       5260        20
1168  5190         7    4       5260        20
1169  5197         5    0       5267        20
1170  5205         0    3       5275        20
1171  5213         7    4       5283        20
1172  5222         1    2       5292        20
1173  5224         2    9       5294        20
1174  5224        15    7       5324         5
1175  5233        14    0       5303        20
1176  5240        13    4       5310        20
1177  5246         8    4       5346         5
1178  5247         3    0       5317        20
1179  5254         1    9       5324        20
1180  5254        13    5       5324        20
1181  5261        10    3       5331        20
1182  5265         2    4       5335        20
1183  5270         6    1       5340        20
1184  5271        13    7       5341        20
1185  5273         7    4       5343        20
1186  5273        15    2       5343        20
1187  5273        11    4       5343        20
1188  5277        13    0       5377         5
1189  5285        11    6       5355        20
1190  5292         2    2       5392         5
1191  5300         9    4       5370        20
1192  5308         0    5       5378        20
1193  5309        11    5       5379        20
1194  5318         9    5       5388        20
1195  5318         6    7       5388        20
1196  5318         6    0       5448        10
1197  5318         0    8       5388        20
1198  5324        12    7       5394        20
1199  5333         9    4       5403        20
1200  5338         7    1       5408        20
1201  5345         3    0       5415        20
1202  5354         6    7       5454         5
1203  5357         3    5       5427        20
1204  5364         0    3       5434        20
1205  5368        10    3       5438        20
1206  5368         3    8       5438        20
1207  5368        12    7       5468         5
1208  5377         3    8       5477         5
1209  5386         1    6       5486         5
1210  5393         4    9       5523        10
1211  5395        11    6       5465        20
1212  5402         9    8       5472        20
1213  5402        12    1       5472        20
1214  5402        10    5       5472        20
1215  5405         9    0       5475        20
1216  5411        11    6       5481        20
1217  5415        11    6       5515         5
1218  5422         2    5       5552        10
1219  5430         7    9       5500        20
1220  5436         1    2       5536         5
1221  5439        15    6       5509        20
1222  5445        13    7       5515        20
1223  5454        15    5       5524        20
1224  5456        10    5       5526        20
1225  5456        11    9       5526        20
1226  5461         4    3       5531        20
1227  5465         8    8       5595        10
1228  5471        12    8       5541        20
1229  5475        14    5       5575         5
1230  5475         9    4       5545        20
1231  5475        14    8       5575         5
1232  5482        14    1       5552        20
1233  5486         0    5       5586         5
1234  5491         0    7       5561        20
1235  5493         1    9       5563        20
1236  5497         4    7       5597         5
1237  5501        10    8       5571        20
1238  5510        15    4       5640        10
1239  5515        12    6       5645        10
1240  5522        10    3       5592        20
1241  5523        11    9       5593        20
1242  5527         3    7       5627         5
1243  5527         8    9       5627         5
1244  5535         4    5       5605        20
1245  5539         8    6       5639         5
1246  5543         5    1       5613        20
1247  5551         1    0       5651         5
1248  5556         4    3       5626        20
1249  5556         2    7       5656         5
1250  5556        13    0       5626        20
1251  5565         9    5       5635        20
1252  5571        14    5       5671         5
1253  5575        14    8       5645        20
1254  5580         5    4       5680         5
1255  5582        11    5       5682         5
1256  5585         8    4       5655        20
1257  5590         1    2       5660        20
1258  5599         1    8       5669        20
1259  5599         2    6       5669        20
1260  5602         5    4       5672        20
1261  5605        10    2       5675        20
1262  5609        12    2       5679        20
1263  5609        11    7       5679        20
1264  5609         4    8       5679        20
1265  5613         4    8       5743        10
1266  5615         6    0       5715         5
1267  5621         8    8       5691        20
1268  5624         4    0       5694        20
1269  5629        11    2       5699        20
1270  5634        13    2       5704        20
1271  5638         6    1       5708        20
1272  5642        10    0       5772        10
1273  5651        14    0       5721        20
1274  5659         8    7       5729        20
1275  5665         1    0       5735        20
1276  5673         5    8       5743        20
1277  5682         5    9       5752        20
1278  5689        11    2       5759        20
1279  5698         5    1       5798         5
1280  5698         1    3       5768        20
1281  5706         5    6       5776        20
1282  5707         7    5       5777        20
1283  5709         8    7       5779        20
1284  5713        11    4       5783        20
1285  5718         1    0       5788        20
1286  5725         2    7       5825         5
1287  5725         6    4       5825         5
1288  5734         4    0       5804        20
1289  5738         3    7       5808        20
1290  5744         7    1       5814        20
1291  5752        12    5       5822        20
1292  5756         9    0       5856         5
1293  5758        11    1       5828        20
1294  5767        15    2       5897        10
1295  5769         9    3       5839        20
1296  5769         1    8       5839        20
1297  5778         7    0       5848        20
1298  5785        15    3       5855        20
1299  5785         1    2       5915        10
1300  5790         8    7       5860        20
1301  5791         3    7       5861        20
1302  5797         3    5       5867        20
1303  5801         3    9       5871        20
1304  5803        12    2       5933        10
1305  5808         2    6       5938        10
1306  5810        11    8       5880        20
1307  5815        13    4       5885        20
1308  5820         5    3       5890        20
1309  5821        13    3       5891        20
1310  5824         4    0       5894        20
1311  5832        14    7       5962        10
1312  5833         9    4       5903        20
1313  5841        10    4       5911        20
1314  5843        10    1       5913        20
1315  5850        12    5       5920        20
1316  5852         0    3       5922        20
1317  5859         1    5       5989        10
1318  5862        12    7       5992        10
1319  5868         7    5       5938        20
1320  5876         5    4       5976         5
1321  5879        11    2       5949        20
1322  5883         0    0       5983         5
1323  5890        13    7       6020        10
1324  5893        15    9       6023        10
1325  5902        11    5       5972        20
1326  5910         8    5       5980        20
1327  5915        15    3       6015         5
1328  5915        14    2       5985        20
1329  5920         1    8       5990        20
1330  5922         4    3       6022         5
1331  5925         3    1       5995        20
1332  5929         9    2       5999        20
1333  5933        12    6       6003        20
1334  5938        10    9       6008        20
1335  5943        11    0       6013        20
1336  5950         7    1       6020        20
1337  5955        15    8       6085        10
1338  5962         3    5       6032        20
1339  5964         5    7       6034        20
1340  5965        11    5       6035        20
1341  5971         7    3       6071         5
1342  5973         7    1       6043        20
1343  5977         4    8       6047        20
1344  5980         5    6       6050        20
1345  5988        11    3       6058        20
1346  5991        12    5       6061        20
1347  5999        15    0       6069        20
1348  6007         6    4       6077        20
1349  6014         4    3       6084        20
1350  6017        10    7       6117         5
1351  6022         7    0       6092        20
1352  6025         4    0       6095        20
1353  6032        15    1       6102        20
1354  6038         2    5       6138         5
1355  6045        14    3       6145         5
1356  6048        15    1       6118        20
1357  6048         1    6       6118        20
1358  6051        15    0       6121        20
1359  6059         6    5       6159         5
1360  6059         2    1       6129        20
1361  6066        10    3       6136        20
1362  6069        13    6       6139        20
1363  6075         7    6       6145        20
1364  6080        13    4       6150        20
1365  6088        12    4       6188         5
1366  6094         9    7       6164        20
1367  6094         5    3       6164        20
1368  6101         3    6       6201         5
1369  6107        13    9       6177        20
1370  6115         9    0       6185        20
1371  6115         1    2       6185        20
1372  6120        15    2       6190        20
1373  6120        11    4       6190        20
1374  6121        13    3       6191        20
1375  6129        14    7       6199        20
1376  6138        12    5       6268        10
1377  6144        15    6       6214        20
1378  6145         6    1       6215        20
1379  6153         6    6       6223        20
1380  6161         4    6       6291        10
1381  6164         4    5       6234        20
1382  6164         5    1       6264         5
1383  6166        14    7       6266         5
1384  6172         8    2       6242        20
1385  6173         9    7       6243        20
1386  6175         6    0       6305        10
1387  6184         7    1       6254        20
1388  6192         1    4       6262        20
1389  6193         5    8       6263        20
1390  6199        14    1       6329        10
1391  6202         5    8       6272        20
1392  6204         6    3       6274        20
1393  6205        10    9       6275        20
1394  6210         2    2       6310         5
1395  6212         5    3       6282        20
1396  6213        14    5       6283        20
1397  6216        13    6       6286        20
1398  6222        10    3       6292        20
1399  6229        10    5       6299        20
1400  6232         8    1       6302        20
1401  6239         4    4       6309        20
1402  6245         5    3       6315        20
1403  6249         8    9       6319        20
1404  6251         9    0       6321        20
1405  6258         0    5       6358         5
1406  6264        15    3       6334        20
1407  6273         5    0       6373         5
1408  6281         6    4       6381         5
1409  6288        13    2       6358        20
1410  6293        15    5       6363        20
1411  6297        12    5       6367        20
1412  6303         2    7       6373        20
1413  6310         8    3       6380        20
1414  6312         5    5       6382        20
1415  6319         3    6       6449        10
1416  6328         9    1       6398        20
1417  6336         0    8       6406        20
1418  6338         4    0       6438         5
1419  6346        14    8       6416        20
1420  6349        13    3       6419        20
1421  6353        15    0       6483        10
1422  6358        12    4       6428        20
1423  6365         5    6       6435        20
1424  6372         0    2       6442        20
1425  6380         9    7       6450        20
1426  6387        11    8       6457        20
1427  6392         4    9       6462        20
1428  6398         4    7       6468        20
1429  6399         6    9       6469        20
1430  6406         3    8       6506         5
1431  6409         1    0       6509         5
1432  6417        15    2       6487        20
1433  6420        13    6       6490        20
1434  6420        15    4       6490        20
1435  6421         3    3       6491        20
1436  6423         2    2       6553        10
1437  6426         0    4       6496        20
1438  6428         2    4       6498        20
1439  6430         0    7       6500        20
1440  6435        11    6       6505        20
1441  6442        15    2       6542         5
1442  6446         1    5       6576        10
1443  6446         6    1       6546         5
1444  6450         9    1       6520        20
1445  6450         7    8       6520        20
1446  6455         2    6       6525        20
1447  6464        14    6       6534        20
1448  6471        15    4       6541        20
1449  6472        12    1       6542        20
1450  6473         4    0       6543        20
1451  6480        14    5       6550        20
1452  6481        12    2       6551        20
1453  6486         7    1       6556        20
1454  6486         0    0       6556        20
1455  6487        14    6       6617        10
1456  6491        11    2       6561        20
1457  6493         0    3       6563        20
1458  6502        15    3       6572        20
1459  6510        12    3       6580        20
1460  6514         6    5       6584        20
1461  6522        14    3       6652        10
1462  6531        14    1       6601        20
1463  6532         3    5       6602        20
1464  6536        15    2       6636         5
1465  6541        14    6       6611        20
1466  6544        15    9       6644         5
1467  6545         9    2       6645         5
1468  6545         1    3       6645         5
1469  6545         2    2       6615        20
1470  6554         1    7       6654         5
1471  6556         8    2       6626        20
1472  6564         4    1       6634        20
1473  6571        12    1       6641        20
1474  6577         2    4       6647        20
1475  6583        15    2       6653        20
1476  6588         0    1       6658        20
1477  6596        11    7       6666        20
1478  6600         4    7       6670        20
1479  6606         9    1       6676        20
1480  6606         3    9       6676        20
1481  6608         4    5       6678        20
1482  6615        13    1       6685        20
1483  6622        13    7       6692        20
1484  6630         6    1       6700        20
1485  6634         5    5       6704        20
1486  6636         3    4       6706        20
1487  6640         7    4       6710        20
1488  6649        12    6       6779        10
1489  6653         5    5       6723        20
1490  6662         7    7       6732        20
1491  6662         7    5       6732        20
1492  6664        12    1       6734        20
1493  6671        15    8       6741        20
1494  6672         1    4       6802        10
1495  6672         8    2       6742        20
1496  6678         1    7       6778         5
1497  6679         0    3       6749        20
1498  6685        12    0       6755        20
1499  6694         3    4       6764        20
1500  6697        15    1       6767        20
1501  6698        15    2       6768        20
1502  6705         3    8       6805         5
1503  6709         4    7       6779        20
1504  6712         8    7       6842        10
1505  6718        12    5       6818         5
1506  6727        11    0       6797        20
1507  6732        13    8       6802        20
1508  6740        15    9       6810        20
1509  6740        11    5       6810        20
1510  6743         2    9       6813        20
1511  6749         9    0       6819        20
1512  6756        12    2       6856         5
1513  6757         2    7       6827        20
1514  6765         9    4       6895        10
1515  6774         4    9       6844        20
1516  6783         1    9       6853        20
1517  6791         1    8       6861        20
1518  6791        13    4       6861        20
1519  6796         8    8       6866        20
1520  6800        13    0       6930        10
1521  6805         2    0       6905         5
1522  6811        12    9       6881        20
1523  6811        10    5       6881        20
1524  6815        14    7       6885        20
1525  6817         0    6       6947        10
1526  6820         5    0       6890        20
1527  6827         7    6       6957        10
1528  6832        11    7       6902        20
1529  6833        12    3       6903        20
1530  6839         0    4       6939         5
1531  6843         8    4       6913        20
1532  6852         2    8       6982        10
1533  6856        13    5       6926        20
1534  6857        15    5       6927        20
1535  6861        13    2       6961         5
1536  6868        15    6       6938        20
1537  6870         7    7       6940        20
1538  6877         4    1       6947        20
1539  6884         8    9       6984         5
1540  6886        14    2       6986         5
1541  6892        15    1       6962        20
1542  6892         5    3       6962        20
1543  6900         9    5       6970        20
1544  6905         3    2       6975        20
1545  6913        13    6       6983        20
1546  6922        14    1       7022         5
1547  6922        10    7       6992        20
1548  6923         7    6       7053        10
1549  6932         3    5       7002        20
1550  6932         6    7       7032         5
1551  6933        11    6       7003        20
1552  6933         4    2       7003        20
1553  6937        13    9       7067        10
1554  6937         3    6       7067        10
1555  6944         0    2       7014        20
1556  6950         5    6       7020        20
1557  6958         9    0       7058         5
1558  6958         1    6       7028        20
1559  6962         8    7       7032        20
1560  6969         7    2       7069         5
1561  6969         8    1       7039        20
1562  6972         1    0       7072         5
1563  6981         1    2       7051        20
1564  6990         4    4       7060        20
1565  6990         5    0       7120        10
1566  6999        14    5       7129        10
1567  7004        10    7       7074        20
1568  7005         2    8       7075        20
1569  7006         5    9       7076        20
1570  7011         5    2       7141        10
1571  7014        10    3       7084        20
1572  7017         6    8       7147        10
1573  7024        15    2       7094        20
1574  7029         5    1       7099        20
1575  7032        14    7       7102        20
1576  7036        14    3       7106        20
1577  7036        13    0       7106        20
1578  7040         5    5       7140         5
1579  7046         8    4       7116        20
1580  7050        15    2       7120        20
1581  7053         3    2       7123        20
1582  7057         5    2       7187        10
1583  7064         5    7       7134        20
1584  7065        12    7       7135        20
1585  7073         0    5       7143        20
1586  7076         7    0       7146        20
1587  7079        15    2       7149        20
1588  7083         8    8       7153        20
1589  7089         2    6       7159        20
1590  7093        15    0       7193         5
1591  7101         4    0       7171        20
1592  7106        13    3       7176        20
1593  7108        14    4       7178        20
1594  7115         8    1       7245        10
1595  7124         6    7       7224         5
1596  7129        13    5       7199        20
1597  7129        15    0       7199        20
1598  7129         8    9       7259        10
1599  7133         5    0       7203        20
1600  7135         8    6       7205        20
1601  7143        14    0       7243         5
1602  7147         6    2       7217        20
1603  7148         8    4       7218        20
1604  7149        14    9       7249         5
1605  7150         3    1       7220        20
1606  7159        10    5       7259         5
1607  7161         3    0       7231        20
1608  7166         7    9       7236        20
1609  7173        11    6       7273         5
1610  7174         6    5       7244        20
1611  7178         5    3       7248        20
1612  7180         2    0       7310        10
1613  7184        10    6       7254        20
1614  7189         3    7       7259        20
1615  7195         1    1       7265        20
1616  7204        10    6       7274        20
1617  7209         1    7       7279        20
1618  7218        15    2       7288        20
1619  7218        15    0       7288        20
1620  7221        15    3       7291        20
1621  7227         3    0       7357        10
1622  7234         5    1       7304        20
1623  7239         3    4       7309        20
1624  7246         3    3       7376        10
1625  7251         4    1       7321        20
1626  7256        12    3       7326        20
1627  7265        14    9       7335        20
1628  7267         3    2       7397        10
1629  7267         3    6       7337        20
1630  7275         5    2       7345        20
1631  7279         3    8       7349        20
1632  7285         9    5       7355        20
1633  7292        10    2       7362        20
1634  7296        14    9       7366        20
1635  7303        12    3       7373        20
1636  7308        15    0       7378        20
1637  7312         3    0       7382        20
1638  7315        12    0       7415         5
1639  7315        14    6       7385        20
1640  7318         6    0       7388        20
1641  7323        13    0       7423         5
1642  7326         8    0       7426         5
1643  7328        10    8       7458        10
1644  7334         7    3       7404        20
1645  7340        14    5       7410        20
1646  7343         9    0       7443         5
1647  7343         5    9       7413        20
1648  7351         8    1       7421        20
1649  7355        10    5       7455         5
1650  7356         2    1       7486        10
1651  7361         9    4       7431        20
1652  7370         3    4       7440        20
1653  7374         4    2       7444        20
1654  7376        12    4       7446        20
1655  7377        12    5       7507        10
1656  7381         3    6       7451        20
1657  7382         4    1       7452        20
1658  7385         7    1       7515        10
1659  7385         2    1       7455        20
1660  7392         0    4       7462        20
1661  7392        10    7       7462        20
1662  7399        12    6       7499         5
1663  7407        14    1       7507         5
1664  7412        13    7       7482        20
1665  7415         1    4       7485        20
1666  7416         6    9       7486        20
1667  7423        14    0       7523         5
1668  7425         0    7       7495        20
1669  7431         7    4       7501        20
1670  7434         3    5       7564        10
1671  7439         7    8       7509        20
1672  7444         1    5       7514        20
1673  7444        12    5       7514        20
1674  7446         5    8       7516        20
1675  7449        14    6       7519        20
1676  7454         6    7       7524        20
1677  7461         8    3       7531        20
1678  7463        13    4       7563         5
1679  7469         9    0       7599        10
1680  7474        13    0       7544        20
1681  7480         2    9       7550        20
1682  7483         9    7       7583         5
1683  7485         5    1       7555        20
1684  7486        11    6       7556        20
1685  7489        13    0       7589         5
1686  7490        12    7       7560        20
1687  7491         8    7       7561        20
1688  7496         5    8       7566        20
1689  7500         5    6       7630        10
1690  7503        15    1       7573        20
1691  7511         9    1       7611         5
1692  7519        12    7       7589        20
1693  7522        10    4       7592        20
1694  7530         7    9       7600        20
1695  7535        14    8       7605        20
1696  7541        13    0       7611        20
1697  7549        12    7       7619        20
1698  7550         7    3       7620        20
1699  7553         6    5       7653         5
1700  7558         9    1       7628        20
1701  7558         7    8       7628        20
1702  7559         6    4       7629        20
1703  7566         8    3       7636        20
1704  7573         2    9       7643        20
1705  7581         0    3       7651        20
1706  7586         3    5       7656        20
1707  7587        10    3       7657        20
1708  7591         7    8       7721        10
1709  7592         1    0       7662        20
1710  7593         7    5       7663        20
1711  7599         6    0       7669        20
1712  7600         2    6       7670        20
1713  7601         1    4       7671        20
1714  7604        12    3       7674        20
1715  7608        10    7       7678        20
1716  7612        15    9       7682        20
1717  7614         7    7       7744        10
1718  7614        13    8       7684        20
1719  7616        15    5       7686        20
1720  7616        15    5       7686        20
1721  7622        15    1       7692        20
1722  7628        13    1       7698        20
1723  7634        12    9       7704        20
1724  7640        13    9       7710        20
1725  7646        13    3       7716        20
1726  7647        12    3       7777        10
1727  7655        10    2       7785        10
1728  7655         1    3       7785        10
1729  7658         1    0       7728        20
1730  7663         6    8       7733        20
1731  7669        11    4       7739        20
1732  7671         2    6       7771         5
1733  7679        12    9       7809        10
1734  7680        14    2       7780         5
1735  7681         6    7       7751        20
1736  7682         1    8       7752        20
1737  7684         2    3       7754        20
1738  7688        11    4       7758        20
1739  7696         6    1       7796         5
1740  7700         3    0       7770        20
1741  7709        15    0       7779        20
1742  7709         1    3       7779        20
1743  7711         4    9       7811         5
1744  7711        14    7       7841        10
1745  7711        14    4       7781        20
1746  7716         3    0       7786        20
1747  7718         1    2       7788        20
1748  7727         8    5       7797        20
1749  7732         8    5       7832         5
1750  7738         6    8       7838         5
1751  7743         8    3       7813        20
1752  7745        11    0       7845         5
1753  7752        10    6       7822        20
1754  7760         9    5       7830        20
1755  7764         2    7       7834        20
1756  7768        13    9       7838        20
1757  7771         9    5       7841        20
1758  7771         4    4       7841        20
1759  7780        11    1       7850        20
1760  7784        15    0       7854        20
1761  7784         9    8       7854        20
1762  7790        14    7       7860        20
1763  7797         5    3       7867        20
1764  7799         4    4       7869        20
1765  7808        12    4       7878        20
1766  7810         3    4       7880        20
1767  7815        12    1       7915         5
1768  7821         4    4       7921         5
1769  7824         8    2       7894        20
1770  7833         5    0       7903        20
1771  7834         9    4       7904        20
1772  7841         1    5       7911        20
1773  7848        12    8       7918        20
1774  7849         1    0       7949         5
1775  7858        10    9       7928        20
1776  7866         9    1       7936        20
1777  7875         3    2       7945        20
1778  7878         5    8       7948        20
1779  7883         1    5       7953        20
1780  7891        12    0       7991         5
1781  7892         9    1       7962        20
1782  7895         1    4       7965        20
1783  7902        11    2       7972        20
1784  7904         0    0       7974        20
1785  7912        14    4       7982        20
1786  7912        11    0       7982        20
1787  7917         4    9       8017         5
1788  7921         3    1       7991        20
1789  7928         8    9       8058        10
1790  7931         7    6       8001        20
1791  7936         9    1       8006        20
1792  7936         1    7       8006        20
1793  7937        13    5       8007        20
1794  7938         6    3       8008        20
1795  7939        13    4       8039         5
1796  7945         6    0       8015        20
1797  7950         1    8       8020        20
1798  7953        13    0       8083        10
1799  7953        15    9       8023        20
1800  7960         5    7       8090        10
1801  7967        11    9       8037        20
1802  7972         9    6       8042        20
1803  7974        12    9       8074         5
1804  7981         9    1       8051        20
1805  7983        15    1       8053        20
1806  7992         1    5       8122        10
1807  7996         1    0       8066        20
1808  7999        12    0       8069        20
1809  8003         7    9       8073        20
1810  8007        12    1       8077        20
1811  8007         3    6       8107         5
1812  8012         6    8       8082        20
1813  8020         3    6       8090        20
1814  8029         4    9       8099        20
1815  8037         1    2       8137         5
1816  8045         7    5       8115        20
1817  8052         3    7       8152         5
1818  8054        11    6       8124        20
1819  8055         9    4       8125        20
1820  8061         8    7       8131        20
1821  8063         1    0       8133        20
1822  8070        12    7       8140        20
1823  8078        11    3       8148        20
1824  8079        14    9       8149        20
1825  8079         3    4       8149        20
1826  8082         5    0       8182         5
1827  8088        11    7       8158        20
1828  8094         0    8       8164        20
1829  8097         1    8       8167        20
1830  8105         3    9       8205         5
1831  8106        10    1       8236        10
1832  8109        11    2       8179        20
1833  8112         4    9       8182        20
1834  8114        14    9       8184        20
1835  8120         6    8       8190        20
1836  8129         4    4       8199        20
1837  8134        15    0       8204        20
1838  8139         7    8       8209        20
1839  8142         0    8       8242         5
1840  8149        13    9       8219        20
1841  8151         2    0       8221        20
1842  8158        14    2       8228        20
1843  8162        14    6       8262         5
1844  8168        11    1       8268         5
1845  8174        12    2       8244        20
1846  8183         8    6       8253        20
1847  8185         2    0       8255        20
1848  8193         7    1       8263        20
1849  8197         1    8       8267        20
1850  8197         0    5       8327        10
1851  8198        10    6       8268        20
1852  8202         3    0       8332        10
1853  8210        12    9       8280        20
1854  8219        13    9       8289        20
1855  8221         9    8       8321         5
1856  8223        14    8       8293        20
1857  8232         5    6       8362        10
1858  8233         4    6       8303        20
1859  8238         6    9       8308        20
1860  8241        11    8       8311        20
1861  8250         6    2       8380        10
1862  8251        15    2       8321        20
1863  8252         3    3       8322        20
1864  8258        15    9       8328        20
1865  8261        10    0       8331        20
1866  8269        13    1       8339        20
1867  8270         0    8       8370         5
1868  8272         9    2       8402        10
1869  8272         6    3       8342        20
1870  8281        11    4       8351        20
1871  8284         0    5       8354        20
1872  8291         6    3       8361        20
1873  8300        13    2       8430        10
1874  8305         4    0       8375        20
1875  8306        11    3       8376        20
1876  8313         5    5       8413         5
1877  8322        14    7       8452        10
1878  8329         5    1       8399        20
1879  8334         5    6       8404        20
1880  8341         8    2       8411        20
1881  8346         0    6       8446         5
1882  8355         3    2       8455         5
1883  8355        15    2       8425        20
1884  8360        12    8       8430        20
1885  8367         0    8       8497        10
1886  8368         0    2       8438        20
1887  8370        12    6       8470         5
1888  8377        10    9       8477         5
1889  8380        10    6       8450        20
1890  8384        11    2       8454        20
1891  8387         7    2       8517        10
1892  8392        14    2       8462        20
1893  8397         6    1       8467        20
1894  8399         7    5       8469        20
1895  8406         2    7       8476        20
1896  8406         8    6       8476        20
1897  8411         4    9       8511         5
1898  8411        14    0       8481        20
1899  8411         1    8       8481        20
1900  8415         0    7       8485        20
1901  8418        11    1       8488        20
1902  8425         7    8       8525         5
1903  8433         8    8       8533         5
1904  8441        15    5       8511        20
1905  8447        14    3       8517        20
1906  8451         6    4       8581        10
1907  8453         2    6       8583        10
1908  8453        11    3       8583        10
1909  8460        15    3       8530        20
1910  8460         2    0       8530        20
1911  8466         3    6       8536        20
1912  8470         2    5       8540        20
1913  8478         8    6       8578         5
1914  8479        12    8       8549        20
1915  8483        15    4       8553        20
1916  8488        11    7       8558        20
1917  8495         7    8       8565        20
1918  8498        14    9       8568        20
1919  8503        12    6       8573        20
1920  8511         9    0       8581        20
1921  8511         9    8       8581        20
1922  8512         2    9       8582        20
1923  8517         5    0       8587        20
1924  8525         1    5       8595        20
1925  8527        11    3       8597        20
1926  8530         4    5       8600        20
1927  8539         0    1       8609        20
1928  8546        14    0       8616        20
1929  8553        12    9       8683        10
1930  8554         9    1       8624        20
1931  8557         2    4       8657         5
1932  8565         2    7       8635        20
1933  8572         6    1       8702        10
1934  8577         2    9       8647        20
1935  8586         1    1       8686         5
1936  8594        15    6       8664        20
1937  8603        14    6       8673        20
1938  8605        11    0       8675        20
1939  8606        10    3       8676        20
1940  8610         6    2       8680        20
1941  8612         9    0       8682        20
1942  8620         9    4       8690        20
1943  8629         3    7       8699        20
1944  8635        14    8       8705        20
1945  8642         1    9       8712        20
1946  8650         3    5       8720        20
1947  8656         3    7       8786        10
1948  8656         9    2       8726        20
1949  8656         8    3       8786        10
1950  8658        15    3       8728        20
1951  8665         0    8       8735        20
1952  8671         4    7       8801        10
1953  8674        12    2       8744        20
1954  8675         0    0       8745        20
1955  8681         9    3       8781         5
1956  8690        13    4       8820        10
1957  8693        12    8       8763        20
1958  8700        14    7       8800         5
1959  8702         5    5       8832        10
1960  8711         9    2       8781        20
1961  8718         9    1       8788        20
1962  8722         6    1       8852        10
1963  8722        11    5       8792        20
1964  8731         6    3       8831         5
1965  8736        15    2       8836         5
1966  8738         3    1       8868        10
1967  8746         2    2       8816        20
1968  8749        14    5       8819        20
1969  8750         5    7       8880        10
1970  8752        13    6       8822        20
1971  8753        11    6       8823        20
1972  8761        12    5       8831        20
1973  8761         3    3       8831        20
1974  8764         0    8       8864         5
1975  8764        14    3       8834        20
1976  8766         3    7       8836        20
1977  8774         4    5       8844        20
1978  8779         0    2       8849        20
1979  8779         2    3       8849        20
1980  8788        13    7       8858        20
1981  8788        11    8       8858        20
1982  8788        11    3       8858        20
1983  8794         1    8       8864        20
1984  8796         1    5       8926        10
1985  8805        10    2       8875        20
1986  8811        14    1       8881        20
1987  8819        10    3       8889        20
1988  8827         9    1       8897        20
1989  8835         0    3       8935         5
1990  8844        12    5       8914        20
1991  8844         8    1       8914        20
1992  8844         2    8       8914        20
1993  8848         3    2       8918        20
1994  8856        13    2       8926        20
1995  8861         3    0       8931        20
1996  8870         4    8       8940        20
1997  8871        14    5       8941        20
1998  8875         3    4       8945        20
1999  8877         5    3       8977         5
2000  8879         4    7       8949        20
2001  8879        12    6       8949        20
2002  8885         2    6       8955        20
2003  8889        14    5       8989         5
2004  8892         7    0       8962        20
2005  8898         5    7       9028        10
2006  8902         0    8       8972        20
2007  8907        12    7       8977        20
2008  8907        10    3       8977        20
2009  8908         7    5       9008         5
2010  8910        10    8       8980        20
2011  8911         5    2       8981        20
2012  8920         0    7       8990        20
2013  8926         8    3       8996        20
2014  8931         9    3       9001        20
2015  8940         6    0       9010        20
2016  8941        10    6       9011        20
2017  8949        11    4       9019        20
2018  8953         5    8       9023        20
2019  8953         1    8       9053         5
2020  8962        13    8       9032        20
2021  8968         1    3       9068         5
2022  8973         8    7       9073         5
2023  8979         2    3       9079         5
2024  8982         0    4       9082         5
2025  8990         2    3       9060        20
2026  8990         5    6       9060        20
2027  8994         2    2       9064        20
2028  9003         5    0       9073        20
2029  9009        11    8       9079        20
2030  9010        10    6       9110         5
2031  9018        15    8       9118         5
2032  9026        10    5       9096        20
2033  9026         9    8       9096        20
2034  9028         3    4       9128         5
2035  9031        11    0       9101        20
2036  9038        15    7       9108        20
2037  9038         7    2       9108        20
2038  9045         1    9       9175        10
2039  9048         4    5       9178        10
2040  9056        10    1       9126        20
2041  9060         3    5       9160         5
2042  9069        10    9       9139        20
2043  9072         3    7       9142        20
2044  9078         8    6       9148        20
2045  9082         8    3       9152        20
2046  9084         2    5       9184         5
2047  9086         8    4       9216        10
2048  9087         7    2       9157        20
2049  9093         7    5       9223        10
2050  9096        11    3       9166        20
2051  9098         6    0       9168        20
2052  9098         2    9       9228        10
2053  9099         6    5       9169        20
2054  9100         8    0       9200         5
2055  9104        10    8       9174        20
2056  9109        11    9       9179        20
2057  9109        14    7       9209         5
2058  9116         7    6       9216         5
2059  9116         1    6       9216         5
2060  9124        15    7       9194        20
2061  9124        14    6       9224         5
2062  9132         0    9       9202        20
2063  9135        10    7       9205        20
2064  9138         7    4       9208        20
2065  9147         6    4       9217        20
2066  9156         8    2       9226        20
2067  9159        10    0       9229        20
2068  9164        10    3       9234        20
2069  9167         1    3       9237        20
2070  9173        11    0       9243        20
2071  9177        14    8       9247        20
2072  9184        11    5       9284         5
2073  9188         1    8       9288         5
2074  9189         8    7       9259        20
2075  9196         5    2       9266        20
2076  9196        15    6       9266        20
2077  9196         1    1       9266        20
2078  9197        14    4       9297         5
2079  9201        15    2       9271        20
2080  9210        14    0       9280        20
2081  9211         6    1       9281        20
2082  9213         8    4       9283        20
2083  9214         0    3       9314         5
2084  9216        14    7       9286        20
2085  9217         7    0       9287        20
2086  9223         5    9       9353        10
2087  9230         9    8       9300        20
2088  9233        12    7       9303        20
2089  9242        15    5       9342         5
2090  9250        11    4       9350         5
2091  9254         8    4       9324        20
2092  9260        13    2       9330        20
2093  9263         0    5       9333        20
2094  9264        12    1       9334        20
2095  9272        14    8       9342        20
2096  9274         3    0       9344        20
2097  9277         9    5       9377         5
2098  9286         9    0       9356        20
2099  9288         1    0       9358        20
2100  9289         3    5       9359        20
2101  9297        11    2       9367        20
2102  9299         5    5       9369        20
2103  9308         3    4       9378        20
2104  9312         5    7       9382        20
2105  9317         8    4       9387        20
2106  9323        12    3       9423         5
2107  9323         3    0       9393        20
2108  9323        13    0       9393        20
2109  9327        12    8       9397        20
2110  9327         5    3       9427         5
2111  9334         2    8       9434         5
2112  9338         9    6       9408        20
2113  9345         0    5       9415        20
2114  9349         6    7       9419        20
2115  9358         8    8       9428        20
2116  9360        12    1       9430        20
2117  9368        12    0       9438        20
2118  9376         7    5       9476         5
2119  9384         6    9       9514        10
2120  9385        10    2       9455        20
2121  9386        13    6       9456        20
2122  9394         9    2       9464        20
2123  9402        15    5       9502         5
2124  9408         4    9       9478        20
2125  9411         7    5       9541        10
2126  9416         7    2       9486        20
2127  9421         2    6       9491        20
2128  9427         6    3       9497        20
2129  9432        12    6       9502        20
2130  9439        13    6       9509        20
2131  9446        11    0       9516        20
2132  9448        15    4       9518        20
2133  9451        13    1       9581        10
2134  9457         8    5       9527        20
2135  9459        11    1       9589        10
2136  9468         1    5       9538        20
2137  9473        15    0       9603        10
2138  9474        14    7       9544        20
2139  9480         4    5       9550        20
2140  9483         8    2       9553        20
2141  9487         1    7       9557        20
2142  9489        15    3       9559        20
2143  9490         9    5       9560        20
2144  9494        15    4       9594         5
2145  9495        13    5       9565        20
2146  9504        11    6       9574        20
2147  9507         5    7       9637        10
2148  9515         1    7       9585        20
2149  9517        13    1       9617         5
2150  9526         6    0       9596        20
2151  9535        10    9       9605        20
2152  9539        13    6       9669        10
2153  9542         0    4       9642         5
2154  9545         9    2       9615        20
2155  9550        12    5       9620        20
2156  9559        14    6       9629        20
2157  9567        12    1       9637        20
2158  9567        10    6       9637        20
2159  9572        15    3       9672         5
2160  9574         9    6       9674         5
2161  9579         5    9       9649        20
2162  9584        14    2       9684         5
2163  9590        14    1       9690         5
2164  9597         7    3       9667        20
2165  9603        15    4       9673        20
2166  9609        12    5       9679        20
2167  9617        13    1       9687        20
2168  9620         6    7       9690        20
2169  9622         0    5       9752        10
2170  9622         6    7       9692        20
2171  9626         1    8       9726         5
2172  9626        10    7       9696        20
2173  9634         9    2       9704        20
2174  9635         4    3       9765        10
2175  9636        13    5       9706        20
2176  9636         9    5       9706        20
2177  9639         5    7       9709        20
2178  9644         1    9       9744         5
2179  9646         0    7       9716        20
2180  9646         7    9       9716        20
2181  9655         2    9       9755         5
2182  9655         9    6       9755         5
2183  9662        13    6       9732        20
2184  9668        14    4       9768         5
2185  9672         0    8       9742        20
2186  9673         2    1       9803        10
2187  9674        10    8       9774         5
2188  9681         2    5       9751        20
2189  9687         8    8       9757        20
2190  9689        11    7       9819        10
2191  9691        13    8       9761        20
2192  9699         4    5       9829        10
2193  9703        14    2       9773        20
2194  9712         2    9       9782        20
2195  9716         3    1       9786        20
2196  9724         4    7       9794        20
2197  9732         9    4       9802        20
2198  9738         9    5       9868        10
2199  9740         2    8       9810        20
2200  9747        12    9       9847         5
2201  9755         2    3       9855         5
2202  9764        11    7       9864         5
2203  9766         1    1       9836        20
2204  9774        11    7       9844        20
2205  9776        10    4       9846        20
2206  9785        11    1       9855        20
2207  9787         6    7       9887         5
2208  9795        14    0       9865        20
2209  9796         1    2       9866        20
2210  9800        14    4       9870        20
2211  9804         0    1       9874        20
2212  9804         5    3       9904         5
2213  9813         4    7       9883        20
2214  9814        10    3       9884        20
2215  9822         6    5       9892        20
2216  9828         4    7       9898        20
2217  9835         5    9       9905        20
2218  9841        13    6       9911        20
2219  9849        15    2       9919        20
2220  9857         9    5       9927        20
2221  9858         1    5       9928        20
2222  9864         2    2       9994        10
2223  9869         3    8       9939        20
2224  9875        13    8       9945        20
2225  9879        14    2      10009        10
2226  9885         2    8       9955        20
2227  9886         1    2       9956        20
2228  9894        14    7       9994         5
2229  9896         3    5       9966        20
2230  9896         7    9       9966        20
2231  9897         2    5       9967        20
2232  9906        12    1       9976        20
2233  9912        13    5       9982        20
2234  9917         6    4       9987        20
2235  9920        13    0       9990        20
2236  9929         1    4      10029         5
2237  9932        14    5      10002        20
2238  9937        13    7      10007        20
2239  9941        12    4      10011        20
2240  9942         6    5      10012        20
2241  9950         7    3      10020        20
2242  9951        10    2      10021        20
2243  9955        14    5      10025        20
2244  9958         3    6      10028        20
2245  9964         9    2      10034        20
2246  9973        15    3      10043        20
2247  9974        14    9      10104        10
2248  9977         7    3      10077         5
2249  9980         8    6      10080         5
2250  9981         2    7      10081         5
2251  9983         3    9      10083         5
2252  9984         9    7      10054        20
2253  9993         1    9      10063        20
2254  9999         9    4      10069        20
2255  9999         9    7      10069        20
2256 10002        14    6      10102         5
2257 10002        13    1      10072        20
2258 10002         5    0      10072        20
2259 10004         0    8      10074        20
2260 10011        11    4      10081        20
2261 10017         6    2      10087        20
2262 10025        14    4      10095        20
2263 10031         4    2      10101        20
2264 10033        12    7      10103        20
2265 10036         8    5      10136         5
2266 10044        15    4      10114        20
2267 10051        12    9      10121        20
2268 10060         6    9      10130        20
2269 10060        11    9      10130        20
2270 10064         2    4      10134        20
2271 10073         5    0      10203        10
2272 10074        10    6      10144        20
2273 10080         0    0      10150        20
2274 10085        15    2      10155        20
2275 10093         1    7      10163        20
2276 10094        10    6      10224        10
2277 10103        10    3      10173        20
2278 10111         1    0      10181        20
2279 10117        12    4      10187        20
2280 10118         0    2      10218         5
2281 10120        15    6      10190        20
2282 10123         9    4      10223         5
2283 10124         0    3      10194        20
2284 10129        12    7      10199        20
2285 10132        14    2      10202        20
2286 10139         6    0      10239         5
2287 10147         9    7      10217        20
2288 10149        14    2      10219        20
2289 10155         3    6      10225        20
2290 10158         5    7      10228        20
2291 10164        10    1      10234        20
2292 10166         5    3      10236        20
2293 10171         8    9      10241        20
2294 10180         5    9      10280         5
2295 10188         0    0      10258        20
2296 10195         7    3      10265        20
2297 10200        13    2      10270        20
2298 10205        14    8      10275        20
2299 10214         7    0      10284        20
2300 10219         1    6      10349        10
2301 10222        11    5      10292        20
2302 10224         2    7      10294        20
2303 10230        12    7      10300        20
2304 10239         0    5      10339         5
2305 10246         5    5      10316        20
2306 10253         4    1      10353         5
2307 10260         2    4      10330        20
2308 10264         1    3      10364         5
2309 10272         0    3      10342        20
2310 10274         7    2      10344        20
2311 10278         9    9      10378         5
2312 10287         6    6      10357        20
2313 10288         4    0      10418        10
2314 10290        10    5      10390         5
2315 10290        11    6      10420        10
2316 10293        10    7      10363        20
2317 10300         2    4      10400         5
2318 10307         3    0      10377        20
2319 10315         8    8      10385        20
2320 10315         6    4      10385        20
2321 10317         8    2      10387        20
2322 10323         8    0      10393        20
2323 10329         5    9      10399        20
2324 10331         3    0      10401        20
2325 10332         2    9      10462        10
2326 10332         5    3      10402        20
2327 10340        15    1      10440         5
2328 10344         2    5      10444         5
2329 10351         3    6      10481        10
2330 10353        10    7      10423        20
2331 10357         5    4      10457         5
2332 10357        11    9      10427        20
2333 10366         5    8      10436        20
2334 10367         5    0      10437        20
2335 10374         7    2      10444        20
2336 10380         3    4      10480         5
2337 10383        12    9      10453        20
2338 10391         0    9      10461        20
2339 10394         9    9      10524        10
2340 10399         1    6      10469        20
2341 10405         1    2      10505         5
2342 10407        11    5      10477        20
2343 10407        12    2      10477        20
2344 10416         1    8      10486        20
2345 10418        13    7      10488        20
2346 10422        12    3      10492        20
2347 10427        14    2      10497        20
2348 10434         9    3      10504        20
2349 10435         4    2      10505        20
2350 10437         6    6      10507        20
2351 10439         0    8      10539         5
2352 10446        12    2      10516        20
2353 10454         4    2      10524        20
2354 10456         7    3      10556         5
2355 10461         9    5      10531        20
2356 10464        14    9      10564         5
2357 10464        13    5      10534        20
2358 10469         6    7      10539        20
2359 10471         9    2      10571         5
2360 10477         7    8      10547        20
2361 10478         2    0      10548        20
2362 10483        13    2      10553        20
2363 10492        15    5      10622        10
2364 10495        11    7      10595         5
2365 10501         0    9      10571        20
2366 10503         2    1      10633        10
2367 10506        14    8      10576        20
2368 10506         8    8      10606         5
2369 10515        15    6      10585        20
2370 10522        12    8      10592        20
2371 10529        13    8      10599        20
2372 10532         0    0      10602        20
2373 10534         7    2      10604        20
2374 10538         3    5      10608        20
2375 10545        14    7      10675        10
2376 10551        10    0      10621        20
2377 10556         4    1      10626        20
2378 10557         9    2      10627        20
2379 10564         1    8      10634        20
2380 10569         3    2      10639        20
2381 10578        12    8      10648        20
2382 10583         7    1      10653        20
2383 10590         9    8      10720        10
2384 10597        10    8      10667        20
2385 10604        15    3      10674        20
2386 10608        10    8      10738        10
2387 10609        15    5      10679        20
2388 10617        13    8      10717         5
2389 10619        15    0      10689        20
2390 10625         0    7      10695        20
2391 10630         5    1      10700        20
2392 10635        13    5      10705        20
2393 10642         3    9      10712        20
2394 10651        13    9      10721        20
2395 10654        13    8      10724        20
2396 10662         9    4      10762         5
2397 10668         6    7      10738        20
2398 10669         2    9      10739        20
2399 10672        10    3      10742        20
2400 10678         9    8      10748        20
2401 10685         5    7      10815        10
2402 10688         0    7      10758        20
2403 10692         7    4      10762        20
2404 10692         8    3      10792         5
2405 10694         8    2      10794         5
2406 10698         9    8      10768        20
2407 10700         7    8      10770        20
2408 10709         7    0      10779        20
2409 10711         0    5      10781        20
2410 10715         7    8      10815         5
2411 10720        12    6      10790        20
2412 10727         0    1      10797        20
2413 10728         2    9      10828         5
2414 10730         0    2      10800        20
2415 10733        11    0      10803        20
2416 10733         8    6      10803        20
2417 10740         1    9      10870        10
2418 10746         9    7      10816        20
2419 10753        14    8      10853         5
2420 10761         8    6      10831        20
2421 10770         2    1      10840        20
2422 10774        11    9      10844        20
2423 10776        12    8      10876         5
2424 10782        13    4      10882         5
2425 10785        12    4      10855        20
2426 10785         3    8      10855        20
2427 10792         6    7      10862        20
2428 10793        13    0      10893         5
2429 10802        14    8      10872        20
2430 10806        13    6      10876        20
2431 10814         3    2      10884        20
2432 10815        13    4      10915         5
2433 10824         5    9      10894        20
2434 10829         4    7      10899        20
2435 10834        14    1      10904        20
2436 10840         0    3      10910        20
2437 10848        14    4      10918        20
2438 10857         3    4      10987        10
2439 10861        14    3      10931        20
2440 10863         2    3      10933        20
2441 10870         8    7      10970         5
2442 10873        15    8      10943        20
2443 10878         6    2      10948        20
2444 10887         6    0      10957        20
2445 10890        13    4      10990         5
2446 10895         8    5      10965        20
2447 10898        13    4      10968        20
2448 10904        13    7      10974        20
2449 10909         2    5      10979        20
2450 10915        12    7      10985        20
2451 10922        15    5      11052        10
2452 10925         7    1      10995        20
2453 10928        13    5      10998        20
2454 10935        14    6      11065        10
2455 10939         5    3      11039         5
2456 10945        14    5      11015        20
2457 10946         6    2      11016        20
2458 10950         7    5      11020        20
2459 10950         3    7      11080        10
2460 10952         0    4      11022        20
2461 10956         0    2      11026        20
2462 10963        11    8      11033        20
2463 10964         0    5      11034        20
2464 10964        12    2      11034        20
2465 10968         9    9      11038        20
2466 10970        15    8      11040        20
2467 10975        11    7      11105        10
2468 10979         1    6      11049        20
2469 10980         0    9      11050        20
2470 10988         9    5      11058        20
2471 10990        11    0      11060        20
2472 10996         3    0      11066        20
2473 10998         6    5      11068        20
2474 11002         8    7      11132        10
2475 11005         7    4      11075        20
2476 11008        15    7      11108         5
2477 11015         7    4      11085        20
2478 11024         6    9      11094        20
2479 11027         7    1      11097        20
2480 11036         1    8      11106        20
2481 11036        11    3      11106        20
2482 11044        10    6      11114        20
2483 11053        10    6      11123        20
2484 11055         3    5      11125        20
2485 11055         8    3      11125        20
2486 11056         2    7      11156         5
2487 11058         9    7      11128        20
2488 11061         8    9      11131        20
2489 11068         9    7      11168         5
2490 11070         1    0      11200        10
2491 11070        11    6      11140        20
2492 11075         9    4      11145        20
2493 11082         4    9      11152        20
2494 11089         4    7      11189         5
2495 11095        10    6      11165        20
2496 11096        15    7      11166        20
2497 11096         8    6      11166        20
2498 11096        11    5      11196         5
2499 11101         6    8      11171        20
2500 11109         2    1      11179        20
2501 11110         5    6      11180        20
2502 11112         5    2      11212         5
2503 11118         7    8      11188        20
2504 11126         1    1      11226         5
2505 11127         1    4      11227         5
2506 11129        12    1      11199        20
2507 11134         8    2      11204        20
2508 11143         2    6      11243         5
2509 11151         7    8      11251         5
2510 11157         3    7      11227        20
2511 11161         2    3      11291        10
2512 11162        12    5      11232        20
2513 11168         2    2      11238        20
2514 11170        13    2      11300        10
2515 11174         6    9      11244        20
2516 11177         3    1      11247        20
2517 11178        10    1      11248        20
2518 11185        15    8      11315        10
2519 11190         0    8      11260        20
2520 11198         3    2      11298         5
2521 11205        14    6      11335        10
2522 11214         8    1      11284        20
2523 11222         7    2      11292        20
2524 11230         0    5      11300        20
2525 11237         2    0      11307        20
2526 11245         0    8      11345         5
2527 11247         8    5      11317        20
2528 11247        13    1      11347         5
2529 11256        10    0      11326        20
2530 11265        14    3      11395        10
2531 11265         6    8      11335        20
2532 11265        11    3      11335        20
2533 11266         7    8      11336        20
2534 11273        14    6      11343        20
2535 11282        10    9      11382         5
2536 11290         4    8      11360        20
2537 11290         1    9      11360        20
2538 11298         1    6      11398         5
2539 11303         1    8      11373        20
2540 11308         8    4      11378        20
2541 11312         6    0      11412         5
2542 11320         7    3      11390        20
2543 11325         6    8      11395        20
2544 11325         7    4      11395        20
2545 11326         1    2      11396        20
2546 11327        11    6      11397        20
2547 11334        12    1      11404        20
2548 11335        15    8      11405        20
2549 11335        13    6      11435         5
2550 11342        13    2      11412        20
2551 11342         1    5      11412        20
2552 11349         8    4      11449         5
2553 11349        11    5      11419        20
2554 11349         5    1      11419        20
2555 11350        14    8      11420        20
2556 11351        14    1      11421        20
2557 11359         2    1      11459         5
2558 11363         6    8      11463         5
2559 11364         3    6      11434        20
2560 11372        14    6      11442        20
2561 11377         7    2      11477         5
2562 11380         1    0      11480         5
2563 11382         3    9      11482         5
2564 11382         5    9      11482         5
2565 11383        13    4      11453        20
2566 11392        11    7      11462        20
2567 11398        12    2      11468        20
2568 11401         4    0      11471        20
2569 11407        14    7      11477        20
2570 11413         1    1      11483        20
2571 11413         9    8      11483        20
2572 11416         8    1      11486        20
2573 11424        10    5      11554        10
2574 11432        10    0      11502        20
2575 11435        10    0      11505        20
2576 11439         9    4      11569        10
2577 11448        14    8      11518        20
2578 11455        13    7      11525        20
2579 11458         3    9      11528        20
2580 11459         0    4      11529        20
2581 11467         8    6      11567         5
2582 11470         4    0      11540        20
2583 11478         4    9      11548        20
2584 11479        14    5      11549        20
2585 11481        10    0      11551        20
2586 11484         0    5      11554        20
2587 11490         9    8      11560        20
2588 11490        10    2      11560        20
2589 11499        13    6      11599         5
2590 11508        15    5      11638        10
2591 11514         3    5      11614         5
2592 11522        11    9      11592        20
2593 11530         7    4      11660        10
2594 11535        11    3      11605        20
2595 11537         6    0      11607        20
2596 11542         7    6      11612        20
2597 11550        15    1      11620        20
2598 11552         5    0      11622        20
2599 11554         3    0      11624        20
2600 11558        10    5      11628        20
2601 11567         0    7      11637        20
2602 11567         2    4      11667         5
2603 11570         9    7      11640        20
2604 11576        10    9      11676         5
2605 11582        12    7      11682         5
2606 11586         3    7      11656        20
2607 11587         7    8      11687         5
2608 11591        10    7      11721        10
2609 11593         3    7      11663        20
2610 11593        10    5      11663        20
2611 11600         4    1      11700         5
2612 11601        13    3      11701         5
2613 11609         3    3      11739        10
2614 11617        11    4      11717         5
2615 11625         2    8      11695        20
2616 11632        13    0      11702        20
2617 11640         1    0      11710        20
2618 11640         1    4      11770        10
2619 11646         0    7      11716        20
2620 11649        13    5      11719        20
2621 11655         9    3      11725        20
2622 11664         3    0      11734        20
2623 11671        15    5      11801        10
2624 11673        11    5      11803        10
2625 11674         2    3      11744        20
2626 11682         6    1      11752        20
2627 11687         7    5      11757        20
2628 11691         9    6      11761        20
2629 11699         5    4      11799         5
2630 11705         4    6      11775        20
2631 11711        10    3      11781        20
2632 11716        13    3      11846        10
2633 11719        15    3      11789        20
2634 11728        12    9      11828         5
2635 11734         8    4      11804        20
2636 11735         7    1      11835         5
2637 11740         4    7      11810        20
2638 11749        11    4      11819        20
2639 11754         4    6      11824        20
2640 11757         2    9      11827        20
2641 11762         6    1      11832        20
2642 11770        12    9      11840        20
2643 11771         7    6      11841        20
2644 11775        14    0      11845        20
2645 11779         6    8      11849        20
2646 11786        12    7      11856        20
2647 11794         3    6      11864        20
2648 11801        14    4      11901         5
2649 11804        10    0      11874        20
2650 11813         0    0      11943        10
2651 11821        10    5      11891        20
2652 11824        13    6      11894        20
2653 11827        15    7      11897        20
2654 11828        10    8      11898        20
2655 11835         0    6      11905        20
2656 11842         6    1      11912        20
2657 11847         0    7      11917        20
2658 11851         8    0      11921        20
2659 11859        13    1      11929        20
2660 11864         3    3      11934        20
2661 11865         7    5      11965         5
2662 11873        15    5      11943        20
2663 11876         7    1      11946        20
2664 11880         5    6      11950        20
2665 11882         3    8      11952        20
2666 11885         9    6      11955        20
2667 11891        15    7      12021        10
2668 11892         5    7      11962        20
2669 11896        11    3      11966        20
2670 11901        11    8      11971        20
2671 11907        10    2      12007         5
2672 11913        10    5      11983        20
2673 11918         1    1      11988        20
2674 11924         9    1      11994        20
2675 11933         3    4      12003        20
2676 11939        12    3      12039         5
2677 11943         9    2      12013        20
2678 11949        13    4      12019        20
2679 11956        14    1      12056         5
2680 11964         8    9      12034        20
2681 11965        12    2      12035        20
2682 11969         4    2      12039        20
2683 11978         0    7      12048        20
2684 11981         4    2      12051        20
2685 11983         8    2      12083         5
2686 11989        11    1      12089         5
2687 11998        13    3      12068        20
2688 12000         5    6      12070        20
2689 12002         9    1      12102         5
2690 12005        11    7      12105         5
2691 12005         1    5      12075        20
2692 12007        14    8      12077        20
2693 12010        14    5      12110         5
2694 12018         0    4      12088        20
2695 12026         2    8      12096        20
2696 12032        11    3      12102        20
2697 12036         4    7      12106        20
2698 12044        15    4      12114        20
2699 12045         5    3      12115        20
2700 12053        14    4      12123        20
2701 12056         7    4      12126        20
2702 12062         9    2      12192        10
2703 12070         0    5      12140        20
2704 12075        10    1      12145        20
2705 12075        11    7      12145        20
2706 12075        10    2      12175         5
2707 12084         0    7      12214        10
2708 12092        14    6      12162        20
2709 12097         5    5      12167        20
2710 12100         7    3      12170        20
2711 12106        12    1      12176        20
2712 12111         3    5      12181        20
2713 12117        14    6      12187        20
2714 12125         7    2      12195        20
2715 12133         9    1      12203        20
2716 12139         9    3      12209        20
2717 12142        10    7      12212        20
2718 12149         0    6      12219        20
2719 12155        14    7      12255         5
2720 12160        14    9      12290        10
2721 12169         6    4      12239        20
2722 12176         5    5      12246        20
2723 12178        10    7      12248        20
2724 12185         1    4      12255        20
2725 12192         0    3      12262        20
2726 12200        13    5      12270        20
2727 12201         4    0      12301         5
2728 12207         6    7      12337        10
2729 12216        11    2      12286        20
2730 12224         8    0      12324         5
2731 12233         3    2      12333         5
2732 12238        10    2      12308        20
2733 12245         2    3      12315        20
2734 12254        13    0      12354         5
2735 12262        15    3      12362         5
2736 12266         8    5      12336        20
2737 12269        12    6      12339        20
2738 12277         7    1      12347        20
2739 12285         8    1      12355        20
2740 12288        12    9      12358        20
2741 12290         0    9      12420        10
2742 12298         1    2      12368        20
2743 12306         5    5      12376        20
2744 12310         8    0      12380        20
2745 12319        10    7      12389        20
2746 12320        15    1      12450        10
2747 12329        14    9      12399        20
2748 12329         5    9      12399        20
2749 12338        15    6      12408        20
2750 12340        15    5      12410        20
2751 12349        13    2      12449         5
2752 12356        12    1      12426        20
2753 12356        13    9      12426        20
2754 12359        15    6      12429        20
2755 12360         1    5      12430        20
2756 12367         5    1      12437        20
2757 12370         6    4      12440        20
2758 12378        15    9      12448        20
2759 12383         5    2      12453        20
2760 12390        14    8      12490         5
2761 12399        14    1      12529        10
2762 12403        10    2      12473        20
2763 12405         1    6      12505         5
2764 12407         0    9      12477        20
2765 12411         2    6      12481        20
2766 12417         1    4      12487        20
2767 12423        15    4      12523         5
2768 12423        14    4      12523         5
2769 12429        11    6      12499        20
2770 12429         8    0      12499        20
2771 12433         0    6      12503        20
2772 12435        15    1      12505        20
2773 12440         3    3      12510        20
2774 12443         5    0      12513        20
2775 12443        15    8      12543         5
2776 12443        14    1      12513        20
2777 12444         7    8      12544         5
2778 12447         5    8      12517        20
2779 12456         6    7      12526        20
2780 12465        15    7      12565         5
2781 12471        13    4      12541        20
2782 12478         1    7      12578         5
2783 12484         0    6      12554        20
2784 12491         4    1      12591         5
2785 12494         8    9      12564        20
2786 12500         0    7      12570        20
2787 12503        14    7      12603         5
2788 12509         0    9      12609         5
2789 12509         8    7      12579        20
2790 12510        14    3      12580        20
2791 12515        12    6      12585        20
2792 12522        12    4      12592        20
2793 12523         7    3      12623         5
2794 12523        14    2      12623         5
2795 12527         6    1      12657        10
2796 12530         8    8      12600        20
2797 12532         1    6      12602        20
2798 12538        11    7      12668        10
2799 12543         7    2      12643         5
2800 12549         3    0      12619        20
2801 12554         2    2      12624        20
2802 12558         5    4      12658         5
2803 12561         2    6      12631        20
2804 12568        14    1      12638        20
2805 12573         7    7      12643        20
2806 12578         9    6      12678         5
2807 12582         5    8      12682         5
2808 12582        13    7      12652        20
2809 12586        13    9      12716        10
2810 12588         1    9      12688         5
2811 12592        10    5      12662        20
2812 12598        15    3      12668        20
2813 12604        14    8      12674        20
2814 12611        14    3      12681        20
2815 12615        15    9      12685        20
2816 12620         0    8      12750        10
2817 12622        13    0      12692        20
2818 12623         2    0      12693        20
2819 12632         8    5      12702        20
2820 12640        12    1      12710        20
2821 12640        15    5      12710        20
2822 12645         2    9      12745         5
2823 12653         2    7      12723        20
2824 12657         7    5      12787        10
2825 12658        12    7      12788        10
2826 12658        11    8      12728        20
2827 12662        11    4      12732        20
2828 12664        10    1      12764         5
2829 12666         5    1      12736        20
2830 12667         5    6      12767         5
2831 12671         0    3      12801        10
2832 12680         0    2      12750        20
2833 12680         8    1      12780         5
2834 12685         5    0      12755        20
2835 12686         6    7      12786         5
2836 12690         1    3      12820        10
2837 12690         2    4      12760        20
2838 12695         6    9      12825        10
2839 12703        13    6      12773        20
2840 12711        14    4      12811         5
2841 12714         4    1      12814         5
2842 12719        10    1      12849        10
2843 12721         1    8      12791        20
2844 12721        14    1      12791        20
2845 12723         9    3      12793        20
2846 12729        13    1      12799        20
2847 12735         3    3      12805        20
2848 12739         7    8      12839         5
2849 12742         6    1      12872        10
2850 12747        11    0      12817        20
2851 12756         7    2      12826        20
2852 12758         1    7      12888        10
2853 12760         1    5      12860         5
2854 12764         3    2      12834        20
2855 12767        15    7      12837        20
2856 12769         7    0      12869         5
2857 12775         7    5      12875         5
2858 12775        11    9      12845        20
2859 12775         7    3      12845        20
2860 12777        15    3      12847        20
2861 12783         8    8      12853        20
2862 12786         5    4      12886         5
2863 12795         1    0      12895         5
2864 12798        11    4      12868        20
2865 12801         5    0      12871        20
2866 12801         1    5      12871        20
2867 12807         4    7      12877        20
2868 12812         1    1      12942        10
2869 12820        14    3      12890        20
2870 12821         4    9      12921         5
2871 12824         0    0      12894        20
2872 12829         7    0      12899        20
2873 12831         4    2      12901        20
2874 12833        10    2      12903        20
2875 12839         5    2      12969        10
2876 12844         2    0      12914        20
2877 12850         5    2      12950         5
2878 12850         8    4      12920        20
2879 12857         4    1      12927        20
2880 12866         1    3      12936        20
2881 12872         9    6      12942        20
2882 12873         4    4      13003        10
2883 12882         5    6      12982         5
2884 12891         5    1      12961        20
2885 12891         8    5      12961        20
2886 12900         8    7      12970        20
2887 12901        10    5      12971        20
2888 12901         4    5      13001         5
2889 12901        14    5      13001         5
2890 12905         4    7      12975        20
2891 12907         3    1      12977        20
2892 12910        14    8      12980        20
2893 12916         1    1      12986        20
2894 12925         3    2      13025         5
2895 12934         3    8      13004        20
2896 12938        14    6      13068        10
2897 12941         2    4      13041         5
2898 12949         1    9      13019        20
2899 12952         3    9      13022        20
2900 12954         4    1      13024        20
2901 12961         1    3      13061         5
2902 12964        11    7      13034        20
2903 12973         5    0      13043        20
2904 12979         3    1      13079         5
2905 12982         5    6      13052        20
2906 12991         7    1      13061        20
2907 12998        11    5      13068        20
2908 13004         6    0      13074        20
2909 13011        12    2      13081        20
2910 13015         5    3      13085        20
2911 13024         9    0      13094        20
2912 13030         7    5      13100        20
2913 13035         0    1      13105        20
2914 13041         5    4      13141         5
2915 13049         7    4      13119        20
2916 13050         2    8      13120        20
2917 13056        10    8      13156         5
2918 13061        10    8      13131        20
2919 13070        11    1      13170         5
2920 13074         7    8      13144        20
2921 13074        11    8      13204        10
2922 13079        15    0      13209        10
2923 13083         6    5      13153        20
2924 13086        15    2      13186         5
2925 13088         8    7      13188         5
2926 13089         9    8      13159        20
2927 13091        13    7      13191         5
2928 13099         1    7      13169        20
2929 13101         5    1      13171        20
2930 13102        13    4      13202         5
2931 13102        11    3      13172        20
2932 13105         4    8      13205         5
2933 13108         5    3      13178        20
2934 13111         3    2      13181        20
2935 13118         5    0      13188        20
2936 13125         7    0      13195        20
2937 13133         0    1      13203        20
2938 13136        10    3      13206        20
2939 13143        13    6      13273        10
2940 13147        15    7      13247         5
2941 13155         5    8      13225        20
2942 13159        13    0      13229        20
2943 13159        10    4      13259         5
2944 13162         0    3      13232        20
2945 13163         1    7      13233        20
2946 13164         6    9      13234        20
2947 13169         8    6      13239        20
2948 13169         0    2      13239        20
2949 13170         1    2      13270         5
2950 13170         1    2      13240        20
2951 13174        11    8      13244        20
2952 13176         7    8      13246        20
2953 13184         5    6      13284         5
2954 13190         4    1      13260        20
2955 13195         9    9      13265        20
2956 13200        11    0      13330        10
2957 13204         5    3      13304         5
2958 13209        14    6      13279        20
2959 13212         8    2      13282        20
2960 13213        11    1      13313         5
2961 13216         7    8      13286        20
2962 13223        13    5      13323         5
2963 13227         5    5      13297        20
2964 13235         9    2      13305        20
2965 13235         0    8      13305        20
2966 13241         3    4      13311        20
2967 13243         7    8      13313        20
2968 13251        13    3      13381        10
2969 13256        11    6      13356         5
2970 13265        11    8      13335        20
2971 13268         3    1      13368         5
2972 13270         7    6      13340        20
2973 13277         8    4      13347        20
2974 13280         8    5      13350        20
2975 13288         1    6      13388         5
2976 13293         5    7      13363        20
2977 13297         6    5      13367        20
2978 13306        14    1      13406         5
2979 13310        13    7      13380        20
2980 13319         5    1      13389        20
2981 13321         4    3      13391        20
2982 13321         5    3      13391        20
2983 13330         2    6      13400        20
2984 13333        13    8      13403        20
2985 13340         3    8      13410        20
2986 13340        11    7      13410        20
2987 13346         4    3      13416        20
2988 13350         9    6      13420        20
2989 13359         0    2      13429        20
2990 13361         9    9      13431        20
2991 13367        12    7      13497        10
2992 13370         4    2      13440        20
2993 13379         0    9      13449        20
2994 13386         8    7      13516        10
2995 13394         9    3      13464        20
2996 13397        10    3      13467        20
2997 13401        12    1      13501         5
2998 13402         4    4      13472        20
2999 13411         4    7      13481        20
3000 13417        12    8      13517         5
3001 13423        15    1      13493        20
3002 13428         1    5      13498        20
3003 13429         4    3      13499        20
3004 13435         5    9      13535         5
3005 13444        13    5      13514        20
3006 13449        14    3      13519        20
3007 13450         3    8      13580        10
3008 13451        12    7      13551         5
3009 13455         6    1      13555         5
3010 13459         7    1      13559         5
3011 13464         1    3      13534        20
3012 13472        11    4      13542        20
3013 13473        11    2      13543        20
3014 13473        14    8      13543        20
3015 13475         7    0      13545        20
3016 13476         0    8      13576         5
3017 13483        15    3      13553        20
3018 13492        11    6      13592         5
3019 13500        14    9      13570        20
3020 13504         1    4      13634        10
3021 13509         1    1      13579        20
3022 13517         3    8      13617         5
3023 13523         0    8      13593        20
3024 13531         4    7      13601        20
3025 13533         9    1      13603        20
3026 13542         7    0      13612        20
3027 13543        14    1      13613        20
3028 13545        15    6      13645         5
3029 13553         0    6      13623        20
3030 13561        14    2      13631        20
3031 13564         3    5      13634        20
3032 13564        12    4      13634        20
3033 13573         5    1      13673         5
3034 13578         6    5      13648        20
3035 13586         9    1      13656        20
3036 13594         1    7      13724        10
3037 13596        12    8      13666        20
3038 13600         6    3      13670        20
3039 13600        11    4      13670        20
3040 13604        15    0      13704         5
3041 13611         9    9      13681        20
3042 13611         7    2      13681        20
3043 13612        10    8      13712         5
3044 13621         9    7      13691        20
3045 13626        13    2      13696        20
3046 13628         3    4      13698        20
3047 13636         3    0      13736         5
3048 13637         8    0      13767        10
3049 13646         0    0      13716        20
3050 13653        14    2      13723        20
3051 13655        15    9      13755         5
3052 13655        11    7      13725        20
3053 13662         0    7      13732        20
3054 13665         4    5      13735        20
3055 13673        13    7      13743        20
3056 13675         4    3      13745        20
3057 13677         8    2      13777         5
3058 13682         2    3      13752        20
3059 13682        13    3      13782         5
3060 13686         0    8      13756        20
3061 13690         4    2      13760        20
3062 13693         9    3      13793         5
3063 13700        13    1      13800         5
3064 13706         6    4      13776        20
3065 13707         3    6      13807         5
3066 13711         0    2      13811         5
3067 13717        10    7      13847        10
3068 13720         4    6      13790        20
3069 13723        13    0      13823         5
3070 13726         9    2      13796        20
3071 13727        15    0      13857        10
3072 13733         6    9      13803        20
3073 13736         7    6      13806        20
3074 13741         7    4      13811        20
3075 13741         0    9      13811        20
3076 13749         8    1      13819        20
3077 13749         4    3      13849         5
3078 13757        14    7      13827        20
3079 13763        13    7      13833        20
3080 13771        13    9      13841        20
3081 13774        14    2      13844        20
3082 13775        10    4      13875         5
3083 13783         1    1      13853        20
3084 13792         0    6      13862        20
3085 13793         5    9      13863        20
3086 13801         4    5      13871        20
3087 13810        10    8      13880        20
3088 13815        11    0      13885        20
3089 13822         7    3      13922         5
3090 13830         1    5      13900        20
3091 13836        13    1      13966        10
3092 13838         6    9      13908        20
3093 13841         0    7      13911        20
3094 13841        13    6      13911        20
3095 13846        10    2      13916        20
3096 13855         1    8      13925        20
3097 13855         3    5      13955         5
3098 13859         8    9      13929        20
3099 13865        14    0      13935        20
3100 13865         5    0      13935        20
3101 13873         9    6      13973         5
3102 13875        15    9      14005        10
3103 13878         7    8      13948        20
3104 13881         7    2      13951        20
3105 13887         8    8      13957        20
3106 13895        15    0      13965        20
3107 13902        12    4      13972        20
3108 13908        15    2      13978        20
3109 13910         7    9      14010         5
3110 13911         5    2      13981        20
3111 13920        14    1      13990        20
3112 13920         8    3      14020         5
3113 13920         1    3      13990        20
3114 13925         8    0      13995        20
3115 13931         9    7      14001        20
3116 13936         7    4      14006        20
3117 13942         8    1      14042         5
3118 13946        10    1      14016        20
3119 13950         0    4      14080        10
3120 13956         1    6      14026        20
3121 13961        12    3      14061         5
3122 13969        12    6      14039        20
3123 13977         7    2      14047        20
3124 13977         8    1      14077         5
3125 13985        12    3      14085         5
3126 13993         1    3      14123        10
3127 13997         1    2      14097         5
3128 14001         6    0      14071        20
3129 14002        11    1      14072        20
3130 14005         6    6      14075        20
3131 14010        13    8      14080        20
3132 14016        12    8      14086        20
3133 14025         6    3      14095        20
3134 14033         0    8      14103        20
3135 14040        12    7      14110        20
3136 14045        12    7      14145         5
3137 14049         4    8      14119        20
3138 14057         6    1      14127        20
3139 14064         6    6      14134        20
3140 14072         6    6      14142        20
3141 14073        14    9      14143        20
3142 14076         0    9      14146        20
3143 14082        13    8      14152        20
3144 14082         0    2      14152        20
3145 14086         1    8      14156        20
3146 14093         0    4      14163        20
3147 14102         2    4      14172        20
3148 14106         9    4      14206         5
3149 14114         2    4      14184        20
3150 14121        15    3      14191        20
3151 14122         6    1      14192        20
3152 14124        14    3      14194        20
3153 14133         1    0      14263        10
3154 14133        10    9      14203        20
3155 14138         3    0      14208        20
3156 14145        14    3      14215        20
3157 14150         0    9      14220        20
3158 14150        15    7      14220        20
3159 14152        11    9      14222        20
3160 14152        11    8      14222        20
3161 14161         5    7      14261         5
3162 14162         2    4      14232        20
3163 14170         0    8      14270         5
3164 14171         2    8      14241        20
3165 14179        13    8      14249        20
3166 14186         4    5      14256        20
3167 14190         6    3      14260        20
3168 14194        13    3      14264        20
3169 14196         3    4      14296         5
3170 14203         6    1      14273        20
3171 14208         5    0      14278        20
3172 14212         5    0      14282        20
3173 14215         1    9      14315         5
3174 14219         9    3      14289        20
3175 14225         3    8      14295        20
3176 14232        13    8      14332         5
3177 14239         6    3      14309        20
3178 14245         9    8      14315        20
3179 14250         2    8      14320        20
3180 14253        13    5      14323        20
3181 14260         9    1      14360         5
3182 14269        12    9      14369         5
3183 14272         5    4      14342        20
3184 14272        11    1      14342        20
3185 14280        12    5      14350        20
3186 14286         5    9      14416        10
3187 14291         8    5      14361        20
3188 14299         1    7      14369        20
3189 14305         4    0      14405         5
3190 14310        13    2      14380        20
3191 14318        15    7      14388        20
3192 14327        10    0      14397        20
3193 14334         7    0      14464        10
3194 14343         3    0      14443         5
3195 14347        15    8      14417        20
3196 14353        14    8      14423        20
3197 14354         7    4      14454         5
3198 14355         3    3      14425        20
3199 14364        12    3      14434        20
3200 14372         0    8      14472         5
3201 14381        13    4      14451        20
3202 14390         5    5      14460        20
3203 14392         2    2      14462        20
3204 14396         5    8      14466        20
3205 14402         9    8      14532        10
3206 14409         7    5      14479        20
3207 14409         8    5      14479        20
3208 14417         8    0      14547        10
3209 14424         9    7      14554        10
3210 14433        13    7      14503        20
3211 14436         1    3      14566        10
3212 14445        11    0      14515        20
3213 14454         7    9      14584        10
3214 14458         7    2      14558         5
3215 14464         4    5      14594        10
3216 14466         0    5      14536        20
3217 14470         7    4      14540        20
3218 14474         3    0      14544        20
3219 14483        14    7      14553        20
3220 14484         8    1      14614        10
3221 14490         0    0      14560        20
3222 14494         4    9      14564        20
3223 14502         6    0      14572        20
3224 14503        10    8      14573        20
3225 14511        11    3      14611         5
3226 14513         3    8      14583        20
3227 14522         1    1      14592        20
3228 14527         8    5      14627         5
3229 14535        10    8      14635         5
3230 14538         4    7      14608        20
3231 14547         7    6      14617        20
3232 14556        15    6      14626        20
3233 14561        11    9      14631        20
3234 14563        12    4      14633        20
3235 14568         5    3      14638        20
3236 14568        13    6      14638        20
3237 14570        12    6      14640        20
3238 14570         1    2      14700        10
3239 14576         3    7      14646        20
3240 14583         8    3      14683         5
3241 14591         0    2      14661        20
3242 14593         2    4      14693         5
3243 14599         8    9      14669        20
3244 14602        11    6      14672        20
3245 14603         2    5      14703         5
3246 14607         8    8      14707         5
3247 14613        12    9      14683        20
3248 14617         3    6      14687        20
3249 14623         9    6      14693        20
3250 14632        13    5      14702        20
3251 14635        14    2      14705        20
3252 14638        11    5      14708        20
3253 14642        13    5      14742         5
3254 14646        12    3      14746         5
3255 14652         7    8      14752         5
3256 14660         4    0      14760         5
3257 14666         8    7      14736        20
3258 14666         8    7      14796        10
3259 14674        15    4      14744        20
3260 14679         9    6      14749        20
3261 14686         0    8      14756        20
3262 14695         0    9      14765        20
3263 14700        14    0      14770        20
3264 14701         1    9      14771        20
3265 14706         3    6      14806         5
3266 14709         3    0      14839        10
3267 14716         4    0      14786        20
3268 14721         6    1      14791        20
3269 14724         3    9      14794        20
3270 14725         0    0      14795        20
3271 14730        13    6      14830         5
3272 14734         5    3      14834         5
3273 14741         4    5      14811        20
3274 14748         1    9      14878        10
3275 14757        15    6      14827        20
3276 14761         6    4      14891        10
3277 14764         4    8      14834        20
3278 14765         9    7      14895        10
3279 14773         5    8      14873         5
3280 14782        14    4      14852        20
3281 14786        10    1      14916        10
3282 14791        11    0      14861        20
3283 14800         0    2      14870        20
3284 14808         3    6      14878        20
3285 14814         1    4      14884        20
3286 14818        12    6      14888        20
3287 14822        11    5      14922         5
3288 14828        15    0      14898        20
3289 14837         6    2      14937         5
3290 14842        11    2      14912        20
3291 14842         0    2      14912        20
3292 14851         8    3      14951         5
3293 14852        15    3      14982        10
3294 14861        15    8      14931        20
3295 14865        10    7      14935        20
3296 14865        15    4      14965         5
3297 14870        15    1      14940        20
3298 14879         1    1      14949        20
3299 14888        10    0      14958        20
3300 14893         6    4      14963        20
3301 14901         7    5      15001         5
3302 14904        12    1      14974        20
3303 14907        13    9      14977        20
3304 14915         7    0      14985        20
3305 14916        14    3      15046        10
3306 14918         2    2      14988        20
3307 14925        13    8      15025         5
3308 14931         3    0      15061        10
3309 14937         3    9      15067        10
3310 14944         0    7      15014        20
3311 14949         6    2      15019        20
3312 14955         8    3      15055         5
3313 14961         2    8      15031        20
3314 14965         4    2      15095        10
3315 14967        11    9      15037        20
3316 14968         6    5      15038        20
3317 14973         5    7      15043        20
3318 14974        13    3      15044        20
3319 14979        10    2      15049        20
3320 14980         3    6      15110        10
3321 14981        13    7      15111        10
3322 14990         4    1      15060        20
3323 14992        13    2      15062        20
3324 14995        13    6      15065        20
3325 15001         1    6      15071        20
3326 15006         9    5      15076        20
3327 15013         2    5      15083        20
3328 15015        15    4      15115         5
3329 15016         5    6      15086        20
3330 15018         0    0      15148        10
3331 15027        13    2      15097        20
3332 15033         8    9      15163        10
3333 15040        14    4      15110        20
3334 15049        13    3      15119        20
3335 15055        12    4      15125        20
3336 15057         7    6      15127        20
3337 15057         4    0      15127        20
3338 15062        13    5      15132        20
3339 15062        10    9      15132        20
3340 15065        11    0      15135        20
3341 15072         9    0      15202        10
3342 15073         7    5      15143        20
3343 15077         8    2      15147        20
3344 15081        10    1      15151        20
3345 15089         9    4      15159        20
3346 15096         1    2      15196         5
3347 15099         8    5      15199         5
3348 15102        15    4      15172        20
3349 15107         2    3      15237        10
3350 15113         8    9      15183        20
3351 15120        11    7      15220         5
3352 15122         9    4      15192        20
3353 15131         5    6      15231         5
3354 15140        10    0      15210        20
3355 15147        14    2      15217        20
3356 15149         1    1      15219        20
3357 15149        12    8      15219        20
3358 15149         6    8      15249         5
3359 15153        15    8      15223        20
3360 15160        12    3      15230        20
3361 15163        15    8      15233        20
3362 15169         6    2      15239        20
3363 15175         6    8      15245        20
3364 15178         1    0      15248        20
3365 15185         1    9      15255        20
3366 15188        10    4      15258        20
3367 15191         1    7      15291         5
3368 15200        13    8      15270        20
3369 15207         0    0      15277        20
3370 15210         9    9      15280        20
3371 15213         0    9      15283        20
3372 15221         4    4      15291        20
3373 15223        13    2      15293        20
3374 15229         4    5      15299        20
3375 15231         2    3      15301        20
3376 15234        10    5      15304        20
3377 15240         7    6      15340         5
3378 15249        11    0      15319        20
3379 15249        15    6      15319        20
3380 15253         3    7      15353         5
3381 15255        14    9      15325        20
3382 15264         3    4      15334        20
3383 15270         7    2      15340        20
3384 15274         8    5      15344        20
3385 15283         6    5      15383         5
3386 15285         7    7      15355        20
3387 15287        10    1      15357        20
3388 15287        10    8      15417        10
3389 15288        10    6      15358        20
3390 15293        13    4      15393         5
3391 15295         9    5      15395         5
3392 15302        11    3      15372        20
3393 15304         3    5      15434        10
3394 15311        12    2      15381        20
3395 15315        12    3      15415         5
3396 15318        11    9      15388        20
3397 15327         9    1      15397        20
3398 15336        13    4      15406        20
3399 15337         5    8      15437         5
3400 15346        15    0      15416        20
3401 15348         8    4      15418        20
3402 15355        15    6      15425        20
3403 15361         4    9      15431        20
3404 15365         8    3      15435        20
3405 15366         6    4      15436        20
3406 15367        15    4      15437        20
3407 15376        13    1      15476         5
3408 15381         2    8      15451        20
3409 15387         4    5      15517        10
3410 15388         8    1      15458        20
3411 15397         7    7      15497         5
3412 15402        12    6      15472        20
3413 15408         3    4      15478        20
3414 15414         6    0      15544        10
3415 15421         5    9      15491        20
3416 15425         8    4      15495        20
3417 15428         8    7      15498        20
3418 15432         1    8      15532         5
3419 15438         9    7      15568        10
3420 15438         3    8      15508        20
3421 15439         2    1      15509        20
3422 15445         7    6      15515        20
3423 15445         7    8      15515        20
3424 15450         6    6      15520        20
3425 15450        11    6      15520        20
3426 15453        10    3      15523        20
3427 15460         8    3      15530        20
3428 15460        13    8      15530        20
3429 15465        13    1      15565         5
3430 15472        12    6      15542        20
3431 15480        15    7      15550        20
3432 15484         7    6      15584         5
3433 15487         6    8      15617        10
3434 15488         8    6      15558        20
3435 15493         1    7      15563        20
3436 15498        14    3      15568        20
3437 15500        14    9      15570        20
3438 15502         2    7      15572        20
3439 15505         0    5      15575        20
3440 15507        10    6      15577        20
3441 15508         8    7      15608         5
3442 15514         1    5      15584        20
3443 15523         8    0      15653        10
3444 15528         1    6      15598        20
3445 15535         7    7      15605        20
3446 15540        11    7      15640         5
3447 15540        14    2      15670        10
3448 15548         1    1      15618        20
3449 15553         3    5      15683        10
3450 15562         1    3      15632        20
3451 15562         4    9      15632        20
3452 15563         1    2      15693        10
3453 15571        12    6      15671         5
3454 15580        12    4      15680         5
3455 15581         1    4      15651        20
3456 15589         4    1      15659        20
3457 15595        13    0      15695         5
3458 15602         8    3      15672        20
3459 15604         1    8      15674        20
3460 15609        15    0      15679        20
3461 15616         4    1      15686        20
3462 15624         0    9      15694        20
3463 15624         9    0      15694        20
3464 15632        12    9      15702        20
3465 15632         1    5      15702        20
3466 15633         9    8      15703        20
3467 15634        13    5      15734         5
3468 15640        15    2      15710        20
3469 15647        12    8      15717        20
3470 15652         4    1      15722        20
3471 15661         4    7      15731        20
3472 15665         9    9      15765         5
3473 15670        11    1      15740        20
3474 15675        13    9      15745        20
3475 15677        11    6      15777         5
3476 15677        11    4      15747        20
3477 15684         4    5      15814        10
3478 15687         8    4      15757        20
3479 15687         9    1      15787         5
3480 15687        12    2      15757        20
3481 15696         0    1      15766        20
3482 15701        15    0      15771        20
3483 15706         3    9      15806         5
3484 15711        14    0      15811         5
3485 15717         0    7      15787        20
3486 15717         4    0      15787        20
3487 15723         1    5      15853        10
3488 15723        13    5      15793        20
3489 15732         3    0      15832         5
3490 15734        13    8      15804        20
3491 15738         0    0      15868        10
3492 15738         9    2      15808        20
3493 15742         8    0      15812        20
3494 15746         1    0      15846         5
3495 15752         8    9      15822        20
3496 15755         7    4      15825        20
3497 15764         1    6      15834        20
3498 15770        13    7      15840        20
3499 15777         0    7      15847        20
3500 15777         2    0      15877         5
3501 15782         8    0      15852        20
3502 15783        12    4      15853        20
3503 15792         1    7      15862        20
3504 15795         7    5      15865        20
3505 15804         6    5      15874        20
3506 15805         6    2      15875        20
3507 15806         8    0      15876        20
3508 15809         0    8      15879        20
3509 15815         1    7      15945        10
3510 15822         7    3      15922         5
3511 15822        15    4      15892        20
3512 15831         0    2      15901        20
3513 15834         5    1      15934         5
3514 15836         2    7      15906        20
3515 15841        13    0      15941         5
3516 15846         1    2      15946         5
3517 15851         6    3      15921        20
3518 15859         7    7      15989        10
3519 15860        12    6      15930        20
3520 15862        10    6      15932        20
3521 15867         4    9      15937        20
3522 15867         3    3      15997        10
3523 15868        12    1      15938        20
3524 15876         4    6      15946        20
3525 15880         0    5      15950        20
3526 15887         7    5      15957        20
3527 15895         6    8      15965        20
3528 15898        14    1      15968        20
3529 15906        13    6      15976        20
3530 15906        11    7      15976        20
3531 15910         3    3      16040        10
3532 15915        15    1      16045        10
3533 15924        10    6      15994        20
3534 15933         3    2      16003        20
3535 15941        14    5      16071        10
3536 15941        12    7      16011        20
3537 15949        15    4      16019        20
3538 15952         2    5      16082        10
3539 15957         6    7      16057         5
3540 15957        10    4      16027        20
3541 15960         6    3      16030        20
3542 15969        14    2      16039        20
3543 15969         7    6      16069         5
3544 15971         6    7      16041        20
3545 15979        11    4      16049        20
3546 15984         4    4      16054        20
3547 15987        11    1      16057        20
3548 15991         2    9      16091         5
3549 15993         6    1      16093         5
3550 15997        12    0      16067        20
3551 16006        13    3      16076        20
3552 16015         2    0      16085        20
3553 16018         8    2      16088        20
3554 16025         0    7      16095        20
3555 16033        14    9      16103        20
3556 16033         8    6      16163        10
3557 16039         4    3      16109        20
3558 16039         9    5      16109        20
3559 16048        11    6      16118        20
3560 16049        11    4      16149         5
3561 16053        15    2      16123        20
3562 16058        10    9      16158         5
3563 16065        14    3      16135        20
3564 16067        15    4      16137        20
3565 16068        10    9      16138        20
3566 16070         1    5      16140        20
3567 16073         3    1      16203        10
3568 16073         1    5      16143        20
3569 16081         0    8      16181         5
3570 16085        10    4      16155        20
3571 16086        14    0      16186         5
3572 16094         1    6      16164        20
3573 16094        11    6      16164        20
3574 16097         6    8      16227        10
3575 16101        10    9      16171        20
3576 16103         4    3      16173        20
3577 16111        11    6      16241        10
3578 16118        11    1      16218         5
3579 16127         5    6      16197        20
3580 16131        10    7      16261        10
3581 16132         8    0      16232         5
3582 16134        13    6      16204        20
3583 16136        10    2      16266        10
3584 16145        13    3      16215        20
3585 16149         7    6      16279        10
3586 16157        13    2      16227        20
3587 16166        14    4      16236        20
3588 16174        11    6      16244        20
3589 16180        12    3      16250        20
3590 16183         0    6      16253        20
3591 16185        14    5      16285         5
3592 16187         6    4      16287         5
3593 16194        14    7      16324        10
3594 16196         3    5      16266        20
3595 16202         8    9      16272        20
3596 16202         9    2      16302         5
3597 16204         1    4      16274        20
3598 16205        14    7      16275        20
3599 16210         9    9      16280        20
3600 16214        13    5      16314         5
3601 16223        15    6      16293        20
3602 16229         6    1      16299        20
3603 16229         7    5      16299        20
3604 16229        11    0      16299        20
3605 16229         7    8      16299        20
3606 16236         6    8      16336         5
3607 16243         0    4      16373        10
3608 16244         4    3      16374        10
3609 16246        11    2      16346         5
3610 16254         0    4      16384        10
3611 16261         2    0      16331        20
3612 16267         0    4      16337        20
3613 16274         4    9      16374         5
3614 16274         0    2      16344        20
3615 16279        11    8      16349        20
3616 16280         4    0      16380         5
3617 16281         9    3      16351        20
3618 16282         2    1      16352        20
3619 16288         3    2      16388         5
3620 16297         7    5      16397         5
3621 16298        15    1      16368        20
3622 16303         4    6      16373        20
3623 16307         8    2      16377        20
3624 16316         5    3      16416         5
3625 16320         2    4      16390        20
3626 16327        14    8      16457        10
3627 16328        10    0      16458        10
3628 16329         5    4      16399        20
3629 16329         5    7      16399        20
3630 16330         1    0      16400        20
3631 16339         8    7      16409        20
3632 16345         8    0      16415        20
3633 16347         6    3      16417        20
3634 16348        13    6      16418        20
3635 16353        10    3      16453         5
3636 16355         2    1      16485        10
3637 16361         4    5      16431        20
3638 16367         8    8      16437        20
3639 16372         0    4      16502        10
3640 16377        14    3      16477         5
3641 16382         5    9      16482         5
3642 16386        11    7      16456        20
3643 16395        10    3      16465        20
3644 16404        12    1      16474        20
3645 16413         3    3      16483        20
3646 16413        14    0      16483        20
3647 16415         9    3      16485        20
3648 16416        14    1      16486        20
3649 16417         6    6      16517         5
3650 16417         6    7      16487        20
3651 16423         5    3      16523         5
3652 16427         3    6      16557        10
3653 16432         8    2      16502        20
3654 16441        13    5      16511        20
3655 16443         1    0      16513        20
3656 16449         2    7      16519        20
3657 16455         4    0      16525        20
3658 16463         3    1      16533        20
3659 16472        11    1      16542        20
3660 16478        11    2      16548        20
3661 16483        15    5      16553        20
3662 16488         3    2      16558        20
3663 16489         8    1      16559        20
3664 16498        11    5      16568        20
3665 16500        11    7      16570        20
3666 16505         9    5      16605         5
3667 16510        14    3      16580        20
3668 16511        14    2      16611         5
3669 16513        10    4      16613         5
3670 16521         2    6      16591        20
3671 16530         3    9      16600        20
3672 16538         8    5      16608        20
3673 16543         0    4      16613        20
3674 16547         4    5      16617        20
3675 16552         6    4      16652         5
3676 16553         7    2      16623        20
3677 16554        11    9      16624        20
3678 16563        15    6      16633        20
3679 16565        12    2      16665         5
3680 16573         3    4      16643        20
3681 16581         6    2      16651        20
3682 16583         3    2      16653        20
3683 16584        14    0      16654        20
3684 16591         8    3      16661        20
3685 16595        12    4      16695         5
3686 16599         3    6      16669        20
3687 16602         0    1      16672        20
3688 16610         5    4      16680        20
3689 16619        10    9      16689        20
3690 16627        10    2      16727         5
3691 16629         4    4      16699        20
3692 16634         4    2      16734         5
3693 16637         7    7      16707        20
3694 16639        13    9      16739         5
3695 16647        15    8      16717        20
3696 16651        12    8      16721        20
3697 16660         8    5      16760         5
3698 16663         0    4      16733        20
3699 16665        12    9      16765         5
3700 16669         5    3      16739        20
3701 16673        15    4      16743        20
3702 16674        13    9      16744        20
3703 16678         0    9      16748        20
3704 16684        12    2      16754        20
3705 16692         3    0      16762        20
3706 16694         2    7      16794         5
3707 16694        14    9      16764        20
3708 16694         8    3      16824        10
3709 16699         5    1      16799         5
3710 16708        10    9      16778        20
3711 16710        11    5      16780        20
3712 16711        12    4      16781        20
3713 16718         1    0      16788        20
3714 16725        15    9      16825         5
3715 16732         4    9      16802        20
3716 16733        12    4      16833         5
3717 16741         4    4      16841         5
3718 16747        13    1      16817        20
3719 16747        13    7      16817        20
3720 16748         4    5      16818        20
3721 16757        13    4      16827        20
3722 16758        10    2      16828        20
3723 16763        13    8      16833        20
3724 16766         7    7      16836        20
3725 16770         6    4      16870         5
3726 16777         5    3      16847        20
3727 16779         8    8      16849        20
3728 16788         6    1      16858        20
3729 16792         4    3      16892         5
3730 16794        11    0      16864        20
3731 16799        12    0      16899         5
3732 16806         1    4      16876        20
3733 16807        12    3      16877        20
3734 16807         1    5      16877        20
3735 16812         0    1      16882        20
3736 16815         2    8      16885        20
3737 16821         8    6      16891        20
3738 16823        15    6      16893        20
3739 16826         9    9      16896        20
3740 16833         7    5      16903        20
3741 16839        10    6      16909        20
3742 16845         9    0      16915        20
3743 16851        15    5      16921        20
3744 16851         0    1      16921        20
3745 16859         0    7      16929        20
3746 16866         3    0      16996        10
3747 16872        15    6      16942        20
3748 16875         9    9      16945        20
3749 16879         8    8      16949        20
3750 16886         5    2      16956        20
3751 16891         1    7      16961        20
3752 16893         9    3      16963        20
3753 16902         5    0      17002         5
3754 16902        12    8      16972        20
3755 16909        13    5      16979        20
3756 16918        13    1      16988        20
3757 16918         2    1      16988        20
3758 16924         3    3      16994        20
3759 16929         9    5      16999        20
3760 16935        14    5      17005        20
3761 16942         7    0      17012        20
3762 16951         2    6      17021        20
3763 16958         5    4      17058         5
3764 16964        10    2      17034        20
3765 16972         9    5      17042        20
3766 16972         6    4      17042        20
3767 16975        10    4      17075         5
3768 16980         0    2      17050        20
3769 16985         6    7      17085         5
3770 16986         1    8      17056        20
3771 16991         0    7      17091         5
3772 17000        13    7      17070        20
3773 17007         0    8      17077        20
3774 17010         2    7      17080        20
3775 17010        15    8      17080        20
3776 17014         7    0      17084        20
3777 17021         9    8      17091        20
3778 17028         7    4      17098        20
3779 17033         8    1      17133         5
3780 17040         7    9      17140         5
3781 17040         0    1      17170        10
3782 17043         1    6      17113        20
3783 17052         4    1      17122        20
3784 17054        12    6      17124        20
3785 17060        11    0      17130        20
3786 17069         8    0      17139        20
3787 17074        12    5      17144        20
3788 17081        13    6      17151        20
3789 17081         5    7      17181         5
3790 17084         1    8      17154        20
3791 17090        10    1      17160        20
3792 17090        14    6      17190         5
3793 17098         8    4      17168        20
3794 17101        13    1      17171        20
3795 17104         0    9      17174        20
3796 17105         6    1      17235        10
3797 17110        14    1      17180        20
3798 17119         3    2      17189        20
3799 17122         7    2      17192        20
3800 17130         0    0      17200        20
3801 17130         5    7      17200        20
3802 17133         1    9      17233         5
3803 17135        10    0      17205        20
3804 17136         1    7      17206        20
3805 17142         1    4      17212        20
3806 17151        14    3      17221        20
3807 17156         4    8      17226        20
3808 17158         9    7      17228        20
3809 17158         6    2      17228        20
3810 17162         2    8      17232        20
3811 17170         6    0      17240        20
3812 17178        13    0      17248        20
3813 17185         5    6      17255        20
3814 17186        10    4      17256        20
3815 17186        13    8      17286         5
3816 17187         3    4      17287         5
3817 17189         5    9      17319        10
3818 17195         6    5      17295         5
3819 17197         3    4      17267        20
3820 17197        15    3      17267        20
3821 17199         6    1      17329        10
3822 17207         5    9      17277        20
3823 17209         5    8      17279        20
3824 17215        13    4      17285        20
3825 17216         1    8      17286        20
3826 17221         4    1      17291        20
3827 17229         4    2      17299        20
3828 17235        15    3      17305        20
3829 17236         4    5      17306        20
3830 17245         2    0      17315        20
3831 17245        15    6      17345         5
3832 17245        10    8      17315        20
3833 17251        13    1      17321        20
3834 17258         6    8      17358         5
3835 17259         0    3      17329        20
3836 17259        11    1      17329        20
3837 17263         4    0      17333        20
3838 17271         5    3      17341        20
3839 17278         5    5      17348        20
3840 17282        15    8      17382         5
3841 17283        13    7      17353        20
3842 17285        14    2      17415        10
3843 17287         2    0      17357        20
3844 17295         3    4      17365        20
3845 17298        13    8      17368        20
3846 17306         8    2      17376        20
3847 17309         5    6      17379        20
3848 17315         8    7      17385        20
3849 17323        13    0      17393        20
3850 17323        14    4      17393        20
3851 17325        10    1      17395        20
3852 17331        11    6      17401        20
3853 17336        12    1      17466        10
3854 17344         9    6      17414        20
3855 17350        15    4      17480        10
3856 17350         4    3      17420        20
3857 17356         9    1      17426        20
3858 17364        14    4      17494        10
3859 17367        10    7      17437        20
3860 17372        12    7      17472         5
3861 17378         1    6      17448        20
3862 17381         9    9      17451        20
3863 17384         9    6      17484         5
3864 17388         4    1      17458        20
3865 17389         6    0      17459        20
3866 17396        10    2      17496         5
3867 17401        10    8      17471        20
3868 17407         3    1      17477        20
3869 17410         0    4      17510         5
3870 17414        14    3      17484        20
3871 17417        11    5      17487        20
3872 17419         0    8      17519         5
3873 17423         8    4      17523         5
3874 17424         1    7      17494        20
3875 17425         4    4      17495        20
3876 17425         1    8      17525         5
3877 17426         2    2      17526         5
3878 17427         2    3      17557        10
3879 17433         3    4      17533         5
3880 17442         2    2      17572        10
3881 17448         9    8      17518        20
3882 17457         7    5      17527        20
3883 17459         8    0      17529        20
3884 17465        10    6      17535        20
3885 17471         1    0      17541        20
3886 17474         3    9      17544        20
3887 17475         3    1      17545        20
3888 17482         9    2      17552        20
3889 17491         8    0      17591         5
3890 17492         4    5      17562        20
3891 17493         9    1      17563        20
3892 17495         6    1      17565        20
3893 17503        15    9      17573        20
3894 17512         1    3      17582        20
3895 17512        14    8      17582        20
3896 17513         8    5      17643        10
3897 17515         8    1      17645        10
3898 17522         3    5      17592        20
3899 17527        15    8      17597        20
3900 17528         2    9      17598        20
3901 17535        15    2      17605        20
3902 17537         3    0      17607        20
3903 17537        14    9      17607        20
3904 17542         5    9      17612        20
3905 17545        13    5      17615        20
3906 17546         4    0      17616        20
3907 17546         3    0      17616        20
3908 17549         0    7      17649         5
3909 17554        10    2      17624        20
3910 17558         2    2      17628        20
3911 17559         0    2      17629        20
3912 17560        10    7      17630        20
3913 17568         3    3      17638        20
3914 17571        11    1      17671         5
3915 17575         6    0      17675         5
3916 17584         3    3      17654        20
3917 17585        12    4      17655        20
3918 17586        11    9      17656        20
3919 17595         6    2      17665        20
3920 17595         7    4      17665        20
3921 17599         7    8      17669        20
3922 17608        14    5      17708         5
3923 17617        10    8      17717         5
3924 17622         4    1      17722         5
3925 17627         4    5      17697        20
3926 17632         2    6      17702        20
3927 17634         5    2      17704        20
3928 17638        13    0      17708        20
3929 17645        11    5      17745         5
3930 17645        11    0      17775        10
3931 17649         7    7      17779        10
3932 17655        15    4      17725        20
3933 17661         8    7      17731        20
3934 17669        10    7      17739        20
3935 17678         5    5      17808        10
3936 17683         4    6      17753        20
3937 17685         6    5      17755        20
3938 17691        15    5      17761        20
3939 17695         8    9      17765        20
3940 17702         7    1      17772        20
3941 17705        15    1      17775        20
3942 17713        14    3      17783        20
3943 17721         4    2      17791        20
3944 17730         7    2      17800        20
3945 17730         1    4      17860        10
3946 17733         0    8      17803        20
3947 17733        11    2      17803        20
3948 17733        14    7      17803        20
3949 17741         5    1      17811        20
3950 17750        11    9      17850         5
3951 17756         3    1      17826        20
3952 17756         3    5      17826        20
3953 17762        12    7      17832        20
3954 17768         4    7      17838        20
3955 17774         5    9      17874         5
3956 17778        14    0      17878         5
3957 17779        10    5      17909        10
3958 17786         3    8      17916        10
3959 17795         7    4      17895         5
3960 17796        12    7      17866        20
3961 17800         7    5      17870        20
3962 17802         8    0      17872        20
3963 17810        11    0      17880        20
3964 17814         3    1      17884        20
3965 17822         3    3      17892        20
3966 17824        12    4      17894        20
3967 17825         9    2      17895        20
3968 17827         7    7      17897        20
3969 17835         9    8      17905        20
3970 17838        10    0      17908        20
3971 17846        10    5      17916        20
3972 17853        14    6      17983        10
3973 17861         7    8      17931        20
3974 17862        15    4      17932        20
3975 17870         6    2      17940        20
3976 17879         1    2      17949        20
3977 17881        13    1      17951        20
3978 17889        15    3      17989         5
3979 17892         0    2      17962        20
3980 17895         4    9      17965        20
3981 17901         4    6      17971        20
3982 17903         9    1      17973        20
3983 17904         0    7      17974        20
3984 17905         7    3      17975        20
3985 17914         0    0      17984        20
3986 17918        14    5      17988        20
3987 17926         1    6      17996        20
3988 17927        12    1      18027         5
3989 17929         8    8      18029         5
3990 17937        14    8      18007        20
3991 17946        11    4      18016        20
3992 17948        11    4      18018        20
3993 17953         4    6      18023        20
3994 17954         2    7      18024        20
3995 17958         3    1      18028        20
3996 17963         5    6      18033        20
3997 17966         8    0      18036        20
3998 17966         1    6      18036        20
3999 17973         1    0      18043        20
4000 17981         6    8      18051        20
4001 17984         0    4      18084         5
4002 17987        12    9      18057        20
4003 17994         2    6      18064        20
4004 18003        14    8      18103         5
4005 18012        12    8      18082        20
4006 18021        13    8      18091        20
4007 18030        15    8      18160        10
4008 18032         0    0      18162        10
4009 18034        14    6      18104        20
4010 18042         0    1      18142         5
4011 18042        13    2      18142         5
4012 18044        11    7      18114        20
4013 18046         1    4      18116        20
4014 18050        15    4      18120        20
4015 18058         5    2      18128        20
4016 18067        10    8      18137        20
4017 18069        11    1      18139        20
4018 18077         3    3      18147        20
4019 18083         7    3      18153        20
4020 18085         7    0      18155        20
4021 18089         5    3      18219        10
4022 18094         9    8      18164        20
4023 18098        10    0      18168        20
4024 18104         5    5      18174        20
4025 18112        11    3      18182        20
4026 18118         3    6      18188        20
4027 18126         6    1      18196        20
4028 18126        13    1      18196        20
4029 18126        15    9      18196        20
4030 18127         0    3      18197        20
4031 18131         6    6      18201        20
4032 18137         7    2      18207        20
4033 18143         2    7      18213        20
4034 18151        15    9      18221        20
4035 18153         7    0      18283        10
4036 18157        13    1      18227        20
4037 18165         5    4      18235        20
4038 18174        15    2      18244        20
4039 18180         6    1      18250        20
4040 18181        13    8      18251        20
4041 18189        12    4      18259        20
4042 18192        10    8      18262        20
4043 18194         9    2      18294         5
4044 18197        14    9      18297         5
4045 18203         4    1      18333        10
4046 18206         3    3      18306         5
4047 18210        11    5      18280        20
4048 18211         4    3      18281        20
4049 18211         6    9      18281        20
4050 18219        12    3      18289        20
4051 18222        14    8      18292        20
4052 18231         6    7      18301        20
4053 18231        11    2      18301        20
4054 18231        13    8      18301        20
4055 18233        11    3      18303        20
4056 18241        15    3      18311        20
4057 18245         2    3      18315        20
4058 18248         2    2      18348         5
4059 18251        13    1      18321        20
4060 18257         3    6      18327        20
4061 18260         0    2      18330        20
4062 18267         3    8      18337        20
4063 18272        15    4      18342        20
4064 18280         4    7      18380         5
4065 18288         7    4      18358        20
4066 18290         9    6      18360        20
4067 18292         2    9      18362        20
4068 18301         6    1      18371        20
4069 18307        10    5      18407         5
4070 18308        15    5      18378        20
4071 18312         4    5      18412         5
4072 18312        15    8      18382        20
4073 18314        15    0      18384        20
4074 18323         6    1      18393        20
4075 18329        13    4      18399        20
4076 18329         2    4      18399        20
4077 18332         5    5      18402        20
4078 18340        14    0      18410        20
4079 18344        10    2      18414        20
4080 18350        14    8      18450         5
4081 18351         7    2      18421        20
4082 18359         2    4      18429        20
4083 18361        15    1      18431        20
4084 18362         1    4      18432        20
4085 18362         1    4      18492        10
4086 18371         2    1      18441        20
4087 18373         7    9      18473         5
4088 18382         3    1      18452        20
4089 18389         3    8      18459        20
4090 18395         6    7      18465        20
4091 18404         0    3      18504         5
4092 18405         0    8      18475        20
4093 18406         3    2      18476        20
4094 18406         0    2      18476        20
4095 18410         5    5      18480        20
4096 18415         5    7      18545        10
4097 18418         7    9      18488        20
4098 18424         3    8      18494        20
4099 18425        11    7      18495        20
4100 18433        14    2      18563        10
4101 18442         3    6      18542         5
4102 18447         3    8      18517        20
4103 18452         0    5      18522        20
4104 18456        15    5      18526        20
4105 18459        15    4      18529        20
4106 18465        13    6      18535        20
4107 18467         0    8      18537        20
4108 18476         1    0      18546        20
4109 18485        12    5      18555        20
4110 18490         7    8      18560        20
4111 18497         9    6      18627        10
4112 18500        15    5      18570        20
4113 18507         8    1      18577        20
4114 18516        10    2      18586        20
4115 18522         1    1      18622         5
4116 18531         1    4      18601        20
4117 18538        15    6      18608        20
4118 18542        15    8      18612        20
4119 18543         6    9      18673        10
4120 18549         8    5      18619        20
4121 18557         4    3      18627        20
4122 18563         8    6      18633        20
4123 18570         6    4      18700        10
4124 18572        11    2      18672         5
4125 18579         0    6      18649        20
4126 18581         0    9      18651        20
4127 18583        15    7      18653        20
4128 18585         0    5      18685         5
4129 18586        10    8      18656        20
4130 18586         5    0      18656        20
4131 18594         9    8      18664        20
4132 18596        15    6      18696         5
4133 18601         8    8      18701         5
4134 18604         4    3      18674        20
4135 18613         3    6      18683        20
4136 18617         3    5      18687        20
4137 18626         4    8      18696        20
4138 18635         5    4      18765        10
4139 18643        10    4      18743         5
4140 18650         2    3      18750         5
4141 18658         1    1      18728        20
4142 18666         8    0      18736        20
4143 18670         1    9      18740        20
4144 18676        15    5      18746        20
4145 18679        15    5      18809        10
4146 18680        15    1      18750        20
4147 18686        13    3      18756        20
4148 18690        13    1      18760        20
4149 18694        13    9      18764        20
4150 18694        14    1      18764        20
4151 18698        15    6      18798         5
4152 18699         6    3      18769        20
4153 18699        15    3      18769        20
4154 18701         0    6      18771        20
4155 18707         7    4      18777        20
4156 18716        12    4      18786        20
4157 18723         0    0      18823         5
4158 18732        11    4      18802        20
4159 18738         6    7      18838         5
4160 18740        15    3      18810        20
4161 18743         8    9      18843         5
4162 18751         6    0      18851         5
4163 18755         5    3      18825        20
4164 18755         0    3      18825        20
4165 18759         1    0      18829        20
4166 18765        10    4      18835        20
4167 18774         4    0      18904        10
4168 18774         5    0      18844        20
4169 18781         6    1      18851        20
4170 18788         6    6      18858        20
4171 18793         5    7      18863        20
4172 18800        14    0      18900         5
4173 18806        12    8      18936        10
4174 18815         7    8      18915         5
4175 18818         9    8      18888        20
4176 18824         7    6      18894        20
4177 18832         6    0      18962        10
4178 18833         8    9      18933         5
4179 18840        10    5      18910        20
4180 18848        13    7      18918        20
4181 18855         3    4      18925        20
4182 18860         5    2      18930        20
4183 18863        11    6      18933        20
4184 18865         6    9      18935        20
4185 18874        10    1      18944        20
4186 18878         6    9      18948        20
4187 18887        12    2      18957        20
4188 18896        12    4      18966        20
4189 18897         9    0      18967        20
4190 18905         9    9      19035        10
4191 18906         2    7      18976        20
4192 18911        10    9      18981        20
4193 18917         9    5      18987        20
4194 18922         0    9      18992        20
4195 18930         6    2      19000        20
4196 18930        10    7      19000        20
4197 18938         6    0      19008        20
4198 18947        13    0      19017        20
4199 18955        12    3      19025        20
4200 18955        13    2      19025        20
4201 18955        13    7      19025        20
4202 18957        10    6      19027        20
4203 18964         7    7      19034        20
4204 18972        12    8      19042        20
4205 18981         6    9      19051        20
4206 18984        14    9      19054        20
4207 18985        10    7      19055        20
4208 18994        13    1      19064        20
4209 18994         4    7      19064        20
4210 19003        12    7      19103         5
4211 19004         1    2      19104         5
4212 19005        10    1      19075        20
4213 19011         9    6      19081        20
4214 19016        13    4      19086        20
4215 19019         1    5      19089        20
4216 19027        15    7      19127         5
4217 19034        15    4      19104        20
4218 19036         1    5      19106        20
4219 19039        13    0      19109        20
4220 19042         2    0      19142         5
4221 19045         4    9      19115        20
4222 19053         2    9      19123        20
4223 19053        10    2      19123        20
4224 19062         7    2      19132        20
4225 19064         5    4      19134        20
4226 19067         9    2      19167         5
4227 19074         5    8      19144        20
4228 19075         4    7      19145        20
4229 19076        15    5      19146        20
4230 19080         4    8      19150        20
4231 19080         3    1      19150        20
4232 19085         1    8      19155        20
4233 19092         1    3      19162        20
4234 19098         7    9      19168        20
4235 19107         8    0      19207         5
4236 19113         4    9      19183        20
4237 19122         5    1      19222         5
4238 19125         2    4      19225         5
4239 19125        12    1      19195        20
4240 19133        12    5      19203        20
4241 19137         0    6      19237         5
4242 19138         4    7      19208        20
4243 19143        10    0      19213        20
4244 19149        11    5      19219        20
4245 19149         8    8      19219        20
4246 19156        14    0      19226        20
4247 19165        10    6      19265         5
4248 19167         9    1      19267         5
4249 19167         5    6      19237        20
4250 19173        10    5      19243        20
4251 19173         1    7      19243        20
4252 19182         6    9      19312        10
4253 19189        10    9      19259        20
4254 19195        13    9      19265        20
4255 19195         7    6      19265        20
4256 19203         0    1      19273        20
4257 19211         5    8      19281        20
4258 19213        10    7      19283        20
4259 19215         9    8      19285        20
4260 19217         6    0      19347        10
4261 19222         4    8      19352        10
4262 19223         8    8      19293        20
4263 19228         0    0      19298        20
4264 19234        11    7      19304        20
4265 19239        11    3      19309        20
4266 19248         7    6      19318        20
4267 19250         1    8      19320        20
4268 19259        14    3      19359         5
4269 19265         3    9      19335        20
4270 19266        14    9      19336        20
4271 19274         6    0      19344        20
4272 19274         9    9      19344        20
4273 19278         4    0      19378         5
4274 19284         8    7      19354        20
4275 19292        12    1      19392         5
4276 19294         8    4      19364        20
4277 19296         6    9      19366        20
4278 19300         0    5      19370        20
4279 19308        13    0      19408         5
4280 19310        13    7      19380        20
4281 19318         4    6      19388        20
4282 19318        10    8      19418         5
4283 19327         1    8      19457        10
4284 19333         1    8      19403        20
4285 19341         1    1      19411        20
4286 19347         3    2      19417        20
4287 19353         0    4      19423        20
4288 19355        12    4      19455         5
4289 19357        15    7      19427        20
4290 19366        11    5      19436        20
4291 19366        11    0      19436        20
4292 19369         8    2      19439        20
4293 19371        13    8      19471         5
4294 19379         2    7      19449        20
4295 19379        12    7      19449        20
4296 19383         2    9      19453        20
4297 19391         1    5      19491         5
4298 19397         0    1      19467        20
4299 19398        10    7      19468        20
4300 19400         3    2      19470        20
4301 19408         6    2      19478        20
4302 19409         9    0      19509         5
4303 19409         0    2      19479        20
4304 19414        14    9      19484        20
4305 19418         7    7      19548        10
4306 19426         0    1      19496        20
4307 19435         0    9      19505        20
4308 19442        10    4      19512        20
4309 19446        12    4      19516        20
4310 19454        11    0      19524        20
4311 19457         3    9      19527        20
4312 19457         2    5      19527        20
4313 19459         3    2      19559         5
4314 19465         6    9      19535        20
4315 19467         4    4      19537        20
4316 19474        10    8      19544        20
4317 19483         3    0      19553        20
4318 19491        12    4      19561        20
4319 19491        14    3      19561        20
4320 19492         4    9      19562        20
4321 19500        13    4      19570        20
4322 19501         4    3      19571        20
4323 19502         3    2      19602         5
4324 19507         3    7      19637        10
4325 19508         3    0      19608         5
4326 19512         8    4      19582        20
4327 19517        14    8      19587        20
4328 19524        15    2      19624         5
4329 19525        12    5      19595        20
4330 19531        11    9      19601        20
4331 19540        10    9      19610        20
4332 19546        10    8      19616        20
4333 19548         8    3      19618        20
4334 19549        10    0      19619        20
4335 19558         3    1      19628        20
4336 19560         2    3      19630        20
4337 19568         1    8      19668         5
4338 19573         3    0      19643        20
4339 19580        13    4      19650        20
4340 19580         8    5      19650        20
4341 19585         2    5      19655        20
4342 19590         6    1      19660        20
4343 19591         4    8      19661        20
4344 19598         0    3      19668        20
4345 19602        12    1      19672        20
4346 19610         9    8      19710         5
4347 19615         3    8      19715         5
4348 19615         9    9      19715         5
4349 19623         7    1      19693        20
4350 19626         0    9      19726         5
4351 19631         9    2      19701        20
4352 19637        15    4      19707        20
4353 19637         5    9      19707        20
4354 19637        12    2      19737         5
4355 19639         8    1      19709        20
4356 19647        14    4      19777        10
4357 19651        12    1      19721        20
4358 19659         2    7      19729        20
4359 19662        15    7      19762         5
4360 19671         9    0      19741        20
4361 19674         5    5      19744        20
4362 19679        15    7      19779         5
4363 19685         9    0      19755        20
4364 19689        11    7      19759        20
4365 19693         0    3      19763        20
4366 19697        10    6      19767        20
4367 19700         7    1      19830        10
4368 19701        14    7      19771        20
4369 19707        10    4      19777        20
4370 19709        11    7      19779        20
4371 19718        12    8      19788        20
4372 19722        10    8      19822         5
4373 19725         1    1      19795        20
4374 19729        10    0      19799        20
4375 19736         7    9      19806        20
4376 19743        15    7      19813        20
4377 19744         6    9      19814        20
4378 19749        10    7      19819        20
4379 19750         6    6      19820        20
4380 19753         6    9      19823        20
4381 19755         4    7      19885        10
4382 19762         7    5      19832        20
4383 19771         8    6      19871         5
4384 19775         5    3      19845        20
4385 19779         1    5      19879         5
4386 19787        12    2      19857        20
4387 19791         2    0      19861        20
4388 19794         1    5      19864        20
4389 19800         2    6      19870        20
4390 19808        10    9      19878        20
4391 19815         6    5      19915         5
4392 19819         8    4      19889        20
4393 19819         2    4      19889        20
4394 19820         6    3      19890        20
4395 19829         1    8      19899        20
4396 19829        15    1      19899        20
4397 19829         5    4      19899        20
4398 19829         2    5      19899        20
4399 19833         3    9      19903        20
4400 19838         8    9      19968        10
4401 19838        10    2      19938         5
4402 19840        14    2      19940         5
4403 19846         4    2      19916        20
4404 19849         8    9      19949         5
4405 19849        15    7      19919        20
4406 19858        15    2      19928        20
4407 19863         5    8      19933        20
4408 19869         8    0      19939        20
4409 19870        10    5      19940        20
4410 19872         0    8      19942        20
4411 19881         4    5      19951        20
4412 19885        10    6      20015        10
4413 19894         4    1      19964        20
4414 19902         8    4      19972        20
4415 19903         3    5      19973        20
4416 19905        14    2      19975        20
4417 19909         7    4      19979        20
4418 19912        12    1      19982        20
4419 19912        10    5      19982        20
4420 19921         5    4      19991        20
4421 19929        11    4      20059        10
4422 19933         6    5      20063        10
4423 19941        12    0      20071        10
4424 19942         5    8      20012        20
4425 19949        13    5      20019        20
4426 19955         6    0      20025        20
4427 19955         8    4      20025        20
4428 19964        13    2      20094        10
4429 19966         1    3      20036        20
4430 19975         7    8      20075         5
4431 19984         0    4      20084         5
4432 19985        11    3      20055        20
4433 19985         9    3      20085         5
4434 19990         5    2      20060        20
4435 19994        14    2      20064        20
4436 19996        11    7      20066        20
4437 20002         6    6      20102         5
4438 20004        13    4      20074        20
4439 20004         5    7      20074        20
4440 20006         2    3      20106         5
4441 20011        14    4      20111         5
4442 20015         4    5      20085        20
4443 20020         5    5      20090        20
4444 20028        12    2      20098        20
4445 20031        14    8      20101        20
4446 20034        12    6      20104        20
4447 20035         3    0      20135         5
4448 20039         3    9      20109        20
4449 20048         1    7      20118        20
4450 20051         4    0      20121        20
4451 20056         8    1      20126        20
4452 20056         1    6      20156         5
4453 20060         1    7      20130        20
4454 20060         0    9      20160         5
4455 20069         8    0      20199        10
4456 20069         7    6      20139        20
4457 20077        13    3      20147        20
4458 20078         8    6      20148        20
4459 20086         6    8      20156        20
4460 20088        13    6      20158        20
4461 20096        11    6      20226        10
4462 20104         4    7      20174        20
4463 20105         5    4      20175        20
4464 20108        12    5      20178        20
4465 20115        15    0      20185        20
4466 20124         8    4      20194        20
4467 20124         2    7      20194        20
4468 20126        10    2      20196        20
4469 20131        13    5      20201        20
4470 20134        11    1      20204        20
4471 20143         0    8      20273        10
4472 20149         6    0      20249         5
4473 20154        11    3      20224        20
4474 20161        14    2      20231        20
4475 20164         2    5      20264         5
4476 20165         5    8      20265         5
4477 20173        10    7      20243        20
4478 20175        11    6      20245        20
4479 20184         0    9      20284         5
4480 20190        11    9      20260        20
4481 20191         6    3      20261        20
4482 20200        12    2      20270        20
4483 20202         4    6      20272        20
4484 20207        13    5      20277        20
4485 20211        10    4      20281        20
4486 20211        14    8      20311         5
4487 20213         3    3      20283        20
4488 20222         6    9      20322         5
4489 20227         9    6      20297        20
4490 20233         4    4      20303        20
4491 20234         4    8      20304        20
4492 20239         8    7      20309        20
4493 20247        11    1      20317        20
4494 20247        15    4      20317        20
4495 20255        11    6      20325        20
4496 20259         5    2      20359         5
4497 20266         5    7      20396        10
4498 20274        14    6      20344        20
4499 20278         7    6      20348        20
4500 20279        14    0      20349        20
4501 20286        11    7      20356        20
4502 20295         3    5      20365        20
4503 20304        13    3      20374        20
4504 20313        11    5      20383        20
4505 20322         9    1      20422         5
4506 20328         6    9      20398        20
4507 20328         3    5      20398        20
4508 20337        12    4      20437         5
4509 20338         0    8      20408        20
4510 20340        13    1      20410        20
4511 20347         1    0      20447         5
4512 20354        14    3      20424        20
4513 20355        13    7      20425        20
4514 20363        12    4      20433        20
4515 20363         4    6      20463         5
4516 20371         2    9      20471         5
4517 20378         0    9      20448        20
4518 20383         8    5      20483         5
4519 20383         5    6      20453        20
4520 20390        10    4      20460        20
4521 20395        11    7      20465        20
4522 20402         2    3      20472        20
4523 20402         9    2      20472        20
4524 20403         5    0      20503         5
4525 20403         9    8      20473        20
4526 20404         2    0      20504         5
4527 20411        10    0      20511         5
4528 20412        13    3      20482        20
4529 20417         1    7      20517         5
4530 20417         1    7      20487        20
4531 20422         5    3      20492        20
4532 20422        14    2      20492        20
4533 20430        10    7      20500        20
4534 20437        11    6      20537         5
4535 20440         5    2      20510        20
4536 20443         9    3      20513        20
4537 20443         0    0      20513        20
4538 20446         4    2      20516        20
4539 20450        15    2      20580        10
4540 20451         9    8      20581        10
4541 20451         8    8      20521        20
4542 20452        10    8      20522        20
4543 20456        15    1      20526        20
4544 20458         5    8      20528        20
4545 20458         0    0      20528        20
4546 20464        11    0      20534        20
4547 20470         3    1      20600        10
4548 20472         7    5      20542        20
4549 20473        10    8      20543        20
4550 20481         8    0      20581         5
4551 20484         5    1      20554        20
4552 20490        12    1      20590         5
4553 20494        10    9      20564        20
4554 20503         9    3      20573        20
4555 20507        14    8      20577        20
4556 20515        12    4      20645        10
4557 20518        13    7      20588        20
4558 20525         3    0      20655        10
4559 20525         9    8      20595        20
4560 20525        12    4      20595        20
4561 20529        12    0      20599        20
4562 20531         7    7      20601        20
4563 20538         6    6      20608        20
4564 20544         2    4      20614        20
4565 20547         1    3      20617        20
4566 20548        12    0      20618        20
4567 20550        15    3      20680        10
4568 20557         8    2      20627        20
4569 20561         9    1      20631        20
4570 20563        15    5      20663         5
4571 20571        15    3      20671         5
4572 20576         4    4      20646        20
4573 20576        10    3      20706        10
4574 20579         9    5      20649        20
4575 20579         1    8      20649        20
4576 20579         7    6      20649        20
4577 20581         6    7      20651        20
4578 20586         2    0      20716        10
4579 20591         7    7      20661        20
4580 20599         4    3      20669        20
4581 20604         0    4      20674        20
4582 20607         4    5      20677        20
4583 20609        12    6      20679        20
4584 20616         3    4      20686        20
4585 20623        14    9      20753        10
4586 20626         3    1      20726         5
4587 20627        11    8      20727         5
4588 20633         6    3      20703        20
4589 20636        15    5      20706        20
4590 20645        11    2      20715        20
4591 20654         1    6      20724        20
4592 20656        11    3      20756         5
4593 20658        15    2      20758         5
4594 20665         9    5      20735        20
4595 20666        15    6      20736        20
4596 20669         2    2      20739        20
4597 20671         8    6      20771         5
4598 20680        14    9      20750        20
4599 20689         4    5      20759        20
4600 20697         1    6      20827        10
4601 20699        10    8      20769        20
4602 20699         1    2      20769        20
4603 20705        11    8      20835        10
4604 20711         6    7      20811         5
4605 20714        14    5      20784        20
4606 20721         4    8      20791        20
4607 20728         0    7      20828         5
4608 20734        12    0      20804        20
4609 20743         7    7      20813        20
4610 20749         9    8      20879        10
4611 20752         8    8      20822        20
4612 20760         1    0      20830        20
4613 20767        10    0      20837        20
4614 20775         6    1      20845        20
4615 20780         1    8      20880         5
4616 20785         7    2      20915        10
4617 20787        15    2      20857        20
4618 20790         6    3      20860        20
4619 20798         7    0      20868        20
4620 20804        10    7      20874        20
4621 20808         7    2      20878        20
4622 20811         1    3      20881        20
4623 20819         9    4      20889        20
4624 20827         1    5      20897        20
4625 20828         0    4      20928         5
4626 20837        15    0      20907        20
4627 20843        11    8      20913        20
4628 20852         7    5      20952         5
4629 20858         7    1      20928        20
4630 20863         9    3      20933        20
4631 20863        12    4      20933        20
4632 20869        11    8      20939        20
4633 20873        13    6      20943        20
4634 20876         0    7      20946        20
4635 20876        10    6      20946        20
4636 20881         6    4      20951        20
4637 20889        12    0      20989         5
4638 20898         1    8      20968        20
4639 20899         4    4      20999         5
4640 20907        13    4      20977        20
4641 20910        11    8      20980        20
4642 20919         8    4      21019         5
4643 20924        15    9      21024         5
4644 20931         7    6      21031         5
4645 20933         0    0      21063        10
4646 20935         4    1      21035         5
4647 20940        13    7      21010        20
4648 20940         1    9      21010        20
4649 20946         5    8      21076        10
4650 20949        11    8      21019        20
4651 20958        11    9      21088        10
4652 20958         0    7      21058         5
4653 20967        14    6      21037        20
4654 20968        15    4      21068         5
4655 20977        10    6      21047        20
4656 20981         6    4      21051        20
4657 20988         9    9      21118        10
4658 20996         1    2      21066        20
4659 21000         0    4      21070        20
4660 21007         8    1      21077        20
4661 21007         6    3      21107         5
4662 21007         4    0      21077        20
4663 21007        14    8      21077        20
4664 21007        14    4      21107         5
4665 21012         8    3      21112         5
4666 21019         5    4      21089        20
4667 21026         4    1      21096        20
4668 21034        12    5      21104        20
4669 21037        12    2      21107        20
4670 21038         9    0      21108        20
4671 21043         4    9      21143         5
4672 21049         1    6      21119        20
4673 21053        10    5      21153         5
4674 21061         6    2      21161         5
4675 21069         4    6      21169         5
4676 21077        13    1      21207        10
4677 21083        10    9      21153        20
4678 21084         7    6      21184         5
4679 21093         8    1      21163        20
4680 21096         8    9      21226        10
4681 21105         8    8      21175        20
4682 21105        10    1      21175        20
4683 21110        14    2      21180        20
4684 21116         0    1      21186        20
4685 21122        10    7      21192        20
4686 21127        11    1      21197        20
4687 21128        11    9      21198        20
4688 21131         3    6      21201        20
4689 21139         0    7      21209        20
4690 21139         6    0      21209        20
4691 21145         6    5      21215        20
4692 21151        13    8      21221        20
4693 21159        13    9      21259         5
4694 21163         8    6      21233        20
4695 21170         3    1      21270         5
4696 21178         3    6      21248        20
4697 21179         5    8      21249        20
4698 21185         7    2      21255        20
4699 21185         2    2      21255        20
4700 21191         1    8      21261        20
4701 21199         7    4      21329        10
4702 21199         4    7      21269        20
4703 21200         8    6      21270        20
4704 21209         0    1      21279        20
4705 21214        12    7      21284        20
4706 21222        13    4      21292        20
4707 21229        14    8      21299        20
4708 21235        12    0      21305        20
4709 21236         0    7      21306        20
4710 21245         6    8      21315        20
4711 21252         9    8      21322        20
4712 21253         4    4      21353         5
4713 21262         0    4      21332        20
4714 21270        10    0      21340        20
4715 21272         9    7      21342        20
4716 21272         3    1      21342        20
4717 21279         4    8      21349        20
4718 21283        14    4      21413        10
4719 21283         5    9      21383         5
4720 21288        15    8      21388         5
4721 21289        15    6      21389         5
4722 21289         8    9      21359        20
4723 21289         6    1      21389         5
4724 21290        15    9      21360        20
4725 21294         4    6      21364        20
4726 21299        14    9      21369        20
4727 21301         2    9      21371        20
4728 21306         1    9      21436        10
4729 21308        11    0      21378        20
4730 21311         0    2      21381        20
4731 21320        12    3      21390        20
4732 21326        12    7      21396        20
4733 21333         3    1      21433         5
4734 21342         9    3      21412        20
4735 21343         9    0      21413        20
4736 21347         3    9      21417        20
4737 21355        10    1      21425        20
4738 21358         3    2      21428        20
4739 21367         6    8      21497        10
4740 21368        11    1      21438        20
4741 21369        10    9      21439        20
4742 21374        11    2      21444        20
4743 21374         8    2      21444        20
4744 21375        14    1      21445        20
4745 21383         5    7      21513        10
4746 21392         5    6      21492         5
4747 21397         4    5      21467        20
4748 21406         0    3      21506         5
4749 21408         5    6      21478        20
4750 21413         0    2      21543        10
4751 21422        15    5      21552        10
4752 21431         2    0      21501        20
4753 21433        13    9      21503        20
4754 21438        13    3      21508        20
4755 21439         8    4      21509        20
4756 21445         5    4      21515        20
4757 21446         3    5      21516        20
4758 21454        11    6      21524        20
4759 21461         4    4      21531        20
4760 21467         0    5      21537        20
4761 21476         1    9      21576         5
4762 21479         6    5      21549        20
4763 21479         9    3      21549        20
4764 21480         5    1      21550        20
4765 21480        10    0      21550        20
4766 21482         1    2      21552        20
4767 21485        15    7      21555        20
4768 21486         1    0      21556        20
4769 21492        10    6      21592         5
4770 21493         1    2      21563        20
4771 21498         4    8      21568        20
4772 21501         2    4      21571        20
4773 21502         0    3      21572        20
4774 21505        12    9      21605         5
4775 21513        14    6      21613         5
4776 21516        13    5      21586        20
4777 21522         0    5      21592        20
4778 21523         1    4      21593        20
4779 21526         6    2      21626         5
4780 21526         0    6      21626         5
4781 21526         3    0      21626         5
4782 21530         9    5      21600        20
4783 21535         2    6      21605        20
4784 21539         4    6      21609        20
4785 21546         2    6      21616        20
4786 21549        14    6      21619        20
4787 21556         3    0      21686        10
4788 21559         7    8      21629        20
4789 21559         2    7      21689        10
4790 21568        10    6      21638        20
4791 21571         0    0      21671         5
4792 21576         9    5      21646        20
4793 21579         1    4      21679         5
4794 21587         2    1      21657        20
4795 21587         2    5      21657        20
4796 21592         5    2      21722        10
4797 21592         2    1      21662        20
4798 21595         5    2      21665        20
4799 21597         1    9      21667        20
4800 21606         2    4      21676        20
4801 21609         5    3      21739        10
4802 21618        15    7      21688        20
4803 21624        14    6      21694        20
4804 21627         9    0      21697        20
4805 21628        11    2      21698        20
4806 21630         2    5      21700        20
4807 21636         3    3      21706        20
4808 21641         9    2      21771        10
4809 21645         7    1      21745         5
4810 21648         7    5      21718        20
4811 21651         7    8      21721        20
4812 21660         9    1      21730        20
4813 21665         8    5      21735        20
4814 21670         1    3      21740        20
4815 21672         6    0      21742        20
4816 21672        14    3      21772         5
4817 21678         5    6      21748        20
4818 21682         2    1      21782         5
4819 21687         0    7      21787         5
4820 21695        14    7      21795         5
4821 21696        10    5      21766        20
4822 21697         2    8      21767        20
4823 21702        15    8      21772        20
4824 21711         3    9      21811         5
4825 21717         2    1      21787        20
4826 21721        12    2      21791        20
4827 21724        14    2      21794        20
4828 21726         3    6      21826         5
4829 21729         5    7      21799        20
4830 21733        11    9      21803        20
4831 21739         8    6      21809        20
4832 21746        14    0      21846         5
4833 21754         4    5      21824        20
4834 21756         5    8      21826        20
4835 21762        15    0      21832        20
4836 21770         9    6      21840        20
4837 21778         1    7      21848        20
4838 21786         5    1      21886         5
4839 21786        14    7      21856        20
4840 21792        11    4      21862        20
4841 21795         4    6      21865        20
4842 21803        15    9      21873        20
4843 21809         0    5      21909         5
4844 21814         5    0      21884        20
4845 21817        10    5      21887        20
4846 21823        15    4      21893        20
4847 21829         2    9      21899        20
4848 21837         7    7      21937         5
4849 21844         0    0      21974        10
4850 21850         3    9      21950         5
4851 21852         6    5      21922        20
4852 21858         0    1      21958         5
4853 21865         1    5      21935        20
4854 21868        10    0      21938        20
4855 21877         9    6      21947        20
4856 21880         6    1      21950        20
4857 21889        12    5      21959        20
4858 21890        12    1      21960        20
4859 21890         6    7      22020        10
4860 21891         7    0      21961        20
4861 21892         9    7      21992         5
4862 21897        11    1      21967        20
4863 21903        12    4      21973        20
4864 21908        14    5      21978        20
4865 21911        13    6      21981        20
4866 21917        10    6      21987        20
4867 21925        13    6      21995        20
4868 21925         9    2      21995        20
4869 21930        11    0      22000        20
4870 21933        13    1      22003        20
4871 21938         8    3      22008        20
4872 21947        10    3      22017        20
4873 21956        13    8      22026        20
4874 21964         1    2      22034        20
4875 21970         9    6      22040        20
4876 21975        12    5      22045        20
4877 21980         3    8      22050        20
4878 21984        12    9      22054        20
4879 21985        15    2      22115        10
4880 21991         8    3      22061        20
4881 21997        10    1      22067        20
4882 22000         7    1      22100         5
4883 22003        14    6      22073        20
4884 22012         8    1      22082        20
4885 22018         1    0      22088        20
4886 22022        11    2      22122         5
4887 22024         5    0      22094        20
4888 22029        11    0      22129         5
4889 22037         7    8      22137         5
4890 22045        10    7      22145         5
4891 22047         2    4      22117        20
4892 22052         9    7      22122        20
4893 22059         8    8      22189        10
4894 22068        15    2      22138        20
4895 22072         4    1      22142        20
4896 22077         9    7      22177         5
4897 22082        10    3      22152        20
4898 22091         7    7      22161        20
4899 22097         1    9      22167        20
4900 22097         1    8      22167        20
4901 22097         2    0      22167        20
4902 22101         2    1      22171        20
4903 22101         8    1      22201         5
4904 22104        14    2      22204         5
4905 22105        12    0      22175        20
4906 22112         4    7      22182        20
4907 22116         9    1      22186        20
4908 22123         4    8      22223         5
4909 22126        10    3      22226         5
4910 22126         0    0      22196        20
4911 22131         4    0      22201        20
4912 22138         8    3      22238         5
4913 22147        11    2      22217        20
4914 22153         7    2      22223        20
4915 22162        15    5      22232        20
4916 22163        11    3      22233        20
4917 22167         0    1      22237        20
4918 22169        13    5      22239        20
4919 22171        12    2      22241        20
4920 22174         9    8      22244        20
4921 22180        11    3      22250        20
4922 22181        13    6      22251        20
4923 22181         9    0      22281         5
4924 22184         2    7      22254        20
4925 22187         9    1      22257        20
4926 22194        14    6      22294         5
4927 22197         8    3      22267        20
4928 22205         8    0      22275        20
4929 22207         1    2      22277        20
4930 22212         5    3      22282        20
4931 22213         2    1      22283        20
4932 22214        10    8      22284        20
4933 22214        12    1      22284        20
4934 22221        11    6      22291        20
4935 22225         7    3      22295        20
4936 22227        15    9      22297        20
4937 22230         7    2      22300        20
4938 22231         1    3      22301        20
4939 22239         9    1      22309        20
4940 22241         7    8      22341         5
4941 22250         7    2      22350         5
4942 22254         3    0      22324        20
4943 22261        10    7      22331        20
4944 22269        15    7      22399        10
4945 22273        12    8      22403        10
4946 22281        11    0      22351        20
4947 22283         2    8      22383         5
4948 22287         3    6      22357        20
4949 22288         8    7      22388         5
4950 22295         8    6      22365        20
4951 22297         5    6      22367        20
4952 22299         8    9      22399         5
4953 22304         0    9      22434        10
4954 22310        14    9      22380        20
4955 22317         3    1      22417         5
4956 22322         9    8      22392        20
4957 22323         4    3      22393        20
4958 22332        15    3      22402        20
4959 22340         1    5      22410        20
4960 22343         1    4      22443         5
4961 22344        12    0      22444         5
4962 22348         9    7      22418        20
4963 22349         9    9      22419        20
4964 22358        11    8      22428        20
4965 22362         3    8      22462         5
4966 22362         1    2      22432        20
4967 22362        13    7      22432        20
4968 22368         6    8      22438        20
4969 22377         8    1      22477         5
4970 22382         1    8      22452        20
4971 22383         1    5      22453        20
4972 22389        13    6      22459        20
4973 22392         1    2      22522        10
4974 22392        13    6      22462        20
4975 22398         8    6      22468        20
4976 22401         5    2      22471        20
4977 22402         3    8      22472        20
4978 22405        11    1      22475        20
4979 22414        14    8      22484        20
4980 22419         7    2      22549        10
4981 22428        15    7      22558        10
4982 22431         4    8      22501        20
4983 22435         9    2      22505        20
4984 22444         0    8      22514        20
4985 22452        15    9      22552         5
4986 22458         5    9      22528        20
4987 22460        10    8      22530        20
4988 22463         7    9      22533        20
4989 22472         1    9      22572         5
4990 22479        11    6      22549        20
4991 22485         7    1      22555        20
4992 22488        14    8      22588         5
4993 22488         2    3      22618        10
4994 22493        14    6      22563        20
4995 22497        13    5      22597         5
4996 22498        12    1      22568        20
4997 22501        14    1      22571        20
4998 22503        12    1      22573        20
4999 22503         1    5      22573        20
5000 22506        10    8      22576        20
5001 22507         6    1      22577        20
5002 22514         9    9      22614         5
5003 22521         7    5      22621         5
5004 22523        12    2      22593        20
5005 22526         2    0      22596        20
5006 22534         5    1      22604        20
5007 22542         7    1      22672        10
5008 22545         3    4      22615        20
5009 22552         9    9      22622        20
5010 22555        15    8      22655         5
5011 22555        13    6      22625        20
5012 22563         0    1      22693        10
5013 22571        15    4      22671         5
5014 22573         8    9      22643        20
5015 22582        15    4      22652        20
5016 22587        10    9      22657        20
5017 22591        14    6      22661        20
5018 22591        10    8      22661        20
5019 22597         3    5      22697         5
5020 22598         3    2      22668        20
5021 22602         8    5      22702         5
5022 22609        10    4      22739        10
5023 22611         1    5      22681        20
5024 22620         7    9      22690        20
5025 22622        10    8      22722         5
5026 22631        11    2      22701        20
5027 22635         7    0      22705        20
5028 22641         6    6      22771        10
5029 22647         4    3      22717        20
5030 22649         4    1      22749         5
5031 22658        11    1      22728        20
5032 22665         4    8      22735        20
5033 22670         8    1      22800        10
5034 22673         4    1      22773         5
5035 22674         6    3      22804        10
5036 22679        14    4      22749        20
5037 22681         1    9      22751        20
5038 22685         5    9      22755        20
5039 22689        15    6      22759        20
5040 22690         0    8      22760        20
5041 22690         6    5      22760        20
5042 22695        14    6      22765        20
5043 22702         4    2      22772        20
5044 22707         4    2      22777        20
5045 22707        15    1      22777        20
5046 22713        13    1      22843        10
5047 22719         0    0      22819         5
5048 22724        13    0      22794        20
5049 22725         6    0      22795        20
5050 22731         5    5      22831         5
5051 22732         9    7      22802        20
5052 22741         5    1      22811        20
5053 22747         1    2      22817        20
5054 22755         3    4      22825        20
5055 22762         8    9      22832        20
5056 22763         3    2      22893        10
5057 22766        14    2      22836        20
5058 22772         7    4      22842        20
5059 22778        14    2      22878         5
5060 22786         0    1      22856        20
5061 22791        15    7      22861        20
5062 22794         1    7      22864        20
5063 22795         5    7      22865        20
5064 22795        11    8      22865        20
5065 22804         8    8      22874        20
5066 22804         9    8      22874        20
5067 22804         4    9      22874        20
5068 22813        11    2      22883        20
5069 22813         6    6      22883        20
5070 22816         3    0      22886        20
5071 22824         7    3      22924         5
5072 22829         4    2      22899        20
5073 22835         3    3      22965        10
5074 22842         2    5      22912        20
5075 22851        13    0      22921        20
5076 22853        13    3      22923        20
5077 22853         7    6      22923        20
5078 22854        11    6      22924        20
5079 22863         3    8      22933        20
5080 22870         2    4      22940        20
5081 22872         0    4      22942        20
5082 22876        13    7      23006        10
5083 22882         1    3      22952        20
5084 22883         5    6      22953        20
5085 22886         4    1      22956        20
5086 22889         0    2      22959        20
5087 22891         3    3      22961        20
5088 22894        10    0      23024        10
5089 22899         5    9      22999         5
5090 22903        11    9      22973        20
5091 22907        11    7      22977        20
5092 22912         2    2      22982        20
5093 22915         6    4      22985        20
5094 22924        10    8      22994        20
5095 22929         4    4      22999        20
5096 22938         7    8      23008        20
5097 22944        13    5      23014        20
5098 22952        15    9      23052         5
5099 22954        10    7      23024        20
5100 22963         9    5      23093        10
5101 22963        10    1      23033        20
5102 22971         8    8      23041        20
5103 22971         7    2      23071         5
5104 22975         8    8      23045        20
5105 22976         6    0      23046        20
5106 22979         1    4      23049        20
5107 22980         0    4      23080         5
5108 22986         3    0      23116        10
5109 22994        14    4      23064        20
5110 22999        10    4      23069        20
5111 23005         1    1      23075        20
5112 23006        15    8      23076        20
5113 23015         2    8      23145        10
5114 23016        12    4      23086        20
5115 23018         6    3      23088        20
5116 23027        12    2      23127         5
5117 23035         9    7      23105        20
5118 23039         7    6      23109        20
5119 23040        11    9      23110        20
5120 23048         4    2      23118        20
5121 23048         7    4      23118        20
5122 23048        15    3      23118        20
5123 23052         6    8      23152         5
5124 23060         5    1      23130        20
5125 23064         1    5      23134        20
5126 23070         8    7      23140        20
5127 23071         3    2      23141        20
5128 23076         0    3      23146        20
5129 23080        15    1      23180         5
5130 23086        15    1      23156        20
5131 23090        15    5      23190         5
5132 23092         2    7      23162        20
5133 23094         3    9      23164        20
5134 23095        11    5      23195         5
5135 23101         9    1      23171        20
5136 23104         3    1      23174        20
5137 23113         9    7      23183        20
5138 23115         4    4      23215         5
5139 23123         5    8      23193        20
5140 23123        12    2      23193        20
5141 23128        14    6      23258        10
5142 23132         2    7      23202        20
5143 23134         2    1      23204        20
5144 23142        14    6      23242         5
5145 23147         6    2      23217        20
5146 23152         8    7      23222        20
5147 23154        14    6      23224        20
5148 23161         1    8      23231        20
5149 23170         8    5      23270         5
5150 23171         1    7      23241        20
5151 23176         8    9      23276         5
5152 23185         9    9      23255        20
5153 23187        12    5      23287         5
5154 23193        11    5      23263        20
5155 23199         6    7      23269        20
5156 23201        15    3      23301         5
5157 23207         8    7      23307         5
5158 23213         4    2      23343        10
5159 23213         8    1      23283        20
5160 23218        15    3      23318         5
5161 23222         6    3      23292        20
5162 23227         1    2      23327         5
5163 23227        12    3      23297        20
5164 23229        13    8      23299        20
5165 23236        10    2      23306        20
5166 23236         6    7      23336         5
5167 23243         2    2      23313        20
5168 23245        13    7      23345         5
5169 23249         2    7      23319        20
5170 23249         2    1      23349         5
5171 23256         2    5      23326        20
5172 23259         2    0      23329        20
5173 23265        14    9      23395        10
5174 23272        10    9      23342        20
5175 23273        13    8      23403        10
5176 23278         7    2      23348        20
5177 23278         2    9      23348        20
5178 23280         9    3      23350        20
5179 23283         1    0      23353        20
5180 23290        12    8      23360        20
5181 23298         9    2      23368        20
5182 23300         6    0      23400         5
5183 23303         1    5      23403         5
5184 23309         2    2      23379        20
5185 23318        12    7      23418         5
5186 23322         7    0      23392        20
5187 23329         3    5      23399        20
5188 23337        11    3      23407        20
5189 23338         3    5      23408        20
5190 23343         3    9      23413        20
5191 23346        11    7      23416        20
5192 23353        11    6      23453         5
5193 23354        10    4      23424        20
5194 23354        13    6      23424        20
5195 23355         8    6      23425        20
5196 23362         3    5      23432        20
5197 23363         7    7      23433        20
5198 23365        15    4      23435        20
5199 23366        13    5      23436        20
5200 23375        15    4      23475         5
5201 23383        11    1      23453        20
5202 23383         5    0      23483         5
5203 23387         2    3      23457        20
5204 23394        13    5      23464        20
5205 23401         6    8      23471        20
5206 23406        12    8      23476        20
5207 23408        11    4      23478        20
5208 23410         0    9      23510         5
5209 23413         0    4      23483        20
5210 23422         9    6      23492        20
5211 23428         8    6      23528         5
5212 23432         6    0      23502        20
5213 23441         5    5      23511        20
5214 23441        14    6      23541         5
5215 23441        14    1      23511        20
5216 23449         7    0      23519        20
5217 23452        15    6      23522        20
5218 23453        10    4      23523        20
5219 23457         7    5      23527        20
5220 23460        14    1      23530        20
5221 23467        10    7      23567         5
5222 23469         0    9      23539        20
5223 23472         5    2      23572         5
5224 23476        12    8      23546        20
5225 23481         3    2      23551        20
5226 23486        11    4      23586         5
5227 23491        12    6      23561        20
5228 23493        10    2      23563        20
5229 23497         3    4      23567        20
5230 23500        15    0      23570        20
5231 23507        15    5      23577        20
5232 23508         0    0      23578        20
5233 23510        11    4      23610         5
5234 23510         3    6      23580        20
5235 23513        11    6      23613         5
5236 23515         3    1      23585        20
5237 23523        15    2      23593        20
5238 23528        14    0      23598        20
5239 23536         3    7      23606        20
5240 23544         3    3      23614        20
5241 23549         6    8      23649         5
5242 23553        15    2      23653         5
5243 23557        11    6      23627        20
5244 23558         6    4      23688        10
5245 23564         2    8      23634        20
5246 23567         1    1      23637        20
5247 23574         9    0      23644        20
5248 23578        14    1      23648        20
5249 23579        14    7      23649        20
5250 23588        13    2      23688         5
5251 23592         7    7      23662        20
5252 23599         2    1      23669        20
5253 23603         5    0      23733        10
5254 23608         2    9      23708         5
5255 23617        14    8      23687        20
5256 23623        11    0      23723         5
5257 23631        10    4      23701        20
5258 23631         2    3      23731         5
5259 23634        15    5      23704        20
5260 23636        13    2      23706        20
5261 23638         4    0      23708        20
5262 23639        14    1      23709        20
5263 23644         3    2      23744         5
5264 23653         8    6      23753         5
5265 23661         9    6      23731        20
5266 23663         5    5      23733        20
5267 23665         5    2      23735        20
5268 23668        14    0      23738        20
5269 23674        15    2      23774         5
5270 23677         9    8      23777         5
5271 23681        14    7      23751        20
5272 23687         8    2      23757        20
5273 23690        14    0      23760        20
5274 23697         2    6      23767        20
5275 23700         1    9      23770        20
5276 23703         4    9      23803         5
5277 23710        10    8      23840        10
5278 23717         6    0      23817         5
5279 23718         7    0      23788        20
5280 23718         1    9      23818         5
5281 23719        15    5      23789        20
5282 23727         8    5      23797        20
5283 23733        14    8      23803        20
5284 23741        14    7      23811        20
5285 23747        12    7      23817        20
5286 23755         0    3      23885        10
5287 23760        13    3      23830        20
5288 23762        15    7      23862         5
5289 23770         5    3      23840        20
5290 23775        11    4      23845        20
5291 23783        10    9      23853        20
5292 23783         1    9      23853        20
5293 23785         4    4      23855        20
5294 23794         4    0      23864        20
5295 23798        15    1      23868        20
5296 23800        15    1      23870        20
5297 23806        15    8      23906         5
5298 23815         3    6      23885        20
5299 23819        10    1      23889        20
5300 23826         6    6      23896        20
5301 23834        15    9      23904        20
5302 23835         4    7      23905        20
5303 23842         3    0      23912        20
5304 23846         5    4      23946         5
5305 23848        15    8      23918        20
5306 23857        11    5      23927        20
5307 23863         3    8      23993        10
5308 23867         9    7      23937        20
5309 23871         3    1      23941        20
5310 23874         6    4      23944        20
5311 23879         3    3      23949        20
5312 23880         7    5      24010        10
5313 23881        11    6      23951        20
5314 23884         3    7      23954        20
5315 23886         2    9      23956        20
5316 23893        10    4      23963        20
5317 23896         8    7      23996         5
5318 23897         3    6      24027        10
5319 23897        10    0      23967        20
5320 23898         0    5      23968        20
5321 23907        13    6      23977        20
5322 23915        14    2      23985        20
5323 23918         5    2      23988        20
5324 23925         0    7      23995        20
5325 23931         9    2      24001        20
5326 23934         9    6      24004        20
5327 23943        12    5      24043         5
5328 23952        14    7      24082        10
5329 23954         4    5      24024        20
5330 23961         5    2      24031        20
5331 23964        15    9      24034        20
5332 23966         1    7      24066         5
5333 23966         7    2      24036        20
5334 23966         9    6      24036        20
5335 23966        11    5      24036        20
5336 23969         4    0      24069         5
5337 23969         1    2      24039        20
5338 23969         2    6      24039        20
5339 23970         8    8      24040        20
5340 23972        11    4      24042        20
5341 23978         7    8      24048        20
5342 23986         9    3      24056        20
5343 23993         3    7      24063        20
5344 23993         9    9      24063        20
5345 23996        11    6      24066        20
5346 23999         6    5      24069        20
5347 24003        11    5      24103         5
5348 24008        15    8      24108         5
5349 24008        15    9      24078        20
5350 24015         3    1      24085        20
5351 24020        15    4      24090        20
5352 24029         7    4      24129         5
5353 24033        11    0      24103        20
5354 24036         3    9      24106        20
5355 24039         7    0      24109        20
5356 24044         1    5      24114        20
5357 24053        13    7      24153         5
5358 24053         4    8      24123        20
5359 24054         1    3      24154         5
5360 24054        12    8      24154         5
5361 24062         0    6      24132        20
5362 24070         3    9      24140        20
5363 24079        15    4      24179         5
5364 24086         9    1      24156        20
5365 24093         0    5      24163        20
5366 24093        14    1      24193         5
5367 24093        14    4      24163        20
5368 24099        12    2      24169        20
5369 24103        12    4      24173        20
5370 24107        15    5      24177        20
5371 24107         9    8      24177        20
5372 24115         5    5      24215         5
5373 24116        12    9      24186        20
5374 24124         7    8      24194        20
5375 24130        15    0      24200        20
5376 24133        14    1      24203        20
5377 24140         5    6      24270        10
5378 24140         8    7      24210        20
5379 24149         2    1      24249         5
5380 24149         4    9      24219        20
5381 24158        10    4      24228        20
5382 24158         8    0      24228        20
5383 24167         1    7      24267         5
5384 24170        11    8      24270         5
5385 24173         5    6      24243        20
5386 24175         2    1      24275         5
5387 24175         9    1      24305        10
5388 24183        12    9      24253        20
5389 24189         6    7      24259        20
5390 24191        14    4      24261        20
5391 24192         6    6      24292         5
5392 24195         2    1      24325        10
5393 24201        11    2      24271        20
5394 24210         4    7      24280        20
5395 24216        15    0      24286        20
5396 24223         5    2      24293        20
5397 24228         0    3      24298        20
5398 24235        12    8      24305        20
5399 24239         3    5      24309        20
5400 24244         6    4      24314        20
5401 24248         8    5      24318        20
5402 24256        10    1      24326        20
5403 24264        14    6      24334        20
5404 24265        12    3      24335        20
5405 24274        12    1      24344        20
5406 24275         8    7      24345        20
5407 24275         0    9      24345        20
5408 24282        14    4      24352        20
5409 24285         3    6      24355        20
5410 24289         3    5      24419        10
5411 24298        15    7      24428        10
5412 24303         2    2      24373        20
5413 24308         2    1      24378        20
5414 24308         9    2      24378        20
5415 24317        11    2      24387        20
5416 24322         4    6      24392        20
5417 24322         5    5      24392        20
5418 24330         2    3      24400        20
5419 24335         2    9      24405        20
5420 24342        10    6      24412        20
5421 24349        14    9      24419        20
5422 24352        15    0      24422        20
5423 24352         5    2      24482        10
5424 24355         7    6      24455         5
5425 24363        13    0      24493        10
5426 24364         1    3      24434        20
5427 24368        10    5      24498        10
5428 24372        14    2      24442        20
5429 24376         1    3      24446        20
5430 24382        11    0      24452        20
5431 24384         2    0      24484         5
5432 24392         9    1      24462        20
5433 24398        13    1      24468        20
5434 24399        10    7      24469        20
5435 24401        14    7      24471        20
5436 24404        10    2      24474        20
5437 24406        14    3      24536        10
5438 24409         3    4      24539        10
5439 24418        13    1      24488        20
5440 24423         1    4      24493        20
5441 24430        11    9      24530         5
5442 24435        13    9      24505        20
5443 24440         9    6      24510        20
5444 24449        15    1      24519        20
5445 24450        13    0      24520        20
5446 24454         0    6      24524        20
5447 24462         3    9      24532        20
5448 24462        10    4      24592        10
5449 24465         1    1      24595        10
5450 24471        13    0      24541        20
5451 24475        11    5      24575         5
5452 24476         2    2      24546        20
5453 24480        12    9      24550        20
5454 24488        15    3      24588         5
5455 24491         3    2      24591         5
5456 24498         3    3      24598         5
5457 24502        14    5      24572        20
5458 24510         2    0      24580        20
5459 24512         6    0      24582        20
5460 24517        11    5      24587        20
5461 24523         9    6      24593        20
5462 24531         3    2      24661        10
5463 24532         5    5      24632         5
5464 24532        13    4      24632         5
5465 24534         3    8      24604        20
5466 24541         8    5      24641         5
5467 24544         1    5      24644         5
5468 24549         6    6      24649         5
5469 24549        10    5      24649         5
5470 24555         1    8      24685        10
5471 24557         0    0      24687        10
5472 24560         0    1      24630        20
5473 24569         7    8      24639        20
5474 24570        15    8      24640        20
5475 24572         9    8      24642        20
5476 24578         5    3      24648        20
5477 24586         5    6      24656        20
5478 24587         3    4      24687         5
5479 24590         1    8      24660        20
5480 24597         6    6      24667        20
5481 24601         3    3      24671        20
5482 24607         9    6      24677        20
5483 24615        11    5      24685        20
5484 24621        12    9      24691        20
5485 24626         8    0      24696        20
5486 24633         6    8      24703        20
5487 24639        11    7      24709        20
5488 24648        14    9      24718        20
5489 24648         6    0      24748         5
5490 24648        15    3      24718        20
5491 24654        11    1      24754         5
5492 24663         4    8      24733        20
5493 24668         2    1      24738        20
5494 24671        12    9      24771         5
5495 24678         1    8      24748        20
5496 24683        10    1      24753        20
5497 24685         2    2      24755        20
5498 24693        12    2      24763        20
5499 24699         1    5      24799         5
5500 24699         9    6      24769        20
5501 24706         8    2      24776        20
5502 24714        10    5      24814         5
5503 24714        14    1      24814         5
5504 24723         2    4      24793        20
5505 24725        14    0      24795        20
5506 24728         0    2      24798        20
5507 24733         6    9      24803        20
5508 24740        11    7      24810        20
5509 24747         1    5      24817        20
5510 24750        11    5      24820        20
5511 24753        14    5      24853         5
5512 24755        15    1      24825        20
5513 24762         2    3      24892        10
5514 24770        15    0      24840        20
5515 24779        11    1      24879         5
5516 24784         1    6      24854        20
5517 24788        10    5      24888         5
5518 24792        11    3      24862        20
5519 24798         3    1      24898         5
5520 24806         1    4      24876        20
5521 24807        14    0      24877        20
5522 24812         0    6      24882        20
5523 24819         2    5      24889        20
5524 24821         1    4      24891        20
5525 24830         3    3      24930         5
5526 24831        13    7      24931         5
5527 24833         1    1      24933         5
5528 24834         9    4      24934         5
5529 24842         3    4      24942         5
5530 24846        14    4      24916        20
5531 24855         3    9      24955         5
5532 24863         9    2      24933        20
5533 24868        15    4      24968         5
5534 24871         6    7      24941        20
5535 24878         1    6      24948        20
5536 24878        15    8      24978         5
5537 24880         7    0      24980         5
5538 24886        10    3      25016        10
5539 24887         9    7      24957        20
5540 24888        10    8      25018        10
5541 24896         8    9      24966        20
5542 24896         0    7      24996         5
5543 24899         2    5      24969        20
5544 24903        14    0      24973        20
5545 24907         6    7      24977        20
5546 24914         7    5      24984        20
5547 24918         3    9      24988        20
5548 24923         8    5      24993        20
5549 24929        10    9      24999        20
5550 24929         8    3      24999        20
5551 24938         3    3      25008        20
5552 24945         3    4      25015        20
5553 24952        12    3      25022        20
5554 24957        12    9      25087        10
5555 24959         3    9      25089        10
5556 24960        11    0      25060         5
5557 24968         3    3      25038        20
5558 24974         0    0      25044        20
5559 24977        11    4      25047        20
5560 24983         1    4      25053        20
5561 24985        12    4      25085         5
5562 24989         6    4      25089         5
5563 24989         2    4      25059        20
5564 24991         1    2      25061        20
5565 24999        10    0      25069        20
5566 25002        13    8      25072        20
5567 25007         1    1      25107         5
5568 25008         0    3      25108         5
5569 25012        12    9      25082        20
5570 25012         3    4      25112         5
5571 25012         9    8      25082        20
5572 25014         9    8      25144        10
5573 25014         4    1      25084        20
5574 25019         9    7      25089        20
5575 25028         4    8      25128         5
5576 25028         9    9      25098        20
5577 25037         7    2      25107        20
5578 25038         8    9      25108        20
5579 25046        10    7      25116        20
5580 25052         9    8      25152         5
5581 25058         0    7      25158         5
5582 25065         3    7      25135        20
5583 25074         4    1      25144        20
5584 25082        12    6      25182         5
5585 25089         9    0      25159        20
5586 25098        12    0      25168        20
5587 25104         5    0      25174        20
5588 25113         9    8      25243        10
5589 25114        12    1      25214         5
5590 25114        11    8      25184        20
5591 25117         7    9      25187        20
5592 25118        11    7      25188        20
5593 25124         6    3      25224         5
5594 25128        11    6      25198        20
5595 25137         3    3      25207        20
5596 25142         6    0      25212        20
5597 25151        14    6      25221        20
5598 25157         6    1      25287        10
5599 25160         6    2      25260         5
5600 25169        12    7      25239        20
5601 25172         4    2      25242        20
5602 25173         4    4      25243        20
5603 25176        15    8      25246        20
5604 25180         0    5      25250        20
5605 25180        12    2      25250        20
5606 25184         0    0      25254        20
5607 25186        13    5      25256        20
5608 25188        11    4      25258        20
5609 25188        12    9      25258        20
5610 25196        12    5      25296         5
5611 25205         8    9      25275        20
5612 25214        13    4      25284        20
5613 25220         4    9      25290        20
5614 25223         5    1      25293        20
5615 25228        14    7      25328         5
5616 25232         5    7      25302        20
5617 25240        14    4      25340         5
5618 25242         8    7      25342         5
5619 25242         1    7      25372        10
5620 25242         3    5      25312        20
5621 25248         5    8      25318        20
5622 25256         6    5      25326        20
5623 25262        14    1      25332        20
5624 25270        14    1      25340        20
5625 25272        10    9      25402        10
5626 25272         6    5      25342        20
5627 25277         1    4      25347        20
5628 25286         2    7      25356        20
5629 25292         4    1      25362        20
5630 25300        11    7      25370        20
5631 25307         7    3      25377        20
5632 25311        11    4      25411         5
5633 25311         7    8      25381        20
5634 25317         5    7      25447        10
5635 25325         3    5      25395        20
5636 25333         8    5      25403        20
5637 25339         8    3      25439         5
5638 25342        11    2      25412        20
5639 25347         4    9      25447         5
5640 25350         9    2      25420        20
5641 25350        15    2      25480        10
5642 25351         9    6      25481        10
5643 25359         6    1      25459         5
5644 25364        10    8      25434        20
5645 25373        14    2      25443        20
5646 25374         5    6      25444        20
5647 25376         8    6      25446        20
5648 25384         5    4      25484         5
5649 25389         1    0      25459        20
5650 25395         8    2      25495         5
5651 25398        14    8      25528        10
5652 25400         2    3      25470        20
5653 25406         6    9      25506         5
5654 25411        11    7      25481        20
5655 25417         8    8      25487        20
5656 25421         2    7      25491        20
5657 25430        14    3      25500        20
5658 25439        15    6      25509        20
5659 25446         2    0      25516        20
5660 25453        12    8      25583        10
5661 25453         4    4      25553         5
5662 25459         2    0      25529        20
5663 25463        12    0      25533        20
5664 25465         6    7      25535        20
5665 25469        13    7      25569         5
5666 25470        14    2      25540        20
5667 25470        12    9      25540        20
5668 25479         8    8      25579         5
5669 25482         0    9      25552        20
5670 25485         3    4      25555        20
5671 25490         2    4      25620        10
5672 25498        13    1      25568        20
5673 25503         7    3      25573        20
5674 25511         8    4      25581        20
5675 25516        12    8      25616         5
5676 25520        11    5      25620         5
5677 25529         6    0      25659        10
5678 25538        13    5      25608        20
5679 25542        11    6      25612        20
5680 25542         4    0      25612        20
5681 25547        12    7      25647         5
5682 25556         4    7      25686        10
5683 25562         5    6      25632        20
5684 25570        13    2      25640        20
5685 25572         7    7      25642        20
5686 25573         1    2      25643        20
5687 25573        12    7      25703        10
5688 25577        15    1      25647        20
5689 25584        12    4      25654        20
5690 25587        14    1      25687         5
5691 25589        14    5      25659        20
5692 25593        12    0      25693         5
5693 25595         6    1      25665        20
5694 25596         4    3      25696         5
5695 25604        14    7      25674        20
5696 25605         4    8      25705         5
5697 25614        14    4      25714         5
5698 25616         7    4      25746        10
5699 25623         3    6      25693        20
5700 25631         8    0      25701        20
5701 25640        12    0      25710        20
5702 25648         0    7      25718        20
5703 25657        14    3      25727        20
5704 25658        14    1      25788        10
5705 25660        13    7      25730        20
5706 25665         0    9      25735        20
5707 25668         1    9      25738        20
5708 25673         5    0      25743        20
5709 25673         5    2      25743        20
5710 25677         3    2      25807        10
5711 25684        14    8      25754        20
5712 25688        11    2      25758        20
5713 25688         5    2      25758        20
5714 25691         3    6      25761        20
5715 25693        14    8      25763        20
5716 25702        12    9      25772        20
5717 25704         0    1      25774        20
5718 25712        15    8      25782        20
5719 25718         3    3      25848        10
5720 25718        14    9      25788        20
5721 25722        11    7      25792        20
5722 25729        11    7      25799        20
5723 25730        14    2      25830         5
5724 25730        11    6      25830         5
5725 25730         3    8      25800        20
5726 25737         9    9      25807        20
5727 25738         5    9      25808        20
5728 25739        13    5      25809        20
5729 25743         2    4      25813        20
5730 25747         7    5      25817        20
5731 25749        15    5      25819        20
5732 25751         0    3      25851         5
5733 25755         4    6      25825        20
5734 25757        10    5      25827        20
5735 25763         1    1      25833        20
5736 25769         4    4      25869         5
5737 25777         7    2      25877         5
5738 25780        11    8      25850        20
5739 25786        14    0      25856        20
5740 25789         2    0      25859        20
5741 25793         1    8      25863        20
5742 25793         0    4      25893         5
5743 25793        10    4      25863        20
5744 25800         1    5      25870        20
5745 25803         6    2      25903         5
5746 25810        15    3      25940        10
5747 25817         0    8      25887        20
5748 25823         8    2      25893        20
5749 25829         9    8      25899        20
5750 25830        14    3      25900        20
5751 25833         4    1      25933         5
5752 25840         6    0      25910        20
5753 25844         2    9      25914        20
5754 25847        14    1      25947         5
5755 25847        10    1      25947         5
5756 25851         0    3      25921        20
5757 25859         1    8      25959         5
5758 25865         8    4      25935        20
5759 25869         8    2      25939        20
5760 25869        10    5      25939        20
5761 25873         2    6      25943        20
5762 25882         7    0      25952        20
5763 25884         9    6      25984         5
5764 25887         9    8      25957        20
5765 25889         0    3      25959        20
5766 25895         8    8      25965        20
5767 25902         3    7      26002         5
5768 25904         8    1      25974        20
5769 25907        14    7      25977        20
5770 25913         0    2      25983        20
5771 25916        11    0      25986        20
5772 25924         9    4      26054        10
5773 25927         3    7      25997        20
5774 25928        12    8      25998        20
5775 25931         7    1      26031         5
5776 25933        14    0      26003        20
5777 25935         6    3      26005        20
5778 25937        14    9      26037         5
5779 25943         3    3      26043         5
5780 25952         8    3      26022        20
5781 25957        10    9      26027        20
5782 25957         6    2      26027        20
5783 25961         8    2      26031        20
5784 25963        15    6      26033        20
5785 25964        11    5      26064         5
5786 25969        14    8      26039        20
5787 25978         9    3      26048        20
5788 25984         3    4      26054        20
5789 25991         9    1      26061        20
5790 25998        10    1      26068        20
5791 26004         0    1      26074        20
5792 26010         2    4      26110         5
5793 26013         4    9      26083        20
5794 26020        15    8      26090        20
5795 26022         8    5      26122         5
5796 26027        10    0      26097        20
5797 26027         9    6      26097        20
5798 26027         4    4      26097        20
5799 26029        11    4      26099        20
5800 26029         1    3      26099        20
5801 26036        10    9      26106        20
5802 26039         6    6      26109        20
5803 26046        15    9      26116        20
5804 26048         2    9      26118        20
5805 26057         4    2      26157         5
5806 26059        15    6      26129        20
5807 26066        12    7      26136        20
5808 26066        10    0      26136        20
5809 26066        13    4      26166         5
5810 26068         9    5      26138        20
5811 26077         0    5      26147        20
5812 26082         4    6      26212        10
5813 26090        12    5      26160        20
5814 26091        15    8      26161        20
5815 26091         6    2      26161        20
5816 26100         2    2      26200         5
5817 26103        13    4      26173        20
5818 26111         4    2      26181        20
5819 26120         4    9      26190        20
5820 26125        12    6      26195        20
5821 26131         4    0      26231         5
5822 26137         8    4      26237         5
5823 26138         4    5      26208        20
5824 26139        13    9      26209        20
5825 26141         1    6      26211        20
5826 26146         7    9      26216        20
5827 26153         5    6      26253         5
5828 26158        12    7      26228        20
5829 26160         5    4      26260         5
5830 26160         4    1      26260         5
5831 26168         2    8      26238        20
5832 26177         7    8      26247        20
5833 26184         4    3      26254        20
5834 26184         6    9      26284         5
5835 26185         2    7      26255        20
5836 26191         6    6      26291         5
5837 26192        10    6      26262        20
5838 26199         1    8      26269        20
5839 26202         1    0      26302         5
5840 26202        14    3      26302         5
5841 26203         2    2      26273        20
5842 26206         8    0      26306         5
5843 26210        15    8      26280        20
5844 26211         5    6      26281        20
5845 26220         5    8      26290        20
5846 26223         0    4      26293        20
5847 26229         7    2      26359        10
5848 26236         5    0      26336         5
5849 26242         0    6      26342         5
5850 26242         8    3      26312        20
5851 26244         3    8      26344         5
5852 26246         4    6      26346         5
5853 26253         9    0      26323        20
5854 26256         8    0      26326        20
5855 26265        13    4      26335        20
5856 26266         3    8      26336        20
5857 26267         2    8      26337        20
5858 26275         7    9      26375         5
5859 26280         8    3      26350        20
5860 26286         5    9      26356        20
5861 26289        13    4      26359        20
5862 26292         1    7      26362        20
5863 26298        15    2      26368        20
5864 26299         2    8      26369        20
5865 26304         2    8      26434        10
5866 26307         8    3      26377        20
5867 26309        14    2      26439        10
5868 26316        12    9      26416         5
5869 26325        15    6      26425         5
5870 26330         9    3      26400        20
5871 26336        15    4      26406        20
5872 26338         1    7      26468        10
5873 26338        15    0      26468        10
5874 26345         2    0      26415        20
5875 26347         7    3      26417        20
5876 26352         2    4      26422        20
5877 26357        14    3      26457         5
5878 26365         3    4      26435        20
5879 26374         3    0      26474         5
5880 26383         3    6      26453        20
5881 26390        12    8      26460        20
5882 26398         2    4      26498         5
5883 26407        12    3      26477        20
5884 26412         3    4      26482        20
5885 26419        15    0      26489        20
5886 26424         2    2      26494        20
5887 26433         2    2      26503        20
5888 26433        13    1      26503        20
5889 26435        13    8      26505        20
5890 26437         6    1      26537         5
5891 26444         8    3      26574        10
5892 26448        15    1      26518        20
5893 26452        10    7      26552         5
5894 26452         3    6      26522        20
5895 26457        11    0      26527        20
5896 26465        11    3      26595        10
5897 26469        14    3      26599        10
5898 26474         3    4      26574         5
5899 26480         8    3      26550        20
5900 26484        13    8      26554        20
5901 26492        10    8      26562        20
5902 26500         0    0      26600         5
5903 26505        14    5      26635        10
5904 26509        12    2      26579        20
5905 26517        11    9      26587        20
5906 26518         0    4      26588        20
5907 26522         1    2      26622         5
5908 26526         3    4      26596        20
5909 26526         0    8      26596        20
5910 26534        14    4      26604        20
5911 26538         1    7      26608        20
5912 26539         1    7      26609        20
5913 26545         9    0      26615        20
5914 26551         9    6      26651         5
5915 26552        10    8      26622        20
5916 26561        15    8      26631        20
5917 26565         0    1      26635        20
5918 26569         0    8      26639        20
5919 26574        12    0      26674         5
5920 26580         2    9      26650        20
5921 26581        12    5      26651        20
5922 26584        14    4      26654        20
5923 26584        13    7      26654        20
5924 26590         2    9      26690         5
5925 26599         2    5      26729        10
5926 26600         1    8      26700         5
5927 26603        13    0      26673        20
5928 26605        10    8      26675        20
5929 26609        14    1      26739        10
5930 26615         1    5      26745        10
5931 26619        10    4      26689        20
5932 26620        15    7      26690        20
5933 26629         3    1      26699        20
5934 26637        14    2      26707        20
5935 26638         5    8      26738         5
5936 26641         6    5      26711        20
5937 26646        14    6      26716        20
5938 26653        11    4      26723        20
5939 26653         5    0      26723        20
5940 26659         0    8      26729        20
5941 26665         1    9      26735        20
5942 26667        10    7      26737        20
5943 26670         9    3      26740        20
5944 26674         9    7      26744        20
5945 26675        15    2      26805        10
5946 26681         7    3      26781         5
5947 26682         3    2      26782         5
5948 26690         2    1      26790         5
5949 26694         3    0      26764        20
5950 26696         9    3      26766        20
5951 26702         3    1      26832        10
5952 26703        11    4      26773        20
5953 26704         5    5      26774        20
5954 26709         5    7      26779        20
5955 26718         0    9      26788        20
5956 26723         4    3      26793        20
5957 26732        15    0      26802        20
5958 26738         4    3      26808        20
5959 26740        14    8      26810        20
5960 26742         5    0      26812        20
5961 26748        12    1      26818        20
5962 26751         8    3      26881        10
5963 26753        12    0      26823        20
5964 26755        12    1      26825        20
5965 26761         1    6      26861         5
5966 26763        11    2      26863         5
5967 26772        13    4      26842        20
5968 26774         7    3      26844        20
5969 26774         1    2      26844        20
5970 26779         9    4      26849        20
5971 26787        10    3      26857        20
5972 26789         2    6      26889         5
5973 26794        11    5      26924        10
5974 26800        14    0      26870        20
5975 26803         5    7      26903         5
5976 26804         2    8      26874        20
5977 26804         6    1      26904         5
5978 26809         2    6      26909         5
5979 26809         0    5      26879        20
5980 26810         3    2      26940        10
5981 26813         0    2      26883        20
5982 26815         4    2      26885        20
5983 26816        14    3      26886        20
5984 26820        14    7      26890        20
5985 26824         2    7      26894        20
5986 26826         4    0      26926         5
5987 26835         9    2      26935         5
5988 26836        15    2      26906        20
5989 26845         7    9      26915        20
5990 26846         5    4      26916        20
5991 26854         6    0      26924        20
5992 26858         6    4      26928        20
5993 26858        14    3      26928        20
5994 26862         1    0      26992        10
5995 26869         6    6      26939        20
5996 26872        12    6      26942        20
5997 26875        14    2      26945        20
5998 26883        15    6      26953        20
5999 26890        14    7      26960        20
6000 26899         7    6      27029        10
6001 26904        10    6      26974        20
6002 26904         3    8      27004         5
6003 26913         8    4      26983        20
6004 26921         0    9      26991        20
6005 26930         5    9      27000        20
6006 26937         4    3      27007        20
6007 26946        10    1      27046         5
6008 26946         5    1      27046         5
6009 26955         6    4      27025        20
6010 26960         3    0      27060         5
6011 26965         8    8      27035        20
6012 26968        11    0      27038        20
6013 26975        14    2      27045        20
6014 26981        10    1      27051        20
6015 26986         5    9      27056        20
6016 26994         6    6      27064        20
6017 27001        10    2      27071        20
6018 27002         2    4      27072        20
6019 27005        15    6      27075        20
6020 27014        11    4      27084        20
6021 27020         4    0      27090        20
6022 27027        10    4      27097        20
6023 27036        12    8      27136         5
6024 27044         4    7      27114        20
6025 27048        14    6      27118        20
6026 27051         4    9      27121        20
6027 27060        15    8      27130        20
6028 27062         5    8      27132        20
6029 27071         1    4      27171         5
6030 27071         1    8      27171         5
6031 27077        14    8      27147        20
6032 27078        15    6      27208        10
6033 27084         2    9      27154        20
6034 27090         0    7      27160        20
6035 27093         8    3      27163        20
6036 27100         3    9      27170        20
6037 27108         6    1      27178        20
6038 27117         3    7      27187        20
6039 27121         3    8      27191        20
6040 27130         9    9      27230         5
6041 27134         7    1      27204        20
6042 27142         2    5      27212        20
6043 27143         3    7      27273        10
6044 27143         0    3      27213        20
6045 27147         7    4      27277        10
6046 27148         3    0      27218        20
6047 27151         2    3      27251         5
6048 27155         8    1      27225        20
6049 27161         4    9      27231        20
6050 27170         9    0      27270         5
6051 27170        11    9      27240        20
6052 27174        14    5      27244        20
6053 27177        13    6      27277         5
6054 27177        12    4      27247        20
6055 27185         8    6      27255        20
6056 27194         7    2      27264        20
6057 27198         3    4      27268        20
6058 27207         9    5      27277        20
6059 27212        15    6      27282        20
6060 27213         1    9      27283        20
6061 27214         2    7      27284        20
6062 27217        11    3      27287        20
6063 27219         8    7      27289        20
6064 27220         6    1      27290        20
6065 27224         1    1      27294        20
6066 27230        10    5      27330         5
6067 27231         2    4      27301        20
6068 27235         2    6      27305        20
6069 27237         8    6      27307        20
6070 27237         2    5      27367        10
6071 27242         6    6      27312        20
6072 27251         6    3      27321        20
6073 27260         2    2      27360         5
6074 27269         6    0      27339        20
6075 27269        11    1      27339        20
6076 27272        12    9      27342        20
6077 27279         2    5      27379         5
6078 27286         6    4      27356        20
6079 27295        10    5      27425        10
6080 27297        14    3      27367        20
6081 27305        10    5      27375        20
6082 27309        15    8      27409         5
6083 27318         5    3      27418         5
6084 27324         2    4      27394        20
6085 27330         9    2      27400        20
6086 27336         2    4      27406        20
6087 27345         4    6      27415        20
6088 27352         8    6      27452         5
6089 27361         5    1      27461         5
6090 27367         7    6      27437        20
6091 27375        15    2      27445        20
6092 27377         7    5      27447        20
6093 27382         9    8      27452        20
6094 27385         3    8      27455        20
6095 27394         2    4      27524        10
6096 27403         4    6      27473        20
6097 27412         0    9      27482        20
6098 27414         7    6      27484        20
6099 27414        13    3      27484        20
6100 27417         5    5      27487        20
6101 27425         2    8      27555        10
6102 27434        10    6      27534         5
6103 27439        11    4      27509        20
6104 27444         4    3      27514        20
6105 27450        13    0      27520        20
6106 27458         9    4      27528        20
6107 27465         6    5      27565         5
6108 27470         7    6      27570         5
6109 27478         7    9      27548        20
6110 27480        13    0      27580         5
6111 27482         8    1      27552        20
6112 27490        15    0      27560        20
6113 27491         3    4      27591         5
6114 27497        13    3      27567        20
6115 27504         4    6      27574        20
6116 27505        14    9      27575        20
6117 27511         2    7      27581        20
6118 27515         6    5      27585        20
6119 27518         5    1      27588        20
6120 27519        14    8      27589        20
6121 27520        12    2      27590        20
6122 27528         8    9      27598        20
6123 27530         7    6      27600        20
6124 27537         0    7      27607        20
6125 27539        14    2      27609        20
6126 27543         2    1      27643         5
6127 27547         5    5      27617        20
6128 27551         2    7      27621        20
6129 27552         5    4      27622        20
6130 27558         0    7      27628        20
6131 27567         2    4      27637        20
6132 27568         4    1      27638        20
6133 27574        12    6      27644        20
6134 27578         3    2      27648        20
6135 27583        11    4      27683         5
6136 27590        12    1      27660        20
6137 27592         2    9      27662        20
6138 27597         1    3      27667        20
6139 27604        12    5      27674        20
6140 27610         8    2      27680        20
6141 27614        15    8      27714         5
6142 27617        14    7      27687        20
6143 27619         2    5      27689        20
6144 27622         3    6      27692        20
6145 27625         7    3      27725         5
6146 27631        11    5      27701        20
6147 27633         0    0      27763        10
6148 27641        11    9      27711        20
6149 27648        15    2      27718        20
6150 27656        14    9      27756         5
6151 27663         6    7      27733        20
6152 27671         2    7      27741        20
6153 27672         0    4      27742        20
6154 27675         2    9      27745        20
6155 27677        14    0      27747        20
6156 27683         3    8      27753        20
6157 27685         9    2      27785         5
6158 27688        15    1      27758        20
6159 27692         8    0      27822        10
6160 27701         7    6      27801         5
6161 27705        10    3      27805         5
6162 27714        13    9      27844        10
6163 27723         8    2      27793        20
6164 27726         8    8      27796        20
6165 27733        14    0      27803        20
6166 27739         4    3      27839         5
6167 27744        14    9      27814        20
6168 27750         5    3      27820        20
6169 27753         7    4      27823        20
6170 27756         7    2      27826        20
6171 27757         6    2      27827        20
6172 27762         7    3      27832        20
6173 27766         0    7      27836        20
6174 27774         2    4      27874         5
6175 27780         0    1      27880         5
6176 27780         3    2      27850        20
6177 27783        14    8      27853        20
6178 27787         1    5      27857        20
6179 27788         2    9      27858        20
6180 27794         0    0      27864        20
6181 27801         8    6      27871        20
6182 27806         3    9      27876        20
6183 27808        12    7      27878        20
6184 27808        10    9      27908         5
6185 27814         9    7      27884        20
6186 27814        14    6      27884        20
6187 27814        13    2      27914         5
6188 27816         8    9      27886        20
6189 27821         3    8      27921         5
6190 27825         4    3      27895        20
6191 27826         4    5      27896        20
6192 27832        11    0      27902        20
6193 27832         5    1      27902        20
6194 27837         5    8      27907        20
6195 27846         8    6      27916        20
6196 27852         8    4      27952         5
6197 27856         0    7      27956         5
6198 27865         7    4      27995        10
6199 27871        11    5      27971         5
6200 27878         7    9      27948        20
6201 27882         6    2      27982         5
6202 27883         3    8      27983         5
6203 27887        11    4      27987         5
6204 27896        12    1      27966        20
6205 27902         3    5      27972        20
6206 27907         1    7      27977        20
6207 27909        11    7      28039        10
6208 27910         6    3      27980        20
6209 27910         0    4      28010         5
6210 27916         7    6      28016         5
6211 27917         2    4      27987        20
6212 27919         5    8      28019         5
6213 27919         5    0      27989        20
6214 27919        13    6      27989        20
6215 27928         2    8      27998        20
6216 27932         0    2      28062        10
6217 27934        15    8      28004        20
6218 27938         4    2      28008        20
6219 27947        11    1      28017        20
6220 27949         7    8      28019        20
6221 27958         2    1      28028        20
6222 27958         7    9      28028        20
6223 27963         0    7      28033        20
6224 27964         7    8      28034        20
6225 27966         0    9      28036        20
6226 27971         2    9      28071         5
6227 27977        10    2      28077         5
6228 27981        12    8      28081         5
6229 27986        10    0      28056        20
6230 27989         2    6      28119        10
6231 27989        11    0      28059        20
6232 27992        11    2      28062        20
6233 27996         5    2      28126        10
6234 28005        13    1      28075        20
6235 28008         5    2      28078        20
6236 28014         0    6      28084        20
6237 28020         0    2      28090        20
6238 28027         3    6      28127         5
6239 28028        11    2      28098        20
6240 28029         4    8      28099        20
6241 28033         5    7      28133         5
6242 28040         4    2      28110        20
6243 28049         7    7      28119        20
6244 28054         2    2      28124        20
6245 28056        14    6      28126        20
6246 28062         4    2      28162         5
6247 28067        14    8      28137        20
6248 28068        12    4      28138        20
6249 28069        10    1      28139        20
6250 28070        11    4      28140        20
6251 28077         1    1      28147        20
6252 28082         9    7      28182         5
6253 28086        15    8      28156        20
6254 28092         1    5      28162        20
6255 28093         5    6      28163        20
6256 28098         2    4      28198         5
6257 28102         2    0      28172        20
6258 28105        10    9      28175        20
6259 28107         5    5      28177        20
6260 28110        13    8      28240        10
6261 28110         4    0      28210         5
6262 28115        14    2      28185        20
6263 28117         5    8      28187        20
6264 28119         8    4      28189        20
6265 28120        14    3      28190        20
6266 28129        12    1      28229         5
6267 28134         9    6      28204        20
6268 28142        10    2      28212        20
6269 28148         0    0      28218        20
6270 28149         0    8      28249         5
6271 28155         7    8      28225        20
6272 28156         5    1      28226        20
6273 28162         6    4      28232        20
6274 28169         1    5      28239        20
6275 28175        10    5      28305        10
6276 28178         0    6      28248        20
6277 28181        11    1      28281         5
6278 28188        15    4      28258        20
6279 28193         8    1      28293         5
6280 28193         4    8      28263        20
6281 28198         2    2      28328        10
6282 28207        13    1      28337        10
6283 28212         6    0      28312         5
6284 28215         5    9      28285        20
6285 28217         3    2      28287        20
6286 28222        10    4      28292        20
6287 28223        10    1      28293        20
6288 28228         4    4      28298        20
6289 28231         2    4      28301        20
6290 28236         6    0      28306        20
6291 28242         1    1      28312        20
6292 28244         2    4      28314        20
6293 28250         6    8      28350         5
6294 28259         3    4      28329        20
6295 28259         2    3      28359         5
6296 28265         6    7      28335        20
6297 28268         8    6      28338        20
6298 28275        10    1      28345        20
6299 28275         1    7      28345        20
6300 28275         2    4      28345        20
6301 28283         9    0      28353        20
6302 28290        15    8      28360        20
6303 28298         8    7      28368        20
6304 28307         2    6      28377        20
6305 28309         9    6      28439        10
6306 28317         6    0      28387        20
6307 28322         2    1      28392        20
6308 28330         6    4      28400        20
6309 28339         5    4      28439         5
6310 28348         7    8      28418        20
6311 28353        10    8      28453         5
6312 28356         2    3      28486        10
6313 28356         0    0      28426        20
6314 28357         0    8      28457         5
6315 28359         3    4      28459         5
6316 28364         4    0      28434        20
6317 28369         4    2      28439        20
6318 28376        10    2      28446        20
6319 28378         8    1      28448        20
6320 28378         5    5      28478         5
6321 28379        10    6      28449        20
6322 28385        14    2      28455        20
6323 28388         7    2      28458        20
6324 28394         3    0      28464        20
6325 28402         8    4      28502         5
6326 28403         9    7      28503         5
6327 28404         9    6      28474        20
6328 28409        14    5      28479        20
6329 28410        11    6      28480        20
6330 28419        13    0      28489        20
6331 28428         5    8      28498        20
6332 28435         0    5      28505        20
6333 28438         5    0      28508        20
6334 28439         9    8      28509        20
6335 28445         5    7      28515        20
6336 28453         2    7      28523        20
6337 28453         7    2      28523        20
6338 28456        11    9      28556         5
6339 28459         8    4      28529        20
6340 28466        13    3      28566         5
6341 28472         2    0      28542        20
6342 28474         5    5      28544        20
6343 28476         9    6      28546        20
6344 28484        14    1      28554        20
6345 28492        10    7      28562        20
6346 28493        13    0      28623        10
6347 28500         0    5      28570        20
6348 28509        13    2      28579        20
6349 28510        12    7      28580        20
6350 28517         9    1      28647        10
6351 28520         7    0      28620         5
6352 28523        14    9      28593        20
6353 28528         1    9      28598        20
6354 28532        10    0      28602        20
6355 28536        15    0      28606        20
6356 28541         9    5      28611        20
6357 28547         3    1      28677        10
6358 28547         7    4      28647         5
6359 28553         3    9      28623        20
6360 28560         7    5      28630        20
6361 28562        14    9      28632        20
6362 28569        14    3      28669         5
6363 28569        13    2      28639        20
6364 28573        13    8      28643        20
6365 28581        10    7      28651        20
6366 28586         6    5      28656        20
6367 28592         7    8      28662        20
6368 28593        14    4      28663        20
6369 28597         9    9      28667        20
6370 28602         8    6      28672        20
6371 28610         4    5      28710         5
6372 28613        11    2      28743        10
6373 28616        11    4      28686        20
6374 28625        14    0      28695        20
6375 28631         0    7      28701        20
6376 28631        14    8      28731         5
6377 28638         9    9      28738         5
6378 28643        12    9      28713        20
6379 28646         4    7      28716        20
6380 28649         8    6      28719        20
6381 28650         1    6      28720        20
6382 28654        14    9      28724        20
6383 28655        14    0      28755         5
6384 28663         6    0      28733        20
6385 28670        15    8      28770         5
6386 28678         2    1      28748        20
6387 28686         0    9      28786         5
6388 28692        10    4      28822        10
6389 28693        13    3      28763        20
6390 28699         7    9      28769        20
6391 28700         8    1      28800         5
6392 28708         9    5      28778        20
6393 28708        11    8      28808         5
6394 28713         5    7      28813         5
6395 28715        15    2      28815         5
6396 28721         1    5      28791        20
6397 28724         2    4      28824         5
6398 28733        14    2      28833         5
6399 28734         5    8      28804        20
6400 28738        13    6      28808        20
6401 28738         5    5      28808        20
6402 28738         4    5      28808        20
6403 28747        13    6      28817        20
6404 28751        11    2      28821        20
6405 28751         9    5      28851         5
6406 28754        13    7      28824        20
6407 28757         4    6      28827        20
6408 28763        12    8      28833        20
6409 28767         6    4      28837        20
6410 28773         5    1      28843        20
6411 28780         8    2      28850        20
6412 28783        13    4      28853        20
6413 28786        13    1      28856        20
6414 28786         2    7      28886         5
6415 28795         6    9      28925        10
6416 28796         6    6      28896         5
6417 28805        12    2      28875        20
6418 28805        13    0      28875        20
6419 28807         3    0      28907         5
6420 28811         1    5      28911         5
6421 28820        15    7      28890        20
6422 28823        15    4      28893        20
6423 28826        15    6      28896        20
6424 28833        13    9      28933         5
6425 28839         9    4      28909        20
6426 28840         9    6      28910        20
6427 28849         6    0      28919        20
6428 28858         2    2      28928        20
6429 28863         4    2      28933        20
6430 28869         9    7      28969         5
6431 28877         8    5      28947        20
6432 28881         7    5      28951        20
6433 28881         5    3      28951        20
6434 28887         9    5      28957        20
6435 28895        12    0      28965        20
6436 28898         2    0      28968        20
6437 28902         2    8      28972        20
6438 28905         9    3      28975        20
6439 28907         0    1      29007         5
6440 28910        15    4      28980        20
6441 28915         7    5      28985        20
6442 28921        15    9      29051        10
6443 28922         3    2      28992        20
6444 28922         5    7      29022         5
6445 28923         7    7      29023         5
6446 28930        13    7      29000        20
6447 28938         6    5      29008        20
6448 28947         5    4      29047         5
6449 28947         0    0      29017        20
6450 28951         4    8      29081        10
6451 28956        15    1      29056         5
6452 28957         3    0      29057         5
6453 28961         2    3      29031        20
6454 28969         8    6      29069         5
6455 28973         0    1      29103        10
6456 28980         9    9      29050        20
6457 28984         1    2      29054        20
6458 28987         4    4      29087         5
6459 28995         8    9      29065        20
6460 29002        10    6      29072        20
6461 29002         8    6      29072        20
6462 29009        14    7      29139        10
6463 29017         8    4      29087        20
6464 29022         4    9      29092        20
6465 29024        15    4      29124         5
6466 29029        13    5      29099        20
6467 29036         8    0      29136         5
6468 29043        10    1      29113        20
6469 29049         0    5      29119        20
6470 29050         9    9      29150         5
6471 29052        10    0      29122        20
6472 29061         0    9      29131        20
6473 29067         6    6      29137        20
6474 29068         4    0      29138        20
6475 29068        14    0      29138        20
6476 29076         7    9      29146        20
6477 29081         7    9      29151        20
6478 29083         7    0      29183         5
6479 29086         7    9      29156        20
6480 29089        11    8      29219        10
6481 29093         3    9      29163        20
6482 29100        15    1      29170        20
6483 29106        13    1      29176        20
6484 29110        10    9      29180        20
6485 29114        13    4      29214         5
6486 29115        10    0      29185        20
6487 29116         5    2      29186        20
6488 29125         8    3      29195        20
6489 29127         9    9      29197        20
6490 29130        12    4      29230         5
6491 29138        14    5      29208        20
6492 29139         0    1      29209        20
6493 29145         5    3      29215        20
6494 29145         6    3      29215        20
6495 29150        12    8      29220        20
6496 29154        13    6      29224        20
6497 29156        13    9      29256         5
6498 29165         9    5      29235        20
6499 29166         9    4      29296        10
6500 29168         9    6      29238        20
6501 29175         9    1      29245        20
6502 29175         6    3      29245        20
6503 29180        10    3      29250        20
6504 29186         6    8      29256        20
6505 29195        10    6      29265        20
6506 29201        10    8      29301         5
6507 29201         0    0      29271        20
6508 29202        11    4      29302         5
6509 29209         5    4      29279        20
6510 29212         8    5      29282        20
6511 29212         0    5      29282        20
6512 29217         0    2      29317         5
6513 29223        13    8      29293        20
6514 29226         6    5      29296        20
6515 29226         5    9      29326         5
6516 29230        13    9      29360        10
6517 29235         7    9      29305        20
6518 29240        12    0      29310        20
6519 29240         3    7      29310        20
6520 29245        15    6      29315        20
6521 29253        10    2      29353         5
6522 29259        10    5      29329        20
6523 29268        15    9      29368         5
6524 29268        13    7      29338        20
6525 29273         5    0      29343        20
6526 29274         9    7      29374         5
6527 29281        13    5      29411        10
6528 29287         9    7      29357        20
6529 29293         6    8      29363        20
6530 29302         4    7      29372        20
6531 29303         9    1      29373        20
6532 29310        10    8      29380        20
6533 29318         7    2      29388        20
6534 29324         8    5      29394        20
6535 29325         9    8      29395        20
6536 29325         9    8      29395        20
6537 29327        10    9      29397        20
6538 29335        10    2      29405        20
6539 29340         2    4      29410        20
6540 29346        10    9      29476        10
6541 29351         9    8      29421        20
6542 29357         7    9      29487        10
6543 29361        10    3      29431        20
6544 29369        13    4      29439        20
6545 29375         7    4      29445        20
6546 29377         1    1      29447        20
6547 29386        14    1      29456        20
6548 29393         5    7      29463        20
6549 29398        10    4      29468        20
6550 29404         8    3      29474        20
6551 29412         5    3      29482        20
6552 29421         8    7      29551        10
6553 29429        12    8      29499        20
6554 29430         6    5      29560        10
6555 29432         3    9      29562        10
6556 29440         7    7      29510        20
6557 29444        15    7      29514        20
6558 29448        15    3      29518        20
6559 29452         2    6      29552         5
6560 29459         0    6      29529        20
6561 29462         1    7      29532        20
6562 29462         8    9      29532        20
6563 29463        14    3      29533        20
6564 29470         2    6      29540        20
6565 29471         1    8      29541        20
6566 29480         7    8      29580         5
6567 29489        15    5      29589         5
6568 29498         1    4      29568        20
6569 29499         0    4      29569        20
6570 29507        11    3      29607         5
6571 29513        12    0      29583        20
6572 29517        11    8      29587        20
6573 29524        10    3      29624         5
6574 29524        14    6      29624         5
6575 29527        13    5      29597        20
6576 29528         9    8      29598        20
6577 29529         7    9      29599        20
6578 29533         7    6      29603        20
6579 29535         1    4      29605        20
6580 29541         8    0      29611        20
6581 29545        13    6      29645         5
6582 29553         4    4      29623        20
6583 29553         1    6      29653         5
6584 29557        10    1      29657         5
6585 29561         7    2      29661         5
6586 29569         7    3      29639        20
6587 29578         4    2      29648        20
6588 29578         8    4      29648        20
6589 29579        11    3      29649        20
6590 29585         0    8      29685         5
6591 29593         4    5      29693         5
6592 29599        11    3      29669        20
6593 29600         8    4      29670        20
6594 29608        11    7      29678        20
6595 29611         0    0      29681        20
6596 29619        11    2      29689        20
6597 29622        15    8      29692        20
6598 29622        11    2      29692        20
6599 29631         3    9      29701        20
6600 29632         7    7      29732         5
6601 29636         3    6      29706        20
6602 29641         7    1      29711        20
6603 29643         5    2      29773        10
6604 29646         6    1      29716        20
6605 29648         3    9      29778        10
6606 29648         3    6      29718        20
6607 29649         0    9      29719        20
6608 29657        12    3      29727        20
6609 29666         6    4      29736        20
6610 29670         1    0      29740        20
6611 29670         5    5      29740        20
6612 29678         0    5      29778         5
6613 29687         7    7      29787         5
6614 29695         9    9      29765        20
6615 29698        15    5      29828        10
6616 29701        13    2      29771        20
6617 29703         4    5      29773        20
6618 29712         7    8      29812         5
6619 29721         8    7      29851        10
6620 29724         8    6      29794        20
6621 29725         1    1      29795        20
6622 29727         3    1      29797        20
6623 29735        10    2      29805        20
6624 29744         1    5      29814        20
6625 29744         2    9      29874        10
6626 29751         7    7      29821        20
6627 29753         8    4      29853         5
6628 29753        13    6      29853         5
6629 29762         8    1      29832        20
6630 29767        11    9      29837        20
6631 29773        14    8      29843        20
6632 29782         2    4      29882         5
6633 29789        11    4      29919        10
6634 29795         4    1      29865        20
6635 29795         5    8      29895         5
6636 29799         3    5      29869        20
6637 29803         9    0      29873        20
6638 29804        15    5      29874        20
6639 29811        11    3      29881        20
6640 29811        15    0      29881        20
6641 29815        13    0      29885        20
6642 29820         8    2      29890        20
6643 29826         3    5      29896        20
6644 29831         5    7      29931         5
6645 29831         2    0      29901        20
6646 29835        15    5      29935         5
6647 29839         8    0      29909        20
6648 29840        10    8      29940         5
6649 29843         9    9      29913        20
6650 29848        12    2      29918        20
6651 29852         7    4      29922        20
6652 29855        13    3      29925        20
6653 29861        10    2      29931        20
6654 29867         2    9      29937        20
6655 29867        13    7      29937        20
6656 29872        10    5      29942        20
6657 29876         7    5      29946        20
6658 29884         1    7      29954        20
6659 29890        14    3      30020        10
6660 29890        14    8      29960        20
6661 29893         6    5      29963        20
6662 29895         1    9      29965        20
6663 29899         7    7      29969        20
6664 29903        11    8      29973        20
6665 29906         0    9      30006         5
6666 29914        11    0      29984        20
6667 29917         6    2      30017         5
6668 29923        11    2      29993        20
6669 29924         5    1      30024         5
6670 29933         9    3      30003        20
6671 29939         8    5      30009        20
6672 29948         9    4      30018        20
6673 29956         2    6      30026        20
6674 29959         1    1      30029        20
6675 29966         2    7      30036        20
6676 29971        13    9      30041        20
6677 29971         5    9      30071         5
6678 29978        14    7      30048        20
6679 29985         4    8      30055        20
6680 29985         8    2      30055        20
6681 29986         0    1      30056        20
6682 29986        15    9      30056        20
6683 29991        10    0      30061        20
6684 29991         2    9      30061        20
6685 29996        12    7      30096         5
6686 29998         3    1      30068        20
6687 30003         4    2      30103         5
6688 30004        15    3      30074        20
6689 30007        15    2      30107         5
6690 30014         4    5      30084        20
6691 30018         9    4      30088        20
6692 30023         8    1      30093        20
6693 30029         0    6      30099        20
6694 30038         3    5      30108        20
6695 30045         7    1      30175        10
6696 30046         8    9      30116        20
6697 30054        10    4      30124        20
6698 30056         4    6      30126        20
6699 30065        13    9      30135        20
6700 30066         5    2      30136        20
6701 30070        15    6      30140        20
6702 30076        11    6      30146        20
6703 30076        12    3      30146        20
6704 30078         2    1      30148        20
6705 30087        15    7      30157        20
6706 30093         7    7      30163        20
6707 30101        11    7      30171        20
6708 30106         2    6      30236        10
6709 30114         8    7      30184        20
6710 30119        13    3      30189        20
6711 30126        10    3      30196        20
6712 30130         0    8      30200        20
6713 30133        15    8      30203        20
6714 30141         8    4      30211        20
6715 30142         9    9      30242         5
6716 30145        12    0      30215        20
6717 30151         0    7      30251         5
6718 30157        15    3      30227        20
6719 30159         8    4      30229        20
6720 30163         7    1      30233        20
6721 30167         2    9      30237        20
6722 30171         7    3      30271         5
6723 30175         1    5      30275         5
6724 30181         2    2      30281         5
6725 30185        14    1      30315        10
6726 30186        10    9      30256        20
6727 30189         5    0      30259        20
6728 30195         3    1      30265        20
6729 30199         1    9      30269        20
6730 30208         7    7      30338        10
6731 30211         5    1      30341        10
6732 30220        10    8      30320         5
6733 30222        15    4      30292        20
6734 30230        11    6      30360        10
6735 30239         2    9      30309        20
6736 30247         3    3      30377        10
6737 30255        10    0      30325        20
6738 30257         1    9      30327        20
6739 30257         5    4      30327        20
6740 30265        12    5      30335        20
6741 30271         3    1      30341        20
6742 30271         5    2      30371         5
6743 30274         3    5      30344        20
6744 30275         8    2      30345        20
6745 30277         0    5      30377         5
6746 30282        15    4      30352        20
6747 30284        11    4      30414        10
6748 30286         4    5      30356        20
6749 30295        14    5      30395         5
6750 30300        13    5      30370        20
6751 30302         1    9      30372        20
6752 30306        10    4      30406         5
6753 30312         8    8      30412         5
6754 30312         1    7      30382        20
6755 30320         0    1      30390        20
6756 30328         5    1      30428         5
6757 30329         8    8      30399        20
6758 30334        13    4      30404        20
6759 30336        10    0      30466        10
6760 30340         4    6      30410        20
6761 30341        13    3      30441         5
6762 30342        12    8      30412        20
6763 30348         4    9      30448         5
6764 30353         1    1      30423        20
6765 30357        14    6      30427        20
6766 30358         2    5      30428        20
6767 30366         0    2      30436        20
6768 30369         3    7      30439        20
6769 30373        13    6      30443        20
6770 30377         6    0      30477         5
6771 30378         9    0      30448        20
6772 30381         1    4      30481         5
6773 30381        14    2      30451        20
6774 30388        14    1      30458        20
6775 30394         6    4      30524        10
6776 30395        10    3      30525        10
6777 30399        10    7      30469        20
6778 30405        11    2      30505         5
6779 30406         8    3      30476        20
6780 30407         3    3      30477        20
6781 30416        15    9      30516         5
6782 30425         7    8      30495        20
6783 30427         6    6      30527         5
6784 30436         1    8      30506        20
6785 30443        10    3      30513        20
6786 30452        12    9      30582        10
6787 30461        11    7      30561         5
6788 30466         7    0      30536        20
6789 30467         7    2      30537        20
6790 30474         6    1      30544        20
6791 30475        14    1      30545        20
6792 30482         1    3      30552        20
6793 30483         7    2      30553        20
6794 30483        10    2      30583         5
6795 30490         2    5      30620        10
6796 30496         2    9      30566        20
6797 30497         2    7      30597         5
6798 30500         8    1      30600         5
6799 30509        14    2      30579        20
6800 30509        10    9      30579        20
6801 30512        15    7      30582        20
6802 30513        15    0      30583        20
6803 30515        15    3      30585        20
6804 30520        11    3      30590        20
6805 30521         2    7      30621         5
6806 30525         0    6      30595        20
6807 30529        12    6      30599        20
6808 30533        14    3      30603        20
6809 30536         5    3      30606        20
6810 30538         6    7      30608        20
6811 30540        10    9      30610        20
6812 30546         1    2      30646         5
6813 30549         9    8      30619        20
6814 30551         3    7      30681        10
6815 30556         0    0      30626        20
6816 30565         3    5      30635        20
6817 30573        14    8      30643        20
6818 30581        14    9      30651        20
6819 30585        13    7      30655        20
6820 30588         2    7      30658        20
6821 30595         1    9      30695         5
6822 30598        11    7      30668        20
6823 30605         8    3      30675        20
6824 30611         4    7      30681        20
6825 30617         5    0      30687        20
6826 30619        10    2      30719         5
6827 30620         8    0      30690        20
6828 30629         5    8      30699        20
6829 30636         5    6      30736         5
6830 30636         5    7      30706        20
6831 30639         5    6      30709        20
6832 30643         0    7      30713        20
6833 30651         8    4      30721        20
6834 30660         4    0      30730        20
6835 30664        14    1      30734        20
6836 30666         2    8      30766         5
6837 30668         5    8      30768         5
6838 30669         3    8      30769         5
6839 30672        12    2      30742        20
6840 30676        10    9      30746        20
6841 30684         8    8      30814        10
6842 30693         6    1      30763        20
6843 30697         6    3      30767        20
6844 30697         4    6      30797         5
6845 30706         6    8      30776        20
6846 30707        11    6      30807         5
6847 30707         6    7      30777        20
6848 30709         8    9      30779        20
6849 30710        13    7      30780        20
6850 30719        15    6      30849        10
6851 30726        12    5      30796        20
6852 30729        14    5      30799        20
6853 30736        15    9      30836         5
6854 30741         5    0      30811        20
6855 30741         1    7      30841         5
6856 30741         4    4      30811        20
6857 30743         0    4      30873        10
6858 30743         5    3      30813        20
6859 30744        14    2      30814        20
6860 30747         3    2      30817        20
6861 30755        13    2      30825        20
6862 30757         1    4      30827        20
6863 30758        13    1      30828        20
6864 30765        14    8      30865         5
6865 30770        15    2      30840        20
6866 30770        13    8      30840        20
6867 30776        15    2      30846        20
6868 30778        12    2      30878         5
6869 30781         0    0      30851        20
6870 30782        15    3      30852        20
6871 30789        15    5      30919        10
6872 30794         8    1      30864        20
6873 30794        13    4      30924        10
6874 30803         4    4      30873        20
6875 30812         7    2      30882        20
6876 30812         6    8      30942        10
6877 30820        12    6      30950        10
6878 30825         5    4      30895        20
6879 30829         1    9      30899        20
6880 30837         8    1      30907        20
6881 30845         0    1      30915        20
6882 30849         9    1      30979        10
6883 30853         0    3      30983        10
6884 30857         2    8      30927        20
6885 30861         9    6      30931        20
6886 30861        12    0      30931        20
6887 30868         0    1      30938        20
6888 30877        10    2      31007        10
6889 30877         1    3      30977         5
6890 30880         0    7      30950        20
6891 30884        11    0      30984         5
6892 30884         3    1      30954        20
6893 30891         4    4      30961        20
6894 30894         3    5      30964        20
6895 30900        13    1      30970        20
6896 30908        11    3      31008         5
6897 30914        14    8      30984        20
6898 30914         1    3      30984        20
6899 30923         9    6      30993        20
6900 30925         3    8      30995        20
6901 30930        12    5      31000        20
6902 30932        11    2      31002        20
6903 30932        13    3      31002        20
6904 30939        15    5      31039         5
6905 30942        11    2      31042         5
6906 30946         7    1      31016        20
6907 30946         3    5      31046         5
6908 30954        14    0      31024        20
6909 30958         5    4      31028        20
6910 30962         9    8      31092        10
6911 30968         9    0      31038        20
6912 30976        12    6      31046        20
6913 30983        13    5      31053        20
6914 30991         3    1      31061        20
6915 30999         2    1      31069        20
6916 31007         6    8      31137        10
6917 31016         8    2      31116         5
6918 31023         8    7      31093        20
6919 31025        14    2      31095        20
6920 31025        13    7      31095        20
6921 31029        14    2      31099        20
6922 31036         6    0      31106        20
6923 31039         7    0      31109        20
6924 31043        13    5      31113        20
6925 31043         1    8      31113        20
6926 31051         4    8      31121        20
6927 31060        13    6      31190        10
6928 31060         0    2      31190        10
6929 31061        12    9      31131        20
6930 31063        10    8      31133        20
6931 31069         5    5      31139        20
6932 31070        14    6      31170         5
6933 31076        15    0      31176         5
6934 31080         0    4      31150        20
6935 31081        13    1      31181         5
6936 31082         8    8      31182         5
6937 31086        10    3      31156        20
6938 31089         9    1      31189         5
6939 31093         2    6      31163        20
6940 31095         5    4      31195         5
6941 31096         8    9      31166        20
6942 31104         1    2      31174        20
6943 31106         5    2      31176        20
6944 31107        11    2      31177        20
6945 31115        14    4      31185        20
6946 31116         4    6      31216         5
6947 31123        10    2      31193        20
6948 31127         2    4      31197        20
6949 31135         2    0      31205        20
6950 31139         1    5      31209        20
6951 31146         2    8      31216        20
6952 31153         5    0      31223        20
6953 31157         1    0      31227        20
6954 31159        14    7      31289        10
6955 31162        12    9      31232        20
6956 31162        10    0      31232        20
6957 31164        11    1      31234        20
6958 31170        12    3      31240        20
6959 31173         7    5      31243        20
6960 31180         4    0      31250        20
6961 31184         1    0      31254        20
6962 31186        14    5      31286         5
6963 31186        10    6      31256        20
6964 31191         6    6      31261        20
6965 31195         3    3      31265        20
6966 31199         6    9      31269        20
6967 31207         7    1      31277        20
6968 31207        10    6      31277        20
6969 31208         2    4      31308         5
6970 31209         0    8      31279        20
6971 31215        13    4      31285        20
6972 31215         2    5      31285        20
6973 31215        12    6      31285        20
6974 31224         3    7      31354        10
6975 31233        13    6      31303        20
6976 31233        14    1      31303        20
6977 31234         9    8      31304        20
6978 31237         5    6      31337         5
6979 31243        15    4      31313        20
6980 31250        15    0      31320        20
6981 31250         1    3      31350         5
6982 31251        14    0      31321        20
6983 31260         5    4      31330        20
6984 31269        11    0      31339        20
6985 31278         0    3      31348        20
6986 31286        15    3      31386         5
6987 31286        15    1      31356        20
6988 31295         1    4      31365        20
6989 31299        12    3      31369        20
6990 31299         3    3      31369        20
6991 31306         1    4      31376        20
6992 31314        15    4      31384        20
6993 31318         6    0      31418         5
6994 31326         6    7      31426         5
6995 31335         1    1      31405        20
6996 31340         2    2      31440         5
6997 31347        14    3      31417        20
6998 31351         5    4      31451         5
6999 31353         5    9      31423        20
7000 31362        13    9      31462         5
7001 31362        11    0      31432        20
7002 31369         6    5      31469         5
7003 31378        12    3      31448        20
7004 31382        13    9      31452        20
7005 31384        11    1      31454        20
7006 31385         9    4      31515        10
7007 31391        10    1      31461        20
7008 31394        12    7      31494         5
7009 31403         8    4      31473        20
7010 31412        14    2      31482        20
7011 31420        10    2      31490        20
7012 31421         4    3      31551        10
7013 31421        11    6      31491        20
7014 31421         8    9      31491        20
7015 31422        15    6      31552        10
7016 31425         5    2      31495        20
7017 31426         5    8      31496        20
7018 31432         2    2      31502        20
7019 31439        11    5      31509        20
7020 31446        10    7      31516        20
7021 31452        11    8      31522        20
7022 31454         1    9      31524        20
7023 31459         3    2      31529        20
7024 31466         9    7      31536        20
7025 31475         1    2      31545        20
7026 31484        10    6      31614        10
7027 31492         2    5      31592         5
7028 31492        10    5      31562        20
7029 31493        10    3      31563        20
7030 31496         5    3      31596         5
7031 31503        12    3      31573        20
7032 31505         9    6      31575        20
7033 31514        14    6      31584        20
7034 31514         1    3      31584        20
7035 31522         6    4      31592        20
7036 31525        14    2      31595        20
7037 31529        12    9      31599        20
7038 31531         9    1      31601        20
7039 31539         4    7      31609        20
7040 31544        13    3      31614        20
7041 31546         2    3      31616        20
7042 31553         7    3      31623        20
7043 31561         2    0      31691        10
7044 31566         9    4      31696        10
7045 31571        10    5      31641        20
7046 31574         7    5      31644        20
7047 31579         7    7      31649        20
7048 31586        14    3      31656        20
7049 31586         7    0      31656        20
7050 31592        15    1      31662        20
7051 31599         6    1      31669        20
7052 31604        14    9      31704         5
7053 31610         0    7      31680        20
7054 31619        13    1      31689        20
7055 31625         6    5      31695        20
7056 31626        11    7      31696        20
7057 31634        11    7      31704        20
7058 31643         1    7      31773        10
7059 31648         4    9      31718        20
7060 31656         6    8      31726        20
7061 31656        14    3      31726        20
7062 31665        13    3      31735        20
7063 31670         7    7      31740        20
7064 31671         7    6      31771         5
7065 31673         1    7      31743        20
7066 31676        10    9      31746        20
7067 31676         4    5      31746        20
7068 31678        14    1      31808        10
7069 31687         7    0      31757        20
7070 31693        12    5      31823        10
7071 31697         2    5      31767        20
7072 31701         9    4      31771        20
7073 31702        14    4      31772        20
7074 31707         7    4      31777        20
7075 31708         0    1      31838        10
7076 31714         7    6      31814         5
7077 31714         5    9      31784        20
7078 31715         3    3      31785        20
7079 31721         5    1      31791        20
7080 31729        11    4      31829         5
7081 31729        13    6      31799        20
7082 31735        14    7      31805        20
7083 31740         8    1      31810        20
7084 31742         4    1      31812        20
7085 31749         3    7      31849         5
7086 31752         1    4      31822        20
7087 31757         1    8      31827        20
7088 31764        12    5      31834        20
7089 31764        12    7      31864         5
7090 31767         5    1      31837        20
7091 31772        15    3      31842        20
7092 31779        15    1      31849        20
7093 31779         1    6      31909        10
7094 31779         6    9      31849        20
7095 31788        12    0      31858        20
7096 31789        14    4      31859        20
7097 31796        13    9      31866        20
7098 31797         8    3      31867        20
7099 31800        13    5      31870        20
7100 31802         4    6      31902         5
7101 31803         4    5      31873        20
7102 31808         9    2      31908         5
7103 31810        13    9      31910         5
7104 31812         9    0      31882        20
7105 31817         6    6      31887        20
7106 31823         7    9      31893        20
7107 31824        11    9      31894        20
7108 31824         4    3      31924         5
7109 31833         4    9      31933         5
7110 31836         4    1      31906        20
7111 31836         2    7      31906        20
7112 31839         6    2      31909        20
7113 31847         1    7      31917        20
7114 31854         6    4      31924        20
7115 31854        10    9      31924        20
7116 31854         4    6      31924        20
7117 31863        12    4      31933        20
7118 31869         3    9      31939        20
7119 31874        13    5      32004        10
7120 31877         4    5      31947        20
7121 31886        13    1      31956        20
7122 31890        12    7      31990         5
7123 31896        13    1      31966        20
7124 31898        12    0      32028        10
7125 31904        13    0      31974        20
7126 31909         8    7      32009         5
7127 31909         3    2      31979        20
7128 31914         7    4      32014         5
7129 31918        11    5      31988        20
7130 31923         5    9      31993        20
7131 31929        10    9      32029         5
7132 31935         9    6      32035         5
7133 31935        11    8      32005        20
7134 31940        10    3      32010        20
7135 31941        12    5      32041         5
7136 31946         4    3      32016        20
7137 31950         1    9      32020        20
7138 31956         0    8      32056         5
7139 31959        12    5      32089        10
7140 31966        11    1      32036        20
7141 31969        15    4      32099        10
7142 31970         1    3      32040        20
7143 31975         6    1      32075         5
7144 31979         6    2      32049        20
7145 31987        10    4      32087         5
7146 31991         1    9      32061        20
7147 31998         4    5      32128        10
7148 32004         7    0      32074        20
7149 32009         3    4      32079        20
7150 32012        12    6      32142        10
7151 32019         2    2      32089        20
7152 32022        12    3      32092        20
7153 32023         4    4      32093        20
7154 32024        15    1      32094        20
7155 32027         3    9      32097        20
7156 32035         5    1      32105        20
7157 32041         9    0      32111        20
7158 32041        11    4      32111        20
7159 32045         5    8      32145         5
7160 32051         8    4      32121        20
7161 32051         1    9      32121        20
7162 32053         7    6      32123        20
7163 32055         2    1      32155         5
7164 32061         3    3      32131        20
7165 32062         4    0      32132        20
7166 32070         5    3      32140        20
7167 32079         8    1      32149        20
7168 32081         2    7      32181         5
7169 32085         7    4      32155        20
7170 32087         8    7      32157        20
7171 32090        11    5      32160        20
7172 32090         1    6      32160        20
7173 32096        13    7      32196         5
7174 32099         3    0      32199         5
7175 32107         9    0      32177        20
7176 32115         3    5      32185        20
7177 32115         0    4      32185        20
7178 32122         5    1      32192        20
7179 32127        13    7      32227         5
7180 32128         4    5      32198        20
7181 32133         0    6      32233         5
7182 32137         3    2      32267        10
7183 32141         7    7      32211        20
7184 32149        11    0      32219        20
7185 32149        11    9      32219        20
7186 32149         6    7      32219        20
7187 32158        12    5      32228        20
7188 32158         3    4      32258         5
7189 32161        13    6      32261         5
7190 32162         7    7      32232        20
7191 32163        10    9      32233        20
7192 32170        11    6      32240        20
7193 32171         9    8      32271         5
7194 32171         7    3      32241        20
7195 32173        14    4      32243        20
7196 32179        12    9      32279         5
7197 32187         8    8      32257        20
7198 32190         3    8      32260        20
7199 32195         9    9      32265        20
7200 32202        12    8      32272        20
7201 32203         0    7      32303         5
7202 32211         7    0      32281        20
7203 32211        15    6      32281        20
7204 32215         0    9      32285        20
7205 32215         8    4      32315         5
7206 32223         2    3      32293        20
7207 32225         1    4      32295        20
7208 32227         6    9      32297        20
7209 32230        11    8      32360        10
7210 32234        11    6      32334         5
7211 32234        14    5      32304        20
7212 32241         3    8      32311        20
7213 32241        11    6      32371        10
7214 32248         2    8      32318        20
7215 32249         5    7      32319        20
7216 32255         9    4      32385        10
7217 32257         8    7      32387        10
7218 32260         9    3      32330        20
7219 32264        14    0      32334        20
7220 32269        13    0      32339        20
7221 32269         1    9      32339        20
7222 32276         3    0      32346        20
7223 32280         9    1      32350        20
7224 32286         8    4      32356        20
7225 32287         9    8      32387         5
7226 32290        13    9      32390         5
7227 32293         6    8      32363        20
7228 32299        12    1      32369        20
7229 32306        13    7      32376        20
7230 32313        12    1      32443        10
7231 32322         6    6      32452        10
7232 32324         9    9      32394        20
7233 32333         4    9      32403        20
7234 32339         7    9      32439         5
7235 32343         1    0      32413        20
7236 32345        15    7      32415        20
7237 32346         7    0      32446         5
7238 32348         6    5      32418        20
7239 32356         9    1      32426        20
7240 32356         6    8      32426        20
7241 32359         3    5      32459         5
7242 32360        11    0      32460         5
7243 32369        14    0      32439        20
7244 32376        12    9      32446        20
7245 32382        13    1      32452        20
7246 32382        15    8      32452        20
7247 32387         3    8      32457        20
7248 32390        15    5      32460        20
7249 32396         5    9      32466        20
7250 32396        15    7      32466        20
7251 32401         1    6      32501         5
7252 32408        11    8      32508         5
7253 32411        13    8      32481        20
7254 32420         9    6      32490        20
7255 32427        11    8      32497        20
7256 32430         6    5      32530         5
7257 32430        11    8      32500        20
7258 32432         1    6      32502        20
7259 32440         1    8      32510        20
7260 32447         9    5      32517        20
7261 32455        12    8      32555         5
7262 32463         8    8      32533        20
7263 32467         7    0      32537        20
7264 32471         1    9      32601        10
7265 32480        11    8      32550        20
7266 32481        14    9      32551        20
7267 32487         8    8      32617        10
7268 32492         7    9      32592         5
7269 32493         3    1      32563        20
7270 32502         7    9      32572        20
7271 32505         7    9      32575        20
7272 32513        11    2      32583        20
7273 32513         1    5      32583        20
7274 32514        12    4      32584        20
7275 32517         6    4      32617         5
7276 32522         8    4      32622         5
7277 32525        12    9      32595        20
7278 32529         3    5      32599        20
7279 32532        10    1      32662        10
7280 32533         4    6      32603        20
7281 32538         9    2      32608        20
7282 32544         2    1      32674        10
7283 32544        14    1      32614        20
7284 32548         6    2      32618        20
7285 32552         9    0      32652         5
7286 32557        15    8      32627        20
7287 32558         7    4      32628        20
7288 32567        13    9      32637        20
7289 32573         6    5      32643        20
7290 32574        10    2      32644        20
7291 32582         7    0      32682         5
7292 32588        13    4      32688         5
7293 32595        14    7      32725        10
7294 32601        15    0      32671        20
7295 32602         5    6      32702         5
7296 32604        12    8      32704         5
7297 32611        14    3      32711         5
7298 32616         6    1      32746        10
7299 32625        13    8      32695        20
7300 32626        15    1      32726         5
7301 32634         2    8      32704        20
7302 32634        13    5      32704        20
7303 32643         3    4      32713        20
7304 32650        14    8      32750         5
7305 32654        11    5      32724        20
7306 32661         8    3      32791        10
7307 32662        14    5      32732        20
7308 32666        14    3      32736        20
7309 32673         2    4      32773         5
7310 32679         6    4      32749        20
7311 32686         2    5      32756        20
7312 32691         0    3      32791         5
7313 32692        11    4      32762        20
7314 32692         8    8      32822        10
7315 32692        13    9      32792         5
7316 32695         5    8      32795         5
7317 32695        13    6      32765        20
7318 32696        14    6      32766        20
7319 32699         6    3      32769        20
7320 32700         5    6      32770        20
7321 32705         1    7      32805         5
7322 32709         1    2      32779        20
7323 32717         2    1      32787        20
7324 32719         0    4      32789        20
7325 32721         9    1      32821         5
7326 32725         8    2      32825         5
7327 32727         8    5      32797        20
7328 32731         3    4      32861        10
7329 32731         3    3      32831         5
7330 32740         5    0      32810        20
7331 32741         7    9      32811        20
7332 32741        15    0      32871        10
7333 32741        13    3      32811        20
7334 32746        15    9      32816        20
7335 32748         6    2      32818        20
7336 32748         6    5      32818        20
7337 32755        10    8      32825        20
7338 32761         5    8      32831        20
7339 32767        13    9      32837        20
7340 32772         7    7      32842        20
7341 32777         5    4      32847        20
7342 32779         0    1      32909        10
7343 32785         2    0      32855        20
7344 32791        11    2      32861        20
7345 32794         5    6      32864        20
7346 32803        10    5      32873        20
7347 32806         5    2      32876        20
7348 32807         0    7      32877        20
7349 32813         2    6      32883        20
7350 32822        13    8      32892        20
7351 32826        15    0      32926         5
7352 32827         6    6      32957        10
7353 32828         6    9      32898        20
7354 32836        15    1      32936         5
7355 32842         7    6      32942         5
7356 32847         8    1      32917        20
7357 32852         7    9      32922        20
7358 32854        12    1      32924        20
7359 32859         7    5      32989        10
7360 32862        13    4      32932        20
7361 32870         3    7      32940        20
7362 32871         3    6      32941        20
7363 32871        15    4      32941        20
7364 32874        15    4      32974         5
7365 32877        12    5      33007        10
7366 32886         6    4      32986         5
7367 32891         8    7      32961        20
7368 32895        11    5      32965        20
7369 32903         6    1      32973        20
7370 32908        12    6      33038        10
7371 32911        11    0      32981        20
7372 32917         9    5      32987        20
7373 32926        15    5      33026         5
7374 32930         9    8      33060        10
7375 32933         2    8      33003        20
7376 32937        14    8      33007        20
7377 32944        14    4      33014        20
7378 32945        15    7      33015        20
7379 32953        15    6      33023        20
7380 32958         0    7      33058         5
7381 32958        14    5      33088        10
7382 32967         6    3      33037        20
7383 32976        11    0      33046        20
7384 32977         9    2      33077         5
7385 32978        12    3      33048        20
7386 32985        10    8      33055        20
7387 32990         1    8      33060        20
7388 32995        15    4      33065        20
7389 33002        14    8      33072        20
7390 33006         3    7      33076        20
7391 33013        11    6      33113         5
7392 33015         3    6      33085        20
7393 33021         7    2      33121         5
7394 33026        10    8      33096        20
7395 33029        13    6      33099        20
7396 33038         8    5      33108        20
7397 33040         8    1      33140         5
7398 33048        10    5      33178        10
7399 33054         0    4      33184        10
7400 33057         6    2      33127        20
7401 33059         8    1      33129        20
7402 33063         5    9      33163         5
7403 33068         1    0      33138        20
7404 33068        14    7      33138        20
7405 33074         6    2      33144        20
7406 33076         8    2      33146        20
7407 33077        11    9      33177         5
7408 33086         0    1      33156        20
7409 33093        14    8      33163        20
7410 33102         1    4      33172        20
7411 33106         2    1      33236        10
7412 33109        12    6      33209         5
7413 33116        10    5      33216         5
7414 33116        15    8      33216         5
7415 33119         2    3      33249        10
7416 33121         6    9      33191        20
7417 33127        11    0      33197        20
7418 33129        10    8      33199        20
7419 33136         6    0      33236         5
7420 33141        12    7      33271        10
7421 33145         8    8      33215        20
7422 33150         5    2      33220        20
7423 33150        12    6      33220        20
7424 33159        12    0      33259         5
7425 33165         5    8      33235        20
7426 33167         1    6      33267         5
7427 33171         8    0      33241        20
7428 33179         1    2      33249        20
7429 33180         7    4      33250        20
7430 33186         3    0      33256        20
7431 33190         7    5      33260        20
7432 33195        14    4      33265        20
7433 33196         6    9      33266        20
7434 33205         7    3      33275        20
7435 33208         7    3      33338        10
7436 33217        14    3      33287        20
7437 33224         4    6      33324         5
7438 33227         6    8      33357        10
7439 33236         5    7      33306        20
7440 33237        10    0      33307        20
7441 33240        13    9      33370        10
7442 33243         6    8      33313        20
7443 33249         7    7      33319        20
7444 33252        12    9      33352         5
7445 33261        15    5      33331        20
7446 33262         1    6      33332        20
7447 33269        11    2      33339        20
7448 33275         3    8      33345        20
7449 33283        11    2      33353        20
7450 33284         9    9      33354        20
7451 33288        14    2      33388         5
7452 33288         8    6      33358        20
7453 33292        12    9      33362        20
7454 33301         9    5      33371        20
7455 33304         1    1      33374        20
7456 33312         0    9      33382        20
7457 33318         7    4      33388        20
7458 33318        15    9      33388        20
7459 33324         8    4      33394        20
7460 33327         2    9      33397        20
7461 33330         2    3      33400        20
7462 33332         8    4      33432         5
7463 33338         5    2      33438         5
7464 33344        11    0      33474        10
7465 33352        10    4      33422        20
7466 33354        12    1      33424        20
7467 33358         4    9      33428        20
7468 33362         0    7      33462         5
7469 33366         0    9      33436        20
7470 33375        11    1      33475         5
7471 33375         7    6      33475         5
7472 33376         3    5      33476         5
7473 33383         3    0      33483         5
7474 33384         7    2      33454        20
7475 33391         5    6      33491         5
7476 33396         8    8      33466        20
7477 33396         3    9      33466        20
7478 33400         4    2      33470        20
7479 33403        14    7      33473        20
7480 33406        10    6      33536        10
7481 33408         4    6      33508         5
7482 33412        13    7      33482        20
7483 33415         2    9      33485        20
7484 33422        10    8      33492        20
7485 33425         1    7      33495        20
7486 33429         9    7      33499        20
7487 33434         2    0      33504        20
7488 33438         7    9      33568        10
7489 33445         3    4      33515        20
7490 33446        13    8      33516        20
7491 33446         6    3      33576        10
7492 33447         4    6      33577        10
7493 33450         2    4      33550         5
7494 33456         3    1      33586        10
7495 33463         1    3      33593        10
7496 33470         5    3      33540        20
7497 33479        10    2      33579         5
7498 33484        10    0      33584         5
7499 33492         1    9      33562        20
7500 33494        12    6      33564        20
7501 33503         1    6      33603         5
7502 33509        15    0      33579        20
7503 33518        10    8      33588        20
7504 33527         3    6      33597        20
7505 33527         8    9      33597        20
7506 33533        13    7      33603        20
7507 33538         5    5      33608        20
7508 33541         9    4      33611        20
7509 33543         0    2      33643         5
7510 33546         0    2      33616        20
7511 33546         4    8      33616        20
7512 33553         2    2      33623        20
7513 33553        14    5      33683        10
7514 33553         0    1      33653         5
7515 33554        10    7      33624        20
7516 33556        10    7      33626        20
7517 33563         1    4      33693        10
7518 33572        11    1      33642        20
7519 33575         8    3      33645        20
7520 33579        10    7      33649        20
7521 33580         3    0      33680         5
7522 33584         3    3      33714        10
7523 33585        10    9      33685         5
7524 33593        14    4      33693         5
7525 33593        14    8      33663        20
7526 33593        10    4      33663        20
7527 33593         3    4      33663        20
7528 33599         5    2      33699         5
7529 33607         0    4      33707         5
7530 33608        10    2      33738        10
7531 33616         5    1      33716         5
7532 33622        10    1      33722         5
7533 33624         1    3      33694        20
7534 33627        10    7      33697        20
7535 33629         6    6      33729         5
7536 33634         2    0      33704        20
7537 33634         4    2      33704        20
7538 33640        13    0      33740         5
7539 33643        15    2      33713        20
7540 33644         6    7      33714        20
7541 33651        12    9      33721        20
7542 33656        13    8      33726        20
7543 33659         5    1      33729        20
7544 33668         4    3      33738        20
7545 33670         1    0      33770         5
7546 33679         8    0      33749        20
7547 33683        13    5      33753        20
7548 33684         0    3      33754        20
7549 33686         3    3      33786         5
7550 33686         8    5      33756        20
7551 33694        11    9      33824        10
7552 33699         0    9      33799         5
7553 33708        14    1      33808         5
7554 33713         9    3      33783        20
7555 33715        11    6      33785        20
7556 33716         8    9      33816         5
7557 33723        13    8      33793        20
7558 33726         6    2      33796        20
7559 33733         4    7      33803        20
7560 33734         2    0      33804        20
7561 33743         3    8      33813        20
7562 33748         4    6      33818        20
7563 33753         9    7      33883        10
7564 33753         2    8      33853         5
7565 33756         7    2      33826        20
7566 33759         3    0      33829        20
7567 33761         2    2      33861         5
7568 33763         9    5      33833        20
7569 33767         0    8      33837        20
7570 33772         2    9      33872         5
7571 33773        10    6      33843        20
7572 33777         8    1      33847        20
7573 33782         1    6      33852        20
7574 33784         2    7      33854        20
7575 33793         9    0      33863        20
7576 33797         6    6      33897         5
7577 33805         6    6      33935        10
7578 33810        13    8      33880        20
7579 33817         4    5      33887        20
7580 33819         5    5      33889        20
7581 33821        15    6      33891        20
7582 33821         8    4      33891        20
7583 33826         2    8      33896        20
7584 33828         2    5      33958        10
7585 33830        11    0      33900        20
7586 33836         6    0      33906        20
7587 33840         2    2      33910        20
7588 33845        11    7      33975        10
7589 33847         9    5      33917        20
7590 33851        15    7      33921        20
7591 33854        12    4      33924        20
7592 33857         5    2      33927        20
7593 33861        11    1      33931        20
7594 33869         0    7      33939        20
7595 33875         5    1      33975         5
7596 33881        13    7      33981         5
7597 33890        11    8      33960        20
7598 33890         4    8      33960        20
7599 33892         6    6      33962        20
7600 33893        15    3      33963        20
7601 33894         2    7      33964        20
7602 33903         2    1      33973        20
7603 33906        14    0      33976        20
7604 33913         6    1      34013         5
7605 33917         6    4      33987        20
7606 33923         8    6      33993        20
7607 33926         6    4      33996        20
7608 33928         3    6      34058        10
7609 33928         3    7      34028         5
7610 33929         9    0      33999        20
7611 33935         6    0      34065        10
7612 33936         0    3      34006        20
7613 33943        13    4      34013        20
7614 33944         3    9      34014        20
7615 33953         6    5      34023        20
7616 33954         6    4      34054         5
7617 33954         4    9      34024        20
7618 33958         4    7      34028        20
7619 33962         7    1      34062         5
7620 33964        14    1      34064         5
7621 33970         9    6      34040        20
7622 33972        12    8      34042        20
7623 33974         2    3      34074         5
7624 33976         5    3      34046        20
7625 33984         0    3      34084         5
7626 33984         6    3      34054        20
7627 33992         0    3      34092         5
7628 33996         3    2      34066        20
7629 34003         5    8      34073        20
7630 34007         3    6      34077        20
7631 34008        11    6      34108         5
7632 34014        12    5      34084        20
7633 34021         3    2      34091        20
7634 34026         7    9      34126         5
7635 34034         5    3      34104        20
7636 34039         8    9      34139         5
7637 34044         3    3      34114        20
7638 34046         7    1      34116        20
7639 34048         7    1      34148         5
7640 34056         0    7      34126        20
7641 34061         1    4      34131        20
7642 34070         3    9      34140        20
7643 34076        12    1      34176         5
7644 34084        10    0      34154        20
7645 34088         5    5      34158        20
7646 34089         0    4      34159        20
7647 34092        14    0      34162        20
7648 34094         6    8      34164        20
7649 34103         0    4      34173        20
7650 34104         9    3      34174        20
7651 34105         1    3      34175        20
7652 34107         9    3      34177        20
7653 34111         5    6      34181        20
7654 34118         7    0      34218         5
7655 34123        15    9      34193        20
7656 34130        10    8      34200        20
7657 34135         9    2      34205        20
7658 34136        13    7      34206        20
7659 34144         3    5      34244         5
7660 34148        10    0      34218        20
7661 34153        13    0      34253         5
7662 34155         9    4      34225        20
7663 34163         9    2      34233        20
7664 34168         9    8      34268         5
7665 34176        12    4      34306        10
7666 34176         7    7      34246        20
7667 34185         4    6      34255        20
7668 34185         6    5      34285         5
7669 34189         0    4      34289         5
7670 34191         7    9      34261        20
7671 34194         2    2      34264        20
7672 34199         7    9      34269        20
7673 34200         9    9      34300         5
7674 34205         2    9      34305         5
7675 34210        13    8      34310         5
7676 34216         9    2      34286        20
7677 34223        15    9      34293        20
7678 34232         9    7      34302        20
7679 34241         3    3      34311        20
7680 34241        10    7      34311        20
7681 34248         7    2      34318        20
7682 34248        14    2      34318        20
7683 34257         8    4      34327        20
7684 34259         4    8      34329        20
7685 34265         5    2      34335        20
7686 34266         6    2      34366         5
7687 34266        10    4      34336        20
7688 34275        12    6      34375         5
7689 34275         0    2      34345        20
7690 34275        14    0      34345        20
7691 34282         5    3      34352        20
7692 34288        12    9      34358        20
7693 34296        12    1      34396         5
7694 34296        13    7      34366        20
7695 34296         7    0      34366        20
7696 34303        13    2      34373        20
7697 34309         3    2      34379        20
7698 34313        11    2      34413         5
7699 34316         6    5      34386        20
7700 34318         9    4      34388        20
7701 34324         5    3      34394        20
7702 34328         0    3      34428         5
7703 34330         0    2      34430         5
7704 34339        15    3      34409        20
7705 34342         1    2      34412        20
7706 34342        15    6      34412        20
7707 34350         2    6      34420        20
7708 34358         7    5      34458         5
7709 34359         3    5      34429        20
7710 34366         4    7      34436        20
7711 34368        13    5      34468         5
7712 34374         8    8      34444        20
7713 34376         1    3      34446        20
7714 34383        10    3      34483         5
7715 34384         5    4      34454        20
7716 34387         8    4      34517        10
7717 34394         1    5      34464        20
7718 34394         2    4      34464        20
7719 34402        12    7      34502         5
7720 34404         4    3      34474        20
7721 34413        13    6      34483        20
7722 34420         1    4      34550        10
7723 34423        14    4      34523         5
7724 34424         0    3      34494        20
7725 34424         8    5      34494        20
7726 34428         9    6      34498        20
7727 34430        14    8      34500        20
7728 34431         0    1      34501        20
7729 34438         2    9      34508        20
7730 34445        10    4      34545         5
7731 34450         1    1      34580        10
7732 34454         8    4      34524        20
7733 34454        10    1      34524        20
7734 34459         9    5      34589        10
7735 34459         8    7      34529        20
7736 34462         0    1      34532        20
7737 34464         3    6      34534        20
7738 34470         2    3      34540        20
7739 34476         3    1      34576         5
7740 34485        12    0      34555        20
7741 34490        10    4      34560        20
7742 34491        10    3      34561        20
7743 34494         3    4      34594         5
7744 34500        10    9      34570        20
7745 34508         6    2      34578        20
7746 34508         7    3      34578        20
7747 34508         0    9      34578        20
7748 34516        12    7      34616         5
7749 34517         1    4      34587        20
7750 34519         3    2      34589        20
7751 34527        12    9      34627         5
7752 34528         9    1      34598        20
7753 34531         6    0      34601        20
7754 34539        14    1      34669        10
7755 34542         8    8      34612        20
7756 34544        15    5      34614        20
7757 34549        10    2      34619        20
7758 34553         3    9      34623        20
7759 34560         5    0      34660         5
7760 34560        11    7      34630        20
7761 34563        15    4      34633        20
7762 34572        14    1      34642        20
7763 34577        13    4      34677         5
7764 34582        11    5      34712        10
7765 34590         7    1      34690         5
7766 34590        12    8      34660        20
7767 34599         2    6      34669        20
7768 34600         3    3      34670        20
7769 34606         6    0      34676        20
7770 34610         2    9      34680        20
7771 34610         7    6      34680        20
7772 34611        14    1      34681        20
7773 34616        10    2      34686        20
7774 34622         2    4      34692        20
7775 34629        13    5      34699        20
7776 34636         7    0      34736         5
7777 34637        14    5      34707        20
7778 34639        11    0      34739         5
7779 34644         0    6      34714        20
7780 34646         9    6      34746         5
7781 34648        13    5      34778        10
7782 34654         1    5      34724        20
7783 34656         3    5      34726        20
7784 34657         3    9      34727        20
7785 34661         4    8      34731        20
7786 34665        12    8      34735        20
7787 34673         9    6      34773         5
7788 34681         0    5      34751        20
7789 34688        11    9      34758        20
7790 34695         4    2      34825        10
7791 34699         5    5      34769        20
7792 34708         5    0      34778        20
7793 34714         4    6      34784        20
7794 34715        13    0      34785        20
7795 34716         3    7      34816         5
7796 34724        11    2      34794        20
7797 34728         4    6      34798        20
7798 34731        15    3      34831         5
7799 34739         8    0      34839         5
7800 34739        15    8      34809        20
7801 34742         1    5      34812        20
7802 34748         9    5      34848         5
7803 34751         6    9      34821        20
7804 34752         7    5      34822        20
7805 34761        12    1      34861         5
7806 34768         6    6      34838        20
7807 34773         5    0      34873         5
7808 34775         8    0      34875         5
7809 34781         2    4      34851        20
7810 34788         0    1      34858        20
7811 34789        14    9      34859        20
7812 34798         6    3      34868        20
7813 34804        13    9      34874        20
7814 34806         3    0      34876        20
7815 34811         9    2      34881        20
7816 34820        11    1      34920         5
7817 34824        15    4      34894        20
7818 34825         5    4      34895        20
7819 34832         9    0      34902        20
7820 34841        11    8      34911        20
7821 34845         1    9      34915        20
7822 34849         4    8      34919        20
7823 34856         5    1      34986        10
7824 34858         6    7      34928        20
7825 34865         8    1      34935        20
7826 34867         0    5      34937        20
7827 34873        11    8      34973         5
7828 34877        15    1      34947        20
7829 34880         9    7      34950        20
7830 34882        11    6      34952        20
7831 34891         0    4      34991         5
7832 34892        12    6      34962        20
7833 34897        14    4      34997         5
7834 34897        13    8      35027        10
7835 34906        10    3      34976        20
7836 34914        15    4      34984        20
7837 34918         9    2      34988        20
7838 34923        12    1      35053        10
7839 34925         0    0      35025         5
7840 34930         4    8      35000        20
7841 34931         8    2      35001        20
7842 34933        12    7      35033         5
7843 34934         1    2      35034         5
7844 34935        11    6      35035         5
7845 34939         9    3      35009        20
7846 34939         3    7      35009        20
7847 34940         5    4      35040         5
7848 34945         8    7      35015        20
7849 34947        15    1      35017        20
7850 34949        15    6      35049         5
7851 34954         1    3      35024        20
7852 34955         8    4      35025        20
7853 34955         5    3      35055         5
7854 34962        11    4      35032        20
7855 34963        14    4      35033        20
7856 34964         6    5      35034        20
7857 34966         3    4      35036        20
7858 34966        15    0      35066         5
7859 34966        12    6      35036        20
7860 34971        15    9      35041        20
7861 34973        14    8      35073         5
7862 34978         8    7      35078         5
7863 34981         2    7      35081         5
7864 34985         3    4      35055        20
7865 34989         4    9      35059        20
7866 34998         7    6      35068        20
7867 35001         8    7      35071        20
7868 35003        12    6      35073        20
7869 35006         7    7      35076        20
7870 35011        14    9      35081        20
7871 35020         9    3      35090        20
7872 35021         3    2      35121         5
7873 35023         9    6      35093        20
7874 35032         8    4      35102        20
7875 35036         2    9      35106        20
7876 35043         0    8      35143         5
7877 35047         9    4      35117        20
7878 35053         7    1      35123        20
7879 35058         0    0      35128        20
7880 35067         2    6      35137        20
7881 35072        13    8      35142        20
7882 35073         3    3      35173         5
7883 35076         9    9      35146        20
7884 35079         0    5      35149        20
7885 35085         0    6      35185         5
7886 35085         1    3      35155        20
7887 35088         8    4      35158        20
7888 35093        14    8      35163        20
7889 35098        12    7      35168        20
7890 35101         2    5      35201         5
7891 35103        14    9      35203         5
7892 35104         4    2      35174        20
7893 35111        12    8      35181        20
7894 35111        13    3      35211         5
7895 35116         7    7      35186        20
7896 35122        11    0      35192        20
7897 35125        11    2      35225         5
7898 35126        15    5      35256        10
7899 35130        11    0      35200        20
7900 35133         8    8      35203        20
7901 35137         0    1      35207        20
7902 35137         2    8      35207        20
7903 35139         6    1      35239         5
7904 35144        14    0      35274        10
7905 35151        14    4      35281        10
7906 35159        11    4      35259         5
7907 35165         9    2      35235        20
7908 35165        14    2      35235        20
7909 35166         6    1      35236        20
7910 35171         8    3      35241        20
7911 35174         1    7      35244        20
7912 35182         2    8      35282         5
7913 35187        15    0      35287         5
7914 35195         9    3      35265        20
7915 35195         8    3      35295         5
7916 35197        10    4      35267        20
7917 35205         9    0      35275        20
7918 35210        13    0      35280        20
7919 35214        10    5      35284        20
7920 35219         6    6      35289        20
7921 35219        13    0      35289        20
7922 35220         1    5      35290        20
7923 35223        11    4      35353        10
7924 35232         4    8      35302        20
7925 35237         9    5      35337         5
7926 35245         3    5      35315        20
7927 35248         6    1      35318        20
7928 35256        12    6      35326        20
7929 35265        11    5      35335        20
7930 35268        13    0      35398        10
7931 35277         9    9      35377         5
7932 35279        10    8      35349        20
7933 35279        11    1      35349        20
7934 35288         0    0      35388         5
7935 35288        15    9      35358        20
7936 35297        11    8      35427        10
7937 35305        13    4      35405         5
7938 35311        15    2      35381        20
7939 35317        13    2      35417         5
7940 35321        12    5      35451        10
7941 35325         6    3      35395        20
7942 35334        13    1      35404        20
7943 35342         1    5      35412        20
7944 35347        14    3      35417        20
7945 35354        15    0      35424        20
7946 35362         9    0      35462         5
7947 35371         6    5      35441        20
7948 35378        14    7      35508        10
7949 35383         7    7      35483         5
7950 35390         8    1      35460        20
7951 35393        13    3      35463        20
7952 35401         4    1      35471        20
7953 35408        13    4      35478        20
7954 35415         3    9      35485        20
7955 35422         9    7      35492        20
7956 35422        10    0      35522         5
7957 35428        14    5      35498        20
7958 35432         3    0      35502        20
7959 35434         9    9      35504        20
7960 35442        14    5      35512        20
7961 35444        12    9      35544         5
7962 35451         9    0      35521        20
7963 35460        10    2      35530        20
7964 35460        11    6      35530        20
7965 35461        15    6      35531        20
7966 35470         2    5      35540        20
7967 35475        13    4      35545        20
7968 35479         4    6      35549        20
7969 35482         0    9      35612        10
7970 35483        10    3      35553        20
7971 35485         7    0      35555        20
7972 35491         2    7      35561        20
7973 35498         3    5      35568        20
7974 35498         0    8      35568        20
7975 35499         7    9      35599         5
7976 35499         1    8      35569        20
7977 35508         3    8      35578        20
7978 35517        10    7      35617         5
7979 35520        13    6      35590        20
7980 35522         5    3      35592        20
7981 35526         4    2      35596        20
7982 35529        10    2      35599        20
7983 35534         8    0      35634         5
7984 35542         2    6      35642         5
7985 35550         4    8      35620        20
7986 35553         1    9      35623        20
7987 35557         0    1      35627        20
7988 35565        11    6      35635        20
7989 35573         4    3      35703        10
7990 35577         3    9      35647        20
7991 35577         5    7      35677         5
7992 35583        10    1      35683         5
7993 35584         6    0      35654        20
7994 35593        10    0      35663        20
7995 35602         7    4      35672        20
7996 35609         2    5      35679        20
7997 35618         6    1      35688        20
7998 35623        14    3      35693        20
7999 35623         7    4      35753        10
8000 35632         1    0      35702        20
8001 35634        13    9      35764        10
8002 35641         5    4      35741         5
8003 35645        14    4      35715        20
8004 35648         9    0      35748         5
8005 35651         3    6      35721        20
8006 35654         7    9      35724        20
8007 35655        12    5      35725        20
8008 35661         0    0      35761         5
8009 35664         5    4      35734        20
8010 35666         6    1      35736        20
8011 35674         3    0      35744        20
8012 35676         6    6      35746        20
8013 35677         7    7      35747        20
8014 35679        11    6      35779         5
8015 35680         4    3      35750        20
8016 35681         7    0      35751        20
8017 35684        11    0      35784         5
8018 35685         3    0      35755        20
8019 35688         9    2      35758        20
8020 35694         1    1      35764        20
8021 35703         1    0      35773        20
8022 35711        11    0      35841        10
8023 35711         4    9      35811         5
8024 35718         7    8      35788        20
8025 35722         1    6      35792        20
8026 35724         9    2      35824         5
8027 35732         8    9      35802        20
8028 35736         7    3      35806        20
8029 35742         7    1      35812        20
8030 35743        14    6      35843         5
8031 35746         7    6      35816        20
8032 35752         9    0      35822        20
8033 35759        14    1      35829        20
8034 35764         8    6      35894        10
8035 35771        10    3      35841        20
8036 35772         8    0      35902        10
8037 35779         0    8      35849        20
8038 35788        12    6      35888         5
8039 35789         7    1      35859        20
8040 35793         5    9      35863        20
8041 35800        11    5      35870        20
8042 35803         3    6      35903         5
8043 35804         0    2      35934        10
8044 35804         9    0      35934        10
8045 35806         8    1      35876        20
8046 35815         3    6      35885        20
8047 35816         8    0      35916         5
8048 35823        11    3      35893        20
8049 35826         8    4      35896        20
8050 35832         1    5      35962        10
8051 35836        11    1      35906        20
8052 35845         3    7      35915        20
8053 35848        15    7      35918        20
8054 35848         5    7      35948         5
8055 35852        14    7      35922        20
8056 35860        14    5      35930        20
8057 35867         5    1      35937        20
8058 35869        14    0      35939        20
8059 35872         4    4      35942        20
8060 35876         2    8      35976         5
8061 35878        10    7      35948        20
8062 35883         8    7      35953        20
8063 35889         2    8      35959        20
8064 35894         4    1      35964        20
8065 35895        10    6      35995         5
8066 35900        11    7      35970        20
8067 35904         5    5      35974        20
8068 35907         7    3      35977        20
8069 35911         0    8      35981        20
8070 35911         5    0      36041        10
8071 35911         2    5      35981        20
8072 35912         7    1      36012         5
8073 35913        15    7      36013         5
8074 35919        10    7      35989        20
8075 35920        13    4      35990        20
8076 35920         7    4      35990        20
8077 35922        15    1      36022         5
8078 35929         9    1      36059        10
8079 35935        13    7      36005        20
8080 35941         7    9      36011        20
8081 35943         4    5      36013        20
8082 35951         3    4      36021        20
8083 35959        15    2      36029        20
8084 35968        10    8      36038        20
8085 35976         5    7      36046        20
8086 35979         7    7      36049        20
8087 35984        11    1      36054        20
8088 35990         6    7      36060        20
8089 35992        10    5      36062        20
8090 35999         1    4      36099         5
8091 36000         4    9      36070        20
8092 36007        12    3      36077        20
8093 36010         7    3      36080        20
8094 36019         5    5      36089        20
8095 36028         2    7      36098        20
8096 36037        10    8      36167        10
8097 36041         8    5      36141         5
8098 36044         5    1      36174        10
8099 36053         5    8      36123        20
8100 36055        15    6      36125        20
8101 36062        13    2      36162         5
8102 36068        10    2      36168         5
8103 36073         2    8      36173         5
8104 36074        15    2      36144        20
8105 36075         8    7      36145        20
8106 36075         2    5      36145        20
8107 36082         1    0      36182         5
8108 36089         7    8      36159        20
8109 36089         4    0      36159        20
8110 36092         7    5      36162        20
8111 36101        11    9      36231        10
8112 36101         2    0      36171        20
8113 36102         7    7      36172        20
8114 36108         0    4      36178        20
8115 36112        13    5      36212         5
8116 36116        12    9      36216         5
8117 36122        11    2      36252        10
8118 36128        11    1      36198        20
8119 36128         1    1      36198        20
8120 36132         7    3      36202        20
8121 36132         9    9      36202        20
8122 36138        10    2      36238         5
8123 36140        15    9      36210        20
8124 36146        12    0      36216        20
8125 36148         6    6      36278        10
8126 36154        12    3      36224        20
8127 36157        15    5      36227        20
8128 36158         4    8      36228        20
8129 36161         2    3      36231        20
8130 36165         0    9      36265         5
8131 36165         2    4      36235        20
8132 36165         7    3      36235        20
8133 36169        14    8      36239        20
8134 36177         5    8      36277         5
8135 36181         1    4      36251        20
8136 36189         3    8      36259        20
8137 36194        14    4      36264        20
8138 36201         5    8      36301         5
8139 36203         5    2      36273        20
8140 36208         1    8      36308         5
8141 36212        15    3      36312         5
8142 36214         3    8      36314         5
8143 36221         9    8      36291        20
8144 36226         4    9      36296        20
8145 36231        10    7      36301        20
8146 36236         1    7      36306        20
8147 36242        12    2      36312        20
8148 36249         3    2      36319        20
8149 36251         8    8      36321        20
8150 36260         7    1      36330        20
8151 36262        11    6      36332        20
8152 36266         9    2      36336        20
8153 36267         8    7      36337        20
8154 36271         0    6      36371         5
8155 36274        14    3      36344        20
8156 36280        11    8      36350        20
8157 36289        15    1      36389         5
8158 36290         7    5      36360        20
8159 36294         1    7      36364        20
8160 36296         9    5      36366        20
8161 36305        15    5      36375        20
8162 36309         2    2      36379        20
8163 36317         5    1      36387        20
8164 36317         7    0      36387        20
8165 36323        11    5      36393        20
8166 36327        13    6      36427         5
8167 36329         7    8      36429         5
8168 36336        13    4      36436         5
8169 36343         9    7      36443         5
8170 36348         9    1      36418        20
8171 36353         1    0      36423        20
8172 36355        14    5      36425        20
8173 36358         8    2      36428        20
8174 36365         6    6      36435        20
8175 36372        15    4      36442        20
8176 36379         6    6      36449        20
8177 36379         3    2      36449        20
8178 36383        14    8      36513        10
8179 36387         5    9      36457        20
8180 36391         7    7      36461        20
8181 36397         6    4      36467        20
8182 36397         4    0      36467        20
8183 36401        15    6      36471        20
8184 36409         5    1      36479        20
8185 36415         1    0      36515         5
8186 36421        13    9      36491        20
8187 36427         8    1      36557        10
8188 36432        15    7      36502        20
8189 36437        10    7      36507        20
8190 36445        12    3      36545         5
8191 36453        15    8      36523        20
8192 36455         1    7      36525        20
8193 36463         7    8      36533        20
8194 36463         4    2      36533        20
8195 36470         6    1      36540        20
8196 36474         8    1      36544        20
8197 36479        12    8      36609        10
8198 36487         9    5      36557        20
8199 36495        11    0      36595         5
8200 36504         5    5      36574        20
8201 36508         1    9      36608         5
8202 36517         7    5      36587        20
8203 36524        12    2      36624         5
8204 36533         4    4      36633         5
8205 36538         7    2      36638         5
8206 36538         7    9      36638         5
8207 36542         7    1      36612        20
8208 36546        15    3      36646         5
8209 36546        12    5      36646         5
8210 36547        15    2      36617        20
8211 36547        15    7      36617        20
8212 36554        14    9      36624        20
8213 36555        12    6      36625        20
8214 36564         9    7      36664         5
8215 36568         6    6      36638        20
8216 36573         2    3      36643        20
8217 36582        10    7      36652        20
8218 36586         7    8      36656        20
8219 36591         6    4      36721        10
8220 36591         2    3      36661        20
8221 36596        15    5      36696         5
8222 36603         4    8      36673        20
8223 36604         1    8      36704         5
8224 36604         5    3      36674        20
8225 36612         2    0      36682        20
8226 36618        14    2      36688        20
8227 36624        12    8      36694        20
8228 36629         0    7      36699        20
8229 36630         9    1      36700        20
8230 36633         2    6      36763        10
8231 36636         6    3      36736         5
8232 36637         2    7      36707        20
8233 36645        14    8      36715        20
8234 36654         7    2      36724        20
8235 36662        15    2      36732        20
8236 36668        14    4      36768         5
8237 36672         4    5      36742        20
8238 36681         0    1      36751        20
8239 36684         6    8      36754        20
8240 36687         7    1      36817        10
8241 36695        11    3      36795         5
8242 36703        12    3      36803         5
8243 36705         3    1      36805         5
8244 36711         2    8      36781        20
8245 36711         2    7      36811         5
8246 36712         0    6      36812         5
8247 36713         7    5      36843        10
8248 36717         8    7      36817         5
8249 36718        13    9      36818         5
8250 36722         7    8      36822         5
8251 36726         0    0      36856        10
8252 36726        12    7      36796        20
8253 36727         7    8      36797        20
8254 36729         7    7      36799        20
8255 36733         0    8      36803        20
8256 36736        12    8      36806        20
8257 36738         8    0      36868        10
8258 36738         7    3      36838         5
8259 36741        15    3      36811        20
8260 36747        10    9      36817        20
8261 36751        10    9      36881        10
8262 36752         0    2      36852         5
8263 36754         0    7      36884        10
8264 36757        12    2      36857         5
8265 36760         8    1      36830        20
8266 36761         1    5      36861         5
8267 36762         1    3      36832        20
8268 36767         1    2      36837        20
8269 36773         8    6      36873         5
8270 36774         7    6      36844        20
8271 36775         7    1      36845        20
8272 36780         7    7      36850        20
8273 36785        10    5      36855        20
8274 36786        12    4      36886         5
8275 36791         9    1      36891         5
8276 36797        11    0      36897         5
8277 36806         0    6      36876        20
8278 36809        15    8      36879        20
8279 36811        10    3      36881        20
8280 36814         0    6      36884        20
8281 36814         0    1      36884        20
8282 36814         4    1      36884        20
8283 36823        13    6      36893        20
8284 36828         3    3      36898        20
8285 36835         8    7      36905        20
8286 36837        13    3      36907        20
8287 36846         4    6      36916        20
8288 36853        14    8      36923        20
8289 36858         1    1      36958         5
8290 36863         9    7      36933        20
8291 36867         9    8      36937        20
8292 36870        11    4      36970         5
8293 36876         7    0      36946        20
8294 36876        10    7      36946        20
8295 36880         0    6      36950        20
8296 36886        11    1      36986         5
8297 36895         7    2      36965        20
8298 36903        13    4      36973        20
8299 36906        11    5      36976        20
8300 36914         7    1      36984        20
8301 36923         9    7      36993        20
8302 36931         5    8      37001        20
8303 36934         0    0      37034         5
8304 36943         6    5      37013        20
8305 36950         0    0      37020        20
8306 36956         9    6      37026        20
8307 36961         8    0      37091        10
8308 36966        15    4      37036        20
8309 36966        14    8      37036        20
8310 36974        15    8      37044        20
8311 36974         9    0      37104        10
8312 36979         1    6      37049        20
8313 36987        13    0      37057        20
8314 36995         8    6      37065        20
8315 37004         6    8      37074        20
8316 37007         1    9      37077        20
8317 37012        11    8      37082        20
8318 37021        13    6      37121         5
8319 37021         4    7      37091        20
8320 37028         3    1      37098        20
8321 37031         6    4      37101        20
8322 37036        10    1      37106        20
8323 37043        15    1      37173        10
8324 37052        13    1      37122        20
8325 37055         8    3      37125        20
8326 37060        10    9      37160         5
8327 37060        14    5      37130        20
8328 37068         8    2      37138        20
8329 37076         3    4      37146        20
8330 37078         2    8      37148        20
8331 37083         5    2      37153        20
8332 37087         7    8      37157        20
8333 37096         0    5      37166        20
8334 37100         2    1      37200         5
8335 37105         9    6      37205         5
8336 37114        12    1      37184        20
8337 37115         4    0      37245        10
8338 37124         9    9      37194        20
8339 37131         8    4      37201        20
8340 37137         8    1      37207        20
8341 37145         5    8      37215        20
8342 37150         8    6      37250         5
8343 37159        10    9      37229        20
8344 37168         3    1      37238        20
8345 37177        11    7      37307        10
8346 37186         9    7      37316        10
8347 37187         2    1      37257        20
8348 37192        13    0      37262        20
8349 37199         9    8      37269        20
8350 37202         1    5      37272        20
8351 37205         9    7      37275        20
8352 37210         4    3      37280        20
8353 37217        13    6      37347        10
8354 37224         3    4      37324         5
8355 37224        12    4      37294        20
8356 37230         7    1      37330         5
8357 37233         5    0      37303        20
8358 37237         6    0      37307        20
8359 37239         3    9      37309        20
8360 37242        10    5      37342         5
8361 37242         5    3      37312        20
8362 37242        10    4      37312        20
8363 37242         6    8      37312        20
8364 37250         9    2      37320        20
8365 37254         6    7      37324        20
8366 37254         6    8      37354         5
8367 37254        11    7      37324        20
8368 37263         2    2      37363         5
8369 37270         0    8      37340        20
8370 37278         5    3      37348        20
8371 37285         3    3      37355        20
8372 37285        14    5      37415        10
8373 37285        11    2      37355        20
8374 37286         2    6      37416        10
8375 37287         5    9      37357        20
8376 37292        15    5      37362        20
8377 37295         2    7      37365        20
8378 37304         0    0      37374        20
8379 37312        10    4      37382        20
8380 37320         0    3      37390        20
8381 37324         8    5      37424         5
8382 37327        15    3      37457        10
8383 37330        10    0      37430         5
8384 37335         9    4      37405        20
8385 37344        15    0      37414        20
8386 37347        12    2      37417        20
8387 37355         6    3      37425        20
8388 37360         1    9      37490        10
8389 37362         6    2      37432        20
8390 37365         7    2      37465         5
8391 37368         7    2      37438        20
8392 37377         9    9      37447        20
8393 37382         3    4      37482         5
8394 37386        11    2      37516        10
8395 37387         6    1      37487         5
8396 37390         6    0      37460        20
8397 37398         1    1      37468        20
8398 37400         9    8      37470        20
8399 37409        14    7      37479        20
8400 37415        14    0      37515         5
8401 37422        11    6      37492        20
8402 37426         5    3      37526         5
8403 37433        14    5      37503        20
8404 37435         7    4      37505        20
8405 37439         9    9      37509        20
8406 37444         4    5      37514        20
8407 37448         3    4      37518        20
8408 37454        12    7      37524        20
8409 37459        10    4      37589        10
8410 37459         5    3      37529        20
8411 37459         5    6      37529        20
8412 37464         1    0      37564         5
8413 37468         2    8      37568         5
8414 37475         0    6      37605        10
8415 37475         0    2      37575         5
8416 37479         8    3      37549        20
8417 37480         5    5      37580         5
8418 37483        12    9      37553        20
8419 37491         5    4      37591         5
8420 37496         4    4      37566        20
8421 37501         4    4      37601         5
8422 37510         5    9      37610         5
8423 37518         1    9      37648        10
8424 37525        13    8      37595        20
8425 37533         6    6      37603        20
8426 37537        13    1      37637         5
8427 37540        14    3      37640         5
8428 37547         5    0      37617        20
8429 37551        11    8      37621        20
8430 37557         2    9      37627        20
8431 37564         9    4      37694        10
8432 37567        11    7      37637        20
8433 37572        13    4      37642        20
8434 37574         0    8      37644        20
8435 37582         4    6      37652        20
8436 37582        13    4      37682         5
8437 37585         8    5      37655        20
8438 37591         8    2      37661        20
8439 37597        11    5      37697         5
8440 37606         2    6      37676        20
8441 37607        10    3      37677        20
8442 37613         0    3      37683        20
8443 37615        12    0      37745        10
8444 37618         8    1      37688        20
8445 37620        14    9      37690        20
8446 37628        12    7      37698        20
8447 37633         2    5      37733         5
8448 37639        11    1      37709        20
8449 37640         5    3      37710        20
8450 37646        13    0      37716        20
8451 37647         2    7      37717        20
8452 37651         7    3      37721        20
8453 37657         5    0      37787        10
8454 37658         8    9      37728        20
8455 37662        10    2      37762         5
8456 37671        15    4      37741        20
8457 37672         7    8      37802        10
8458 37677        10    9      37777         5
8459 37684         6    4      37754        20
8460 37690        15    6      37760        20
8461 37696        11    0      37766        20
8462 37701        10    4      37771        20
8463 37710         5    2      37780        20
8464 37717        14    3      37787        20
8465 37718        14    5      37848        10
8466 37726         0    9      37796        20
8467 37729        10    3      37799        20
8468 37733         7    3      37803        20
8469 37734        14    6      37804        20
8470 37735         4    6      37805        20
8471 37739         6    2      37809        20
8472 37739        10    1      37809        20
8473 37741        12    4      37841         5
8474 37741         9    4      37871        10
8475 37742         6    2      37872        10
8476 37746        14    6      37816        20
8477 37748         3    1      37818        20
8478 37757        10    2      37857         5
8479 37763         9    1      37833        20
8480 37770         9    2      37840        20
8481 37779         9    1      37849        20
8482 37787         5    8      37857        20
8483 37796         5    5      37866        20
8484 37803         3    8      37903         5
8485 37805         3    7      37875        20
8486 37810         8    0      37940        10
8487 37812        10    3      37882        20
8488 37819         6    2      37889        20
8489 37824        12    1      37924         5
8490 37833         9    9      37933         5
8491 37841         5    8      37941         5
8492 37846        10    0      37946         5
8493 37850         8    2      37920        20
8494 37852         9    4      37982        10
8495 37858         9    6      37928        20
8496 37858         1    7      37958         5
8497 37867         6    2      37937        20
8498 37871        11    1      37941        20
8499 37875        11    2      37945        20
8500 37875        14    0      37975         5
8501 37877         5    1      37977         5
8502 37883         1    8      37953        20
8503 37891        12    3      37961        20
8504 37898        11    1      37968        20
8505 37904         8    7      37974        20
8506 37910         7    8      38010         5
8507 37912        12    7      37982        20
8508 37914        10    9      37984        20
8509 37923        11    7      38023         5
8510 37926         4    7      37996        20
8511 37926        13    2      37996        20
8512 37927        10    0      37997        20
8513 37930         7    3      38060        10
8514 37933        13    0      38033         5
8515 37942         5    3      38012        20
8516 37943        14    5      38013        20
8517 37945         4    5      38015        20
8518 37950        12    4      38020        20
8519 37955         7    2      38025        20
8520 37957        11    7      38027        20
8521 37957        15    9      38027        20
8522 37959         1    6      38029        20
8523 37967         4    4      38097        10
8524 37972         0    3      38042        20
8525 37974        12    6      38104        10
8526 37977         7    9      38047        20
8527 37978        14    9      38048        20
8528 37980        11    8      38050        20
8529 37983        13    3      38083         5
8530 37984        10    6      38084         5
8531 37991        13    2      38091         5
8532 37997         9    8      38097         5
8533 38005         3    7      38075        20
8534 38006         7    4      38076        20
8535 38013         4    4      38083        20
8536 38018        13    3      38118         5
8537 38020         4    1      38090        20
8538 38024         3    8      38094        20
8539 38028         6    1      38098        20
8540 38030         4    1      38100        20
8541 38035        13    5      38105        20
8542 38037         0    1      38137         5
8543 38037         5    7      38137         5
8544 38042         7    5      38112        20
8545 38044         9    3      38144         5
8546 38044        13    0      38114        20
8547 38044        11    5      38114        20
8548 38044         2    9      38114        20
8549 38053         2    1      38123        20
8550 38062        13    9      38132        20
8551 38064        12    9      38134        20
8552 38071         5    5      38201        10
8553 38078         7    3      38208        10
8554 38079        11    6      38209        10
8555 38087        11    2      38157        20
8556 38095         9    1      38165        20
8557 38095        14    1      38165        20
8558 38103        12    0      38173        20
8559 38105        11    3      38175        20
8560 38110         4    6      38210         5
8561 38112        11    2      38212         5
8562 38119         5    4      38189        20
8563 38120         8    2      38190        20
8564 38126         0    5      38256        10
8565 38127         2    7      38197        20
8566 38135        13    8      38205        20
8567 38140         7    5      38210        20
8568 38145         8    2      38215        20
8569 38147         9    9      38217        20
8570 38156         5    7      38226        20
8571 38165        11    7      38265         5
8572 38166         4    9      38236        20
8573 38166         1    0      38266         5
8574 38172         7    8      38242        20
8575 38175         9    4      38275         5
8576 38181         7    8      38251        20
8577 38189         6    6      38259        20
8578 38192        13    3      38262        20
8579 38197        14    2      38297         5
8580 38202         6    8      38272        20
8581 38204         4    9      38274        20
8582 38204         3    5      38274        20
8583 38212        15    4      38282        20
8584 38218        12    6      38288        20
8585 38220        11    4      38320         5
8586 38227        15    4      38297        20
8587 38230         0    0      38300        20
8588 38235        11    0      38305        20
8589 38239         6    6      38339         5
8590 38248        15    7      38318        20
8591 38250         9    7      38350         5
8592 38259         5    5      38329        20
8593 38263         9    0      38333        20
8594 38271         3    2      38371         5
8595 38275         5    8      38345        20
8596 38278        11    5      38378         5
8597 38287         8    2      38417        10
8598 38289        13    9      38389         5
8599 38293        12    0      38363        20
8600 38295         5    9      38365        20
8601 38303        15    5      38373        20
8602 38311         5    7      38381        20
8603 38315         4    7      38415         5
8604 38324         3    1      38394        20
8605 38327        15    2      38397        20
8606 38334         1    4      38404        20
8607 38340         3    3      38440         5
8608 38341         3    5      38411        20
8609 38349         5    9      38419        20
8610 38355         4    6      38455         5
8611 38360         7    6      38430        20
8612 38367         3    0      38467         5
8613 38372         1    2      38472         5
8614 38374         6    4      38444        20
8615 38380         9    7      38510        10
8616 38380         8    8      38450        20
8617 38386         5    5      38456        20
8618 38394         5    7      38464        20
8619 38400        14    6      38470        20
8620 38403         0    4      38473        20
8621 38409        12    8      38479        20
8622 38409        10    7      38509         5
8623 38413        15    5      38543        10
8624 38421         5    9      38491        20
8625 38425        13    7      38495        20
8626 38433        14    1      38563        10
8627 38440        12    8      38510        20
8628 38442         3    7      38512        20
8629 38444        15    8      38514        20
8630 38444        13    0      38514        20
8631 38445        12    7      38545         5
8632 38452        11    7      38552         5
8633 38461        15    5      38531        20
8634 38466        11    3      38566         5
8635 38473         8    8      38543        20
8636 38482         8    1      38552        20
8637 38482        15    2      38552        20
8638 38489         6    9      38559        20
8639 38489         8    2      38559        20
8640 38493         1    0      38563        20
8641 38500         0    1      38600         5
8642 38506        12    5      38576        20
8643 38508        13    9      38608         5
8644 38508         0    4      38578        20
8645 38511         3    5      38581        20
8646 38512        14    7      38582        20
8647 38518         1    0      38618         5
8648 38520         2    9      38590        20
8649 38521        12    9      38591        20
8650 38529         4    3      38599        20
8651 38535        11    8      38605        20
8652 38539        15    3      38639         5
8653 38542         8    2      38612        20
8654 38544         3    7      38614        20
8655 38549         7    5      38649         5
8656 38551        12    9      38621        20
8657 38554         0    4      38624        20
8658 38560        12    9      38660         5
8659 38561         4    6      38631        20
8660 38569        15    7      38639        20
8661 38570        14    5      38670         5
8662 38576         6    7      38646        20
8663 38577        15    7      38647        20
8664 38579         3    2      38649        20
8665 38580        15    8      38650        20
8666 38580        14    0      38650        20
8667 38581         0    5      38651        20
8668 38581        11    8      38651        20
8669 38581         9    2      38651        20
8670 38587        13    8      38657        20
8671 38589         3    7      38659        20
8672 38592        11    6      38662        20
8673 38601        14    1      38671        20
8674 38606        11    9      38676        20
8675 38609         9    9      38679        20
8676 38614         5    4      38684        20
8677 38619         1    3      38689        20
8678 38625         2    5      38695        20
8679 38626         0    3      38726         5
8680 38632         1    2      38732         5
8681 38636         8    3      38736         5
8682 38645         6    3      38715        20
8683 38653         0    8      38753         5
8684 38660         1    6      38730        20
8685 38669         2    7      38739        20
8686 38669         3    5      38739        20
8687 38677         6    5      38747        20
8688 38682         3    5      38752        20
8689 38683        11    6      38753        20
8690 38688         6    5      38758        20
8691 38697         6    6      38767        20
8692 38702         7    1      38772        20
8693 38702        13    8      38772        20
8694 38702         0    7      38772        20
8695 38708        12    4      38778        20
8696 38711         3    2      38781        20
8697 38716         8    0      38786        20
8698 38718         7    0      38788        20
8699 38724         3    4      38824         5
8700 38724         5    2      38794        20
8701 38731         5    7      38801        20
8702 38739         0    0      38869        10
8703 38741        10    0      38811        20
8704 38750         9    6      38850         5
8705 38756         7    3      38826        20
8706 38760        10    8      38830        20
8707 38766         3    6      38836        20
8708 38772        11    7      38872         5
8709 38779         3    7      38849        20
8710 38782        12    8      38852        20
8711 38786        13    1      38856        20
8712 38793        14    0      38893         5
8713 38794         1    0      38864        20
8714 38795         1    0      38865        20
8715 38800         4    4      38870        20
8716 38801        13    2      38871        20
8717 38801         2    0      38931        10
8718 38803         1    8      38873        20
8719 38809         6    1      38879        20
8720 38818         1    1      38888        20
8721 38824         4    6      38894        20
8722 38831         4    6      38901        20
8723 38831         9    0      38901        20
8724 38833         4    0      38933         5
8725 38841         4    9      38911        20
8726 38845         2    7      38945         5
8727 38853        11    1      38923        20
8728 38856         5    8      38926        20
8729 38864         3    4      38964         5
8730 38873        15    0      38943        20
8731 38876        10    8      39006        10
8732 38884        13    5      39014        10
8733 38884        11    0      38954        20
8734 38886         5    3      38956        20
8735 38891         5    1      38961        20
8736 38898         1    4      38968        20
8737 38906         3    9      38976        20
8738 38907         1    7      39007         5
8739 38911         2    9      38981        20
8740 38917         9    1      39017         5
8741 38925         1    0      38995        20
8742 38928         2    1      39028         5
8743 38928         1    6      38998        20
8744 38937        15    3      39007        20
8745 38944        15    3      39044         5
8746 38945        14    8      39015        20
8747 38952         0    1      39022        20
8748 38960        11    2      39030        20
8749 38964         1    7      39034        20
8750 38966         7    5      39036        20
8751 38970        15    3      39040        20
8752 38977        14    4      39077         5
8753 38978         5    1      39078         5
8754 38982        14    6      39052        20
8755 38985         6    4      39085         5
8756 38994        13    3      39094         5
8757 38994        11    3      39094         5
8758 38995         6    5      39065        20
8759 39003         6    9      39073        20
8760 39012         1    4      39082        20
8761 39014         6    9      39084        20
8762 39017        11    2      39087        20
8763 39024        13    3      39094        20
8764 39025        12    6      39095        20
8765 39032         4    8      39102        20
8766 39037         5    4      39107        20
8767 39041        13    0      39111        20
8768 39046        13    8      39146         5
8769 39051        10    5      39121        20
8770 39055         7    9      39185        10
8771 39060        15    0      39160         5
8772 39066         7    6      39166         5
8773 39066         3    1      39136        20
8774 39075        12    5      39145        20
8775 39083         3    4      39183         5
8776 39088        14    9      39158        20
8777 39090        10    1      39190         5
8778 39098         5    6      39168        20
8779 39103        11    9      39173        20
8780 39111         4    2      39181        20
8781 39120         5    3      39220         5
8782 39121        11    2      39191        20
8783 39130         8    4      39200        20
8784 39132         3    6      39202        20
8785 39139         4    2      39239         5
8786 39143        11    4      39213        20
8787 39148         5    7      39218        20
8788 39157        10    3      39227        20
8789 39165        10    7      39235        20
8790 39166         2    6      39236        20
8791 39170         2    8      39240        20
8792 39171        13    6      39241        20
8793 39175        11    2      39305        10
8794 39183         6    5      39283         5
8795 39188         3    8      39318        10
8796 39197         8    1      39267        20
8797 39205         6    2      39275        20
8798 39208         7    4      39278        20
8799 39210        10    1      39280        20
8800 39212         4    1      39282        20
8801 39212         4    2      39342        10
8802 39218         6    4      39288        20
8803 39220         1    0      39320         5
8804 39226        13    7      39296        20
8805 39235         1    6      39305        20
8806 39243         4    2      39313        20
8807 39248        12    5      39318        20
8808 39248         3    5      39318        20
8809 39248        10    6      39318        20
8810 39250        13    0      39320        20
8811 39256        14    9      39326        20
8812 39262        14    8      39362         5
8813 39265         7    1      39335        20
8814 39274         6    2      39344        20
8815 39275        10    2      39345        20
8816 39282         7    6      39352        20
8817 39288        11    4      39358        20
8818 39288         4    1      39358        20
8819 39288        13    1      39388         5
8820 39291         4    8      39361        20
8821 39291         9    1      39361        20
8822 39291        15    0      39361        20
8823 39294        10    8      39364        20
8824 39302         3    5      39372        20
8825 39311         9    4      39411         5
8826 39312         7    0      39412         5
8827 39316         5    7      39386        20
8828 39324        11    2      39394        20
8829 39332        10    8      39402        20
8830 39332         5    1      39462        10
8831 39334         3    5      39404        20
8832 39341        15    7      39411        20
8833 39350        10    6      39420        20
8834 39359         4    6      39489        10
8835 39365         1    4      39435        20
8836 39368         4    6      39438        20
8837 39377         3    2      39477         5
8838 39385         1    5      39515        10
8839 39389         4    1      39459        20
8840 39391         4    3      39491         5
8841 39400         8    1      39470        20
8842 39409         0    1      39479        20
8843 39414         0    5      39484        20
8844 39416         3    1      39486        20
8845 39420         0    0      39490        20
8846 39420         0    2      39490        20
8847 39423        13    4      39493        20
8848 39431         2    5      39501        20
8849 39434         1    3      39534         5
8850 39441         1    3      39511        20
8851 39442         6    2      39512        20
8852 39445         2    0      39515        20
8853 39452         0    1      39522        20
8854 39455         5    4      39525        20
8855 39461         3    5      39531        20
8856 39464        11    3      39564         5
8857 39472         8    6      39542        20
8858 39477         5    7      39547        20
8859 39483        10    1      39583         5
8860 39486        12    2      39556        20
8861 39490         9    1      39560        20
8862 39495         5    4      39565        20
8863 39502         1    4      39632        10
8864 39510         5    4      39610         5
8865 39512         2    1      39582        20
8866 39514        10    0      39584        20
8867 39521         6    2      39591        20
8868 39526         3    4      39656        10
8869 39527         1    6      39627         5
8870 39528        10    6      39598        20
8871 39535         2    7      39605        20
8872 39537        11    5      39637         5
8873 39540        10    1      39610        20
8874 39543         4    4      39643         5
8875 39550        10    8      39620        20
8876 39556        11    7      39656         5
8877 39560         6    3      39630        20
8878 39563         1    2      39633        20
8879 39566         8    1      39666         5
8880 39573        13    4      39643        20
8881 39573        14    8      39643        20
8882 39578        10    7      39648        20
8883 39579         9    4      39679         5
8884 39579        12    5      39649        20
8885 39587         7    2      39657        20
8886 39592        12    7      39662        20
8887 39600         8    1      39670        20
8888 39604        11    5      39704         5
8889 39608        15    3      39678        20
8890 39608         9    9      39678        20
8891 39616        11    9      39686        20
8892 39623         4    4      39693        20
8893 39627         9    4      39697        20
8894 39629         0    1      39729         5
8895 39637        11    6      39737         5
8896 39645        14    0      39745         5
8897 39647         5    3      39717        20
8898 39652         0    0      39722        20
8899 39654         9    2      39724        20
8900 39661         3    5      39791        10
8901 39666         4    3      39736        20
8902 39669         8    0      39739        20
8903 39674        15    4      39774         5
8904 39683         0    0      39783         5
8905 39690         9    3      39760        20
8906 39695         2    3      39765        20
8907 39702         4    4      39772        20
8908 39704        13    8      39804         5
8909 39709         3    1      39779        20
8910 39709         1    2      39779        20
8911 39710         3    7      39780        20
8912 39711        14    3      39811         5
8913 39714        10    5      39814         5
8914 39720         7    2      39820         5
8915 39725        14    9      39795        20
8916 39731        11    5      39801        20
8917 39740         7    6      39810        20
8918 39744        12    7      39874        10
8919 39748        15    1      39818        20
8920 39752        13    1      39822        20
8921 39759         8    7      39829        20
8922 39765        11    4      39835        20
8923 39771        15    8      39841        20
8924 39778        10    1      39848        20
8925 39787         4    0      39857        20
8926 39788        14    7      39858        20
8927 39789        10    1      39859        20
8928 39791         3    6      39891         5
8929 39800        12    9      39870        20
8930 39800        13    6      39870        20
8931 39807         2    0      39877        20
8932 39811        10    5      39881        20
8933 39813         2    2      39943        10
8934 39822         3    2      39952        10
8935 39826         2    0      39896        20
8936 39833         9    6      39903        20
8937 39835        14    4      39905        20
8938 39841         2    1      39971        10
8939 39849         5    4      39919        20
8940 39852         1    7      39952         5
8941 39854        13    3      39924        20
8942 39854         7    1      39924        20
8943 39854         8    0      39954         5
8944 39857         0    6      39927        20
8945 39861        12    0      39931        20
8946 39865         0    0      39935        20
8947 39871        12    9      39941        20
8948 39879         6    6      39949        20
8949 39886         6    8      39956        20
8950 39890        12    1      39960        20
8951 39895         0    9      39995         5
8952 39895         8    9      39995         5
8953 39897        10    7      39997         5
8954 39906         3    1      40036        10
8955 39906        15    7      40006         5
8956 39913         6    0      39983        20
8957 39918         0    3      39988        20
8958 39919         7    7      39989        20
8959 39926         5    7      39996        20
8960 39928        10    9      39998        20
8961 39933        13    5      40003        20
8962 39939        11    8      40009        20
8963 39944         8    4      40014        20
8964 39944         2    7      40014        20
8965 39947         4    2      40017        20
8966 39947         3    4      40047         5
8967 39949         4    4      40019        20
8968 39953         0    5      40053         5
8969 39957        15    3      40027        20
8970 39961        11    2      40031        20
8971 39970         6    2      40040        20
8972 39979        15    2      40049        20
8973 39986        14    7      40056        20
8974 39987        12    0      40057        20
8975 39996        12    7      40066        20
8976 39996         8    9      40066        20
8977 40001        14    0      40071        20
8978 40005        12    3      40075        20
8979 40012        12    6      40082        20
8980 40015         5    4      40085        20
8981 40015        14    1      40085        20
8982 40021         5    4      40091        20
8983 40025         4    1      40095        20
8984 40025         5    6      40155        10
8985 40026        13    8      40126         5
8986 40026         8    3      40126         5
8987 40033         2    2      40103        20
8988 40035         1    4      40105        20
8989 40037         7    7      40107        20
8990 40037         3    5      40107        20
8991 40043         5    2      40113        20
8992 40044        14    9      40114        20
8993 40050         2    8      40150         5
8994 40057         0    7      40187        10
8995 40061         3    3      40161         5
8996 40063         3    3      40163         5
8997 40069         3    0      40139        20
8998 40078        15    1      40208        10
8999 40082        12    0      40152        20
9000 40090        12    2      40190         5
9001 40090         6    3      40160        20
9002 40095         7    3      40165        20
9003 40096        14    5      40166        20
9004 40105         0    0      40235        10
9005 40108        13    6      40178        20
9006 40109         8    0      40209         5
9007 40113        10    5      40183        20
9008 40119         0    4      40189        20
9009 40127         8    6      40227         5
9010 40135         4    2      40265        10
9011 40136         6    7      40206        20
9012 40143         0    7      40213        20
9013 40143         5    7      40213        20
9014 40143        15    8      40243         5
9015 40152         3    1      40222        20
9016 40161        11    6      40231        20
9017 40167         9    3      40237        20
9018 40173         4    1      40243        20
9019 40177         1    2      40277         5
9020 40186         1    4      40256        20
9021 40188         0    6      40288         5
9022 40192         9    0      40262        20
9023 40194         2    8      40264        20
9024 40198         4    4      40268        20
9025 40201         1    8      40301         5
9026 40208         5    9      40278        20
9027 40215        12    3      40285        20
9028 40220         3    5      40290        20
9029 40229         5    4      40329         5
9030 40231         1    6      40331         5
9031 40236         3    0      40306        20
9032 40238         6    8      40308        20
9033 40242         9    6      40312        20
9034 40243        12    7      40313        20
9035 40243         6    1      40313        20
9036 40243        11    7      40313        20
9037 40244         2    5      40314        20
9038 40249         3    2      40319        20
9039 40251         7    4      40321        20
9040 40256        15    1      40356         5
9041 40257         0    6      40327        20
9042 40257         0    2      40327        20
9043 40262         1    6      40332        20
9044 40267         0    5      40337        20
9045 40276         5    4      40346        20
9046 40278         2    0      40348        20
9047 40285         4    1      40355        20
9048 40290         2    7      40360        20
9049 40292         6    1      40362        20
9050 40293        13    9      40363        20
9051 40296         4    9      40396         5
9052 40300         1    9      40370        20
9053 40309         3    4      40379        20
9054 40313         3    2      40383        20
9055 40315         3    6      40385        20
9056 40322         6    2      40392        20
9057 40322         4    8      40422         5
9058 40331         2    7      40401        20
9059 40340        11    3      40470        10
9060 40347        12    3      40417        20
9061 40355         4    1      40425        20
9062 40363        15    7      40493        10
9063 40366         0    0      40496        10
9064 40372         5    9      40472         5
9065 40374         2    7      40474         5
9066 40379         3    0      40449        20
9067 40388         5    5      40458        20
9068 40390         8    5      40520        10
9069 40391         4    3      40461        20
9070 40392         5    8      40462        20
9071 40397        14    3      40467        20
9072 40406        13    8      40506         5
9073 40412        15    4      40542        10
9074 40415         8    6      40485        20
9075 40421         5    2      40491        20
9076 40421        12    6      40491        20
9077 40428         4    2      40558        10
9078 40434         5    5      40534         5
9079 40439         0    3      40509        20
9080 40444         3    6      40514        20
9081 40446        13    3      40516        20
9082 40455        12    7      40525        20
9083 40463         2    7      40563         5
9084 40469         6    6      40539        20
9085 40478         8    0      40548        20
9086 40482         7    8      40552        20
9087 40491         1    6      40591         5
9088 40499        11    4      40569        20
9089 40506         2    3      40576        20
9090 40509        15    2      40579        20
9091 40514         7    3      40584        20
9092 40517         6    2      40587        20
9093 40524         7    9      40594        20
9094 40533         2    9      40603        20
9095 40535        12    2      40605        20
9096 40543         1    3      40673        10
9097 40549         8    0      40679        10
9098 40552         4    7      40652         5
9099 40555         4    7      40655         5
9100 40561         0    3      40661         5
9101 40562        13    5      40632        20
9102 40563         5    8      40633        20
9103 40569         5    6      40639        20
9104 40577         3    8      40707        10
9105 40577        13    3      40677         5
9106 40583         4    4      40653        20
9107 40583        11    4      40713        10
9108 40589        13    6      40689         5
9109 40597        12    3      40667        20
9110 40606         2    5      40736        10
9111 40608        14    9      40678        20
9112 40616         4    2      40686        20
9113 40619         4    6      40689        20
9114 40619         9    7      40689        20
9115 40625         4    9      40755        10
9116 40630        10    9      40760        10
9117 40630         7    4      40730         5
9118 40639        14    3      40709        20
9119 40642         3    4      40742         5
9120 40644        11    3      40714        20
9121 40649         2    2      40749         5
9122 40654         4    5      40724        20
9123 40656         9    8      40756         5
9124 40658         7    9      40728        20
9125 40662         5    6      40792        10
9126 40669         2    6      40739        20
9127 40674        15    4      40744        20
9128 40676         2    6      40746        20
9129 40684         2    7      40754        20
9130 40689         7    7      40819        10
9131 40696        11    1      40766        20
9132 40703        10    3      40773        20
9133 40707         4    6      40777        20
9134 40709        13    5      40779        20
9135 40716         4    7      40786        20
9136 40718         8    8      40788        20
9137 40727         2    7      40857        10
9138 40730        11    2      40800        20
9139 40732        11    8      40802        20
9140 40740        10    1      40840         5
9141 40746         4    2      40846         5
9142 40752        15    3      40822        20
9143 40759         7    9      40859         5
9144 40759        15    9      40859         5
9145 40765         4    5      40835        20
9146 40765        12    9      40835        20
9147 40772         1    0      40842        20
9148 40780         4    0      40850        20
9149 40784         8    5      40854        20
9150 40791        15    3      40861        20
9151 40793         2    0      40863        20
9152 40801        15    1      40901         5
9153 40803        14    0      40873        20
9154 40803         8    6      40873        20
9155 40812         9    4      40882        20
9156 40820         9    8      40890        20
9157 40821         8    9      40951        10
9158 40830         7    7      40900        20
9159 40830         0    3      40900        20
9160 40831         1    4      40901        20
9161 40833        10    9      40903        20
9162 40835         4    2      40905        20
9163 40841         1    9      40911        20
9164 40848        14    9      40918        20
9165 40848         1    9      40918        20
9166 40848         3    2      40978        10
9167 40853         4    4      40953         5
9168 40860         4    8      40930        20
9169 40869         7    7      40939        20
9170 40873         6    6      40943        20
9171 40876        12    4      40946        20
9172 40884        11    8      40954        20
9173 40890         4    4      40990         5
9174 40891         5    7      40961        20
9175 40896         3    1      40966        20
9176 40898        12    3      40968        20
9177 40907         6    5      40977        20
9178 40915        12    1      41015         5
9179 40921         2    9      41051        10
9180 40923        12    1      40993        20
9181 40928         3    3      40998        20
9182 40930         4    1      41000        20
9183 40939         5    6      41009        20
9184 40948        14    2      41048         5
9185 40956        13    2      41056         5
9186 40958         4    7      41028        20
9187 40963        14    8      41033        20
9188 40965         3    5      41095        10
9189 40968         7    1      41038        20
9190 40977         8    3      41047        20
9191 40981         8    3      41051        20
9192 40984         5    0      41084         5
9193 40991         7    5      41061        20
9194 41000         2    3      41100         5
9195 41009        14    1      41109         5
9196 41016         4    2      41086        20
9197 41018        13    7      41148        10
9198 41025         0    9      41125         5
9199 41030        13    9      41160        10
9200 41031         0    6      41101        20
9201 41031         2    5      41131         5
9202 41040        14    6      41110        20
9203 41044         7    4      41174        10
9204 41051         8    0      41121        20
9205 41059         3    9      41129        20
9206 41067        12    0      41167         5
9207 41072         9    6      41142        20
9208 41072         2    0      41142        20
9209 41072         0    0      41202        10
9210 41077         2    6      41147        20
9211 41078        14    5      41178         5
9212 41081        11    5      41181         5
9213 41081         0    8      41151        20
9214 41088         3    8      41158        20
9215 41092         5    4      41162        20
9216 41099         0    4      41169        20
9217 41108         7    7      41208         5
9218 41108         0    0      41178        20
9219 41112         0    0      41182        20
9220 41120        14    5      41190        20
9221 41120        10    5      41190        20
9222 41125        14    4      41195        20
9223 41131        14    1      41201        20
9224 41135         6    9      41205        20
9225 41138         1    3      41208        20
9226 41146        10    5      41216        20
9227 41151        11    9      41221        20
9228 41159         5    0      41229        20
9229 41159        14    5      41229        20
9230 41165        11    3      41265         5
9231 41171         6    2      41271         5
9232 41173         3    7      41243        20
9233 41173        13    7      41243        20
9234 41179         8    8      41249        20
9235 41179         3    6      41309        10
9236 41185        10    5      41255        20
9237 41190        11    0      41260        20
9238 41199        12    5      41299         5
9239 41208         1    6      41308         5
9240 41215         9    6      41285        20
9241 41223        12    5      41293        20
9242 41230         6    9      41300        20
9243 41232        14    0      41302        20
9244 41237         8    1      41337         5
9245 41242         7    7      41372        10
9246 41242         5    9      41372        10
9247 41246         9    2      41346         5
9248 41254        14    8      41324        20
9249 41257         4    9      41357         5
9250 41263         4    7      41333        20
9251 41270         8    3      41340        20
9252 41279         1    8      41349        20
9253 41281         9    8      41351        20
9254 41286         1    9      41386         5
9255 41291        11    2      41391         5
9256 41297        13    1      41367        20
9257 41306         0    5      41376        20
9258 41309         4    4      41379        20
9259 41315         0    9      41385        20
9260 41323         8    7      41393        20
9261 41328        13    7      41398        20
9262 41331        14    5      41401        20
9263 41338         8    7      41438         5
9264 41345         5    9      41415        20
9265 41352        14    3      41482        10
9266 41359        15    0      41459         5
9267 41359         9    7      41489        10
9268 41364         8    7      41434        20
9269 41372         3    1      41502        10
9270 41381        12    0      41451        20
9271 41385         5    5      41455        20
9272 41393         9    8      41493         5
9273 41396         0    5      41466        20
9274 41404         0    5      41534        10
9275 41406        10    0      41476        20
9276 41415        11    3      41485        20
9277 41417         0    7      41487        20
9278 41426         2    4      41526         5
9279 41427        10    6      41527         5
9280 41429        15    0      41499        20
9281 41432        12    1      41502        20
9282 41434         7    2      41504        20
9283 41437        14    3      41507        20
9284 41445         4    6      41545         5
9285 41446        12    0      41516        20
9286 41452         9    0      41522        20
9287 41458         7    6      41558         5
9288 41464         1    4      41534        20
9289 41466        12    0      41596        10
9290 41467         8    9      41537        20
9291 41472         4    2      41572         5
9292 41474         6    4      41544        20
9293 41479         2    6      41609        10
9294 41484        15    7      41554        20
9295 41488        10    4      41558        20
9296 41495        15    4      41565        20
9297 41496        15    5      41566        20
9298 41496        10    0      41566        20
9299 41499         0    1      41569        20
9300 41504        10    9      41574        20
9301 41509         4    2      41579        20
9302 41517         5    2      41587        20
9303 41523        10    9      41593        20
9304 41529        11    9      41599        20
9305 41536         6    1      41606        20
9306 41545         8    6      41645         5
9307 41545         9    4      41675        10
9308 41546        13    3      41616        20
9309 41549         4    6      41619        20
9310 41558         2    9      41658         5
9311 41563         0    1      41633        20
9312 41564        11    2      41634        20
9313 41570         7    4      41640        20
9314 41577         3    7      41647        20
9315 41580         9    7      41650        20
9316 41589        15    2      41659        20
9317 41594        11    3      41694         5
9318 41595        14    8      41695         5
9319 41597         9    1      41697         5
9320 41602        11    1      41672        20
9321 41602        14    2      41672        20
9322 41610        14    6      41680        20
9323 41616         0    2      41686        20
9324 41623         6    2      41693        20
9325 41629         6    3      41699        20
9326 41637         7    5      41707        20
9327 41641         5    4      41741         5
9328 41648         8    1      41718        20
9329 41655         7    6      41725        20
9330 41664         0    2      41734        20
9331 41669         1    6      41769         5
9332 41673         9    3      41743        20
9333 41679         4    9      41749        20
9334 41679         0    1      41809        10
9335 41687        11    0      41757        20
9336 41694         6    5      41764        20
9337 41700         5    2      41770        20
9338 41702         6    3      41832        10
9339 41704         4    8      41774        20
9340 41707         5    7      41777        20
9341 41713         9    2      41783        20
9342 41718        12    9      41788        20
9343 41723         2    5      41793        20
9344 41726        11    7      41796        20
9345 41732        14    9      41832         5
9346 41739        14    2      41809        20
9347 41747         2    7      41847         5
9348 41756        11    2      41856         5
9349 41760        14    7      41830        20
9350 41762         7    2      41892        10
9351 41770         9    3      41870         5
9352 41774         1    2      41844        20
9353 41781        12    2      41851        20
9354 41783        13    6      41913        10
9355 41788        12    7      41858        20
9356 41797         0    9      41867        20
9357 41804        15    7      41904         5
9358 41806        14    2      41906         5
9359 41809         1    5      41879        20
9360 41818         8    8      41948        10
9361 41821        13    8      41891        20
9362 41821        10    5      41891        20
9363 41822         4    8      41892        20
9364 41823        12    5      41893        20
9365 41823        12    4      41893        20
9366 41825         2    2      41895        20
9367 41825        13    8      41925         5
9368 41830         2    2      41900        20
9369 41832         4    1      41962        10
9370 41837         1    6      41907        20
9371 41843         2    9      41913        20
9372 41844        11    2      41914        20
9373 41849         9    2      41919        20
9374 41857        10    5      41927        20
9375 41857         9    1      41957         5
9376 41857         5    3      41927        20
9377 41861         7    3      41931        20
9378 41868         1    5      41938        20
9379 41875         0    1      41945        20
9380 41881        15    0      41951        20
9381 41885        13    7      41955        20
9382 41892        14    7      41992         5
9383 41894         0    6      41964        20
9384 41897        13    9      41967        20
9385 41897        15    6      41967        20
9386 41902        14    6      41972        20
9387 41903        15    1      42003         5
9388 41909        12    3      41979        20
9389 41911         7    3      41981        20
9390 41919        12    5      42019         5
9391 41919         5    5      41989        20
9392 41928         8    3      41998        20
9393 41937        11    2      42067        10
9394 41938         0    0      42008        20
9395 41940         0    7      42010        20
9396 41943        11    7      42013        20
9397 41943         4    6      42043         5
9398 41950         6    6      42080        10
9399 41955        11    7      42085        10
9400 41963         8    0      42063         5
9401 41972        13    9      42042        20
9402 41975         2    8      42045        20
9403 41980        12    0      42110        10
9404 41988         8    6      42088         5
9405 41994        10    2      42094         5
9406 41998         2    5      42128        10
9407 42000        12    0      42070        20
9408 42006         4    7      42076        20
9409 42008        11    1      42078        20
9410 42011         4    5      42081        20
9411 42014        12    7      42084        20
9412 42017         4    5      42087        20
9413 42020         1    2      42090        20
9414 42024         9    3      42094        20
9415 42025         6    9      42095        20
9416 42027         6    1      42097        20
9417 42029        15    0      42099        20
9418 42031         9    6      42101        20
9419 42040         1    8      42110        20
9420 42043         3    2      42113        20
9421 42049         4    0      42179        10
9422 42053         9    7      42123        20
9423 42062         9    6      42162         5
9424 42070        14    7      42140        20
9425 42073         8    2      42173         5
9426 42076        10    0      42146        20
9427 42077        14    7      42147        20
9428 42084        15    6      42154        20
9429 42088         4    1      42158        20
9430 42097         3    9      42167        20
9431 42101        11    6      42171        20
9432 42101        15    2      42231        10
9433 42104         7    2      42174        20
9434 42112         1    0      42182        20
9435 42113         9    4      42183        20
9436 42113         3    9      42183        20
9437 42119         6    1      42189        20
9438 42122        13    4      42192        20
9439 42127         4    6      42197        20
9440 42134        13    7      42234         5
9441 42136         3    0      42266        10
9442 42137        15    3      42237         5
9443 42143        14    3      42243         5
9444 42150         0    7      42220        20
9445 42154         0    1      42254         5
9446 42160         1    8      42230        20
9447 42167         2    8      42237        20
9448 42169         5    6      42239        20
9449 42176         5    5      42246        20
9450 42176         6    3      42246        20
9451 42181        12    2      42251        20
9452 42182        12    6      42312        10
9453 42187         0    1      42287         5
9454 42192        12    3      42262        20
9455 42195         6    4      42265        20
9456 42204         5    2      42274        20
9457 42209        12    7      42279        20
9458 42212        15    3      42282        20
9459 42221         5    0      42291        20
9460 42228        14    9      42298        20
9461 42237         5    8      42307        20
9462 42239         0    2      42309        20
9463 42240         5    1      42310        20
9464 42249        15    5      42319        20
9465 42250        10    5      42380        10
9466 42253         6    0      42323        20
9467 42262         2    6      42332        20
9468 42264         4    0      42334        20
9469 42267         3    4      42337        20
9470 42274         3    5      42344        20
9471 42276         9    5      42346        20
9472 42282        10    3      42352        20
9473 42284         5    2      42354        20
9474 42286         9    6      42416        10
9475 42289        13    5      42359        20
9476 42289        13    0      42419        10
9477 42290         4    3      42360        20
9478 42290        14    4      42360        20
9479 42299        13    4      42399         5
9480 42305         1    8      42375        20
9481 42311         7    4      42381        20
9482 42312        13    7      42442        10
9483 42319         5    5      42389        20
9484 42326        15    3      42456        10
9485 42326         1    4      42396        20
9486 42331        14    7      42401        20
9487 42332         4    3      42402        20
9488 42338         2    7      42438         5
9489 42347        15    1      42417        20
9490 42352         9    6      42422        20
9491 42359        14    6      42429        20
9492 42364         3    4      42434        20
9493 42371        13    0      42441        20
9494 42376         6    2      42446        20
9495 42381         2    6      42451        20
9496 42389         0    9      42459        20
9497 42394        14    1      42464        20
9498 42402         8    7      42472        20
9499 42402        14    6      42532        10
9500 42403         4    0      42473        20
9501 42408        11    0      42478        20
9502 42408        11    4      42478        20
9503 42413         1    6      42483        20
9504 42415         2    6      42485        20
9505 42417        11    4      42487        20
9506 42417        11    4      42547        10
9507 42424         1    9      42494        20
9508 42427         3    9      42557        10
9509 42429         3    2      42499        20
9510 42431         7    7      42501        20
9511 42436        14    3      42536         5
9512 42438         2    0      42538         5
9513 42439        15    7      42509        20
9514 42444         5    1      42514        20
9515 42444         6    9      42514        20
9516 42451         5    3      42521        20
9517 42454         1    8      42584        10
9518 42458         7    7      42528        20
9519 42463        10    7      42533        20
9520 42469        15    2      42539        20
9521 42474         9    8      42544        20
9522 42477        14    7      42577         5
9523 42477         0    7      42547        20
9524 42478         3    3      42548        20
9525 42478         6    9      42548        20
9526 42482        13    1      42552        20
9527 42482        10    5      42612        10
9528 42482        11    2      42552        20
9529 42483        11    1      42553        20
9530 42492         1    5      42562        20
9531 42499         6    5      42569        20
9532 42501         9    5      42571        20
9533 42501         5    6      42571        20
9534 42502        15    8      42572        20
9535 42509         7    8      42579        20
9536 42515        14    6      42585        20
9537 42515        11    0      42615         5
9538 42516        13    9      42616         5
9539 42523         4    0      42593        20
9540 42530         9    5      42600        20
9541 42533         7    6      42603        20
9542 42535         6    7      42605        20
9543 42540        14    2      42610        20
9544 42547         1    9      42617        20
9545 42549         4    6      42619        20
9546 42549         8    2      42649         5
9547 42549         7    3      42679        10
9548 42550         5    8      42650         5
9549 42558         7    1      42628        20
9550 42561        15    8      42631        20
9551 42561         1    1      42631        20
9552 42565         3    7      42635        20
9553 42570         2    0      42670         5
9554 42574         7    2      42644        20
9555 42580         4    2      42650        20
9556 42589         8    4      42659        20
9557 42591         6    1      42691         5
9558 42600        13    7      42670        20
9559 42603         4    0      42703         5
9560 42607         7    2      42707         5
9561 42616         9    4      42716         5
9562 42625         7    5      42695        20
9563 42628         2    5      42728         5
9564 42629        14    9      42699        20
9565 42631         9    7      42731         5
9566 42639         5    4      42709        20
9567 42648         1    7      42718        20
9568 42656         4    8      42726        20
9569 42662        15    5      42732        20
9570 42666         7    8      42736        20
9571 42667        11    8      42737        20
9572 42669         6    0      42769         5
9573 42671         6    8      42741        20
9574 42679         1    5      42809        10
9575 42686         5    1      42756        20
9576 42686         4    3      42756        20
9577 42695        13    8      42795         5
9578 42699        12    0      42799         5
9579 42703         0    9      42803         5
9580 42704         7    2      42804         5
9581 42713        11    7      42783        20
9582 42721        14    7      42791        20
9583 42721         0    3      42791        20
9584 42728         6    9      42798        20
9585 42733         2    0      42833         5
9586 42733        12    1      42863        10
9587 42741         2    7      42811        20
9588 42742         9    8      42812        20
9589 42747         7    8      42817        20
9590 42747        14    4      42817        20
9591 42749         9    3      42819        20
9592 42755        13    5      42825        20
9593 42758         0    7      42858         5
9594 42762         3    6      42832        20
9595 42765         9    2      42865         5
9596 42767         8    9      42837        20
9597 42772        15    0      42842        20
9598 42779         6    6      42849        20
9599 42783         8    8      42853        20
9600 42786        14    6      42856        20
9601 42787        14    3      42857        20
9602 42790         1    6      42860        20
9603 42793         1    1      42863        20
9604 42802         5    6      42872        20
9605 42809        10    8      42909         5
9606 42811         1    4      42881        20
9607 42811        10    0      42881        20
9608 42815         6    6      42915         5
9609 42815         4    7      42885        20
9610 42823        10    6      42893        20
9611 42832         8    3      42932         5
9612 42833         4    7      42903        20
9613 42837         5    9      42907        20
9614 42840        11    1      42910        20
9615 42844         0    8      42914        20
9616 42845         1    6      42915        20
9617 42851         2    2      42951         5
9618 42856         4    9      42926        20
9619 42862         1    0      42932        20
9620 42867        15    9      42937        20
9621 42872         0    0      43002        10
9622 42876         7    7      42946        20
9623 42878         0    6      42948        20
9624 42882         4    8      42952        20
9625 42891         9    7      42961        20
9626 42891        13    0      42961        20
9627 42895         4    5      42965        20
9628 42904         1    1      42974        20
9629 42909        15    5      42979        20
9630 42911        10    2      42981        20
9631 42914         3    1      43044        10
9632 42919         4    4      42989        20
9633 42922        15    1      42992        20
9634 42922         3    7      42992        20
9635 42923        12    5      42993        20
9636 42926        11    2      43056        10
9637 42932        10    9      43002        20
9638 42935        14    9      43005        20
9639 42937         6    0      43007        20
9640 42940        12    0      43040         5
9641 42941         0    8      43011        20
9642 42948         9    3      43018        20
9643 42954         7    3      43024        20
9644 42959         3    8      43029        20
9645 42963        13    0      43033        20
9646 42972         0    6      43042        20
9647 42980         9    4      43050        20
9648 42982        11    9      43052        20
9649 42986         8    9      43056        20
9650 42988         9    0      43058        20
9651 42991        10    5      43061        20
9652 42992         0    3      43092         5
9653 42998         8    6      43068        20
9654 43006         1    0      43136        10
9655 43014         2    9      43114         5
9656 43021         4    8      43151        10
9657 43022        10    0      43092        20
9658 43022        12    4      43122         5
9659 43026        10    5      43126         5
9660 43026         0    7      43096        20
9661 43030         1    1      43100        20
9662 43034         9    9      43104        20
9663 43034        11    2      43104        20
9664 43039        12    9      43109        20
9665 43045        12    0      43115        20
9666 43051         4    0      43121        20
9667 43052         4    4      43182        10
9668 43056         2    0      43156         5
9669 43058        13    8      43128        20
9670 43064        15    4      43134        20
9671 43068         0    1      43168         5
9672 43077         0    3      43147        20
9673 43079         9    6      43149        20
9674 43088         3    1      43158        20
9675 43094         6    7      43164        20
9676 43103        12    2      43203         5
9677 43111        11    0      43181        20
9678 43111         3    0      43211         5
9679 43116         2    4      43186        20
9680 43125        12    0      43195        20
9681 43130        13    2      43230         5
9682 43133         1    6      43203        20
9683 43142         4    0      43212        20
9684 43151         6    1      43221        20
9685 43156         9    8      43226        20
9686 43163         4    3      43233        20
9687 43170         7    2      43240        20
9688 43176         5    9      43246        20
9689 43179        12    1      43279         5
9690 43185        10    1      43255        20
9691 43191         4    1      43291         5
9692 43192        13    5      43262        20
9693 43197        13    1      43267        20
9694 43199        10    4      43269        20
9695 43203         7    9      43333        10
9696 43209         0    1      43279        20
9697 43213        12    8      43283        20
9698 43220        13    2      43290        20
9699 43226         2    6      43356        10
9700 43233         2    2      43303        20
9701 43241        13    8      43311        20
9702 43246        14    1      43316        20
9703 43247         0    4      43317        20
9704 43254         9    8      43324        20
9705 43259         7    6      43389        10
9706 43261        14    1      43331        20
9707 43265        13    9      43365         5
9708 43270         8    5      43340        20
9709 43274         7    1      43344        20
9710 43276        13    1      43376         5
9711 43282         4    2      43352        20
9712 43287        13    7      43357        20
9713 43292        10    1      43362        20
9714 43300         5    4      43370        20
9715 43307         8    9      43377        20
9716 43307         9    2      43377        20
9717 43315        10    3      43385        20
9718 43315         8    9      43385        20
9719 43321         6    0      43391        20
9720 43325         0    7      43395        20
9721 43334         8    0      43404        20
9722 43340        13    1      43410        20
9723 43345         9    4      43415        20
9724 43349         1    6      43419        20
9725 43355        11    0      43425        20
9726 43359         7    8      43459         5
9727 43368         0    6      43438        20
9728 43368         8    4      43438        20
9729 43377         7    8      43447        20
9730 43377         6    8      43447        20
9731 43383        14    1      43453        20
9732 43383         1    6      43483         5
9733 43389         1    8      43459        20
9734 43395         1    1      43465        20
9735 43398         0    4      43468        20
9736 43398        15    6      43468        20
9737 43405         1    5      43535        10
9738 43412         3    6      43482        20
9739 43413         3    5      43483        20
9740 43418        14    7      43518         5
9741 43427         9    0      43527         5
9742 43427         5    3      43497        20
9743 43429         6    1      43559        10
9744 43434         5    9      43504        20
9745 43442         5    0      43512        20
9746 43446        13    7      43516        20
9747 43450        13    4      43520        20
9748 43453        15    6      43523        20
9749 43455         3    9      43525        20
9750 43461         5    9      43531        20
9751 43462         7    5      43532        20
9752 43465        12    7      43595        10
9753 43465         4    8      43565         5
9754 43472        14    7      43542        20
9755 43472         2    6      43542        20
9756 43473         3    3      43573         5
9757 43473         3    1      43573         5
9758 43475         6    6      43545        20
9759 43481        14    9      43551        20
9760 43483        10    1      43553        20
9761 43484         5    0      43554        20
9762 43493         7    6      43563        20
9763 43499        15    5      43569        20
9764 43501         9    5      43571        20
9765 43510         1    7      43580        20
9766 43512         1    7      43612         5
9767 43514         6    5      43614         5
9768 43515        11    1      43585        20
9769 43517         2    3      43587        20
9770 43522        10    8      43592        20
9771 43531         1    0      43661        10
9772 43538         6    7      43608        20
9773 43541         9    1      43611        20
9774 43550         5    0      43620        20
9775 43552         1    9      43652         5
9776 43561        12    8      43631        20
9777 43569         8    7      43669         5
9778 43576         1    7      43646        20
9779 43580        12    8      43680         5
9780 43580         2    3      43650        20
9781 43584        12    0      43654        20
9782 43588         2    5      43658        20
9783 43593         4    7      43663        20
9784 43594         1    3      43694         5
9785 43600        10    7      43700         5
9786 43600         5    5      43700         5
9787 43602         7    3      43672        20
9788 43608        11    0      43678        20
9789 43612        13    3      43682        20
9790 43614         0    6      43684        20
9791 43619         8    0      43689        20
9792 43621         0    2      43691        20
9793 43625        14    3      43755        10
9794 43629         7    2      43699        20
9795 43638        13    8      43708        20
9796 43640         1    9      43710        20
9797 43643         5    8      43713        20
9798 43646         6    8      43746         5
9799 43653        10    1      43723        20
9800 43659         4    7      43729        20
9801 43668        15    5      43738        20
9802 43669        11    0      43739        20
9803 43678        14    4      43748        20
9804 43681         8    7      43751        20
9805 43685         0    1      43785         5
9806 43686         3    9      43756        20
9807 43686        12    9      43756        20
9808 43688        11    0      43758        20
9809 43695         9    4      43795         5
9810 43701         8    5      43771        20
9811 43701        12    3      43771        20
9812 43703        10    2      43773        20
9813 43711        13    3      43781        20
9814 43718         9    5      43788        20
9815 43724         2    8      43794        20
9816 43726         8    9      43826         5
9817 43733         1    0      43833         5
9818 43736        10    8      43806        20
9819 43736        15    4      43806        20
9820 43740         2    9      43810        20
9821 43746         2    1      43816        20
9822 43748        12    6      43818        20
9823 43757         6    4      43827        20
9824 43764         2    9      43864         5
9825 43767        10    1      43897        10
9826 43775         0    7      43845        20
9827 43777         2    5      43847        20
9828 43783         2    6      43853        20
9829 43785         5    1      43885         5
9830 43794         8    1      43864        20
9831 43799         5    2      43869        20
9832 43801         2    1      43871        20
9833 43808         1    9      43908         5
9834 43813        14    2      43883        20
9835 43820         3    0      43890        20
9836 43827        13    5      43897        20
9837 43827         4    1      43897        20
9838 43831         8    7      43931         5
9839 43834         0    1      43934         5
9840 43843         9    1      43943         5
9841 43851         2    8      43921        20
9842 43858        12    2      43928        20
9843 43862         6    8      43932        20
9844 43862        13    1      43962         5
9845 43870        14    7      43940        20
9846 43876         0    2      43976         5
9847 43884        12    8      43954        20
9848 43884         8    6      43954        20
9849 43887         0    2      43957        20
9850 43889         4    7      43959        20
9851 43896         3    1      43996         5
9852 43904        15    0      43974        20
9853 43910         8    0      43980        20
9854 43911         4    9      43981        20
9855 43912         1    9      43982        20
9856 43918         6    7      43988        20
9857 43927         2    3      44027         5
9858 43928         8    4      44058        10
9859 43934         3    0      44004        20
9860 43941         2    4      44011        20
9861 43949         9    3      44019        20
9862 43954        14    4      44024        20
9863 43956        15    0      44026        20
9864 43965        14    9      44035        20
9865 43974         0    4      44044        20
9866 43977        10    1      44047        20
9867 43986         7    2      44086         5
9868 43992        12    9      44062        20
9869 43999        14    2      44069        20
9870 44005        12    3      44075        20
9871 44008         4    6      44078        20
9872 44008        14    2      44078        20
9873 44009        10    4      44079        20
9874 44013         3    6      44143        10
9875 44018         2    5      44088        20
9876 44022         5    8      44092        20
9877 44027         7    0      44097        20
9878 44032         0    0      44102        20
9879 44040         7    3      44110        20
9880 44041         9    6      44141         5
9881 44041         1    1      44111        20
9882 44050        13    8      44150         5
9883 44059        10    5      44189        10
9884 44060        10    6      44130        20
9885 44069         8    8      44139        20
9886 44075        14    2      44145        20
9887 44083         1    0      44153        20
9888 44090         6    9      44160        20
9889 44092        12    6      44222        10
9890 44096         8    8      44166        20
9891 44102        11    7      44172        20
9892 44103        11    5      44173        20
9893 44111        10    7      44181        20
9894 44120         1    3      44250        10
9895 44120        15    9      44190        20
9896 44125        15    9      44225         5
9897 44125         4    0      44195        20
9898 44126         9    0      44226         5
9899 44134         3    5      44234         5
9900 44141        14    8      44211        20
9901 44146         7    5      44246         5
9902 44147         7    9      44217        20
9903 44156         1    6      44226        20
9904 44157         3    6      44227        20
9905 44159         9    2      44229        20
9906 44165         6    1      44235        20
9907 44166         7    1      44266         5
9908 44167        10    3      44297        10
9909 44169         1    2      44239        20
9910 44169         0    5      44269         5
9911 44170        14    3      44240        20
9912 44171         4    6      44271         5
9913 44177        11    4      44277         5
9914 44181        11    8      44251        20
9915 44190        13    9      44260        20
9916 44199        12    9      44299         5
9917 44207        11    8      44277        20
9918 44216         3    5      44346        10
9919 44221        13    2      44291        20
9920 44224         9    9      44294        20
9921 44229         1    8      44299        20
9922 44236         8    3      44306        20
9923 44243         0    8      44313        20
9924 44246         5    4      44346         5
9925 44252        14    2      44352         5
9926 44258        10    1      44388        10
9927 44262        13    3      44362         5
9928 44268        13    0      44338        20
9929 44276         6    8      44346        20
9930 44285         1    1      44355        20
9931 44286        15    3      44356        20
9932 44292         9    1      44362        20
9933 44295         6    5      44365        20
9934 44297         1    2      44397         5
9935 44302        15    5      44372        20
9936 44311        14    1      44441        10
9937 44317         7    7      44387        20
9938 44322        12    8      44392        20
9939 44323        14    2      44393        20
9940 44332         2    5      44402        20
9941 44333         2    2      44403        20
9942 44341        10    1      44471        10
9943 44342         7    3      44412        20
9944 44344         0    2      44414        20
9945 44353         6    9      44423        20
9946 44358         7    6      44458         5
9947 44363         3    6      44433        20
9948 44369        12    3      44439        20
9949 44370         8    8      44500        10
9950 44374        11    7      44444        20
9951 44376        14    9      44446        20
9952 44377         8    7      44447        20
9953 44383        10    1      44453        20
9954 44385         0    0      44455        20
9955 44393        10    9      44463        20
9956 44399         7    2      44469        20
9957 44406        14    5      44476        20
9958 44408        15    3      44508         5
9959 44408         3    7      44508         5
9960 44417         1    4      44487        20
9961 44419        12    9      44489        20
9962 44420        10    9      44550        10
9963 44422         2    1      44492        20
9964 44425         8    2      44495        20
9965 44434         2    5      44504        20
9966 44434         1    4      44504        20
9967 44440         5    1      44510        20
9968 44445        10    3      44515        20
9969 44452        11    5      44552         5
9970 44457        15    6      44527        20
9971 44463        14    9      44533        20
9972 44468         7    9      44538        20
9973 44477         3    0      44577         5
9974 44477         4    3      44547        20
9975 44479        10    1      44549        20
9976 44485         5    6      44585         5
9977 44485        10    9      44555        20
9978 44485         9    4      44585         5
9979 44486         5    7      44556        20
9980 44487         2    5      44557        20
9981 44496         6    0      44626        10
9982 44504        14    9      44574        20
9983 44510        12    5      44580        20
9984 44519         9    9      44589        20
9985 44526        13    0      44596        20
9986 44532         7    5      44602        20
9987 44539         2    9      44609        20
9988 44546         9    0      44616        20
9989 44548         3    9      44648         5
9990 44551         8    1      44621        20
9991 44552         6    3      44622        20
9992 44560         2    1      44630        20
9993 44565         0    1      44635        20
9994 44574        14    8      44644        20
9995 44581         5    7      44681         5
9996 44587         0    3      44657        20
9997 44591         5    7      44661        20
9998 44596         0    6      44666        20
9999 44601        12    6      44671        20
